sensor_1,sensor_2,sensor_3,sensor_4,sensor_5,sensor_6,velocity
Y,G,G,G,G,G,1
Y,G,G,G,G,G,0.5
G,G,G,G,G,G,2.0
G,G,G,G,G,G,2.5
G,G,G,G,G,G,3.0
G,G,G,G,G,G,3.5
G,G,G,G,G,G,4.0
G,G,G,G,G,G,4.5
G,G,G,G,G,G,5.0
G,G,G,G,G,Y,4.5
G,G,G,G,G,Y,4.0
G,G,G,G,G,Y,3.5
G,G,G,G,Y,Y,3.0
G,G,G,G,Y,Y,2.5
G,G,G,G,Y,Y,2.0
G,G,G,G,Y,Y,1.5
G,G,G,G,Y,Y,1.0
G,G,G,G,Y,Y,0.5
G,G,G,G,G,Y,1.0
G,G,G,G,G,Y,0.5
G,G,G,G,G,Y,1.0
G,G,G,G,G,Y,0.5
G,G,G,G,G,Y,1.0
G,G,G,G,G,Y,0.5
G,G,G,G,G,Y,1.0
G,G,G,G,G,G,1.5
G,G,G,G,G,G,2.0
G,G,G,G,G,G,2.5
G,G,G,G,G,G,3.0
G,G,G,G,G,G,3.5
G,G,G,G,G,G,4.0
G,G,G,G,G,G,4.5
G,G,G,G,G,G,5.0
G,G,G,G,G,G,5.0
G,G,G,G,G,G,5.0
G,G,G,G,G,Y,4.5
G,G,G,G,G,Y,4.0
G,G,G,G,G,G,4.5
G,G,G,G,G,Y,4.0
G,G,G,G,G,G,4.5
G,G,G,G,G,G,5.0
G,G,G,G,G,G,5.0
G,G,G,G,G,G,5.0
G,G,G,G,G,Y,4.5
G,G,G,G,G,G,5.0
G,G,G,G,G,G,5.0
G,G,G,G,G,G,5.0
G,G,G,G,G,G,5.0
G,G,G,G,G,G,5.0
G,G,G,G,G,G,5.0
Y,G,G,G,G,G,4.5
G,G,G,G,G,G,5.0
G,G,G,G,G,G,5.0
G,G,G,G,G,G,5.0
G,G,G,G,G,G,5.0
G,G,G,G,G,G,5.0
G,G,G,G,G,G,5.0
G,G,G,G,G,G,5.0
G,G,G,G,G,G,5.0
G,G,G,G,G,Y,4.5
G,G,G,G,G,G,5.0
G,G,G,G,G,G,5.0
G,G,G,G,G,G,5.0
G,G,G,G,G,G,5.0
G,G,G,G,G,G,5.0
G,G,G,G,G,Y,4.5
G,G,G,G,G,G,5.0
Y,G,G,G,G,G,4.5
G,G,G,G,G,G,5.0
G,G,G,G,G,G,5.0
G,G,G,G,G,G,5.0
G,G,G,G,G,G,5.0
G,G,G,G,G,G,5.0
G,G,G,G,G,Y,4.5
G,G,G,G,G,G,5.0
G,G,G,G,G,Y,4.5
G,G,G,G,G,G,5.0
G,G,G,G,G,Y,4.5
G,G,G,G,G,G,5.0
G,G,G,G,G,Y,4.5
G,G,G,G,G,G,5.0
G,G,G,G,G,Y,4.5
G,G,G,G,G,G,5.0
G,G,G,G,G,Y,4.5
G,G,G,G,G,G,5.0
G,G,G,G,G,G,5.5
G,G,G,G,G,Y,5.0
G,G,G,G,G,Y,4.5
G,G,G,G,G,G,5.0
G,G,G,G,G,G,5.5
Y,Y,G,G,G,G,5.0
G,G,G,G,G,G,5.5
Y,G,G,G,G,G,5.0
G,G,G,G,G,G,5.5
Y,G,G,G,G,G,5.0
Y,G,G,G,G,G,4.5
G,G,G,G,G,G,5.0
Y,Y,G,G,G,G,4.5
Y,G,G,G,G,G,4.0
Y,G,G,G,G,G,3.5
Y,G,G,G,G,G,3.0
G,G,G,G,G,G,3.5
Y,G,G,G,G,G,3.0
Y,G,G,G,G,G,2.5
Y,G,G,G,G,G,2.0
Y,G,G,G,G,G,1.5
G,G,G,G,G,G,2.0
G,G,G,G,G,G,2.5
Y,G,G,G,G,G,2.0
Y,G,G,G,G,G,1.5
G,G,G,G,G,G,2.0
G,G,G,G,G,G,2.5
G,G,G,G,G,G,3.0
G,G,G,G,G,G,3.5
G,G,G,G,G,G,4.0
G,G,G,G,G,G,4.5
G,G,G,G,G,G,5.0
G,G,G,G,G,G,5.5
G,G,G,G,G,G,6.0
G,G,G,G,G,G,6.5
Y,G,G,G,G,G,6.0
G,G,G,G,G,G,6.5
G,G,G,G,G,G,7.0
G,G,G,G,G,G,7.5
G,G,G,G,Y,Y,7.0
G,G,G,G,Y,Y,6.5
G,G,G,G,Y,Y,6.0
G,G,G,G,Y,Y,5.5
G,G,G,G,Y,Y,5.0
G,G,G,G,Y,Y,4.5
G,G,G,G,Y,Y,4.0
G,G,G,G,G,Y,3.5
G,G,G,G,G,Y,3.0
G,G,G,G,G,G,3.5
G,G,G,G,G,G,4.0
G,G,G,G,G,G,4.5
G,G,G,G,G,G,5.0
Y,G,G,G,G,G,4.5
G,G,G,G,G,G,5.0
G,G,G,G,G,G,5.5
G,G,G,G,G,G,6.0
G,G,G,G,G,Y,5.5
G,G,G,G,Y,Y,5.0
G,G,G,G,G,G,5.5
G,G,G,G,Y,Y,5.0
G,G,G,G,G,G,5.5
G,G,G,G,G,Y,5.0
G,G,G,G,G,G,5.5
G,G,G,G,G,Y,5.0
G,G,G,G,G,Y,4.5
G,G,G,G,G,G,5.0
G,G,G,G,G,Y,4.5
G,G,G,G,G,Y,4.0
G,G,G,G,G,Y,3.5
G,G,G,G,G,Y,3.0
G,G,G,G,G,Y,2.5
G,G,G,G,G,G,3.0
G,G,G,G,G,G,3.5
G,G,G,G,G,G,4.0
G,G,G,G,G,Y,3.5
G,G,G,G,G,G,4.0
G,G,G,G,G,G,4.5
G,G,G,G,G,G,5.0
G,G,G,G,G,G,5.5
G,G,G,G,G,G,6.0
G,G,G,G,G,G,6.5
G,G,G,G,G,G,7.0
G,G,G,G,G,G,7.5
G,G,G,G,G,G,8.0
G,G,G,G,G,Y,7.5
G,G,G,G,G,G,8.0
G,G,G,G,G,G,8.5
G,G,G,G,G,G,9.0
G,G,G,G,G,G,9.5
G,G,G,G,G,G,10.0
G,G,G,G,G,Y,9.5
G,G,G,G,G,G,10.0
G,G,G,G,G,G,10
Y,G,G,G,G,G,9.5
Y,Y,G,G,G,G,9.0
Y,Y,G,G,G,G,8.5
Y,Y,G,G,G,G,8.0
Y,Y,G,G,G,G,7.5
Y,Y,G,G,G,G,7.0
Y,G,G,G,G,G,6.5
Y,G,G,G,G,G,6.0
G,G,G,G,G,G,6.5
G,G,G,G,G,Y,6.0
Y,G,G,G,G,G,5.5
G,G,G,G,G,G,6.0
G,G,G,G,Y,Y,5.5
G,G,G,G,G,G,6.0
G,G,G,G,G,Y,5.5
G,G,G,G,G,G,6.0
G,G,G,G,G,G,6.5
G,G,G,G,G,G,7.0
G,G,G,G,G,G,7.5
G,G,G,G,G,G,8.0
G,G,G,G,G,G,8.5
G,G,G,G,G,G,9.0
Y,Y,G,G,G,G,8.5
G,G,G,G,G,G,9.0
Y,G,G,G,G,G,8.5
G,G,G,G,G,G,9.0
G,G,G,G,G,G,9.5
G,G,G,G,G,G,10.0
G,G,G,G,G,G,10
G,G,G,G,G,G,10
G,G,G,G,G,G,10
G,G,G,G,G,G,10
G,G,G,G,G,G,10
G,G,G,G,Y,Y,9.5
G,G,G,G,Y,Y,9.0
G,G,G,Y,Y,Y,8.5
G,G,G,Y,Y,Y,8.0
G,G,G,Y,Y,Y,7.5
G,G,G,Y,Y,Y,7.0
G,G,G,Y,Y,Y,6.5
G,G,G,Y,Y,Y,6.0
G,G,G,Y,Y,Y,5.5
G,G,G,G,Y,Y,5.0
G,G,G,Y,Y,Y,4.5
G,G,G,G,Y,Y,4.0
G,G,G,G,G,Y,3.5
G,G,G,G,G,G,4.0
G,G,G,G,G,G,4.5
G,G,G,G,G,G,5.0
G,G,G,G,G,G,5.5
Y,G,G,G,G,G,5.0
Y,G,G,G,G,G,4.5
G,G,G,G,G,G,5.0
G,G,G,G,G,G,5.5
G,G,G,G,G,G,6.0
G,G,G,G,G,G,6.5
G,G,G,G,G,G,7.0
G,G,G,G,G,Y,6.5
G,G,G,G,G,Y,6.0
G,G,G,G,G,G,6.5
G,G,G,G,G,G,7.0
G,G,G,G,G,Y,6.5
G,G,G,G,G,G,7.0
G,G,G,G,G,Y,6.5
G,G,G,G,G,G,7.0
G,G,G,G,G,G,7.5
G,G,G,G,G,G,8.0
G,G,G,G,G,Y,7.5
G,G,G,G,G,G,8.0
G,G,G,G,G,G,8.5
G,G,G,G,G,G,9.0
G,G,G,G,G,G,9.5
G,G,G,G,G,G,10.0
G,G,G,G,G,G,10
G,G,G,G,G,G,10
G,G,G,G,G,G,10
G,G,G,G,G,G,10
G,G,G,G,G,G,10
G,G,G,G,G,G,10
G,G,G,G,G,G,10
G,G,G,G,G,G,10
G,G,G,G,G,G,10
G,G,G,G,G,G,10
G,G,G,G,G,G,10
G,G,G,G,Y,Y,9.5
G,G,G,G,Y,Y,9.0
G,G,G,G,Y,Y,8.5
G,G,G,Y,Y,Y,8.0
G,G,G,Y,Y,Y,7.5
G,G,Y,Y,Y,Y,7.0
G,G,G,Y,Y,Y,6.5
G,G,G,Y,Y,Y,6.0
G,G,G,Y,Y,Y,5.5
G,G,G,Y,Y,Y,5.0
G,G,G,Y,Y,Y,4.5
G,G,G,G,Y,Y,4.0
G,G,G,G,Y,Y,3.5
G,G,G,G,G,Y,3.0
G,G,G,G,G,Y,2.5
G,G,G,G,G,G,3.0
G,G,G,G,G,G,3.5
G,G,G,G,G,G,4.0
G,G,G,G,G,G,4.5
G,G,G,G,G,G,5.0
Y,G,G,G,G,G,4.5
Y,G,G,G,G,G,4.0
Y,G,G,G,G,G,3.5
Y,G,G,G,G,G,3.0
G,G,G,G,G,G,3.5
G,G,G,G,G,G,4.0
G,G,G,G,G,G,4.5
G,G,G,G,G,G,5.0
Y,G,G,G,G,G,4.5
G,G,G,G,G,G,5.0
G,G,G,G,G,G,5.5
G,G,G,G,G,Y,5.0
G,G,G,G,G,G,5.5
G,G,G,G,G,Y,5.0
G,G,G,G,G,G,5.5
G,G,G,G,G,G,6.0
G,G,G,G,G,G,6.5
G,G,G,G,G,G,7.0
Y,G,G,G,G,G,6.5
G,G,G,G,G,G,7.0
G,G,G,G,G,G,7.5
G,G,G,G,G,G,8.0
Y,Y,G,G,G,G,7.5
Y,Y,G,G,G,G,7.0
Y,Y,Y,G,G,G,6.5
Y,Y,Y,G,G,G,6.0
Y,Y,Y,G,G,G,5.5
Y,Y,Y,G,G,G,5.0
Y,Y,G,G,G,G,4.5
Y,Y,G,G,G,G,4.0
Y,G,G,G,G,G,3.5
Y,G,G,G,G,G,3.0
G,G,G,G,G,G,3.5
G,G,G,G,G,G,4.0
G,G,G,G,G,Y,3.5
G,G,G,G,G,G,4.0
G,G,G,G,G,G,4.5
G,G,G,G,G,G,5.0
Y,G,G,G,G,G,4.5
G,G,G,G,G,G,5.0
G,G,G,G,G,G,5.5
Y,G,G,G,G,G,5.0
G,G,G,G,G,G,5.5
Y,G,G,G,G,G,5.0
Y,G,G,G,G,G,4.5
G,G,G,G,G,G,5.0
Y,G,G,G,G,G,4.5
Y,G,G,G,G,G,4.0
G,G,G,G,G,G,4.5
G,G,G,G,G,G,5.0
Y,G,G,G,G,G,4.5
G,G,G,G,G,G,5.0
G,G,G,G,G,G,5.5
G,G,G,G,G,G,6.0
Y,G,G,G,G,G,5.5
G,G,G,G,G,G,6.0
G,G,G,G,G,Y,5.5
G,G,G,G,G,G,6.0
G,G,G,G,G,G,6.5
G,G,G,G,G,G,7.0
G,G,G,G,G,G,7.5
G,G,G,G,G,G,8.0
G,G,G,G,G,G,8.5
G,G,G,G,G,G,9.0
G,G,G,G,G,Y,8.5
G,G,G,G,G,Y,8.0
G,G,G,G,G,G,8.5
Y,G,G,G,G,G,8.0
Y,G,G,G,G,G,7.5
G,G,G,G,G,G,8.0
G,G,G,G,G,G,8.5
G,G,G,G,G,Y,8.0
G,G,G,G,G,G,8.5
G,G,G,G,G,G,9.0
G,G,G,G,G,Y,8.5
G,G,G,G,G,Y,8.0
G,G,G,G,G,G,8.5
G,G,G,G,G,Y,8.0
G,G,G,G,G,Y,7.5
G,G,G,G,G,Y,7.0
G,G,G,G,G,Y,6.5
G,G,G,G,G,G,7.0
G,G,G,G,G,Y,6.5
G,G,G,G,G,Y,6.0
G,G,G,G,G,Y,5.5
G,G,G,G,G,G,6.0
G,G,G,G,G,Y,5.5
G,G,G,G,G,G,6.0
G,G,G,G,G,Y,5.5
G,G,G,G,G,Y,5.0
G,G,G,G,G,Y,4.5
G,G,G,G,G,Y,4.0
G,G,G,G,G,Y,3.5
G,G,G,G,G,G,4.0
G,G,G,G,G,G,4.5
G,G,G,G,G,G,5.0
G,G,G,G,G,G,5.5
G,G,G,G,G,G,6.0
G,G,G,G,G,Y,5.5
G,G,G,G,G,G,6.0
G,G,G,G,G,G,6.5
G,G,G,G,G,Y,6.0
G,G,G,G,G,G,6.5
G,G,G,G,G,G,7.0
G,G,G,G,G,G,7.5
G,G,G,G,G,Y,7.0
G,G,G,G,G,G,7.5
Y,G,G,G,G,G,7.0
G,G,G,G,G,G,7.5
Y,G,G,G,G,G,7.0
G,G,G,G,G,G,7.5
Y,G,G,G,G,G,7.0
G,G,G,G,G,G,7.5
G,G,G,G,G,Y,7.0
G,G,G,G,G,Y,6.5
G,G,G,G,G,G,7.0
G,G,G,G,G,G,7.5
Y,G,G,G,G,G,7.0
G,G,G,G,G,G,7.5
G,G,G,G,G,Y,7.0
G,G,G,G,G,G,7.5
G,G,G,G,G,G,8.0
G,G,G,G,G,G,8.5
Y,G,G,G,G,G,8.0
G,G,G,G,G,G,8.5
G,G,G,G,G,Y,8.0
G,G,G,G,G,Y,7.5
G,G,G,G,G,G,8.0
G,G,G,G,Y,Y,7.5
G,G,G,G,G,G,8.0
G,G,G,G,G,Y,7.5
G,G,G,G,G,Y,7.0
G,G,G,G,G,G,7.5
G,G,G,G,G,Y,7.0
G,G,G,G,G,G,7.5
G,G,G,G,G,Y,7.0
G,G,G,G,G,Y,6.5
G,G,G,G,G,Y,6.0
G,G,G,G,G,Y,5.5
G,G,G,G,G,G,6.0
Y,G,G,G,G,G,5.5
Y,G,G,G,G,G,5.0
G,G,G,G,G,G,5.5
Y,Y,G,G,G,G,5.0
G,G,G,G,G,G,5.5
Y,G,G,G,G,G,5.0
G,G,G,G,G,G,5.5
Y,G,G,G,G,G,5.0
Y,G,G,G,G,G,4.5
G,G,G,G,G,G,5.0
Y,G,G,G,G,G,4.5
Y,G,G,G,G,G,4.0
Y,G,G,G,G,G,3.5
Y,G,G,G,G,G,3.0
Y,G,G,G,G,G,2.5
Y,G,G,G,G,G,2.0
Y,G,G,G,G,G,1.5
G,G,G,G,G,G,2.0
G,G,G,G,G,G,2.5
Y,G,G,G,G,G,2.0
G,G,G,G,G,G,2.5
Y,G,G,G,G,G,2.0
G,G,G,G,G,G,2.5
G,G,G,G,G,G,3.0
G,G,G,G,G,G,3.5
G,G,G,G,G,G,4.0
G,G,G,G,G,G,4.5
G,G,G,G,G,G,5.0
G,G,G,G,G,G,5.5
Y,G,G,G,G,G,5.0
G,G,G,G,G,G,5.5
G,G,G,G,G,G,6.0
G,G,G,G,G,G,6.5
G,G,G,G,G,G,7.0
G,G,G,G,G,Y,6.5
G,G,G,G,G,Y,6.0
G,G,G,G,G,Y,5.5
G,G,G,G,G,Y,5.0
G,G,G,G,Y,Y,4.5
G,G,G,G,G,Y,4.0
G,G,G,G,G,G,4.5
G,G,G,G,G,G,5.0
G,G,G,G,G,G,5.5
G,G,G,G,G,G,6.0
G,G,G,G,G,G,6.5
G,G,G,G,G,Y,6.0
G,G,G,G,G,Y,5.5
G,G,G,G,G,G,6.0
G,G,G,G,G,Y,5.5
G,G,G,G,G,G,6.0
G,G,G,G,G,Y,5.5
G,G,G,G,G,G,6.0
G,G,G,G,G,Y,5.5
G,G,G,G,G,G,6.0
G,G,G,G,G,Y,5.5
G,G,G,G,G,Y,5.0
G,G,G,G,G,G,5.5
G,G,G,G,G,Y,5.0
G,G,G,G,G,G,5.5
G,G,G,G,G,Y,5.0
G,G,G,G,G,Y,4.5
G,G,G,G,G,Y,4.0
G,G,G,G,G,Y,3.5
G,G,G,G,G,Y,3.0
G,G,G,G,G,Y,2.5
G,G,G,G,G,G,3.0
G,G,G,G,G,G,3.5
G,G,G,G,G,G,4.0
G,G,G,G,G,G,4.5
G,G,G,G,G,G,5.0
G,G,G,G,G,Y,4.5
G,G,G,G,G,G,5.0
G,G,G,G,G,G,5.5
G,G,G,G,G,G,6.0
Y,G,G,G,G,G,5.5
G,G,G,G,G,G,6.0
G,G,G,G,G,G,6.5
G,G,G,G,G,G,7.0
G,G,G,G,G,G,7.5
Y,G,G,G,G,G,7.0
G,G,G,G,G,G,7.5
G,G,G,G,G,G,8.0
G,G,G,G,G,Y,7.5
G,G,G,G,G,Y,7.0
G,G,G,G,G,Y,6.5
G,G,G,G,G,Y,6.0
G,G,G,G,G,Y,5.5
G,G,G,G,G,G,6.0
G,G,G,G,G,G,6.5
G,G,G,G,G,G,7.0
Y,G,G,G,G,G,6.5
Y,Y,G,G,G,G,6.0
Y,Y,G,G,G,G,5.5
Y,Y,G,G,G,G,5.0
Y,G,G,G,G,G,4.5
Y,G,G,G,G,G,4.0
Y,G,G,G,G,G,3.5
G,G,G,G,G,G,4.0
G,G,G,G,G,G,4.5
G,G,G,G,G,G,5.0
G,G,G,G,G,G,5.5
G,G,G,G,G,G,6.0
G,G,G,G,G,G,6.5
G,G,G,G,G,G,7.0
Y,G,G,G,G,G,6.5
G,G,G,G,G,G,7.0
G,G,G,G,G,G,7.5
G,G,G,G,G,G,8.0
G,G,G,G,G,G,8.5
G,G,G,G,G,G,9.0
G,G,G,G,G,G,9.5
Y,G,G,G,G,G,9.0
G,G,G,G,G,G,9.5
G,G,G,G,G,G,10.0
G,G,G,G,G,G,10
Y,G,G,G,G,G,9.5
G,G,G,G,G,G,10.0
G,G,G,G,G,G,10
G,G,G,G,G,G,10
G,G,G,G,G,G,10
G,G,G,G,G,G,10
G,G,G,G,G,G,10
Y,G,G,G,G,G,9.5
G,G,G,G,G,G,10.0
G,G,G,G,Y,Y,9.5
G,G,G,G,Y,Y,9.0
G,G,G,Y,Y,Y,8.5
G,G,G,Y,Y,Y,8.0
G,G,G,Y,Y,Y,7.5
G,G,G,Y,Y,Y,7.0
G,G,G,Y,Y,Y,6.5
G,G,G,Y,Y,Y,6.0
G,G,G,Y,Y,Y,5.5
G,G,G,Y,Y,Y,5.0
G,G,G,G,Y,Y,4.5
G,G,G,G,Y,Y,4.0
G,G,G,G,G,Y,3.5
G,G,G,G,G,Y,3.0
G,G,G,G,G,G,3.5
G,G,G,G,G,G,4.0
G,G,G,G,G,G,4.5
G,G,G,G,G,G,5.0
G,G,G,G,G,G,5.5
Y,Y,G,G,G,G,5.0
Y,G,G,G,G,G,4.5
Y,G,G,G,G,G,4.0
G,G,G,G,G,G,4.5
G,G,G,G,G,G,5.0
G,G,G,G,G,G,5.5
G,G,G,G,G,G,6.0
G,G,G,G,G,Y,5.5
G,G,G,G,G,Y,5.0
G,G,G,G,G,G,5.5
G,G,G,G,G,Y,5.0
G,G,G,G,G,G,5.5
G,G,G,G,G,G,6.0
G,G,G,G,G,G,6.5
G,G,G,G,Y,Y,6.0
G,G,G,G,G,G,6.5
G,G,G,G,G,G,7.0
G,G,G,G,G,Y,6.5
G,G,G,G,G,G,7.0
G,G,G,G,G,Y,6.5
G,G,G,G,G,G,7.0
G,G,G,G,G,Y,6.5
Y,G,G,G,G,G,6.0
G,G,G,G,G,G,6.5
G,G,G,G,G,G,7.0
G,G,G,G,G,G,7.5
G,G,G,G,G,G,8.0
G,G,G,G,G,G,8.5
G,G,G,G,G,G,9.0
G,G,G,G,G,G,9.5
G,G,G,G,G,G,10.0
G,G,G,G,G,G,10
G,G,G,G,G,G,10
G,G,G,G,G,G,10
G,G,G,G,G,G,10
G,G,G,G,G,G,10
Y,G,G,G,G,G,9.5
G,G,G,G,G,G,10.0
G,G,G,G,G,Y,9.5
G,G,G,G,G,G,10.0
G,G,G,G,G,Y,9.5
G,G,G,G,G,Y,9.0
G,G,G,G,Y,Y,8.5
G,G,G,G,Y,Y,8.0
G,G,G,G,Y,Y,7.5
G,G,G,G,Y,Y,7.0
G,G,G,G,Y,Y,6.5
G,G,G,G,Y,Y,6.0
G,G,G,G,Y,Y,5.5
G,G,G,G,Y,Y,5.0
G,G,G,G,Y,Y,4.5
G,G,G,G,G,Y,4.0
G,G,G,G,G,Y,3.5
G,G,G,G,G,Y,3.0
G,G,G,G,G,G,3.5
G,G,G,G,G,G,4.0
G,G,G,G,G,G,4.5
G,G,G,G,G,G,5.0
Y,G,G,G,G,G,4.5
Y,G,G,G,G,G,4.0
Y,G,G,G,G,G,3.5
G,G,G,G,G,G,4.0
G,G,G,G,G,G,4.5
G,G,G,G,G,G,5.0
G,G,G,G,G,G,5.5
G,G,G,G,G,G,6.0
G,G,G,G,G,G,6.5
G,G,G,G,G,G,7.0
G,G,G,G,G,G,7.5
G,G,G,G,G,G,8.0
G,G,G,G,G,G,8.5
G,G,G,G,G,Y,8.0
G,G,G,G,G,G,8.5
G,G,G,G,G,G,9.0
G,G,G,G,G,G,9.5
Y,Y,G,G,G,G,9.0
Y,Y,Y,G,G,G,8.5
Y,Y,Y,Y,G,G,8.0
Y,Y,Y,Y,Y,G,6.5
Y,Y,Y,Y,Y,G,5.0
Y,Y,Y,Y,Y,G,3.5
Y,R,Y,Y,Y,G,5.0
Y,R,Y,Y,Y,G,6.5
R,R,Y,Y,Y,G,8.0
Y,Y,Y,Y,Y,G,6.5
Y,Y,Y,Y,Y,G,5.0
Y,Y,Y,Y,G,G,4.5
Y,Y,Y,Y,G,G,4.0
Y,Y,Y,G,G,G,3.5
Y,Y,G,G,G,G,3.0
Y,Y,G,G,G,G,2.5
Y,G,G,G,G,G,2.0
G,G,G,G,G,G,2.5
G,G,G,G,G,G,3.0
G,G,G,G,G,G,3.5
G,G,G,G,G,G,4.0
G,G,G,G,G,G,4.5
G,G,G,G,G,Y,4.0
G,G,G,B,B,B,2.0
G,G,G,G,B,B,0.0
Y,G,G,G,G,B,0.0
G,G,G,G,B,B,0
Y,G,G,G,G,B,0.0
G,G,G,G,B,B,0
Y,G,G,G,G,B,0.0
Y,G,G,G,G,B,0.0
G,G,G,G,B,B,0
Y,G,G,G,G,B,0.0
G,G,G,G,G,B,0
Y,G,G,G,G,B,0.0
G,G,G,G,G,G,2.0
G,G,G,G,G,G,2.5
G,G,G,G,G,G,3.0
Y,G,G,G,G,G,2.5
G,G,G,G,G,G,3.0
G,G,G,G,G,G,3.5
G,G,G,G,G,G,4.0
G,G,G,G,G,G,4.5
Y,G,G,G,G,G,4.0
G,G,G,G,G,G,4.5
G,G,G,G,G,G,5.0
G,G,G,G,G,Y,4.5
G,G,G,G,G,G,5.0
G,G,G,G,G,G,5.5
G,G,G,G,G,G,6.0
G,G,G,G,G,G,6.5
G,G,G,G,G,G,7.0
G,G,G,G,G,G,7.5
G,G,G,G,G,Y,7.0
G,G,G,G,G,Y,6.5
G,G,G,G,G,G,7.0
Y,Y,G,G,G,G,6.5
G,G,G,G,G,G,7.0
Y,G,G,G,G,G,6.5
G,G,G,G,G,G,7.0
G,G,G,G,G,G,7.5
G,G,G,G,G,G,8.0
G,G,G,G,G,G,8.5
G,G,G,G,G,G,9.0
G,G,G,G,G,G,9.5
G,G,G,G,G,Y,9.0
G,G,G,G,G,Y,8.5
G,G,G,G,G,Y,8.0
G,G,G,G,G,G,8.5
G,G,G,G,G,Y,8.0
G,G,G,G,G,Y,7.5
G,G,G,G,G,G,8.0
G,G,G,G,G,Y,7.5
G,G,G,G,G,Y,7.0
G,G,G,G,G,Y,6.5
G,G,G,G,G,G,7.0
G,G,G,G,G,Y,6.5
G,G,G,G,G,Y,6.0
G,G,G,G,G,Y,5.5
G,G,G,G,G,Y,5.0
G,G,G,G,G,G,5.5
G,G,G,G,G,Y,5.0
G,G,G,G,G,Y,4.5
G,G,G,G,G,G,5.0
G,G,G,G,G,G,5.5
G,G,G,G,G,Y,5.0
G,G,G,G,G,Y,4.5
G,G,G,G,G,G,5.0
G,G,G,G,G,Y,4.5
G,G,G,G,G,G,5.0
G,G,G,G,G,G,5.5
G,G,G,G,G,G,6.0
G,G,G,G,G,G,6.5
G,G,G,G,G,G,7.0
G,G,G,G,G,Y,6.5
G,G,G,G,G,G,7.0
G,G,G,G,G,G,7.5
G,G,G,G,G,Y,7.0
G,G,G,G,G,G,7.5
Y,G,G,G,G,G,7.0
G,G,G,G,G,G,7.5
Y,G,G,G,G,G,7.0
G,G,G,G,G,G,7.5
Y,G,G,G,G,G,7.0
G,G,G,G,G,G,7.5
G,G,G,G,G,Y,7.0
G,G,G,G,G,Y,6.5
G,G,G,G,G,G,7.0
G,G,G,G,G,G,7.5
Y,G,G,G,G,G,7.0
G,G,G,G,G,G,7.5
G,G,G,G,G,Y,7.0
G,G,G,G,G,G,7.5
G,G,G,G,G,G,8.0
G,G,G,G,G,G,8.5
Y,G,G,G,G,G,8.0
G,G,G,G,G,G,8.5
G,G,G,G,G,Y,8.0
G,G,G,G,G,Y,7.5
G,G,G,G,G,G,8.0
G,G,G,G,Y,Y,7.5
G,G,G,G,G,G,8.0
G,G,G,G,G,Y,7.5
G,G,G,G,G,Y,7.0
G,G,G,G,G,G,7.5
G,G,G,G,G,Y,7.0
G,G,G,G,G,G,7.5
G,G,G,G,G,Y,7.0
G,G,G,G,G,Y,6.5
G,G,G,G,G,Y,6.0
G,G,G,G,G,Y,5.5
G,G,G,G,G,G,6.0
Y,G,G,G,G,G,5.5
Y,G,G,G,G,G,5.0
G,G,G,G,G,G,5.5
Y,Y,G,G,G,G,5.0
G,G,G,G,G,G,5.5
Y,G,G,G,G,G,5.0
G,G,G,G,G,G,5.5
Y,G,G,G,G,G,5.0
Y,G,G,G,G,G,4.5
G,G,G,G,G,G,5.0
Y,G,G,G,G,G,4.5
Y,G,G,G,G,G,4.0
Y,G,G,G,G,G,3.5
Y,G,G,G,G,G,3.0
Y,G,G,G,G,G,2.5
Y,G,G,G,G,G,2.0
Y,G,G,G,G,G,1.5
G,G,G,G,G,G,2.0
G,G,G,G,G,G,2.5
Y,G,G,G,G,G,2.0
G,G,G,G,G,G,2.5
Y,G,G,G,G,G,2.0
G,G,G,G,G,G,2.5
G,G,G,G,G,G,3.0
G,G,G,G,G,G,3.5
G,G,G,G,G,G,4.0
G,G,G,G,G,G,4.5
G,G,G,G,G,G,5.0
G,G,G,G,G,G,5.5
Y,G,G,G,G,G,5.0
G,G,G,G,G,G,5.5
G,G,G,G,G,G,6.0
B,G,G,G,G,G,4.0
B,G,G,G,G,Y,2.5
G,G,G,G,Y,Y,2.0
G,G,G,G,G,Y,1.5
B,G,G,G,G,Y,0.0
B,G,G,G,G,Y,0.0
G,G,G,G,G,Y,1.0
B,G,G,G,G,Y,0
B,G,G,G,G,Y,0.0
B,G,G,G,G,Y,0.0
B,G,G,G,G,Y,0.0
B,G,G,G,G,Y,0.0
G,G,G,G,Y,Y,1.0
B,G,G,G,G,Y,0
B,G,G,G,G,Y,0.0
B,G,G,G,G,Y,0.0
B,G,G,G,G,Y,0.0
B,G,G,G,G,Y,0.0
G,G,G,G,G,Y,1.0
B,G,G,G,G,Y,0
B,G,G,G,G,Y,0.0
B,G,G,G,G,Y,0.0
B,G,G,G,G,Y,0.0
B,G,G,G,G,Y,0.0
B,G,G,G,G,Y,0.0
B,G,G,G,G,Y,0.0
G,G,G,G,G,Y,1.0
B,G,G,G,G,Y,0
B,G,G,G,G,Y,0.0
B,G,G,G,G,Y,0.0
B,G,G,G,G,Y,0.0
G,G,G,G,G,Y,1.0
B,G,G,G,G,Y,0
B,G,G,G,G,Y,0.0
B,G,G,G,G,Y,0.0
B,G,G,G,G,Y,0.0
G,G,G,G,G,Y,1.0
B,G,G,G,G,G,0
G,G,G,G,G,Y,1.0
B,G,G,G,G,G,0
G,G,G,G,G,Y,1.0
B,G,G,G,G,G,0
G,G,G,G,G,Y,1.0
B,G,G,G,G,G,0
G,G,G,G,G,Y,1.0
G,G,G,G,G,G,1.5
G,G,G,G,G,G,2.0
G,G,G,G,G,G,2.5
G,G,G,G,G,G,3.0
G,G,G,G,G,G,3.5
G,G,G,G,G,G,4.0
G,G,G,G,G,G,4.5
G,G,G,G,G,Y,4.0
G,G,G,G,G,G,4.5
G,G,G,G,G,G,5.0
G,G,G,G,G,Y,4.5
G,G,G,G,G,G,5.0
G,G,G,G,G,Y,4.5
G,G,G,G,G,G,5.0
G,G,G,G,G,G,5.5
G,G,G,G,G,Y,5.0
G,G,G,G,G,G,5.5
G,G,G,G,G,Y,5.0
G,G,G,G,G,Y,4.5
G,G,G,G,G,G,5.0
G,G,G,G,G,Y,4.5
G,G,G,G,G,Y,4.0
G,G,G,G,G,Y,3.5
G,G,G,G,G,G,4.0
G,G,G,G,G,Y,3.5
G,G,G,G,G,G,4.0
G,G,G,G,G,Y,3.5
G,G,G,G,G,Y,3.0
G,G,G,G,G,Y,2.5
G,G,G,G,G,G,3.0
G,G,G,G,G,G,3.5
G,G,G,G,G,G,4.0
G,G,G,G,G,G,4.5
G,G,G,G,G,G,5.0
G,G,G,G,G,G,5.5
G,G,G,G,G,Y,5.0
Y,G,G,G,G,G,4.5
G,G,G,G,G,G,5.0
G,G,G,G,G,Y,4.5
G,G,G,G,G,G,5.0
G,G,G,G,G,G,5.5
G,G,G,G,G,G,6.0
G,G,G,G,G,G,6.5
Y,G,G,G,G,G,6.0
G,G,G,G,G,G,6.5
G,G,G,G,G,G,7.0
G,G,G,G,G,G,7.5
G,G,G,G,G,G,8.0
G,G,G,G,G,G,8.5
G,G,G,G,Y,Y,8.0
G,G,G,G,G,Y,7.5
G,G,G,G,G,Y,7.0
G,G,G,G,G,G,7.5
G,G,G,G,G,G,8.0
G,G,G,B,B,G,6.0
Y,Y,Y,Y,G,B,4.5
Y,Y,Y,Y,Y,G,3.0
Y,Y,Y,Y,Y,G,1.5
Y,Y,Y,Y,Y,G,0.0
Y,Y,Y,Y,G,G,1.0
Y,Y,Y,Y,G,B,0
Y,Y,Y,Y,G,B,0.0
Y,Y,Y,G,B,B,0.0
Y,Y,Y,G,B,B,0.0
Y,Y,G,B,B,B,0.0
Y,Y,G,B,B,B,0.0
Y,G,B,B,B,G,0.0
G,B,B,G,G,G,0
B,B,G,G,G,G,0
B,G,G,G,G,G,0
G,G,G,G,G,G,2.0
G,G,G,G,G,G,2.5
G,G,G,G,G,G,3.0
G,G,G,G,G,G,3.5
G,G,G,G,G,G,4.0
G,G,G,G,G,G,4.5
Y,Y,G,G,G,G,4.0
Y,Y,G,G,G,G,3.5
Y,Y,G,G,G,G,3.0
Y,Y,G,G,G,G,2.5
Y,Y,G,G,G,G,2.0
Y,G,G,G,G,G,1.5
Y,G,G,G,G,G,1.0
Y,G,G,G,G,G,0.5
G,G,G,G,G,G,2.0
G,G,G,G,G,G,2.5
G,G,G,G,G,G,3.0
G,G,G,G,G,G,3.5
G,G,G,G,G,G,4.0
G,G,G,G,G,G,4.5
G,G,G,G,G,Y,4.0
G,G,G,G,G,Y,3.5
G,G,G,G,G,Y,3.0
G,G,G,G,G,Y,2.5
G,G,G,G,G,G,3.0
G,G,G,G,G,G,3.5
G,G,G,G,G,G,4.0
G,G,G,G,G,G,4.5
G,G,G,G,G,G,5.0
G,G,G,G,G,G,5.5
G,G,G,G,G,G,6.0
Y,G,G,G,G,G,5.5
Y,G,G,G,G,G,5.0
Y,G,G,G,G,G,4.5
G,G,G,G,G,G,5.0
G,G,G,G,G,G,5.5
Y,G,G,G,G,G,5.0
G,G,G,G,G,Y,4.5
G,G,G,G,G,Y,4.0
G,G,G,G,G,G,4.5
G,G,G,G,G,G,5.0
G,G,G,O,G,G,3.5
G,G,G,O,O,G,2.0
Y,G,G,O,O,O,0.5
Y,G,G,O,O,O,0.0
Y,Y,G,O,O,O,0.0
Y,Y,G,O,O,O,0.0
Y,Y,G,O,O,O,0.0
Y,Y,G,O,O,O,0.0
Y,Y,G,O,O,O,0.0
Y,Y,G,O,O,O,0.0
Y,Y,G,O,O,O,0.0
Y,Y,G,O,O,O,0.0
Y,Y,Y,O,O,O,0.0
Y,Y,Y,O,O,O,0.0
Y,Y,Y,O,O,O,0.0
Y,Y,Y,Y,O,O,0.0
Y,Y,Y,G,O,O,0.0
Y,Y,Y,G,O,O,0.0
Y,Y,Y,G,O,O,0.0
Y,Y,Y,G,O,O,0.0
Y,Y,Y,G,G,O,0.0
Y,Y,Y,Y,G,O,0.0
Y,Y,Y,Y,G,O,0.0
Y,Y,Y,Y,G,O,0.0
Y,Y,Y,Y,G,O,0.0
Y,Y,Y,Y,Y,O,-1.0
Y,Y,Y,Y,G,O,0.0
Y,Y,Y,Y,G,O,0.0
Y,Y,Y,Y,G,G,1.0
Y,Y,Y,Y,G,O,0
Y,Y,Y,Y,G,O,0.0
Y,Y,Y,Y,G,O,0.0
R,Y,Y,Y,G,G,3.0
R,Y,Y,Y,G,G,4.5
R,R,Y,Y,Y,G,6.0
R,R,R,Y,Y,G,7.5
R,R,R,Y,Y,G,9.0
R,R,R,R,Y,Y,10
R,R,R,R,R,Y,10
R,R,R,R,R,R,10
R,R,R,R,R,R,2
R,R,R,R,R,R,2
R,R,R,R,R,R,2
R,R,R,R,R,R,2
R,R,R,R,R,R,2
R,R,R,R,R,R,2
R,R,R,R,R,R,2
R,R,R,R,R,R,2
R,R,R,R,R,R,2
R,R,R,R,R,R,2
R,R,R,R,R,R,2
R,R,R,R,R,R,2
R,R,R,R,R,R,2
R,R,R,R,R,R,2
R,R,R,R,R,R,2
R,R,R,R,R,R,2
R,R,R,R,R,R,2
R,R,R,R,R,R,2
R,R,R,R,R,R,2
R,R,R,R,R,R,2
R,R,R,R,R,R,2
R,R,R,R,R,R,2
R,R,R,R,R,R,2
R,R,R,R,R,R,2
R,R,R,R,R,R,2
R,R,R,R,R,R,2
R,R,R,R,R,R,2
R,R,R,R,R,R,2
R,R,R,R,R,R,2
R,R,R,R,R,R,2
R,R,R,R,R,R,2
R,R,R,R,R,R,2
R,R,R,R,R,R,2
R,R,R,R,R,R,2
R,R,R,R,R,R,2
R,R,R,R,R,R,2
R,R,R,R,R,R,2
R,R,R,R,R,R,2
R,R,R,R,R,R,2
R,R,R,R,R,R,2
R,R,R,R,R,R,2
R,R,R,R,R,R,2
R,R,R,R,R,R,2
R,R,R,R,R,R,2
R,R,R,R,R,R,2
R,R,R,R,R,R,2
R,R,R,R,R,R,2
R,R,R,R,R,R,2
R,R,R,R,R,R,2
R,R,R,R,R,R,2
R,R,R,R,R,R,2
R,R,R,R,R,R,2
R,R,R,R,R,R,2
R,R,R,R,R,R,2
R,R,R,R,R,R,2
R,R,R,R,R,R,2
R,R,R,R,R,R,2
R,R,R,R,R,R,2
R,R,R,R,R,R,2
R,R,R,R,R,R,2
R,R,R,R,R,R,2
R,R,R,R,R,R,2
R,R,R,R,R,R,2
R,R,R,R,R,R,2
R,R,R,R,R,R,2
R,R,R,R,R,R,2
R,R,R,R,R,R,2
R,R,R,R,R,R,2
R,R,R,R,R,R,2
R,R,R,R,R,R,2
R,R,R,R,R,R,2
R,R,R,R,R,R,2
R,R,R,R,R,R,2
R,R,R,R,R,R,2
R,R,R,R,R,R,2
R,R,R,R,R,R,2
R,R,R,R,R,R,2
R,R,R,R,R,R,2
R,R,R,R,R,R,2
R,R,R,R,R,R,2
R,R,R,R,R,R,2
R,R,R,R,R,R,2
R,R,R,R,R,R,2
R,R,R,R,R,R,2
R,R,R,R,R,R,2
R,R,R,R,R,R,2
R,R,R,R,R,R,2
R,R,R,R,R,R,2
R,R,R,R,R,R,2
R,R,R,R,R,R,2
R,R,R,R,R,R,2
R,R,R,R,R,R,2
R,R,R,R,R,R,2
R,R,R,R,R,R,2
R,R,R,R,R,R,2
R,R,R,R,R,R,2
R,R,R,R,R,R,2
R,R,R,R,R,R,2
R,R,R,R,R,R,2
R,R,R,R,R,R,2
R,R,R,R,R,R,2
R,R,R,R,R,R,2
R,R,R,R,R,R,2
R,R,R,R,R,R,2
R,R,R,R,R,R,2
R,R,R,R,R,R,2
R,R,R,R,R,R,2
R,R,R,R,R,R,2
R,R,R,R,R,R,2
R,R,R,R,R,R,2
R,R,R,R,R,R,2
R,R,R,R,R,R,2
R,R,R,R,R,R,2
R,R,R,R,R,R,2
R,R,R,R,R,R,2
R,R,R,R,R,R,2
R,R,R,R,R,R,2
R,R,R,R,R,R,2
R,R,R,R,R,R,2
R,R,R,R,R,R,2
R,R,R,R,R,R,2
R,R,R,R,R,R,2
R,R,R,R,R,R,2
R,R,R,R,R,R,2
R,R,R,R,R,R,2
R,R,R,R,R,R,2
Y,R,R,R,R,R,2
Y,Y,Y,R,R,R,2
Y,Y,Y,R,R,R,2
Y,Y,Y,Y,R,R,3.98
Y,Y,Y,Y,Y,R,5.47
G,G,G,G,Y,Y,4.97
G,G,G,G,G,Y,4.47
G,G,G,G,G,G,4.97
G,G,G,G,G,G,5.47
G,G,G,G,G,G,5.97
G,G,G,G,G,G,6.47
G,G,G,G,G,G,6.97
G,G,Y,Y,G,G,7.47
Y,Y,Y,Y,Y,Y,5.97
Y,Y,Y,Y,Y,Y,4.47
Y,Y,Y,Y,Y,Y,2.97
Y,Y,Y,Y,Y,Y,1.47
Y,Y,Y,R,Y,Y,1.97
Y,Y,Y,R,Y,Y,2.47
G,Y,Y,R,R,Y,2.97
G,Y,Y,Y,R,Y,3.47
G,Y,Y,Y,R,Y,3.97
G,Y,Y,Y,R,R,4.47
G,Y,Y,Y,R,R,4.97
G,G,Y,Y,R,R,5.47
G,G,Y,Y,R,R,5.97
G,Y,Y,Y,Y,R,6.47
G,Y,Y,Y,Y,Y,4.97
Y,Y,Y,Y,Y,Y,3.47
Y,Y,Y,G,G,Y,3.97
Y,Y,G,G,G,G,3.47
Y,G,G,G,G,G,2.97
G,G,G,G,G,Y,2.47
G,G,G,G,G,G,2.97
G,G,G,G,G,G,3.47
G,G,G,G,G,G,3.97
G,G,G,G,G,G,4.47
G,G,G,G,G,G,4.97
G,G,G,G,G,G,5.47
G,G,G,G,G,G,5.97
B,B,Y,Y,Y,G,4.47
B,B,Y,Y,Y,G,2.97
B,B,Y,Y,Y,G,1.47
B,Y,Y,Y,Y,G,0
Y,Y,Y,Y,G,G,1.0
Y,Y,Y,Y,G,G,0.5
Y,Y,Y,Y,G,G,1.0
Y,Y,Y,Y,G,G,0.5
Y,Y,Y,Y,G,G,1.0
Y,Y,Y,G,G,G,0.5
Y,Y,Y,G,G,G,1.0
Y,Y,G,G,G,G,0.5
Y,Y,G,G,G,G,1.0
Y,G,G,G,G,G,0.5
G,G,G,G,G,G,2.0
G,G,G,G,G,G,2.5
G,G,G,G,G,G,3.0
G,G,G,G,G,G,3.5
G,G,G,G,G,G,4.0
G,G,G,G,G,G,4.5
G,G,G,G,G,G,5.0
G,G,G,G,Y,Y,4.5
G,G,G,G,Y,Y,4.0
G,G,G,G,Y,Y,3.5
G,G,G,G,Y,Y,3.0
G,G,G,G,Y,Y,2.5
G,G,G,Y,Y,Y,2.0
G,G,G,G,Y,Y,1.5
G,G,G,G,G,Y,1.0
G,G,G,G,G,Y,0.5
G,G,G,G,G,Y,1.0
G,G,G,G,G,Y,0.5
G,G,G,G,G,Y,1.0
G,G,G,G,G,G,1.5
G,G,G,G,G,G,2.0
G,G,G,G,G,G,2.5
G,G,G,G,G,G,3.0
G,G,G,G,G,G,3.5
G,G,G,G,G,G,4.0
G,G,G,G,G,Y,3.5
G,G,G,G,G,Y,3.0
G,G,G,G,G,G,3.5
G,G,G,G,G,G,4.0
G,G,G,G,G,G,4.5
G,G,G,G,G,G,5.0
G,G,G,G,G,G,5.5
G,G,G,G,G,G,6.0
G,G,G,G,G,G,6.5
G,G,G,G,G,G,7.0
G,G,G,G,G,G,7.5
Y,G,B,G,G,G,6.0
B,B,B,G,G,G,4.0
G,G,G,G,G,Y,3.5
G,G,G,G,G,Y,3.0
G,G,G,G,G,G,3.5
G,G,G,G,G,G,4.0
G,G,G,G,G,Y,3.5
G,G,G,G,G,G,4.0
G,G,G,G,G,G,4.5
G,G,G,G,G,G,5.0
G,G,G,G,G,G,5.5
G,G,G,G,G,G,6.0
Y,Y,G,G,G,G,5.5
Y,Y,B,G,G,G,4.0
Y,B,B,B,G,G,2.5
B,B,Y,G,G,G,2.0
Y,Y,G,G,G,G,1.5
B,Y,G,G,G,G,0.0
Y,G,G,G,G,G,1.0
G,G,G,G,G,G,1.5
G,G,G,G,G,G,2.0
G,G,G,G,G,G,2.5
G,G,G,G,G,G,3.0
G,G,G,G,G,G,3.5
G,G,G,G,G,Y,3.0
Y,G,G,G,G,G,2.5
G,G,G,G,G,G,3.0
G,G,G,G,G,G,3.5
G,G,G,G,G,Y,3.0
G,G,G,G,G,G,3.5
G,G,G,G,G,G,4.0
G,G,G,G,G,G,4.5
G,G,G,G,G,G,5.0
G,G,G,G,G,G,5.5
Y,G,G,G,G,G,5.0
Y,G,G,G,G,G,4.5
G,B,G,G,G,G,2.5
B,G,G,G,G,G,0.5
G,G,G,G,G,Y,1.0
B,G,G,G,G,G,0
G,G,G,G,G,Y,1.0
B,G,G,G,G,G,0
G,G,G,G,G,Y,1.0
B,G,G,G,G,G,0
G,G,G,G,G,Y,1.0
B,G,G,G,G,G,0
G,G,G,G,G,Y,1.0
G,G,G,G,G,G,1.5
G,G,G,G,G,G,2.0
G,G,G,G,G,G,2.5
G,G,G,G,G,G,3.0
G,G,G,G,G,G,3.5
G,G,G,G,G,G,4.0
G,G,G,G,G,G,4.5
G,G,G,G,G,G,5.0
G,G,G,G,G,G,5.5
G,G,G,G,G,G,6.0
G,G,G,G,G,G,6.5
G,G,G,G,G,G,7.0
G,G,G,G,G,G,7.5
B,B,G,G,B,B,5.5
G,G,G,G,B,Y,4.0
B,G,G,G,G,G,2.0
G,G,G,G,G,G,2.5
G,G,G,G,G,G,3.0
G,G,G,G,G,G,3.5
G,G,G,G,G,G,4.0
G,G,G,G,G,G,4.5
G,G,G,G,G,G,5.0
G,G,G,G,G,G,5.5
G,G,G,G,G,G,6.0
G,G,G,G,G,G,6.5
G,G,G,G,G,G,7.0
G,G,G,G,G,G,7.5
G,G,G,G,G,G,8.0
G,G,G,G,G,G,8.5
G,G,G,G,G,G,9.0
Y,G,G,G,G,G,8.5
G,G,G,G,G,G,9.0
Y,G,B,G,G,G,7.5
B,B,G,G,G,G,5.5
Y,G,G,G,G,G,5.0
G,G,G,G,G,G,5.5
G,G,G,G,G,G,6.0
Y,G,G,G,G,G,5.5
G,G,G,G,G,G,6.0
Y,G,G,G,G,G,5.5
Y,G,G,G,G,G,5.0
Y,G,G,G,G,G,4.5
Y,G,G,G,G,G,4.0
Y,G,G,G,G,G,3.5
G,G,G,G,G,G,4.0
G,G,G,G,G,G,4.5
G,G,G,G,G,G,5.0
G,G,G,G,G,G,5.5
Y,G,G,G,G,G,5.0
Y,G,G,G,G,G,4.5
G,G,G,G,G,G,5.0
G,G,G,G,G,G,5.5
Y,G,G,G,G,G,5.0
G,G,G,G,G,G,5.5
Y,B,G,G,G,G,4.0
B,G,G,G,G,G,2.0
G,G,G,G,G,Y,1.5
B,G,G,G,G,G,0
G,G,G,G,G,Y,1.0
B,G,G,G,G,G,0
G,G,G,G,G,Y,1.0
B,G,G,G,G,G,0
G,G,G,G,G,Y,1.0
B,G,G,G,G,G,0
G,G,G,G,G,Y,1.0
G,G,G,G,G,G,1.5
G,G,G,G,G,G,2.0
O,G,G,G,G,G,0.5
G,G,G,G,Y,Y,1.0
G,G,G,G,G,Y,0.5
O,G,G,G,G,G,0.0
G,G,G,G,Y,Y,1.0
G,G,G,G,G,Y,0.5
O,G,G,G,G,G,0.0
G,G,G,G,Y,Y,1.0
G,G,G,G,G,Y,0.5
O,G,G,G,G,G,0.0
G,G,G,G,Y,Y,1.0
G,G,G,G,G,Y,0.5
O,G,G,G,G,G,0.0
G,G,G,G,Y,Y,1.0
G,G,G,G,G,Y,0.5
G,G,G,G,G,G,2.0
G,G,G,G,G,G,2.5
G,G,G,G,G,G,3.0
G,G,G,G,G,G,3.5
G,G,G,G,G,G,4.0
G,G,G,G,G,G,4.5
G,G,G,G,G,G,5.0
G,G,G,G,G,G,5.5
G,G,G,G,G,G,6.0
G,G,G,G,G,G,6.5
G,G,G,G,G,G,7.0
G,G,G,G,G,G,7.5
G,G,G,G,G,Y,7.0
G,G,G,G,G,G,7.5
G,G,G,G,G,G,8.0
B,G,G,G,G,G,6.0
G,G,G,G,Y,Y,5.5
G,G,G,G,G,Y,5.0
G,G,G,G,G,Y,4.5
G,G,G,G,G,G,5.0
G,G,G,G,G,Y,4.5
G,G,G,G,G,G,5.0
G,G,G,G,G,G,5.5
Y,G,G,G,G,G,5.0
Y,G,G,G,G,G,4.5
G,G,G,G,G,G,5.0
G,G,G,G,G,G,5.5
G,G,G,G,G,G,6.0
G,G,O,O,B,G,4.5
G,G,G,O,O,B,3.0
Y,G,G,G,G,O,1.5
Y,G,G,G,G,G,1.0
G,G,G,G,G,G,1.5
G,G,G,G,G,G,2.0
G,G,G,G,G,G,2.5
G,G,G,G,G,G,3.0
G,G,G,G,G,G,3.5
G,G,G,G,G,G,4.0
G,G,G,G,G,G,4.5
G,G,G,G,G,Y,4.0
G,G,G,G,G,Y,3.5
G,G,G,G,G,Y,3.0
G,G,G,G,G,Y,2.5
G,G,G,G,G,Y,2.0
G,G,G,G,G,G,2.5
G,G,G,G,G,G,3.0
G,G,G,G,G,Y,2.5
G,G,G,G,G,G,3.0
G,G,G,G,G,G,3.5
G,G,G,G,G,G,4.0
Y,Y,G,G,G,G,3.5
Y,G,G,G,G,G,3.0
Y,G,G,G,G,G,2.5
G,G,G,G,G,G,3.0
G,G,G,G,G,G,3.5
G,G,G,G,G,G,4.0
Y,G,G,G,G,G,3.5
G,G,G,G,G,G,4.0
G,G,G,G,G,G,4.5
G,G,G,G,G,G,5.0
G,G,G,G,G,Y,4.5
G,G,G,G,G,G,5.0
G,G,G,G,G,G,5.5
G,G,G,G,G,G,6.0
G,G,G,G,G,G,6.5
Y,G,G,G,G,G,6.0
Y,G,G,G,G,G,5.5
G,G,G,G,G,G,6.0
G,G,G,G,G,G,6.5
G,G,G,G,G,G,7.0
G,G,G,G,G,G,7.5
G,O,O,O,G,Y,6.0
O,O,O,O,O,G,4.5
O,O,G,G,G,Y,3.0
G,G,G,G,G,Y,2.5
G,G,G,G,G,G,3.0
G,G,G,G,G,G,3.5
G,G,G,G,G,G,4.0
Y,G,G,G,G,G,3.5
G,G,G,G,G,G,4.0
G,G,G,G,G,G,4.5
G,G,G,G,G,G,5.0
Y,G,G,G,G,G,4.5
Y,G,G,G,G,G,4.0
G,G,G,G,G,G,4.5
Y,G,G,G,G,G,4.0
G,G,G,G,G,G,4.5
Y,G,G,G,G,G,4.0
G,G,G,G,G,G,4.5
Y,G,G,G,G,G,4.0
G,G,G,G,G,G,4.5
Y,G,G,G,G,G,4.0
G,G,G,G,G,G,4.5
G,G,G,G,G,G,5.0
Y,G,G,G,G,G,4.5
Y,G,G,G,G,G,4.0
G,G,G,G,G,B,2.0
Y,Y,G,G,G,G,1.5
Y,G,G,G,G,B,0.0
Y,G,G,G,G,B,0.0
Y,G,G,G,G,B,0.0
G,G,G,G,G,B,0
Y,G,G,G,G,B,0.0
Y,G,G,G,G,B,0.0
G,G,G,G,G,B,0
Y,G,G,G,G,B,0.0
G,G,G,G,G,B,0
Y,G,G,G,G,G,1.0
Y,G,G,G,G,G,0.5
G,G,G,G,G,B,0
Y,G,G,G,G,G,1.0
G,G,G,G,G,B,0
Y,G,G,G,G,G,1.0
G,G,G,G,G,G,1.5
G,G,G,G,G,G,2.0
Y,G,G,G,G,G,1.5
G,G,G,G,G,G,2.0
G,G,G,G,G,G,2.5
Y,G,G,G,G,G,2.0
G,G,G,G,G,G,2.5
G,G,G,G,G,G,3.0
Y,G,G,G,G,G,2.5
G,G,G,G,G,G,3.0
G,G,G,G,G,G,3.5
G,G,G,G,G,G,4.0
G,G,G,G,G,G,4.5
G,G,G,G,G,G,5.0
G,G,G,O,G,G,3.5
Y,G,O,O,O,G,2.0
G,O,O,O,O,G,0.5
O,O,O,O,G,G,0.0
O,O,O,G,G,G,0.0
O,G,G,Y,G,G,1.0
G,G,G,G,G,B,0
O,G,G,G,G,Y,0.0
O,G,G,G,G,G,0.0
G,G,Y,Y,G,B,1.0
G,G,Y,Y,Y,B,0
O,G,Y,Y,Y,Y,0.0
O,G,G,Y,Y,Y,0.0
O,G,G,Y,Y,Y,0.0
O,G,G,Y,Y,Y,0.0
O,G,G,Y,Y,Y,0.0
O,G,Y,Y,Y,Y,0.0
O,G,Y,Y,Y,Y,0.0
O,G,Y,Y,Y,Y,0.0
O,G,Y,Y,Y,Y,0.0
O,G,Y,Y,Y,Y,0.0
O,G,Y,Y,Y,Y,0.0
O,G,Y,Y,Y,Y,0.0
O,Y,Y,Y,Y,Y,-1.0
Y,Y,Y,Y,Y,Y,0.0
Y,Y,Y,Y,Y,Y,0.0
Y,Y,Y,Y,Y,B,-1.0
Y,Y,Y,Y,Y,B,-1.0
R,R,Y,Y,B,B,1.0
R,R,R,Y,B,B,1.0
R,R,R,Y,B,B,1.0
R,Y,R,Y,Y,B,1.0
Y,Y,R,Y,Y,B,1.0
Y,Y,R,R,Y,B,1.0
Y,Y,Y,R,Y,B,1.0
R,Y,Y,R,R,Y,2.5
Y,Y,Y,Y,R,Y,3.0
Y,Y,Y,Y,Y,R,4.5
Y,Y,Y,Y,Y,Y,3.0
Y,Y,Y,Y,Y,Y,1.5
G,G,G,G,Y,Y,1.0
Y,G,G,G,Y,Y,1.5
G,G,G,G,Y,Y,1.0
Y,G,G,G,G,Y,1.5
G,G,G,G,G,Y,1.0
G,G,G,G,Y,Y,0.5
Y,G,G,G,G,G,1.0
G,G,G,G,G,Y,0.5
Y,G,G,G,G,G,1.0
G,G,G,G,G,Y,0.5
Y,G,G,G,G,G,1.0
G,G,G,G,G,G,1.5
G,G,G,G,G,G,2.0
G,G,G,G,G,G,2.5
G,G,G,G,G,G,3.0
G,G,G,G,G,G,3.5
G,G,G,G,O,O,2.0
G,G,G,G,G,O,0.5
G,G,G,G,G,G,2.0
G,G,G,G,G,G,2.5
G,G,G,G,G,G,3.0
G,G,G,G,G,G,3.5
G,G,G,G,G,G,4.0
G,G,G,G,G,G,4.5
G,G,Y,Y,Y,Y,4.0
G,G,Y,Y,Y,Y,3.5
G,G,G,Y,Y,Y,3.0
G,G,G,Y,Y,Y,2.5
G,G,G,Y,Y,Y,2.0
G,G,G,G,Y,Y,1.5
G,G,G,G,Y,Y,1.0
G,G,G,G,Y,Y,0.5
G,G,G,G,G,Y,1.0
G,G,G,G,G,Y,0.5
G,G,G,G,G,G,2.0
G,G,G,G,G,G,2.5
G,G,G,G,G,G,3.0
G,G,G,G,G,G,3.5
G,G,G,G,G,G,4.0
G,G,G,G,G,G,4.5
G,G,G,G,G,G,5.0
Y,G,G,G,G,G,4.5
Y,G,G,G,G,G,4.0
Y,G,G,G,G,G,3.5
Y,G,G,G,G,G,3.0
Y,G,G,G,G,G,2.5
G,G,G,G,G,G,3.0
G,G,G,G,G,G,3.5
G,G,G,G,G,G,4.0
G,G,G,G,G,G,4.5
G,G,G,G,G,G,5.0
G,G,G,G,G,G,5.5
G,G,G,G,G,Y,5.0
G,G,G,G,G,Y,4.5
G,G,G,G,G,Y,4.0
G,G,G,G,G,Y,3.5
G,G,G,G,G,G,4.0
G,G,G,G,G,G,4.5
G,G,G,G,G,G,5.0
G,G,G,G,G,G,5.5
G,G,G,O,O,G,4.0
Y,Y,G,O,O,O,2.5
Y,Y,Y,O,B,O,1.0
Y,Y,Y,O,B,B,0
Y,Y,Y,B,B,O,0.0
Y,Y,Y,B,B,O,0.0
Y,Y,Y,B,B,B,0.0
Y,Y,Y,B,B,O,0.0
Y,Y,Y,B,B,B,0.0
Y,Y,B,B,B,O,0.0
Y,Y,B,B,B,O,0.0
Y,B,B,B,O,O,0.0
B,B,B,O,O,G,0.0
B,B,B,O,O,G,0.0
B,B,B,O,O,G,0.0
B,B,B,O,O,G,0.0
B,B,B,O,O,G,0.0
B,B,B,O,O,G,0.0
B,B,B,O,O,G,0.0
B,B,B,O,O,G,0.0
B,B,B,O,O,G,0.0
B,B,B,O,O,G,0.0
B,B,G,G,O,G,0.0
B,B,G,G,O,G,0.0
B,Y,G,G,G,G,0.0
B,G,G,G,G,G,0
B,G,O,G,G,G,0.0
O,O,G,G,G,G,0.0
O,G,G,G,G,G,0.0
G,G,G,G,G,G,2.0
G,Y,G,G,G,G,1.5
G,G,G,G,G,G,2.0
Y,G,G,G,G,G,1.5
Y,G,G,G,G,G,1.0
Y,G,G,G,G,G,0.5
Y,G,G,G,G,G,1.0
G,G,G,G,G,G,1.5
G,G,G,G,G,G,2.0
G,G,G,G,G,G,2.5
G,G,G,G,G,G,3.0
G,G,G,G,G,G,3.5
G,G,G,G,G,G,4.0
G,G,G,G,G,G,4.5
G,G,G,G,G,G,5.0
G,G,G,G,G,G,5.5
G,G,G,G,G,G,6.0
G,G,G,G,G,G,6.5
G,G,G,G,G,G,7.0
G,G,G,G,G,G,7.5
G,G,G,G,G,G,8.0
G,G,G,G,G,G,8.5
Y,G,G,G,G,G,8.0
Y,G,G,G,G,G,7.5
G,G,G,G,G,G,8.0
G,G,G,G,G,G,8.5
G,G,G,O,G,G,7.0
G,O,O,O,O,G,5.5
G,O,O,O,O,G,4.0
G,G,G,G,G,G,4.5
G,G,G,G,G,Y,4.0
G,G,G,G,G,G,4.5
G,G,G,G,G,G,5.0
G,G,G,G,G,G,5.5
G,G,G,G,G,G,6.0
Y,G,G,G,G,G,5.5
Y,G,G,G,G,G,5.0
G,G,G,G,G,G,5.5
Y,G,G,G,G,G,5.0
Y,G,G,G,G,G,4.5
G,G,G,G,G,G,5.0
G,G,G,G,G,G,5.5
Y,G,G,G,G,G,5.0
G,G,G,G,G,G,5.5
Y,G,G,G,G,G,5.0
Y,G,G,G,G,G,4.5
G,G,G,G,G,G,5.0
Y,G,G,G,G,G,4.5
G,G,G,G,G,B,2.5
Y,Y,G,G,G,G,2.0
Y,Y,G,G,G,G,1.5
Y,G,G,G,G,B,0.0
Y,G,G,G,G,B,0.0
Y,G,G,G,G,B,0.0
G,G,G,G,G,B,0
Y,G,G,G,G,B,0.0
Y,G,G,G,G,B,0.0
G,G,G,G,G,B,0
Y,G,G,G,G,B,0.0
Y,G,G,G,G,B,0.0
G,G,G,G,G,B,0
G,G,G,G,G,B,0
Y,G,G,G,G,G,1.0
G,G,G,G,G,G,1.5
Y,G,G,G,G,G,1.0
G,G,G,G,G,B,0
Y,G,G,G,G,G,1.0
G,G,G,G,G,G,1.5
G,G,G,G,G,G,2.0
G,G,G,G,G,G,2.5
Y,G,G,G,G,G,2.0
Y,G,G,G,G,G,1.5
G,G,G,G,G,B,0
Y,G,G,G,G,G,1.0
G,G,G,G,G,G,1.5
G,G,G,G,G,G,2.0
G,G,G,G,G,G,2.5
G,G,G,G,G,G,3.0
G,G,G,G,G,G,3.5
G,G,G,G,G,G,4.0
G,G,O,O,G,G,2.5
G,O,O,G,G,G,1.0
O,O,O,G,G,G,0
O,G,G,G,G,B,0.0
O,G,G,G,G,B,0.0
O,G,G,G,G,G,0.0
G,G,G,G,B,B,0
O,G,G,G,Y,B,0.0
O,O,G,G,G,Y,0.0
O,O,G,G,Y,Y,0.0
O,O,G,G,Y,Y,0.0
O,O,G,G,Y,Y,0.0
O,O,G,G,Y,Y,0.0
O,O,G,G,Y,Y,0.0
O,O,G,G,Y,Y,0.0
O,O,G,G,Y,Y,0.0
O,O,G,Y,Y,Y,0.0
O,O,G,Y,Y,Y,0.0
O,G,G,Y,Y,Y,0.0
O,G,G,Y,Y,Y,0.0
O,G,G,Y,Y,Y,0.0
O,G,G,Y,Y,Y,0.0
O,G,G,Y,Y,Y,0.0
O,G,G,Y,Y,Y,0.0
O,G,G,Y,Y,Y,0.0
G,G,G,Y,Y,Y,1.0
O,G,G,Y,Y,Y,0
G,G,G,Y,Y,Y,1.0
O,G,G,Y,Y,Y,0
O,G,G,Y,Y,Y,0.0
G,G,G,Y,Y,Y,1.0
O,G,G,G,Y,Y,0
O,G,G,G,Y,Y,0.0
O,G,G,G,Y,Y,0.0
G,G,G,Y,Y,Y,1.0
O,G,G,G,Y,Y,0
O,G,G,G,Y,Y,0.0
O,G,G,Y,Y,Y,0.0
G,G,G,G,Y,Y,1.0
O,G,G,G,Y,Y,0
O,G,G,G,Y,Y,0.0
O,G,G,G,Y,Y,0.0
O,G,G,G,Y,Y,0.0
G,G,G,G,Y,Y,1.0
O,G,G,G,G,Y,0
O,G,G,G,G,Y,0.0
O,G,G,G,G,Y,0.0
O,G,G,G,G,Y,0.0
O,G,G,G,G,Y,0.0
O,G,G,G,G,Y,0.0
G,G,G,G,G,Y,1.0
O,G,G,G,G,Y,0
O,G,G,G,G,Y,0.0
O,G,G,G,G,Y,0.0
O,G,G,G,G,Y,0.0
O,G,G,G,G,Y,0.0
O,G,G,G,G,Y,0.0
O,G,G,G,G,Y,0.0
G,G,G,G,G,Y,1.0
O,G,G,G,G,Y,0
O,G,G,G,G,G,0.0
G,G,G,G,G,Y,1.0
G,G,G,G,G,Y,0.5
O,G,G,G,G,Y,0.0
O,G,G,G,G,G,0.0
G,G,G,G,G,Y,1.0
G,G,G,G,G,Y,0.5
G,G,G,G,G,Y,1.0
O,G,G,G,G,G,0
G,G,G,G,G,Y,1.0
G,G,G,G,G,G,1.5
G,G,G,G,G,G,2.0
G,G,G,G,G,G,2.5
O,G,G,G,G,G,1.0
G,G,G,G,G,Y,0.5
G,G,G,G,G,Y,1.0
O,G,G,G,G,G,0
G,G,G,G,G,Y,1.0
G,G,G,G,Y,Y,0.5
O,G,G,G,G,G,0.0
G,G,G,G,G,Y,1.0
G,G,G,G,G,Y,0.5
G,G,G,G,G,Y,1.0
O,G,G,G,G,G,0
G,G,G,G,G,Y,1.0
G,G,G,G,G,Y,0.5
O,G,G,G,G,G,0.0
G,G,G,G,G,Y,1.0
G,G,G,G,G,Y,0.5
O,G,G,G,G,G,0.0
G,G,G,G,G,Y,1.0
G,G,G,G,G,Y,0.5
O,G,G,G,G,G,0.0
G,G,G,G,G,Y,1.0
G,G,G,G,G,Y,0.5
O,G,G,G,G,G,0.0
G,G,G,G,G,Y,1.0
G,G,G,G,G,Y,0.5
G,G,G,G,G,Y,1.0
O,G,G,G,G,G,0
G,G,G,G,G,Y,1.0
G,G,G,G,G,Y,0.5
O,G,G,G,G,G,0.0
G,G,G,G,G,Y,1.0
G,G,G,G,G,Y,0.5
O,G,G,G,G,G,0.0
G,G,G,G,G,Y,1.0
G,G,G,G,G,Y,0.5
O,G,G,G,G,G,0.0
G,G,G,G,G,Y,1.0
G,G,G,G,G,Y,0.5
O,G,G,G,G,G,0.0
G,G,G,G,G,Y,1.0
G,G,G,G,Y,Y,0.5
O,G,G,G,G,G,0.0
G,G,G,G,G,Y,1.0
G,G,G,G,G,Y,0.5
O,G,G,G,G,G,0.0
G,G,G,G,Y,Y,1.0
G,G,G,G,G,Y,0.5
O,G,G,G,G,G,0.0
G,G,G,Y,Y,Y,1.0
G,G,G,G,G,Y,0.5
O,G,G,G,G,Y,0.0
O,G,G,G,G,Y,0.0
O,G,G,G,Y,Y,0.0
O,G,G,G,G,Y,0.0
G,G,G,G,G,Y,1.0
O,G,G,G,G,G,0
G,G,G,G,Y,Y,1.0
G,G,G,G,G,Y,0.5
O,G,G,G,G,G,0.0
G,G,G,G,Y,Y,1.0
G,G,G,G,G,Y,0.5
O,G,G,G,G,G,0.0
G,G,G,G,Y,Y,1.0
G,G,G,G,G,Y,0.5
G,G,G,G,G,Y,1.0
O,G,G,G,G,G,0
G,G,G,G,G,Y,1.0
G,G,G,G,G,Y,0.5
O,G,G,G,G,G,0.0
G,G,G,G,G,Y,1.0
G,G,G,G,G,Y,0.5
O,G,G,G,G,G,0.0
G,G,G,Y,Y,Y,1.0
G,G,G,G,G,Y,0.5
G,G,G,G,G,G,2.0
G,G,G,G,G,G,2.5
G,G,G,G,G,Y,2.0
G,G,G,G,G,Y,1.5
O,G,G,G,G,G,0.0
G,G,G,G,G,Y,1.0
G,G,G,G,G,G,1.5
G,G,G,G,G,G,2.0
G,G,G,G,G,G,2.5
G,G,G,G,G,G,3.0
G,G,G,G,G,Y,2.5
G,G,G,G,G,G,3.0
G,G,G,G,G,G,3.5
G,G,G,G,G,Y,3.0
G,G,G,G,G,G,3.5
G,G,G,G,G,Y,3.0
G,G,G,G,G,G,3.5
G,G,G,G,G,Y,3.0
G,G,G,G,G,G,3.5
G,G,G,G,G,G,4.0
G,G,G,G,G,G,4.5
G,G,G,G,G,G,5.0
G,G,G,G,G,G,5.5
G,G,G,G,G,G,6.0
Y,G,G,G,G,G,5.5
G,G,G,G,G,G,6.0
Y,G,G,G,G,G,5.5
G,G,G,G,G,G,6.0
Y,G,G,G,G,G,5.5
Y,G,G,G,G,G,5.0
G,G,G,G,G,G,5.5
Y,G,G,G,G,G,5.0
Y,G,G,G,G,G,4.5
G,G,G,G,G,G,5.0
Y,G,G,G,G,G,4.5
G,G,G,G,G,G,5.0
G,G,G,G,G,G,5.5
G,G,G,G,G,G,6.0
G,G,G,G,G,G,6.5
Y,G,G,G,O,G,5.0
Y,G,G,G,O,O,3.5
Y,G,G,G,O,O,2.0
Y,G,G,G,O,O,0.5
Y,G,G,G,G,O,0.0
Y,Y,G,G,G,O,0.0
Y,Y,G,G,G,O,0.0
Y,Y,G,G,G,O,0.0
Y,Y,G,G,G,G,1.0
Y,G,G,G,G,O,0
Y,G,G,G,G,O,0.0
Y,G,G,G,G,G,1.0
Y,G,G,G,G,O,0
Y,G,G,G,G,O,0.0
Y,G,G,G,G,O,0.0
G,G,G,G,G,G,2.0
G,G,G,G,G,G,2.5
G,G,G,G,G,G,3.0
G,G,G,G,G,G,3.5
G,G,G,G,G,G,4.0
G,G,G,G,G,G,4.5
G,G,G,G,G,Y,4.0
G,G,G,G,G,Y,3.5
G,G,G,G,G,G,4.0
G,G,G,G,G,G,4.5
G,G,G,G,G,G,5.0
G,G,G,G,G,Y,4.5
G,G,G,G,G,G,5.0
Y,G,G,G,G,G,4.5
G,G,G,G,G,G,5.0
G,G,G,G,G,G,5.5
G,G,G,G,G,G,6.0
G,G,G,G,G,G,6.5
Y,G,G,G,G,G,6.0
G,G,G,G,G,G,6.5
G,G,G,G,G,G,7.0
G,G,G,G,G,G,7.5
G,G,G,G,G,G,8.0
G,G,G,G,G,G,8.5
Y,G,G,G,G,G,8.0
Y,G,G,G,G,G,7.5
Y,Y,G,G,G,G,7.0
Y,Y,G,G,G,G,6.5
Y,Y,G,G,G,G,6.0
Y,Y,G,G,G,G,5.5
Y,G,G,G,G,G,5.0
Y,G,G,G,G,G,4.5
G,G,G,G,G,G,5.0
G,G,G,G,G,G,5.5
G,G,G,G,G,G,6.0
Y,G,G,G,G,G,5.5
G,G,G,G,G,G,6.0
G,G,G,G,G,Y,5.5
G,G,G,G,G,G,6.0
G,G,G,G,G,G,6.5
G,G,G,G,G,G,7.0
Y,G,G,G,G,G,6.5
Y,G,G,G,G,G,6.0
Y,Y,G,G,G,G,5.5
G,G,G,G,G,G,6.0
Y,G,G,G,G,G,5.5
G,G,G,G,G,G,6.0
Y,Y,G,G,G,G,5.5
G,G,G,G,G,G,6.0
Y,G,G,G,G,G,5.5
G,G,G,G,G,G,6.0
Y,Y,G,G,G,G,5.5
G,G,G,G,G,G,6.0
Y,Y,G,G,G,G,5.5
G,G,G,G,G,G,6.0
Y,G,G,G,G,G,5.5
G,G,G,G,G,G,6.0
G,G,G,G,G,G,6.5
G,G,O,O,O,G,5.0
Y,G,O,O,O,G,3.5
G,G,G,O,Y,Y,2.0
G,G,G,G,O,G,0.5
Y,G,G,G,G,O,0.0
Y,G,G,G,G,O,0.0
Y,G,G,G,G,G,1.0
G,G,G,G,G,G,1.5
G,G,G,G,G,G,2.0
G,G,G,G,G,G,2.5
G,G,G,G,G,G,3.0
G,G,G,G,G,G,3.5
Y,G,G,G,G,G,3.0
G,G,G,G,G,G,3.5
G,G,G,G,G,G,4.0
G,G,G,G,G,G,4.5
G,G,G,G,G,G,5.0
G,B,B,B,G,G,3.0
G,B,B,B,G,G,1.0
G,G,G,G,G,Y,0.5
G,G,G,G,G,Y,1.0
G,B,G,G,G,G,0
B,G,G,G,G,Y,0.0
G,G,G,G,G,Y,1.0
G,G,G,G,G,G,1.5
G,G,G,G,G,G,2.0
G,G,G,G,G,G,2.5
G,G,G,G,G,G,3.0
G,G,G,G,G,G,3.5
G,G,G,G,G,G,4.0
G,G,G,G,G,G,4.5
G,B,G,G,G,G,2.5
B,G,G,G,G,Y,1.0
B,G,G,G,G,Y,0
B,G,G,G,G,Y,0.0
B,G,G,G,G,Y,0.0
B,G,G,G,G,Y,0.0
G,G,G,G,G,Y,1.0
B,G,G,G,G,Y,0
B,G,G,G,G,Y,0.0
B,G,G,G,G,Y,0.0
B,G,G,G,G,Y,0.0
B,G,G,G,G,Y,0.0
G,G,G,G,G,Y,1.0
B,G,G,G,G,G,0
G,G,G,G,G,Y,1.0
B,G,G,G,G,G,0
G,G,G,G,G,Y,1.0
B,G,G,G,G,G,0
G,G,G,G,G,Y,1.0
B,G,G,G,G,G,0
G,G,G,G,G,Y,1.0
B,G,G,G,G,G,0
G,G,G,G,G,Y,1.0
G,G,G,G,G,G,1.5
G,G,G,G,G,G,2.0
G,G,G,G,G,G,2.5
G,G,G,G,G,G,3.0
G,G,G,G,G,G,3.5
G,G,G,G,G,G,4.0
G,G,G,G,G,Y,3.5
G,G,G,G,G,G,4.0
G,G,G,G,G,G,4.5
G,G,G,G,G,Y,4.0
G,G,G,G,G,G,4.5
G,G,G,G,G,G,5.0
G,G,G,G,G,Y,4.5
G,G,G,G,G,Y,4.0
G,G,G,G,G,G,4.5
G,G,G,G,G,Y,4.0
G,G,G,G,G,G,4.5
G,G,G,G,G,Y,4.0
G,G,G,G,G,Y,3.5
G,G,G,G,G,Y,3.0
G,G,G,G,G,G,3.5
G,G,G,G,G,Y,3.0
G,G,G,G,G,Y,2.5
G,G,G,G,G,Y,2.0
G,G,G,G,G,Y,1.5
G,G,G,G,Y,Y,1.0
G,G,G,G,G,Y,0.5
G,G,G,G,G,G,2.0
G,G,G,G,G,G,2.5
G,G,G,G,G,G,3.0
G,G,G,G,G,G,3.5
G,G,G,G,G,G,4.0
G,G,G,G,G,Y,3.5
G,G,G,G,G,G,4.0
G,G,G,G,G,G,4.5
G,G,G,G,G,G,5.0
G,G,G,G,G,Y,4.5
G,G,G,G,G,G,5.0
G,G,G,G,G,G,5.5
G,G,G,G,G,G,6.0
G,G,G,G,G,G,6.5
G,G,G,G,G,G,7.0
G,G,G,G,G,G,7.5
G,G,G,G,G,G,8.0
G,G,G,G,G,G,8.5
Y,G,G,G,G,G,8.0
G,G,G,G,G,G,8.5
G,G,G,G,G,G,9.0
G,G,G,G,G,G,9.5
Y,G,G,G,G,G,9.0
Y,G,G,G,G,G,8.5
Y,Y,G,G,G,G,8.0
Y,Y,G,G,G,G,7.5
Y,Y,G,G,G,G,7.0
Y,Y,G,G,G,G,6.5
Y,G,G,G,G,G,6.0
Y,G,G,G,G,G,5.5
G,G,G,G,G,G,6.0
G,G,G,G,G,G,6.5
G,G,G,G,G,G,7.0
G,G,G,G,G,G,7.5
Y,G,G,G,G,G,7.0
G,G,G,G,G,G,7.5
Y,G,G,G,G,G,7.0
Y,G,G,G,G,G,6.5
G,G,G,G,G,G,7.0
G,G,G,G,G,G,7.5
G,G,G,G,G,G,8.0
G,G,G,G,G,G,8.5
G,G,G,G,G,G,9.0
G,G,G,G,G,G,9.5
G,G,G,G,G,G,10.0
G,G,G,G,G,G,10
G,G,G,G,G,G,10
G,G,G,G,G,G,10
G,G,G,G,G,G,10
G,G,G,G,G,G,10
G,G,G,G,G,G,10
G,G,G,G,G,G,10
G,G,G,G,G,G,10
Y,G,G,G,G,G,9.5
G,G,G,G,G,G,10.0
G,G,G,G,G,G,10
G,G,G,G,G,G,10
Y,G,G,G,G,G,9.5
G,G,G,G,G,G,10.0
Y,G,G,G,G,G,9.5
Y,G,G,G,G,G,9.0
G,G,G,G,G,G,9.5
Y,G,G,G,G,G,9.0
Y,G,G,G,G,G,8.5
Y,G,G,G,G,G,8.0
Y,G,G,G,G,G,7.5
Y,G,G,G,G,G,7.0
G,G,G,G,G,G,7.5
Y,G,G,G,G,G,7.0
Y,G,G,G,G,G,6.5
Y,G,G,G,G,G,6.0
G,G,G,G,G,G,6.5
G,G,G,G,G,G,7.0
Y,G,G,G,G,G,6.5
G,G,G,G,G,G,7.0
Y,Y,G,G,G,G,6.5
G,G,G,G,G,G,7.0
Y,G,G,G,G,G,6.5
G,G,G,G,G,G,7.0
Y,G,G,G,G,G,6.5
G,G,G,G,G,G,7.0
G,G,G,G,G,G,7.5
G,G,G,G,G,G,8.0
G,G,G,G,G,G,8.5
G,G,G,G,G,G,9.0
G,G,G,G,G,G,9.5
G,G,G,G,G,G,10.0
G,G,G,G,G,G,10
Y,G,G,G,G,G,9.5
G,G,G,G,G,G,10.0
G,G,G,G,Y,Y,9.5
G,G,G,G,G,Y,9.0
G,G,G,G,G,Y,8.5
G,G,G,G,G,Y,8.0
G,G,G,G,G,G,8.5
G,G,G,G,G,G,9.0
G,G,G,G,G,G,9.5
Y,G,G,G,G,G,9.0
G,G,G,G,G,G,9.5
G,G,G,G,G,G,10.0
G,G,G,G,G,G,10
G,G,G,G,G,Y,9.5
G,G,G,G,G,Y,9.0
G,G,G,G,Y,Y,8.5
G,G,G,G,Y,Y,8.0
G,G,G,G,Y,Y,7.5
G,G,G,G,Y,Y,7.0
G,G,G,G,G,Y,6.5
G,G,G,G,G,Y,6.0
G,G,G,G,G,Y,5.5
G,G,G,G,G,G,6.0
G,G,G,G,G,G,6.5
G,G,G,G,G,G,7.0
Y,Y,G,G,G,G,6.5
Y,Y,G,G,G,G,6.0
Y,Y,G,G,G,G,5.5
Y,Y,G,G,G,G,5.0
Y,Y,G,G,G,G,4.5
Y,G,G,G,G,G,4.0
Y,G,G,G,G,G,3.5
Y,G,G,G,G,G,3.0
Y,G,G,G,G,G,2.5
G,G,G,G,G,G,3.0
G,G,G,G,G,G,3.5
G,G,G,G,G,G,4.0
G,G,G,G,G,G,4.5
G,G,G,G,G,Y,4.0
G,G,G,G,Y,Y,3.5
G,G,G,G,Y,Y,3.0
G,G,G,G,Y,Y,2.5
G,G,G,G,G,Y,2.0
G,G,G,G,G,Y,1.5
G,G,G,G,G,Y,1.0
G,G,G,G,G,G,1.5
G,G,G,G,G,G,2.0
G,G,G,G,G,Y,1.5
G,G,G,G,G,G,2.0
G,G,G,G,G,G,2.5
G,G,G,G,G,G,3.0
Y,G,G,G,G,G,2.5
G,G,G,G,G,G,3.0
G,G,G,G,G,G,3.5
Y,G,G,G,G,G,3.0
Y,G,G,G,G,G,2.5
Y,Y,G,G,G,G,2.0
Y,G,G,G,G,G,1.5
G,G,G,G,G,G,2.0
G,G,G,G,G,G,2.5
G,G,G,G,G,G,3.0
G,G,G,G,G,G,3.5
G,G,G,G,G,G,4.0
G,G,G,G,G,G,4.5
G,G,G,G,G,G,5.0
G,G,G,G,G,G,5.5
G,G,G,G,G,G,6.0
G,G,G,G,G,G,6.5
G,G,G,G,G,G,7.0
Y,G,G,G,G,G,6.5
Y,G,G,G,G,G,6.0
G,G,G,G,G,G,6.5
Y,G,G,G,G,G,6.0
G,G,G,G,G,G,6.5
Y,G,G,G,G,G,6.0
G,G,G,G,G,G,6.5
Y,G,G,G,G,G,6.0
G,G,G,G,G,G,6.5
Y,G,G,G,G,G,6.0
Y,G,G,G,G,G,5.5
G,G,G,G,G,G,6.0
Y,G,G,G,G,G,5.5
G,G,G,G,G,G,6.0
Y,G,G,G,G,G,5.5
G,G,G,G,G,G,6.0
Y,G,G,G,G,G,5.5
Y,G,G,G,G,G,5.0
Y,Y,G,G,G,G,4.5
Y,G,G,G,G,G,4.0
G,G,G,G,G,G,4.5
Y,Y,G,G,G,G,4.0
Y,G,G,G,G,G,3.5
Y,G,G,G,G,G,3.0
Y,G,G,G,G,G,2.5
G,G,G,G,G,G,3.0
G,G,G,G,G,G,3.5
Y,G,G,G,G,G,3.0
G,G,G,G,G,G,3.5
G,G,G,G,G,G,4.0
G,G,G,G,G,G,4.5
G,G,G,G,G,G,5.0
G,G,G,G,G,G,5.5
G,G,G,G,G,G,6.0
G,G,G,G,G,G,6.5
G,G,G,G,G,G,7.0
G,G,G,G,G,G,7.5
G,G,G,G,G,G,8.0
G,G,G,G,G,G,8.5
G,G,G,G,G,Y,8.0
G,G,G,G,Y,Y,7.5
G,G,G,G,Y,Y,7.0
G,G,G,G,Y,Y,6.5
G,G,G,G,Y,Y,6.0
G,G,G,G,Y,Y,5.5
G,G,G,G,Y,Y,5.0
G,G,G,G,G,Y,4.5
G,G,G,G,G,Y,4.0
G,G,G,G,G,G,4.5
G,G,G,G,G,G,5.0
G,G,G,G,G,G,5.5
G,G,G,G,G,G,6.0
G,G,G,G,G,G,6.5
G,G,G,G,G,Y,6.0
G,G,G,G,G,Y,5.5
G,G,G,G,G,G,6.0
G,G,G,G,G,Y,5.5
G,G,G,G,G,Y,5.0
G,G,G,G,G,G,5.5
G,G,G,G,G,G,6.0
G,G,G,G,G,G,6.5
G,G,G,G,G,G,7.0
G,G,G,G,G,G,7.5
Y,G,G,G,G,G,7.0
Y,G,G,G,G,G,6.5
Y,G,G,G,G,G,6.0
G,G,G,G,G,G,6.5
Y,G,G,G,G,G,6.0
Y,G,G,G,G,G,5.5
G,G,G,G,G,G,6.0
Y,G,G,G,G,G,5.5
Y,G,G,G,G,G,5.0
G,G,G,G,G,G,5.5
G,G,G,G,G,G,6.0
G,G,G,G,G,G,6.5
G,G,G,G,G,G,7.0
Y,G,B,B,B,G,5.5
G,G,G,G,G,G,6.0
G,G,G,G,G,Y,5.5
G,G,G,G,G,G,6.0
G,G,G,G,G,G,6.5
G,G,G,G,G,Y,6.0
G,G,G,G,G,G,6.5
G,G,G,G,G,G,7.0
G,G,G,G,G,G,7.5
Y,G,G,G,G,G,7.0
G,G,G,G,G,G,7.5
G,G,G,G,G,Y,7.0
G,G,G,G,G,G,7.5
G,G,G,G,G,B,5.5
Y,G,G,G,G,G,5.0
G,G,G,G,G,G,5.5
G,G,G,G,G,G,6.0
Y,G,G,G,G,G,5.5
G,G,G,G,G,G,6.0
G,G,G,G,G,G,6.5
G,G,G,G,G,G,7.0
Y,G,G,G,G,G,6.5
Y,G,G,G,G,G,6.0
Y,G,G,G,G,G,5.5
G,G,G,G,G,G,6.0
Y,G,G,G,G,G,5.5
Y,G,G,G,G,G,5.0
Y,G,G,G,G,G,4.5
G,G,G,G,G,G,5.0
G,G,G,G,G,G,5.5
G,G,G,G,G,G,6.0
Y,G,G,G,G,G,5.5
G,G,G,G,G,G,6.0
G,G,G,G,G,G,6.5
Y,G,G,G,G,G,6.0
G,G,G,G,G,G,6.5
Y,G,G,G,G,G,6.0
G,G,G,G,G,G,6.5
Y,G,G,G,G,G,6.0
G,G,G,G,G,G,6.5
Y,G,G,G,G,G,6.0
G,G,G,G,G,G,6.5
Y,Y,G,G,G,G,6.0
G,G,G,G,G,G,6.5
Y,Y,G,G,G,G,6.0
G,G,G,G,G,G,6.5
Y,G,G,G,G,G,6.0
G,G,G,G,G,G,6.5
Y,G,O,G,G,G,5.0
O,O,O,G,G,G,3.5
G,G,G,G,G,Y,3.0
G,G,G,G,G,G,3.5
G,G,G,G,G,G,4.0
G,G,G,G,G,G,4.5
G,G,G,G,G,G,5.0
G,G,G,G,G,G,5.5
G,G,G,G,G,G,6.0
G,G,G,G,G,G,6.5
G,G,G,G,G,G,7.0
G,G,G,G,G,G,7.5
G,G,G,G,G,G,8.0
G,O,G,G,G,G,6.5
O,G,G,G,G,Y,5.0
G,G,G,G,Y,Y,4.5
G,G,G,G,Y,Y,4.0
G,G,G,G,G,Y,3.5
O,G,G,G,G,Y,2.0
G,G,G,G,G,G,2.5
G,G,G,G,G,G,3.0
G,G,G,G,G,G,3.5
G,G,G,G,G,G,4.0
G,G,G,G,G,G,4.5
G,G,G,G,G,Y,4.0
G,G,G,G,G,G,4.5
Y,G,G,G,G,G,4.0
G,G,G,G,G,G,4.5
G,G,G,G,G,G,5.0
G,G,G,G,G,G,5.5
G,G,G,G,G,G,6.0
G,G,G,G,G,G,6.5
G,G,G,G,G,G,7.0
G,G,G,G,G,Y,6.5
G,G,G,G,G,Y,6.0
G,G,G,G,G,G,6.5
G,G,G,G,Y,Y,6.0
G,G,G,G,Y,Y,5.5
G,B,G,G,Y,Y,4.0
B,B,B,Y,Y,Y,2.5
B,B,Y,Y,Y,Y,1.0
B,B,Y,Y,Y,Y,0
B,B,Y,Y,Y,Y,0.0
B,B,Y,Y,Y,Y,0.0
B,B,Y,Y,Y,Y,0.0
B,B,Y,Y,Y,Y,0.0
B,B,Y,Y,Y,Y,0.0
B,B,Y,Y,Y,Y,0.0
B,Y,Y,Y,Y,Y,-1.0
Y,Y,Y,Y,R,R,3.0
Y,Y,Y,Y,Y,R,4.5
Y,Y,Y,Y,Y,Y,3.0
Y,Y,Y,Y,Y,Y,1.5
Y,G,G,G,Y,Y,2.0
G,G,G,G,Y,Y,1.5
Y,G,G,G,G,Y,2.0
G,G,G,G,Y,Y,1.5
G,G,G,G,G,Y,1.0
Y,G,G,G,G,Y,1.5
G,G,G,G,G,Y,1.0
Y,G,G,G,G,G,0.5
G,G,G,G,G,Y,1.0
G,G,G,G,G,G,1.5
G,G,G,G,G,G,2.0
G,G,G,G,G,G,2.5
G,G,G,G,G,G,3.0
G,G,G,G,G,G,3.5
G,G,G,G,G,G,4.0
G,G,G,G,G,G,4.5
G,G,G,G,G,G,5.0
G,G,G,G,G,G,5.5
G,G,Y,Y,G,G,6.0
G,Y,Y,Y,Y,G,5.5
Y,Y,Y,Y,Y,G,4.0
Y,R,R,Y,Y,G,5.5
R,R,R,Y,Y,Y,6.0
R,R,R,R,Y,Y,7.5
R,R,R,R,Y,Y,9.0
R,R,R,R,R,Y,2
R,R,R,R,R,R,2
R,R,R,R,R,R,2
R,R,R,R,R,R,2
R,R,R,R,R,R,2
R,R,R,R,R,R,2
R,R,R,R,R,R,2
R,R,R,R,R,R,2
R,R,R,R,R,R,2
R,R,R,R,R,R,2
R,R,R,R,R,R,2
R,R,R,R,R,R,2
R,R,R,R,R,R,2
R,R,R,R,R,R,2
R,R,R,R,R,R,2
R,R,R,R,R,R,2
R,R,R,R,R,R,2
R,R,R,R,R,R,2
R,R,R,R,R,R,2
R,R,R,R,R,R,2
R,R,R,R,R,R,2
R,R,R,R,R,R,2
R,R,R,R,R,R,2
R,R,R,R,R,R,2
R,R,R,R,R,R,2
R,R,R,R,R,R,2
R,R,R,R,R,R,2
R,R,R,R,R,R,2
R,R,R,R,R,R,2
R,R,R,R,R,R,2
R,R,R,R,R,R,2
R,R,R,R,R,R,2
R,R,R,R,R,R,2
R,R,R,R,R,R,2
R,R,R,R,R,R,2
R,R,R,R,R,R,2
R,R,R,R,R,R,2
R,R,R,R,R,R,2
R,R,R,R,R,R,2
R,R,R,R,R,R,2
R,R,R,R,R,R,2
R,R,R,R,R,R,2
R,R,R,R,R,R,2
R,R,R,R,R,R,2
R,R,R,R,R,R,2
R,R,R,R,R,R,2
R,R,R,R,R,R,2
R,R,R,R,R,R,2
R,R,R,R,R,R,2
R,R,R,R,R,R,2
R,R,R,R,R,R,2
R,R,R,R,R,R,2
R,R,R,R,R,R,2
R,R,R,R,R,R,2
R,R,R,R,R,R,2
R,R,R,R,R,R,2
R,R,R,R,R,R,2
R,R,R,R,R,R,2
R,R,R,R,R,R,2
R,R,R,R,R,R,2
R,R,R,R,R,R,2
R,R,R,R,R,R,2
R,R,R,R,R,R,2
R,R,R,R,R,R,2
R,R,R,R,R,R,2
R,R,R,R,R,R,2
R,R,R,R,R,R,2
R,R,R,R,R,R,2
R,R,R,R,R,R,2
R,R,R,R,R,R,2
R,R,R,R,R,R,2
R,R,R,R,R,R,2
R,R,R,R,R,R,2
R,R,R,R,R,R,2
R,R,R,R,R,R,2
R,R,R,R,R,R,2
R,R,R,R,R,R,2
R,R,R,R,R,R,2
R,R,R,R,R,R,2
R,R,R,R,R,R,2
R,R,R,R,R,R,2
R,R,R,R,R,R,2
R,R,R,R,R,R,2
R,R,R,R,R,R,2
R,R,R,R,R,R,2
R,R,R,R,R,R,2
R,R,R,R,R,R,2
R,R,R,R,R,R,2
R,R,R,R,R,R,2
R,R,R,R,R,R,2
R,R,R,R,R,R,2
R,R,R,R,R,R,2
R,R,R,R,R,R,2
R,R,R,R,R,R,2
R,R,R,R,R,R,2
R,Y,Y,Y,R,R,2
R,Y,Y,Y,R,R,2
Y,Y,Y,Y,R,R,2
Y,Y,Y,Y,Y,R,2
Y,Y,Y,Y,Y,Y,1.93
Y,Y,Y,Y,Y,Y,1.85
Y,G,G,Y,Y,Y,2.83
G,G,G,G,Y,Y,2.33
G,G,G,G,Y,Y,1.83
Y,G,G,G,G,Y,2.33
G,G,G,G,G,Y,1.83
G,G,G,G,G,Y,1.33
Y,G,G,G,G,G,0.83
G,G,G,G,G,Y,0.33
Y,Y,G,G,G,G,1.0
G,G,G,G,G,Y,0.5
Y,G,G,G,G,G,1.0
G,G,G,G,G,G,1.5
G,G,G,G,G,G,2.0
G,G,G,G,G,G,2.5
G,G,G,G,G,G,3.0
G,G,G,G,G,G,3.5
G,G,G,G,G,G,4.0
G,G,G,G,G,G,4.5
G,G,G,G,G,G,5.0
G,G,G,G,G,G,5.5
G,Y,Y,Y,G,G,5.0
Y,Y,Y,Y,G,G,4.5
Y,Y,Y,G,G,G,4.0
Y,Y,Y,G,G,G,3.5
Y,Y,G,G,G,G,3.0
Y,Y,G,G,G,G,2.5
Y,G,G,G,G,G,2.0
Y,G,G,G,G,G,1.5
G,G,G,G,G,G,2.0
G,G,G,G,G,G,2.5
G,G,G,G,G,G,3.0
G,G,G,G,G,G,3.5
G,G,G,G,G,G,4.0
G,G,G,G,G,G,4.5
G,G,G,G,G,G,5.0
G,G,G,G,G,G,5.5
G,G,Y,Y,Y,Y,5.0
G,G,Y,Y,Y,Y,4.5
G,G,Y,Y,Y,Y,4.0
G,Y,Y,Y,Y,Y,2.5
G,Y,Y,Y,Y,Y,1.0
G,Y,Y,Y,Y,Y,-0.5
Y,Y,Y,Y,Y,Y,0.0
Y,Y,Y,Y,Y,Y,0.0
Y,Y,Y,Y,Y,Y,0.0
Y,Y,Y,Y,Y,Y,0.0
Y,Y,Y,Y,Y,Y,0.0
Y,Y,Y,Y,Y,G,0.0
Y,Y,Y,Y,G,G,1.0
Y,Y,Y,Y,G,G,0.5
Y,Y,Y,G,G,G,1.0
Y,Y,Y,G,G,G,0.5
Y,Y,G,G,G,G,1.0
Y,Y,G,G,G,G,0.5
Y,Y,G,G,G,G,1.0
Y,G,G,G,G,G,0.5
Y,G,G,G,G,G,1.0
Y,G,G,G,G,G,0.5
Y,G,G,G,G,G,1.0
G,G,G,G,G,G,1.5
G,G,G,G,G,G,2.0
Y,G,G,G,G,G,1.5
G,G,G,G,G,G,2.0
G,G,G,G,G,G,2.5
G,G,G,G,G,G,3.0
G,G,G,G,G,G,3.5
G,G,G,G,G,G,4.0
G,G,G,G,G,Y,3.5
G,G,G,G,G,Y,3.0
G,G,G,G,G,Y,2.5
G,G,G,G,G,G,3.0
G,G,G,G,G,G,3.5
G,G,G,G,G,G,4.0
Y,G,G,G,G,G,3.5
Y,G,G,G,G,G,3.0
Y,G,G,G,G,G,2.5
Y,G,G,G,G,G,2.0
G,G,G,G,G,G,2.5
G,G,G,G,G,G,3.0
Y,G,G,G,G,G,2.5
G,G,G,G,G,G,3.0
G,G,G,G,G,G,3.5
G,G,G,G,G,G,4.0
G,G,G,G,G,G,4.5
Y,G,G,G,G,G,4.0
G,G,G,G,G,G,4.5
G,G,G,G,G,G,5.0
G,G,G,G,G,G,5.5
Y,G,G,G,G,G,5.0
G,G,G,G,G,G,5.5
G,G,G,G,G,G,6.0
G,G,G,G,G,G,6.5
Y,G,G,G,G,G,6.0
G,G,G,G,G,Y,5.5
G,G,G,G,G,G,6.0
G,G,G,G,G,G,6.5
G,G,G,G,G,G,7.0
G,G,G,G,G,G,7.5
G,G,G,G,G,G,8.0
G,G,G,G,G,G,8.5
G,G,G,G,G,Y,8.0
G,G,G,G,G,G,8.5
G,G,G,G,G,Y,8.0
G,G,G,G,G,G,8.5
G,G,G,G,G,G,9.0
G,G,G,G,G,G,9.5
G,G,G,G,G,G,10.0
G,G,G,G,G,G,10
G,G,G,G,G,G,10
G,G,G,G,G,Y,9.5
G,G,G,G,G,Y,9.0
G,G,G,G,G,Y,8.5
G,G,G,G,G,Y,8.0
G,G,G,G,G,Y,7.5
G,G,G,G,G,G,8.0
G,G,G,G,G,G,8.5
G,G,G,G,G,Y,8.0
G,G,G,G,G,G,8.5
G,G,G,G,G,G,9.0
G,G,G,G,G,G,9.5
Y,G,G,G,G,G,9.0
G,G,G,G,G,Y,8.5
G,G,G,G,G,G,9.0
G,G,G,G,G,G,9.5
Y,G,G,G,G,G,9.0
Y,G,G,G,G,G,8.5
Y,G,G,G,G,G,8.0
G,G,G,G,G,G,8.5
O,G,G,G,G,G,7.0
G,G,G,G,G,G,7.5
G,G,G,G,G,Y,7.0
G,G,G,G,G,Y,6.5
G,G,G,G,G,Y,6.0
G,G,G,G,G,Y,5.5
G,G,G,G,G,G,6.0
G,G,G,G,G,G,6.5
G,G,G,G,G,G,7.0
Y,G,G,G,G,G,6.5
Y,Y,G,G,G,G,6.0
Y,Y,G,G,G,G,5.5
Y,Y,G,G,G,G,5.0
Y,Y,G,G,G,G,4.5
Y,G,G,G,G,G,4.0
Y,G,G,G,G,G,3.5
G,G,G,G,G,G,4.0
G,G,G,G,G,G,4.5
G,G,G,G,G,G,5.0
Y,G,G,G,G,G,4.5
G,G,G,G,G,G,5.0
G,G,G,G,G,Y,4.5
G,G,G,G,G,G,5.0
Y,G,G,G,G,G,4.5
G,G,G,G,G,G,5.0
Y,G,G,G,G,G,4.5
G,G,G,G,G,G,5.0
Y,G,G,G,G,G,4.5
G,G,G,G,G,G,5.0
Y,G,G,G,G,G,4.5
Y,G,G,G,G,G,4.0
Y,Y,G,G,G,G,3.5
G,G,G,G,G,G,4.0
Y,G,G,G,G,G,3.5
Y,G,G,G,G,G,3.0
Y,G,G,G,G,G,2.5
G,G,G,G,G,G,3.0
G,G,G,G,G,G,3.5
Y,G,G,G,G,G,3.0
Y,G,G,G,G,G,2.5
Y,G,G,G,G,G,2.0
G,G,G,G,G,G,2.5
G,G,G,G,G,G,3.0
G,G,G,G,G,G,3.5
G,G,G,G,G,G,4.0
Y,G,G,G,G,G,3.5
Y,G,G,G,G,G,3.0
G,G,G,G,G,G,3.5
G,G,G,G,G,G,4.0
G,G,G,G,G,G,4.5
G,G,G,G,G,G,5.0
G,G,G,G,G,G,5.5
G,G,G,G,G,G,6.0
G,G,G,G,G,Y,5.5
G,G,G,G,G,Y,5.0
G,G,G,G,G,G,5.5
G,G,G,G,G,G,6.0
G,G,G,G,G,G,6.5
G,G,G,G,G,Y,6.0
G,G,G,G,G,Y,5.5
G,G,G,G,G,Y,5.0
G,G,G,G,G,Y,4.5
G,G,G,G,G,Y,4.0
G,G,G,G,G,G,4.5
G,G,G,G,G,G,5.0
G,G,G,G,G,G,5.5
G,G,G,G,G,G,6.0
G,G,G,G,G,Y,5.5
G,G,G,G,G,G,6.0
G,G,G,G,G,Y,5.5
G,G,G,G,G,Y,5.0
G,G,G,G,G,G,5.5
G,G,G,G,Y,Y,5.0
G,G,G,G,G,G,5.5
G,G,G,G,G,Y,5.0
G,G,G,G,G,G,5.5
G,G,G,G,G,Y,5.0
G,G,G,G,G,Y,4.5
G,G,G,G,G,Y,4.0
Y,G,G,G,G,G,3.5
G,G,G,G,G,Y,3.0
G,G,G,G,G,G,3.5
G,G,G,G,G,G,4.0
G,G,G,G,G,G,4.5
Y,G,G,G,G,G,4.0
G,G,G,G,G,G,4.5
G,G,G,G,G,G,5.0
Y,G,G,G,G,G,4.5
G,G,G,G,G,G,5.0
Y,G,G,G,G,G,4.5
G,G,G,G,G,G,5.0
Y,G,G,G,G,G,4.5
G,G,G,G,G,G,5.0
Y,Y,G,G,G,G,4.5
G,G,G,G,G,G,5.0
Y,G,G,G,G,G,4.5
G,G,G,G,G,G,5.0
Y,G,G,G,G,G,4.5
Y,G,G,G,G,G,4.0
G,G,G,G,G,G,4.5
G,G,G,G,G,G,5.0
G,G,G,G,G,G,5.5
G,G,G,G,G,G,6.0
G,B,B,B,G,G,4.0
G,B,G,B,G,G,2.0
G,G,G,G,Y,Y,1.5
G,G,G,G,G,G,2.0
G,G,G,G,G,Y,1.5
G,G,G,G,G,G,2.0
G,G,G,G,G,G,2.5
G,G,G,G,G,G,3.0
G,G,G,G,G,G,3.5
G,G,G,G,G,G,4.0
Y,G,G,G,G,G,3.5
G,G,G,G,G,G,4.0
G,G,G,G,G,Y,3.5
G,G,G,G,G,G,4.0
G,G,G,G,G,G,4.5
G,G,G,G,G,G,5.0
G,G,G,G,G,G,5.5
G,G,G,G,G,G,6.0
G,G,G,G,G,G,6.5
Y,G,G,G,G,Y,7.0
G,G,G,G,G,G,7.5
G,G,G,G,G,B,5.5
G,G,G,G,G,G,6.0
G,G,G,G,G,G,6.5
G,G,G,G,G,G,7.0
Y,G,G,G,G,G,6.5
G,G,G,G,G,G,7.0
G,G,G,G,G,G,7.5
Y,G,G,G,G,G,7.0
Y,G,G,G,G,G,6.5
Y,G,G,G,G,G,6.0
Y,G,G,G,G,G,5.5
Y,G,G,G,G,G,5.0
Y,G,G,G,G,G,4.5
Y,G,G,G,G,G,4.0
G,G,G,G,G,G,4.5
G,G,G,G,G,G,5.0
G,G,G,G,G,G,5.5
G,G,G,G,G,G,6.0
G,G,G,G,G,G,6.5
G,G,G,G,G,G,7.0
Y,G,G,G,G,G,6.5
Y,G,G,G,G,G,6.0
G,G,G,G,G,G,6.5
G,G,G,G,G,G,7.0
Y,G,G,G,G,G,6.5
Y,G,G,G,G,G,6.0
G,G,G,G,G,G,6.5
Y,G,G,G,G,G,6.0
G,G,G,G,G,G,6.5
Y,Y,G,G,G,G,6.0
G,G,G,G,G,G,6.5
Y,G,G,G,G,G,6.0
G,G,O,G,G,G,4.5
O,O,O,G,G,G,3.0
O,O,G,G,G,G,1.5
G,G,G,G,G,Y,1.0
G,G,G,G,G,Y,0.5
O,G,G,G,G,G,0.0
G,G,G,G,G,Y,1.0
G,G,G,G,G,Y,0.5
O,G,G,G,G,G,0.0
G,G,G,G,G,Y,1.0
G,G,G,G,G,Y,0.5
G,G,G,G,G,G,2.0
G,G,G,G,G,G,2.5
G,G,G,G,G,G,3.0
G,G,G,G,G,G,3.5
G,G,G,G,G,G,4.0
G,G,G,G,G,G,4.5
G,G,G,G,G,Y,4.0
G,G,G,G,G,Y,3.5
G,G,G,G,G,G,4.0
Y,G,G,G,G,G,3.5
G,G,G,G,G,G,4.0
G,G,G,G,G,G,4.5
G,G,G,G,G,G,5.0
G,G,G,G,G,G,5.5
G,G,G,G,G,G,6.0
Y,G,G,G,G,G,5.5
G,O,G,G,G,G,4.0
O,G,G,G,G,G,2.5
G,G,G,G,Y,Y,2.0
G,G,G,G,Y,Y,1.5
O,G,G,G,Y,Y,0.0
G,G,G,G,Y,Y,1.0
O,G,G,G,G,Y,0
O,G,G,G,G,Y,0.0
O,G,G,G,G,Y,0.0
O,G,G,G,G,Y,0.0
O,G,G,G,G,Y,0.0
O,G,G,G,G,Y,0.0
O,G,G,G,G,Y,0.0
O,G,G,G,G,Y,0.0
O,G,G,G,G,Y,0.0
O,G,G,G,G,Y,0.0
G,G,G,G,G,Y,1.0
O,G,G,G,G,Y,0
O,G,G,G,G,Y,0.0
O,G,G,G,G,Y,0.0
O,G,G,G,G,Y,0.0
O,G,G,G,G,Y,0.0
G,G,G,G,G,Y,1.0
O,G,G,G,G,G,0
G,G,G,G,Y,Y,1.0
G,G,G,G,G,Y,0.5
O,G,G,G,G,G,0.0
G,G,G,G,Y,Y,1.0
G,G,G,G,G,Y,0.5
O,G,G,G,G,G,0.0
G,G,G,G,Y,Y,1.0
G,G,G,G,G,Y,0.5
G,G,G,G,G,G,2.0
G,G,G,G,G,G,2.5
G,G,G,G,G,G,3.0
G,G,G,G,G,G,3.5
G,G,G,G,G,G,4.0
G,G,G,G,G,G,4.5
G,G,G,G,G,G,5.0
G,G,G,G,G,G,5.5
G,G,G,G,G,G,6.0
Y,G,G,G,G,G,5.5
G,G,G,G,G,G,6.0
G,G,G,G,G,Y,5.5
G,G,G,G,G,G,6.0
G,G,G,G,Y,Y,5.5
G,G,G,G,G,G,6.0
G,G,G,G,G,Y,5.5
G,G,G,G,G,Y,5.0
G,G,G,G,G,G,5.5
G,G,G,G,G,Y,5.0
G,G,G,G,G,G,5.5
G,G,G,G,G,Y,5.0
G,G,B,G,G,Y,3.5
G,B,B,B,Y,Y,2.0
G,B,B,Y,Y,Y,0.5
G,B,B,Y,Y,Y,0.0
G,B,B,Y,Y,Y,0.0
G,B,B,Y,Y,Y,0.0
G,B,B,Y,Y,Y,0.0
B,B,B,Y,Y,Y,0.0
B,B,B,Y,Y,Y,0.0
B,B,B,Y,Y,Y,0.0
B,B,Y,Y,Y,Y,0.0
B,B,Y,Y,Y,Y,0.0
B,B,Y,Y,Y,Y,0.0
B,B,Y,Y,Y,Y,0.0
B,Y,Y,Y,Y,Y,-1.0
Y,Y,Y,Y,Y,Y,0.0
Y,Y,Y,Y,R,R,3.0
Y,Y,Y,Y,Y,R,4.5
Y,Y,Y,Y,Y,Y,3.0
Y,Y,G,G,Y,Y,3.5
Y,G,G,G,G,Y,4.0
G,G,G,G,G,Y,3.5
G,G,G,G,G,Y,3.0
G,G,G,G,G,G,3.5
G,G,G,G,G,G,4.0
G,G,G,G,G,G,4.5
G,G,G,G,G,G,5.0
G,G,G,G,G,G,5.5
G,G,G,G,G,G,6.0
G,Y,Y,Y,Y,G,5.5
G,Y,Y,Y,Y,G,5.0
Y,Y,Y,Y,G,G,4.5
Y,Y,Y,Y,G,G,4.0
R,Y,Y,Y,G,G,5.5
R,R,Y,Y,G,G,7.0
R,R,Y,Y,G,G,8.5
R,R,Y,Y,G,G,10.0
R,Y,Y,G,G,G,10
R,Y,Y,G,G,G,10
Y,Y,G,G,G,G,9.5
Y,G,G,G,G,G,9.0
G,G,G,G,G,G,9.5
G,G,G,G,G,G,10.0
G,G,G,G,G,G,10
G,G,G,Y,Y,Y,9.5
G,G,G,Y,Y,Y,9.0
G,G,G,Y,Y,Y,8.5
G,G,G,Y,Y,Y,8.0
G,G,G,G,Y,Y,7.5
G,G,G,G,G,Y,7.0
G,G,G,G,G,G,7.5
G,G,G,G,G,G,8.0
G,G,G,G,G,G,8.5
Y,Y,Y,G,G,G,8.0
Y,Y,Y,Y,Y,G,6.5
Y,Y,Y,Y,Y,G,5.0
R,R,Y,Y,Y,G,6.5
R,R,R,Y,Y,Y,7.0
R,R,R,R,Y,Y,8.5
R,R,R,R,R,Y,10.0
R,R,R,R,R,R,10
R,R,R,R,R,R,2
R,R,R,R,R,R,2
R,R,R,R,R,R,2
R,R,R,R,R,R,2
R,R,R,R,R,R,2
R,R,R,R,R,R,2
R,R,R,R,R,R,2
R,R,R,R,R,R,2
R,R,R,R,R,R,2
R,R,R,R,R,R,2
R,R,R,R,R,R,2
R,R,R,R,R,R,2
R,R,R,R,R,R,2
R,R,R,R,R,R,2
R,R,R,R,R,R,2
R,R,R,R,R,R,2
R,R,R,R,R,R,2
R,R,R,R,R,R,2
R,R,R,R,R,R,2
R,R,R,R,R,R,2
R,R,R,R,R,R,2
R,R,R,R,R,R,2
R,R,R,R,R,R,2
R,R,R,R,R,R,2
R,R,R,R,R,R,2
R,R,R,R,R,R,2
R,R,R,R,R,R,2
R,R,R,R,R,R,2
R,R,R,R,R,R,2
R,R,R,R,R,R,2
R,R,R,R,R,R,2
R,R,R,R,R,R,2
R,R,R,R,R,R,2
R,R,R,R,R,R,2
R,R,R,R,R,R,2
R,R,R,R,R,R,2
R,R,R,R,R,R,2
R,R,R,R,R,R,2
R,R,R,R,R,R,2
R,R,R,R,R,R,2
R,R,R,R,R,R,2
R,R,R,R,R,R,2
R,R,R,R,R,R,2
R,R,R,R,R,R,2
R,R,R,R,R,R,2
R,R,R,R,R,R,2
R,R,R,R,R,R,2
R,R,R,R,R,R,2
R,R,R,R,R,R,2
R,R,R,R,R,R,2
R,R,R,R,R,R,2
R,R,R,R,R,R,2
R,R,R,R,R,R,2
R,R,R,R,R,R,2
R,R,R,R,R,R,2
R,R,R,R,R,R,2
R,R,R,R,R,R,2
R,R,R,R,R,R,2
R,R,R,R,R,R,2
R,R,R,R,R,R,2
R,R,R,R,R,R,2
R,R,R,R,R,R,2
R,R,R,R,R,R,2
R,R,R,R,R,R,2
R,R,R,R,R,R,2
R,R,R,R,R,R,2
R,R,R,R,R,R,2
R,R,R,R,R,R,2
R,R,R,R,R,R,2
R,R,R,R,R,R,2
R,R,R,R,R,R,2
R,R,R,R,R,R,2
R,R,R,R,R,R,2
R,R,R,R,R,R,2
R,R,R,R,R,R,2
R,R,R,R,R,R,2
R,R,R,R,R,R,2
R,R,R,R,R,R,2
R,R,R,R,R,R,2
R,R,R,R,R,R,2
R,R,R,R,R,R,2
R,R,R,R,R,R,2
R,R,R,R,R,R,2
R,R,R,R,R,R,2
R,R,R,R,R,R,2
R,R,R,R,R,R,2
R,R,R,R,R,R,2
R,R,R,R,R,R,2
R,R,R,R,R,R,2
R,R,R,R,R,R,2
R,R,R,R,R,R,2
R,R,R,R,R,R,2
R,R,R,R,R,R,2
R,R,R,R,R,R,2
R,R,R,R,R,R,2
R,R,R,R,R,R,2
R,R,R,R,R,R,2
R,R,R,R,R,R,2
R,R,R,R,R,R,2
R,R,R,R,R,R,2
R,R,R,R,R,R,2
R,R,R,R,R,R,2
R,R,R,R,R,R,2
R,R,R,R,R,R,2
R,R,R,R,R,R,2
R,R,R,R,R,R,2
R,R,R,R,R,R,2
R,R,R,R,R,R,2
R,R,R,R,R,R,2
R,R,R,R,R,R,2
R,R,R,R,R,R,2
R,R,R,R,R,R,2
R,R,R,R,R,R,2
R,R,R,R,R,R,2
R,R,R,R,R,R,2
R,R,R,R,R,R,2
R,R,R,R,R,R,2
R,R,R,R,R,R,2
R,R,R,R,R,R,2
R,R,R,R,R,R,2
R,R,R,R,R,R,2
R,R,R,R,R,R,2
R,R,R,R,R,R,2
R,R,R,R,R,R,2
R,R,R,R,R,R,2
R,R,R,R,R,R,2
R,R,R,R,R,R,2
Y,R,R,R,R,R,2
Y,Y,Y,R,R,R,2
Y,Y,Y,R,R,R,2
Y,Y,Y,Y,R,R,3.98
Y,Y,Y,Y,Y,R,5.47
G,G,G,G,Y,Y,4.97
G,G,G,G,G,Y,4.47
G,G,G,G,G,G,4.97
G,G,G,G,G,G,5.47
G,G,G,G,G,G,5.97
G,G,G,G,G,G,6.47
G,G,G,G,G,G,6.97
G,G,Y,Y,G,G,7.47
Y,Y,Y,Y,Y,Y,5.97
Y,Y,Y,Y,Y,Y,4.47
Y,Y,Y,Y,Y,Y,2.97
Y,Y,Y,Y,Y,Y,1.47
Y,Y,Y,R,Y,Y,1.97
Y,Y,Y,R,Y,Y,2.47
G,Y,Y,R,R,Y,2.97
G,Y,Y,Y,R,Y,3.47
G,Y,Y,Y,R,Y,3.97
G,Y,Y,Y,R,R,4.47
G,Y,Y,Y,R,R,4.97
G,G,Y,Y,R,R,5.47
G,G,Y,Y,R,R,5.97
G,Y,Y,Y,Y,R,6.47
G,Y,Y,Y,Y,Y,4.97
Y,Y,Y,Y,Y,Y,3.47
Y,Y,Y,G,G,Y,3.97
Y,Y,G,G,G,G,3.47
Y,G,G,G,G,G,2.97
G,G,G,G,G,Y,2.47
G,G,G,G,G,G,2.97
G,G,G,G,G,G,3.47
G,G,G,G,G,G,3.97
G,G,G,G,G,G,4.47
G,G,G,G,G,G,4.97
G,G,G,G,G,G,5.47
G,G,G,G,G,G,5.97
G,G,Y,Y,Y,G,5.47
G,G,G,Y,Y,G,4.97
G,G,G,Y,Y,Y,4.47
G,G,G,Y,Y,Y,3.97
G,G,G,G,Y,Y,3.47
G,G,G,G,G,Y,2.97
G,G,G,G,G,Y,2.47
G,G,G,G,G,G,2.97
G,G,G,G,G,G,3.47
G,G,G,G,G,G,3.97
G,G,G,G,G,G,4.47
Y,G,G,G,G,G,3.97
G,G,G,G,G,G,4.47
Y,G,G,G,G,G,3.97
Y,G,G,G,G,G,3.47
G,G,G,G,G,G,3.97
G,G,G,G,G,G,4.47
Y,G,G,G,G,G,3.97
G,G,G,G,O,O,2.47
Y,G,G,G,G,O,0.97
Y,G,G,G,G,O,0
Y,G,G,G,G,O,0.0
Y,Y,G,G,G,O,0.0
Y,Y,G,G,G,G,1.0
Y,Y,G,G,G,O,0
Y,Y,G,G,G,O,0.0
Y,Y,G,G,G,O,0.0
Y,G,G,G,G,O,0.0
Y,G,G,G,G,O,0.0
Y,G,G,G,G,O,0.0
Y,G,G,G,G,O,0.0
Y,G,G,G,G,O,0.0
Y,G,G,G,G,O,0.0
Y,G,G,G,G,O,0.0
Y,G,G,G,G,O,0.0
Y,G,G,G,G,O,0.0
Y,G,G,G,G,O,0.0
Y,G,G,G,G,O,0.0
Y,G,G,G,G,O,0.0
Y,G,G,G,G,O,0.0
Y,G,G,G,G,G,1.0
Y,G,G,G,G,O,0
Y,G,G,G,G,O,0.0
Y,G,G,G,G,G,1.0
G,G,G,G,G,O,0
Y,G,G,G,G,G,1.0
Y,G,G,G,G,G,0.5
G,G,G,G,G,G,2.0
G,G,G,G,G,G,2.5
G,G,G,G,G,G,3.0
Y,G,G,G,G,G,2.5
G,G,G,G,G,G,3.0
G,G,G,G,G,G,3.5
G,G,G,G,G,G,4.0
G,G,G,G,G,Y,3.5
G,G,G,G,G,Y,3.0
G,G,G,G,G,G,3.5
G,G,G,G,G,G,4.0
G,G,G,G,G,G,4.5
G,G,G,G,G,G,5.0
G,G,G,G,G,G,5.5
G,G,G,G,G,G,6.0
G,G,G,G,G,G,6.5
G,G,G,G,O,G,5.0
G,G,G,G,G,O,3.5
Y,Y,G,G,G,G,3.0
Y,Y,G,G,G,G,2.5
Y,G,G,G,G,G,2.0
Y,G,G,G,G,O,0.5
Y,G,G,G,G,O,0.0
Y,G,G,G,G,O,0.0
Y,G,G,G,G,O,0.0
Y,G,G,G,G,O,0.0
Y,G,G,G,G,G,1.0
G,G,G,G,G,O,0
Y,Y,G,G,G,G,1.0
Y,G,G,G,G,G,0.5
G,G,G,G,G,G,2.0
G,G,G,G,G,G,2.5
G,G,G,G,G,G,3.0
G,G,G,G,G,G,3.5
G,G,G,G,G,G,4.0
G,G,G,G,G,G,4.5
G,G,G,G,G,G,5.0
G,G,G,G,G,G,5.5
G,G,G,G,G,Y,5.0
G,G,G,G,G,Y,4.5
G,G,G,G,G,G,5.0
G,G,G,G,G,Y,4.5
G,G,G,G,G,G,5.0
G,G,G,G,G,G,5.5
G,G,G,G,G,Y,5.0
G,G,G,G,G,G,5.5
G,G,G,G,G,Y,5.0
G,G,G,G,G,Y,4.5
G,G,G,G,G,G,5.0
G,G,G,G,G,Y,4.5
G,G,G,G,G,G,5.0
G,G,G,G,G,Y,4.5
G,G,G,G,G,Y,4.0
G,G,G,G,G,G,4.5
G,G,G,G,G,Y,4.0
G,G,G,G,G,G,4.5
G,G,G,G,G,Y,4.0
G,G,G,G,G,Y,3.5
G,G,G,G,G,G,4.0
G,G,G,G,G,Y,3.5
G,G,G,G,G,G,4.0
G,G,G,G,G,Y,3.5
G,G,G,G,G,Y,3.0
G,G,G,G,G,G,3.5
G,G,G,G,G,G,4.0
G,G,G,G,G,G,4.5
G,G,G,G,G,G,5.0
G,G,G,G,G,Y,4.5
G,G,G,G,G,Y,4.0
G,G,G,G,G,G,4.5
G,G,G,G,G,G,5.0
G,G,G,G,G,G,5.5
G,G,G,G,G,G,6.0
G,G,G,G,G,Y,5.5
B,G,G,G,G,G,3.5
G,G,G,G,G,Y,3.0
G,G,G,G,G,G,3.5
G,G,G,G,G,G,4.0
G,G,G,G,G,G,4.5
G,G,G,G,G,G,5.0
Y,G,G,G,G,G,4.5
G,G,G,G,G,G,5.0
G,G,G,G,G,G,5.5
G,G,G,G,G,Y,5.0
G,G,G,G,G,G,5.5
G,G,G,G,G,G,6.0
G,G,G,G,G,G,6.5
Y,G,G,G,G,Y,7.0
G,G,B,B,G,G,5.0
G,G,G,B,G,Y,3.5
G,G,G,G,G,Y,3.0
G,G,G,G,G,G,3.5
Y,G,G,G,G,G,3.0
G,G,G,G,G,G,3.5
G,G,G,G,G,G,4.0
G,G,G,G,G,G,4.5
G,G,G,G,G,G,5.0
G,G,G,G,G,G,5.5
G,G,G,G,G,G,6.0
G,G,G,G,G,G,6.5
G,G,G,G,G,Y,6.0
G,G,G,G,G,G,6.5
Y,G,G,G,G,G,6.0
G,G,G,G,G,G,6.5
G,G,G,G,G,G,7.0
G,G,G,G,G,G,7.5
G,G,G,G,Y,Y,7.0
G,G,G,G,Y,Y,6.5
G,G,G,G,G,Y,6.0
G,G,G,G,G,Y,5.5
G,G,G,G,G,G,6.0
G,G,G,G,G,G,6.5
G,G,G,G,G,Y,6.0
G,G,G,G,G,G,6.5
G,G,G,G,G,Y,6.0
G,G,G,G,G,Y,5.5
G,G,G,G,G,G,6.0
G,G,G,G,G,Y,5.5
G,G,G,G,G,G,6.0
G,G,G,G,G,G,6.5
Y,G,G,G,G,G,6.0
G,G,G,G,G,G,6.5
Y,Y,Y,G,G,G,6.0
Y,G,G,G,G,G,5.5
Y,G,G,G,G,G,5.0
Y,G,G,G,G,G,4.5
G,G,G,G,G,G,5.0
Y,G,G,G,G,G,4.5
Y,G,G,G,G,G,4.0
G,G,G,G,G,G,4.5
Y,G,G,G,G,G,4.0
Y,G,G,G,G,G,3.5
Y,G,G,G,G,G,3.0
Y,G,G,G,G,G,2.5
Y,G,G,G,G,G,2.0
Y,G,G,G,G,G,1.5
Y,G,G,G,G,G,1.0
Y,G,G,G,G,G,0.5
G,G,G,G,G,G,2.0
G,G,G,G,G,G,2.5
G,G,G,G,G,G,3.0
G,G,G,G,G,G,3.5
G,G,G,G,G,Y,3.0
G,G,G,G,G,G,3.5
G,G,G,G,G,G,4.0
G,G,G,G,G,G,4.5
G,G,G,G,G,G,5.0
G,G,G,G,G,G,5.5
G,G,G,G,G,G,6.0
G,G,G,G,G,G,6.5
G,G,G,G,G,G,7.0
G,G,G,G,G,G,7.5
G,G,G,G,G,G,8.0
G,G,G,G,G,Y,7.5
G,G,G,G,G,Y,7.0
G,G,G,G,Y,Y,6.5
G,G,G,G,Y,Y,6.0
G,G,G,G,G,Y,5.5
G,G,G,G,G,Y,5.0
G,G,G,G,G,Y,4.5
G,G,G,G,G,G,5.0
Y,G,G,G,G,G,4.5
G,G,G,G,G,Y,4.0
G,G,G,B,G,G,2.0
G,G,B,B,B,G,0.0
G,G,B,B,B,G,0
G,B,B,B,Y,Y,0.0
G,B,B,B,G,Y,0.0
G,B,B,B,G,Y,0.0
G,B,B,B,G,Y,0.0
G,B,B,B,G,Y,0.0
G,B,B,B,G,Y,0.0
G,B,B,B,G,Y,0.0
G,B,G,G,G,Y,0.0
G,B,G,G,Y,Y,0.0
G,B,G,G,Y,Y,0.0
G,G,G,G,Y,Y,1.0
G,G,G,G,G,Y,0.5
G,G,B,G,G,G,0
G,G,G,G,G,Y,1.0
G,G,B,G,G,G,0
G,G,G,G,G,Y,1.0
G,G,G,G,G,Y,0.5
G,G,G,G,G,G,2.0
G,G,G,G,G,G,2.5
G,G,G,G,G,Y,2.0
G,G,G,G,G,G,2.5
G,G,G,G,G,G,3.0
G,G,G,G,G,G,3.5
G,G,G,G,G,G,4.0
G,G,G,G,G,G,4.5
G,G,G,G,G,G,5.0
G,G,G,G,G,Y,4.5
G,G,G,G,G,G,5.0
G,G,G,G,G,Y,4.5
G,G,G,G,G,Y,4.0
G,G,G,G,G,Y,3.5
G,G,G,G,G,Y,3.0
G,G,G,G,G,G,3.5
G,G,G,G,G,Y,3.0
G,G,G,G,G,Y,2.5
G,G,G,G,G,G,3.0
G,G,G,G,G,Y,2.5
G,G,G,G,G,G,3.0
G,G,G,G,G,G,3.5
G,G,G,G,G,G,4.0
G,G,G,G,O,O,2.5
G,G,G,G,G,O,1.0
G,G,G,G,G,G,1.5
G,G,G,G,G,G,2.0
G,G,G,G,G,G,2.5
G,G,G,G,G,G,3.0
Y,G,G,G,G,G,2.5
Y,G,G,G,G,G,2.0
Y,G,G,G,G,G,1.5
Y,G,G,G,G,G,1.0
G,G,G,G,G,G,1.5
G,G,G,G,G,G,2.0
G,G,G,G,G,G,2.5
G,G,G,G,G,G,3.0
G,G,G,G,G,G,3.5
G,G,G,G,G,G,4.0
G,G,G,G,G,G,4.5
G,G,G,G,G,G,5.0
G,G,G,G,G,G,5.5
G,G,G,G,G,Y,5.0
G,G,G,G,G,G,5.5
G,G,G,G,G,Y,5.0
G,G,G,G,G,G,5.5
G,G,G,G,G,G,6.0
G,G,G,G,G,G,6.5
G,G,G,G,G,G,7.0
G,G,G,G,G,G,7.5
G,G,G,G,G,Y,7.0
G,G,G,G,G,G,7.5
G,G,G,G,G,G,8.0
G,G,G,G,G,Y,7.5
G,G,G,G,G,G,8.0
Y,G,G,G,G,G,7.5
Y,G,G,G,G,G,7.0
Y,Y,G,G,G,G,6.5
Y,Y,G,G,G,G,6.0
Y,Y,G,G,G,G,5.5
Y,G,G,G,G,G,5.0
Y,G,G,G,G,G,4.5
Y,G,G,G,G,G,4.0
G,G,G,G,G,G,4.5
G,G,G,G,G,G,5.0
G,G,G,G,G,G,5.5
G,G,G,G,G,Y,5.0
G,G,G,G,G,G,5.5
G,G,G,G,G,G,6.0
G,G,G,G,G,G,6.5
G,G,G,G,G,G,7.0
G,G,G,G,G,G,7.5
G,G,G,G,G,G,8.0
G,G,G,G,G,G,8.5
G,G,G,G,G,Y,8.0
G,G,G,G,G,G,8.5
Y,Y,G,G,G,G,8.0
Y,G,G,G,G,G,7.5
G,G,G,G,G,G,8.0
G,G,G,G,G,G,8.5
Y,G,G,G,G,G,8.0
G,G,G,G,G,G,8.5
G,G,G,G,G,G,9.0
G,G,G,G,G,G,9.5
G,G,G,G,G,G,10.0
G,G,G,G,G,G,10
G,G,G,G,G,G,10
G,G,G,G,G,G,10
G,G,G,G,G,G,10
G,G,G,G,G,G,10
G,G,G,G,Y,Y,9.5
G,G,G,G,Y,Y,9.0
G,G,G,Y,Y,Y,8.5
G,G,G,Y,Y,Y,8.0
G,G,G,Y,Y,Y,7.5
G,G,G,Y,Y,Y,7.0
G,G,G,Y,Y,Y,6.5
G,G,G,Y,Y,Y,6.0
G,G,G,Y,Y,Y,5.5
G,G,G,Y,Y,Y,5.0
G,G,G,G,Y,Y,4.5
G,G,G,G,Y,Y,4.0
G,G,G,G,G,Y,3.5
G,G,G,G,G,G,4.0
G,G,G,G,G,G,4.5
G,G,G,G,G,G,5.0
G,G,G,G,G,G,5.5
Y,G,G,G,G,G,5.0
Y,G,G,G,G,G,4.5
G,G,G,G,G,G,5.0
G,G,G,G,G,G,5.5
G,G,G,G,G,G,6.0
G,G,G,G,G,G,6.5
G,G,G,G,G,G,7.0
G,G,G,G,G,Y,6.5
G,G,G,G,G,Y,6.0
G,G,G,G,G,G,6.5
G,G,G,G,G,G,7.0
G,G,G,G,G,Y,6.5
G,G,G,G,G,G,7.0
G,G,G,G,G,G,7.5
G,G,G,G,G,Y,7.0
G,G,G,G,G,G,7.5
G,G,G,G,G,G,8.0
G,G,G,G,G,Y,7.5
G,G,G,G,G,G,8.0
G,G,G,G,G,G,8.5
G,G,G,G,G,G,9.0
G,G,G,G,G,G,9.5
G,G,G,G,G,Y,9.0
Y,G,G,G,G,G,8.5
G,G,G,G,G,G,9.0
G,G,G,G,G,G,9.5
G,G,G,G,G,G,10.0
G,G,G,G,G,G,10
G,G,G,G,G,G,10
G,G,G,G,G,G,10
G,G,G,G,G,G,10
G,G,G,G,G,G,10
G,G,G,G,G,G,10
G,G,G,G,G,G,10
G,G,G,G,G,G,10
G,G,G,G,G,Y,9.5
G,G,G,G,G,Y,9.0
G,G,G,G,G,Y,8.5
G,G,G,Y,Y,Y,8.0
G,G,G,G,Y,Y,7.5
G,G,G,G,Y,Y,7.0
G,G,G,G,Y,Y,6.5
G,G,G,G,Y,Y,6.0
G,G,G,G,Y,Y,5.5
G,G,G,G,Y,Y,5.0
G,G,G,G,Y,Y,4.5
G,G,G,G,Y,Y,4.0
G,G,G,G,G,Y,3.5
G,G,G,G,G,Y,3.0
G,G,G,G,G,G,3.5
G,G,G,G,G,G,4.0
G,G,G,G,G,G,4.5
G,G,G,G,G,G,5.0
G,G,G,G,G,G,5.5
Y,G,G,G,G,G,5.0
Y,G,G,G,G,G,4.5
Y,G,G,G,G,G,4.0
G,G,G,G,G,G,4.5
G,G,G,G,G,G,5.0
G,G,G,G,G,G,5.5
Y,G,G,G,G,G,5.0
G,G,G,G,G,G,5.5
G,G,G,G,G,G,6.0
G,G,G,G,G,Y,5.5
G,G,G,G,G,Y,5.0
G,G,G,G,G,G,5.5
G,G,G,G,G,G,6.0
G,G,G,G,G,B,4.0
G,G,G,G,G,G,4.5
Y,G,G,G,G,G,4.0
G,G,G,G,G,G,4.5
Y,G,G,G,G,G,4.0
G,G,G,G,G,G,4.5
Y,G,G,G,G,G,4.0
Y,G,G,G,G,G,3.5
G,G,G,G,G,G,4.0
Y,G,G,G,G,G,3.5
G,G,G,G,G,G,4.0
Y,G,G,G,G,G,3.5
G,G,G,G,G,G,4.0
Y,G,G,G,G,G,3.5
G,G,G,G,G,G,4.0
Y,G,G,G,G,G,3.5
G,G,G,G,G,G,4.0
G,G,G,G,G,G,4.5
Y,Y,G,G,G,G,4.0
G,G,G,G,G,G,4.5
Y,G,G,G,G,G,4.0
G,G,G,G,G,G,4.5
G,G,G,G,G,G,5.0
Y,G,G,G,G,G,4.5
G,G,G,G,G,G,5.0
Y,G,G,G,G,G,4.5
G,G,G,G,G,G,5.0
Y,G,G,G,G,G,4.5
G,G,G,G,G,G,5.0
Y,G,G,G,G,G,4.5
G,G,G,G,G,G,5.0
Y,G,G,G,G,G,4.5
Y,G,G,G,G,G,4.0
G,G,G,G,G,G,4.5
Y,Y,G,G,G,G,4.0
G,G,G,G,G,G,4.5
Y,G,G,G,G,G,4.0
G,G,G,G,G,G,4.5
G,G,G,G,G,G,5.0
G,G,G,G,O,O,3.5
Y,G,G,G,G,O,2.0
Y,Y,G,G,G,O,0.5
Y,Y,G,G,G,G,1.0
Y,G,G,G,G,O,0
Y,G,G,G,G,O,0.0
Y,G,G,G,G,O,0.0
Y,G,G,G,G,O,0.0
Y,G,G,G,G,O,0.0
Y,G,G,G,G,O,0.0
Y,G,G,G,G,O,0.0
Y,G,G,G,G,O,0.0
Y,G,G,G,G,O,0.0
Y,G,G,G,G,O,0.0
Y,G,G,G,G,O,0.0
Y,G,G,G,G,O,0.0
Y,G,G,G,G,G,1.0
Y,G,G,G,G,O,0
Y,G,G,G,G,G,1.0
G,G,G,G,G,O,0
Y,G,G,G,G,G,1.0
Y,G,G,G,G,G,0.5
G,G,G,G,G,G,2.0
G,G,G,G,G,G,2.5
G,G,G,G,G,G,3.0
G,G,G,G,G,G,3.5
G,G,G,G,G,G,4.0
G,G,G,G,G,G,4.5
G,G,G,G,G,G,5.0
G,G,G,G,G,G,5.5
G,G,G,G,G,Y,5.0
G,G,G,G,G,G,5.5
G,G,G,G,G,G,6.0
G,G,G,G,G,G,6.5
G,G,G,G,G,G,7.0
G,G,G,G,O,G,5.5
G,G,G,G,G,O,4.0
Y,Y,G,G,G,G,3.5
Y,Y,Y,G,G,G,3.0
Y,G,G,G,G,G,2.5
Y,G,G,G,G,O,1.0
Y,G,G,G,G,G,0.5
G,G,G,G,G,O,0.0
Y,Y,G,G,G,G,1.0
Y,Y,G,G,G,G,0.5
G,G,G,G,G,G,2.0
G,G,G,G,G,G,2.5
G,G,G,G,G,G,3.0
G,G,G,G,G,G,3.5
G,G,G,G,G,G,4.0
G,G,G,G,G,G,4.5
G,G,G,G,G,G,5.0
G,G,G,G,G,G,5.5
G,G,G,G,G,Y,5.0
G,G,G,G,G,Y,4.5
G,G,G,G,G,G,5.0
G,G,G,G,G,Y,4.5
G,G,G,G,G,G,5.0
G,G,G,G,G,G,5.5
G,G,G,G,G,Y,5.0
G,G,G,G,G,Y,4.5
G,G,G,G,G,G,5.0
G,G,G,G,G,G,5.5
G,G,G,G,G,Y,5.0
G,G,G,G,G,Y,4.5
G,G,G,G,G,G,5.0
G,G,G,G,G,Y,4.5
G,G,G,G,Y,Y,4.0
G,G,G,G,G,Y,3.5
G,G,G,G,G,G,4.0
G,G,G,G,G,G,4.5
G,G,G,G,G,Y,4.0
G,G,G,G,G,G,4.5
G,G,G,G,G,Y,4.0
G,G,G,G,G,Y,3.5
G,G,G,G,G,Y,3.0
G,G,G,G,G,G,3.5
G,G,G,G,G,Y,3.0
G,G,G,G,G,G,3.5
G,G,G,G,G,G,4.0
G,G,G,G,G,G,4.5
G,G,G,G,G,G,5.0
G,G,G,G,G,Y,4.5
G,G,G,G,G,G,5.0
G,G,G,G,G,Y,4.5
G,G,G,G,G,G,5.0
G,G,G,G,G,G,5.5
G,G,G,G,G,G,6.0
G,G,G,G,G,Y,5.5
G,G,G,G,G,G,6.0
G,G,G,G,G,G,6.5
G,G,G,G,G,G,7.0
G,G,G,G,G,Y,6.5
G,G,G,G,G,G,7.0
Y,G,G,G,G,G,6.5
G,G,G,G,G,G,7.0
Y,G,G,G,G,G,6.5
G,G,G,G,G,G,7.0
G,G,G,G,G,G,7.5
G,G,G,G,G,G,8.0
G,G,B,B,G,G,6.0
G,G,G,G,G,Y,5.5
G,G,G,G,G,Y,5.0
G,G,G,G,G,Y,4.5
G,G,G,G,G,G,5.0
G,G,G,G,G,G,5.5
G,G,G,G,G,G,6.0
Y,G,G,G,G,G,5.5
G,G,G,G,G,G,6.0
G,G,G,G,G,G,6.5
G,G,G,G,G,G,7.0
G,G,G,G,G,G,7.5
G,G,G,G,G,G,8.0
G,G,G,G,G,G,8.5
G,G,G,G,G,G,9.0
G,G,G,G,Y,Y,8.5
G,G,G,G,Y,Y,8.0
G,G,G,G,G,Y,7.5
G,G,G,G,G,Y,7.0
G,G,G,G,G,Y,6.5
G,G,G,G,G,G,7.0
G,G,G,G,G,G,7.5
G,G,G,G,G,Y,7.0
G,G,G,G,G,Y,6.5
G,G,G,G,G,Y,6.0
G,G,G,G,G,G,6.5
G,G,G,G,G,G,7.0
Y,Y,G,G,G,G,6.5
G,G,G,G,G,G,7.0
Y,G,G,G,G,G,6.5
Y,G,G,G,G,G,6.0
Y,G,G,G,G,G,5.5
G,G,G,G,G,G,6.0
Y,G,G,G,G,G,5.5
Y,G,G,G,G,G,5.0
Y,G,G,G,G,G,4.5
Y,G,G,G,G,G,4.0
Y,G,G,G,G,G,3.5
G,G,G,G,G,G,4.0
Y,G,G,G,G,G,3.5
Y,G,G,G,G,G,3.0
Y,G,G,G,G,G,2.5
Y,G,G,G,G,G,2.0
Y,G,G,G,G,G,1.5
Y,G,G,G,G,G,1.0
G,G,G,G,G,G,1.5
G,G,G,G,G,G,2.0
G,G,G,G,G,G,2.5
G,G,G,G,G,G,3.0
G,G,G,G,G,G,3.5
G,G,G,G,G,G,4.0
G,G,G,G,G,G,4.5
G,G,G,G,G,G,5.0
G,G,G,G,G,G,5.5
G,G,G,G,G,G,6.0
G,G,G,G,G,Y,5.5
G,G,G,G,G,G,6.0
G,G,G,G,G,G,6.5
G,G,G,G,G,Y,6.0
G,G,G,G,G,G,6.5
G,G,G,G,G,Y,6.0
G,G,G,G,G,Y,5.5
G,G,G,G,G,Y,5.0
G,G,G,G,G,G,5.5
G,G,G,G,G,G,6.0
G,G,G,G,G,G,6.5
G,G,G,G,G,Y,6.0
G,G,G,G,G,Y,5.5
G,G,G,G,G,G,6.0
G,B,B,B,G,G,4.0
B,G,G,Y,Y,Y,2.5
G,G,G,Y,Y,Y,2.0
B,G,G,Y,Y,Y,0.5
G,G,G,Y,Y,Y,1.0
G,G,G,G,Y,Y,0.5
G,G,G,G,Y,Y,1.0
G,G,B,G,G,Y,0
G,G,B,G,G,Y,0.0
G,G,G,G,G,Y,1.0
G,G,G,G,G,G,1.5
G,G,G,G,G,G,2.0
G,G,G,G,G,G,2.5
G,G,G,G,G,G,3.0
G,G,G,G,G,G,3.5
G,G,G,G,G,G,4.0
G,G,G,G,G,G,4.5
G,G,G,G,G,Y,4.0
G,G,G,G,G,G,4.5
G,G,G,G,G,Y,4.0
G,G,G,G,G,G,4.5
G,G,G,G,G,Y,4.0
G,G,G,G,G,G,4.5
G,G,G,G,G,Y,4.0
G,G,G,G,G,Y,3.5
G,G,G,G,G,Y,3.0
G,G,G,G,G,G,3.5
G,G,G,G,G,Y,3.0
G,G,G,G,G,Y,2.5
G,G,G,G,G,G,3.0
G,G,G,G,G,G,3.5
G,G,G,G,G,G,4.0
G,G,G,G,G,G,4.5
G,G,G,G,O,O,3.0
G,G,G,G,G,G,3.5
G,G,G,G,G,G,4.0
G,G,G,G,G,G,4.5
G,G,G,G,G,G,5.0
G,G,G,G,G,G,5.5
G,G,G,G,G,G,6.0
Y,G,G,G,G,G,5.5
G,G,G,G,G,G,6.0
G,G,G,G,G,G,6.5
G,G,G,G,G,G,7.0
G,G,G,G,G,G,7.5
G,G,G,G,G,G,8.0
G,G,G,G,G,G,8.5
G,G,G,G,G,Y,8.0
G,G,G,G,G,Y,7.5
G,G,G,G,G,G,8.0
G,G,G,G,G,G,8.5
G,G,G,G,G,G,9.0
G,G,G,G,G,G,9.5
Y,G,G,G,G,G,9.0
Y,Y,G,G,G,G,8.5
Y,Y,G,G,G,G,8.0
Y,Y,Y,G,G,G,7.5
Y,Y,G,G,G,G,7.0
Y,Y,G,G,G,G,6.5
Y,Y,G,G,G,G,6.0
G,G,G,G,G,G,6.5
G,G,G,G,G,G,7.0
Y,G,G,G,G,G,6.5
G,G,G,G,G,G,7.0
G,G,G,G,Y,Y,6.5
G,G,G,G,G,G,7.0
G,G,G,G,G,Y,6.5
G,G,G,G,G,G,7.0
G,G,G,G,G,G,7.5
G,G,G,G,G,G,8.0
G,G,G,G,G,G,8.5
G,G,G,G,G,G,9.0
G,G,G,G,G,G,9.5
G,G,G,G,G,G,10.0
Y,G,G,G,G,G,9.5
Y,G,G,G,G,G,9.0
G,G,G,G,G,G,9.5
G,G,G,G,G,G,10.0
Y,G,G,G,G,G,9.5
G,G,G,G,G,Y,9.0
G,G,G,G,G,G,9.5
G,G,G,G,G,G,10.0
G,G,G,G,G,G,10
G,G,G,G,G,G,10
G,G,G,G,G,O,8.5
G,G,G,G,G,Y,8.0
G,G,G,G,G,Y,7.5
G,G,G,G,Y,Y,7.0
G,G,G,G,Y,Y,6.5
G,G,G,G,Y,Y,6.0
G,G,G,G,Y,Y,5.5
G,G,G,G,Y,Y,5.0
G,G,G,G,G,Y,4.5
G,G,G,G,G,Y,4.0
G,G,G,G,G,G,4.5
G,G,G,G,G,G,5.0
G,G,G,G,G,G,5.5
G,G,G,G,G,G,6.0
G,G,G,G,G,G,6.5
G,G,G,G,G,G,7.0
Y,G,G,G,G,G,6.5
G,G,G,G,G,G,7.0
G,G,G,G,G,Y,6.5
G,G,G,G,G,Y,6.0
G,G,G,G,G,G,6.5
G,G,G,G,G,Y,6.0
G,G,G,G,G,G,6.5
G,G,G,G,G,G,7.0
G,G,G,G,G,Y,6.5
B,G,G,G,G,G,4.5
G,G,G,G,Y,Y,4.0
G,G,G,G,G,Y,3.5
G,G,G,G,G,G,4.0
G,G,G,G,G,G,4.5
G,G,G,G,G,Y,4.0
G,G,G,G,G,G,4.5
G,G,G,G,G,G,5.0
G,G,G,G,G,G,5.5
Y,G,G,G,G,G,5.0
G,G,G,G,G,Y,4.5
Y,G,G,G,G,G,4.0
G,G,G,G,G,Y,3.5
G,G,G,G,G,G,4.0
G,G,G,G,G,Y,3.5
Y,G,G,G,G,G,3.0
G,G,G,G,G,G,3.5
G,G,G,G,G,G,4.0
Y,G,G,G,G,G,3.5
G,G,G,G,G,Y,3.0
G,G,G,G,G,G,3.5
G,G,G,G,G,G,4.0
G,G,G,G,G,G,4.5
Y,G,G,G,G,G,4.0
G,G,G,G,G,Y,3.5
G,G,G,G,G,G,4.0
G,G,G,G,G,G,4.5
G,G,G,G,G,G,5.0
G,G,G,B,G,G,3.0
Y,G,G,B,B,B,1.5
G,G,B,B,B,B,0
G,G,B,B,B,G,0
G,B,B,B,G,Y,0.0
G,B,B,G,G,Y,0.0
G,B,B,G,G,Y,0.0
G,G,B,G,G,Y,0.0
G,G,B,G,G,Y,0.0
G,G,B,G,G,Y,0.0
G,G,G,G,Y,Y,1.0
G,G,G,G,G,Y,0.5
G,G,G,B,G,G,0
Y,G,G,G,G,G,1.0
G,G,G,G,G,G,1.5
G,G,G,G,G,Y,1.0
Y,G,G,G,G,G,0.5
Y,G,G,G,G,G,1.0
G,G,G,G,G,Y,0.5
Y,G,G,G,G,G,1.0
G,G,G,G,G,Y,0.5
G,G,G,G,G,G,2.0
Y,G,G,G,G,Y,2.5
G,G,G,G,G,Y,2.0
G,G,G,G,G,Y,1.5
Y,G,G,G,G,G,1.0
Y,G,G,G,G,G,0.5
G,G,G,G,G,Y,1.0
Y,G,G,G,G,Y,1.5
G,G,G,G,G,Y,1.0
G,G,G,G,G,G,1.5
G,G,G,G,G,G,2.0
G,G,G,G,G,G,2.5
G,G,G,G,G,G,3.0
G,G,G,G,G,G,3.5
Y,G,G,G,G,G,3.0
G,G,G,G,G,Y,2.5
Y,G,G,G,G,Y,3.0
G,G,G,G,G,Y,2.5
G,G,G,G,G,G,3.0
G,G,G,G,G,G,3.5
G,G,G,G,G,Y,3.0
Y,G,G,G,G,G,2.5
Y,G,G,G,G,G,2.0
G,G,G,G,G,Y,1.5
G,G,G,G,G,G,2.0
G,G,G,G,G,G,2.5
G,G,G,G,G,G,3.0
G,G,G,G,G,G,3.5
G,G,G,G,G,G,4.0
G,G,G,G,G,G,4.5
G,G,G,G,G,G,5.0
G,G,G,G,G,G,5.5
G,G,G,G,G,G,6.0
G,G,G,G,G,G,6.5
G,G,G,G,G,Y,6.0
G,G,G,G,G,Y,5.5
G,G,G,G,G,Y,5.0
G,G,G,G,G,Y,4.5
G,G,G,G,G,Y,4.0
G,G,G,G,G,G,4.5
G,G,G,G,G,Y,4.0
G,G,G,G,Y,Y,3.5
G,G,G,G,G,Y,3.0
G,G,G,G,G,Y,2.5
G,G,G,G,G,G,3.0
G,G,G,G,G,G,3.5
G,G,G,G,G,G,4.0
G,G,G,G,G,Y,3.5
G,G,G,G,G,G,4.0
G,G,G,G,G,Y,3.5
G,G,G,G,G,Y,3.0
G,G,G,G,G,G,3.5
G,G,G,G,G,G,4.0
G,G,G,G,G,G,4.5
G,G,G,G,G,G,5.0
G,G,G,G,G,G,5.5
G,G,G,G,G,G,6.0
G,G,G,G,G,G,6.5
G,G,G,G,G,G,7.0
G,G,G,G,G,G,7.5
Y,G,G,G,G,G,7.0
G,G,G,G,G,G,7.5
G,G,G,G,G,G,8.0
G,G,G,G,G,B,6.0
G,G,G,G,G,G,6.5
Y,G,G,G,G,G,6.0
Y,G,G,G,G,G,5.5
G,G,G,G,G,G,6.0
Y,Y,G,G,G,G,5.5
Y,G,G,G,G,G,5.0
Y,G,G,G,G,G,4.5
Y,G,G,G,G,G,4.0
G,G,G,G,G,G,4.5
G,G,G,G,G,G,5.0
Y,G,G,G,G,G,4.5
G,G,G,G,G,G,5.0
Y,G,G,G,G,G,4.5
G,G,G,G,G,G,5.0
Y,G,G,G,G,G,4.5
G,G,G,G,G,G,5.0
G,G,G,G,G,G,5.5
Y,G,G,G,G,G,5.0
G,G,G,G,G,G,5.5
Y,G,G,G,G,G,5.0
G,G,G,G,G,G,5.5
Y,G,G,G,G,G,5.0
G,G,G,G,G,G,5.5
Y,G,G,G,G,G,5.0
Y,G,G,G,G,G,4.5
Y,G,G,G,G,G,4.0
G,G,G,G,G,G,4.5
Y,G,G,G,G,G,4.0
G,G,G,G,G,G,4.5
G,G,G,G,G,G,5.0
Y,G,G,G,G,G,4.5
G,G,G,G,G,G,5.0
G,G,G,G,O,G,3.5
Y,G,G,G,G,O,2.0
Y,Y,G,G,G,O,0.5
Y,Y,G,G,G,G,1.0
Y,Y,G,G,G,O,0
Y,Y,G,G,G,O,0.0
Y,G,G,G,G,O,0.0
Y,G,G,G,G,O,0.0
Y,G,G,G,G,O,0.0
Y,G,G,G,G,O,0.0
Y,G,G,G,G,O,0.0
Y,G,G,G,G,O,0.0
Y,G,G,G,G,O,0.0
Y,G,G,G,G,O,0.0
Y,G,G,G,G,O,0.0
Y,G,G,G,G,O,0.0
Y,G,G,G,G,O,0.0
Y,G,G,G,G,O,0.0
Y,G,G,G,G,G,1.0
Y,G,G,G,G,O,0
Y,G,G,G,G,G,1.0
G,G,G,G,G,O,0
Y,G,G,G,G,G,1.0
Y,G,G,G,G,G,0.5
G,G,G,G,G,G,2.0
G,G,G,G,G,G,2.5
G,G,G,G,G,G,3.0
G,G,G,G,G,G,3.5
G,G,G,G,G,G,4.0
G,G,G,G,G,G,4.5
G,G,G,G,G,G,5.0
G,G,G,G,G,G,5.5
G,G,G,G,G,Y,5.0
G,G,G,G,G,G,5.5
G,G,G,G,G,G,6.0
G,G,G,G,G,G,6.5
G,G,G,G,G,G,7.0
G,G,G,G,O,G,5.5
G,G,G,G,G,O,4.0
Y,Y,G,G,G,G,3.5
Y,Y,G,G,G,G,3.0
Y,G,G,G,G,G,2.5
Y,G,G,G,G,O,1.0
Y,G,G,G,G,G,0.5
G,G,G,G,G,O,0.0
Y,Y,G,G,G,G,1.0
Y,G,G,G,G,G,0.5
G,G,G,G,G,G,2.0
G,G,G,G,G,G,2.5
G,G,G,G,G,G,3.0
G,G,G,G,G,G,3.5
G,G,G,G,G,G,4.0
G,G,G,G,G,G,4.5
G,G,G,G,G,G,5.0
G,G,G,G,G,G,5.5
G,G,G,G,G,Y,5.0
G,G,G,G,G,Y,4.5
G,G,G,G,G,G,5.0
G,G,G,G,G,Y,4.5
G,G,G,G,G,G,5.0
G,G,G,G,G,G,5.5
G,G,G,G,G,Y,5.0
G,G,G,G,G,Y,4.5
G,G,G,G,G,G,5.0
G,G,G,G,G,G,5.5
G,G,G,G,G,Y,5.0
G,G,G,G,G,Y,4.5
G,G,G,G,G,Y,4.0
G,G,G,G,G,G,4.5
G,G,G,G,G,G,5.0
G,G,G,G,G,Y,4.5
G,G,G,G,G,Y,4.0
G,G,G,G,G,G,4.5
G,G,G,G,G,Y,4.0
G,G,G,G,G,Y,3.5
G,G,G,G,G,Y,3.0
G,G,G,G,G,G,3.5
G,G,G,G,G,G,4.0
G,G,G,G,G,Y,3.5
G,G,G,G,G,Y,3.0
G,G,G,G,G,G,3.5
G,G,G,G,G,G,4.0
G,G,G,G,G,G,4.5
G,G,G,G,G,G,5.0
G,G,G,G,G,Y,4.5
G,G,G,G,G,G,5.0
G,G,G,G,G,Y,4.5
G,G,G,G,G,G,5.0
G,G,G,G,G,G,5.5
G,G,G,G,G,Y,5.0
G,G,G,G,G,G,5.5
B,G,G,G,G,G,3.5
G,G,G,G,G,G,4.0
G,G,G,G,G,Y,3.5
G,G,G,G,G,G,4.0
G,G,G,G,G,G,4.5
G,G,G,G,G,G,5.0
G,G,G,G,G,G,5.5
G,G,G,G,G,Y,5.0
G,G,G,G,G,G,5.5
Y,G,G,G,G,G,5.0
G,G,G,G,G,G,5.5
G,G,G,G,G,G,6.0
G,G,G,G,G,G,6.5
Y,G,G,G,G,G,6.0
G,G,G,G,G,G,6.5
G,G,B,B,B,G,4.5
G,G,G,G,G,Y,4.0
G,G,G,G,G,G,4.5
G,G,G,G,G,Y,4.0
G,G,G,G,G,G,4.5
G,G,G,G,G,G,5.0
Y,G,G,G,G,G,4.5
G,G,G,G,G,G,5.0
G,G,G,G,G,G,5.5
G,G,G,G,G,Y,5.0
G,G,G,G,G,G,5.5
G,G,G,G,G,G,6.0
G,G,G,G,G,G,6.5
G,G,G,G,G,G,7.0
G,G,G,G,G,G,7.5
G,G,G,G,G,Y,7.0
G,G,G,G,G,G,7.5
G,G,G,G,G,Y,7.0
G,G,G,G,G,G,7.5
G,G,G,G,G,Y,7.0
G,G,G,G,G,Y,6.5
G,G,G,G,G,G,7.0
G,G,G,G,G,Y,6.5
G,G,G,G,G,G,7.0
O,O,O,G,G,Y,5.5
O,O,O,G,Y,Y,4.0
O,O,G,Y,Y,Y,2.5
O,O,G,G,Y,Y,1.0
G,G,G,Y,Y,Y,0.5
G,G,G,G,G,Y,1.0
G,G,G,G,G,G,1.5
G,G,G,G,G,G,2.0
G,G,G,G,G,G,2.5
G,G,G,G,G,G,3.0
G,G,G,G,G,G,3.5
G,G,G,G,G,G,4.0
G,G,G,G,G,G,4.5
G,G,G,G,G,G,5.0
Y,Y,G,G,G,G,4.5
Y,Y,G,G,G,G,4.0
Y,Y,G,G,G,G,3.5
Y,Y,Y,G,G,G,3.0
Y,G,G,G,G,G,2.5
Y,G,G,G,G,G,2.0
Y,G,G,G,G,G,1.5
G,G,G,G,G,G,2.0
Y,G,G,G,G,G,1.5
Y,G,G,G,G,G,1.0
Y,G,G,G,G,G,0.5
G,G,G,G,G,G,2.0
Y,G,G,G,G,G,1.5
G,G,G,G,G,G,2.0
Y,G,G,G,G,G,1.5
Y,G,G,G,G,G,1.0
G,G,G,G,G,G,1.5
G,G,G,G,G,G,2.0
G,G,G,G,G,G,2.5
G,G,G,G,G,G,3.0
G,G,G,G,G,G,3.5
G,G,G,G,G,G,4.0
G,G,G,G,G,G,4.5
G,G,G,G,G,G,5.0
G,G,G,G,G,G,5.5
G,G,G,G,G,G,6.0
G,G,G,G,G,G,6.5
G,G,G,G,G,G,7.0
G,G,G,G,G,G,7.5
G,G,G,G,G,G,8.0
G,G,G,G,G,G,8.5
G,G,G,G,Y,Y,8.0
G,G,G,Y,Y,Y,7.5
G,G,G,Y,Y,Y,7.0
G,G,G,Y,Y,Y,6.5
G,G,G,Y,Y,Y,6.0
G,G,G,G,Y,Y,5.5
G,G,G,G,Y,Y,5.0
G,G,G,G,G,Y,4.5
G,G,G,G,G,Y,4.0
G,G,G,G,G,G,4.5
G,G,G,B,B,G,2.5
Y,G,G,B,B,B,1.0
G,G,G,B,B,B,0
Y,G,G,B,B,B,0.0
G,G,G,B,B,B,0
Y,G,G,G,B,B,0.0
G,G,G,B,B,B,0
Y,G,G,G,B,B,0.0
G,G,G,B,B,B,0
Y,G,G,G,B,B,0.0
G,G,G,B,G,B,0
Y,G,G,G,B,G,0.0
Y,G,G,G,G,G,1.0
G,G,G,G,G,G,1.5
G,G,G,G,G,G,2.0
Y,G,G,G,G,G,1.5
G,G,G,G,G,G,2.0
G,G,G,G,G,G,2.5
G,G,G,G,G,G,3.0
G,G,G,G,G,Y,2.5
G,G,G,G,G,G,3.0
G,G,G,G,Y,G,2.5
G,G,G,G,G,G,3.0
G,G,G,G,G,G,3.5
G,G,G,G,Y,G,3.0
G,G,G,G,G,G,3.5
G,G,G,G,G,G,4.0
G,G,G,G,G,Y,3.5
G,G,G,G,Y,Y,3.0
G,G,G,G,G,G,3.5
G,G,G,G,G,Y,3.0
G,G,G,G,G,G,3.5
G,G,G,G,G,Y,3.0
G,G,G,G,G,G,3.5
G,G,G,G,G,Y,3.0
G,G,G,G,G,Y,2.5
G,G,G,G,G,Y,2.0
G,G,G,G,G,Y,1.5
G,G,G,G,G,G,2.0
G,G,G,G,G,G,2.5
G,G,G,G,G,G,3.0
G,G,G,G,G,G,3.5
G,G,G,G,G,O,2.0
G,G,G,G,G,G,2.5
G,G,G,G,G,G,3.0
G,G,G,G,G,G,3.5
Y,Y,G,G,G,G,3.0
Y,G,G,G,G,G,2.5
G,G,G,G,G,G,3.0
Y,G,G,G,G,G,2.5
G,G,G,G,G,G,3.0
G,G,G,G,G,G,3.5
G,G,G,G,G,G,4.0
G,G,G,G,G,G,4.5
G,G,G,G,G,G,5.0
G,G,G,G,G,G,5.5
G,G,G,G,G,G,6.0
G,G,G,G,G,Y,5.5
G,G,G,G,G,Y,5.0
G,G,G,G,G,Y,4.5
G,G,G,G,G,G,5.0
G,G,G,G,G,Y,4.5
G,G,G,G,G,G,5.0
G,G,G,G,G,G,5.5
Y,G,G,G,G,G,5.0
Y,G,G,G,G,G,4.5
G,G,G,G,G,G,5.0
G,G,G,G,G,G,5.5
G,G,G,G,G,G,6.0
G,G,G,G,G,G,6.5
G,G,G,G,G,G,7.0
G,G,G,G,G,G,7.5
G,G,G,G,G,G,8.0
Y,G,G,G,G,G,7.5
Y,G,G,G,G,G,7.0
Y,G,G,G,G,G,6.5
Y,G,G,G,G,G,6.0
G,G,G,G,G,G,6.5
Y,G,G,G,G,G,6.0
G,G,G,G,G,G,6.5
Y,G,G,G,G,G,6.0
G,G,G,G,G,G,6.5
G,G,G,G,G,G,7.0
G,G,G,G,G,Y,6.5
G,G,G,G,G,G,7.0
G,G,G,G,G,G,7.5
G,G,G,G,G,G,8.0
G,G,G,G,G,G,8.5
G,G,G,G,G,G,9.0
G,G,G,G,G,G,9.5
G,G,G,G,G,G,10.0
G,G,G,G,G,G,10
Y,G,G,G,G,G,9.5
Y,G,G,G,G,G,9.0
G,G,G,G,G,G,9.5
G,G,G,G,G,G,10.0
G,G,G,G,G,G,10
G,G,G,G,G,G,10
G,G,G,G,G,G,10
G,G,G,G,G,G,10
G,G,G,G,G,G,10
G,G,G,G,G,O,8.5
G,G,G,G,G,Y,8.0
G,G,G,G,G,Y,7.5
G,G,G,G,Y,Y,7.0
G,G,G,G,Y,Y,6.5
G,G,G,G,Y,Y,6.0
G,G,G,G,Y,Y,5.5
G,G,G,G,G,Y,5.0
G,G,G,G,G,Y,4.5
G,G,G,G,G,Y,4.0
G,G,G,G,G,G,4.5
G,G,G,G,G,G,5.0
G,G,G,G,G,G,5.5
G,G,G,G,G,G,6.0
G,G,G,G,G,G,6.5
G,G,G,G,G,G,7.0
G,G,G,G,G,G,7.5
G,G,G,G,G,G,8.0
G,G,G,G,G,G,8.5
G,G,G,G,G,Y,8.0
G,G,G,G,G,Y,7.5
G,G,G,G,G,Y,7.0
G,G,G,G,G,G,7.5
B,G,G,G,G,G,5.5
G,G,G,G,Y,Y,5.0
G,G,G,G,G,Y,4.5
G,G,G,G,G,Y,4.0
G,G,G,G,G,G,4.5
G,G,G,G,G,G,5.0
G,G,G,G,G,G,5.5
G,G,G,G,G,G,6.0
G,G,G,G,G,G,6.5
G,G,G,G,G,G,7.0
G,G,G,G,G,G,7.5
G,G,G,G,G,G,8.0
G,G,G,G,G,G,8.5
G,G,G,G,G,G,9.0
G,G,G,G,G,G,9.5
G,G,G,B,B,G,7.5
Y,G,G,G,G,G,7.0
Y,G,G,G,G,G,6.5
Y,G,G,G,G,G,6.0
G,G,G,G,G,Y,5.5
G,G,G,G,G,G,6.0
G,G,G,G,G,G,6.5
G,G,G,G,G,Y,6.0
G,G,G,G,G,G,6.5
G,G,G,G,G,G,7.0
G,G,G,G,G,G,7.5
G,G,G,G,G,G,8.0
G,G,G,G,G,G,8.5
G,G,G,G,G,G,9.0
G,G,G,G,G,Y,8.5
G,G,G,G,G,G,9.0
G,G,G,G,Y,Y,8.5
G,G,G,G,Y,Y,8.0
G,G,G,Y,Y,Y,7.5
G,G,G,Y,Y,Y,7.0
G,G,G,Y,Y,Y,6.5
G,G,G,Y,Y,Y,6.0
G,G,G,Y,Y,Y,5.5
G,G,G,Y,Y,Y,5.0
G,G,G,Y,Y,Y,4.5
G,G,G,G,Y,Y,4.0
G,G,G,G,Y,Y,3.5
G,G,G,G,Y,Y,3.0
G,G,G,G,G,Y,2.5
G,G,G,G,G,G,3.0
G,G,G,G,G,G,3.5
G,G,G,G,G,Y,3.0
G,G,G,G,G,G,3.5
G,G,G,G,G,G,4.0
G,G,G,G,G,G,4.5
Y,Y,G,G,G,G,4.0
Y,G,G,G,G,G,3.5
Y,G,G,G,G,G,3.0
Y,G,G,G,G,G,2.5
G,G,G,G,G,G,3.0
G,G,G,G,G,G,3.5
G,G,G,G,G,G,4.0
G,G,G,G,G,G,4.5
G,G,G,G,G,G,5.0
G,G,G,G,G,G,5.5
G,G,G,G,G,G,6.0
G,G,G,G,G,G,6.5
G,G,G,G,G,G,7.0
G,G,G,G,G,G,7.5
G,G,G,G,B,B,5.5
G,G,G,G,G,G,6.0
G,G,G,G,G,G,6.5
G,G,G,G,G,G,7.0
Y,G,G,G,G,G,6.5
Y,G,G,G,G,G,6.0
Y,G,G,G,G,G,5.5
Y,Y,G,G,G,G,5.0
Y,Y,G,G,G,G,4.5
Y,G,G,G,G,G,4.0
Y,G,G,G,G,G,3.5
Y,G,G,G,G,G,3.0
G,G,G,G,G,G,3.5
G,G,G,G,G,G,4.0
G,G,G,G,G,G,4.5
G,G,G,G,G,G,5.0
Y,G,G,G,G,G,4.5
G,G,G,G,G,G,5.0
G,G,G,G,G,G,5.5
Y,G,G,G,G,G,5.0
G,G,G,G,G,G,5.5
G,G,G,G,G,G,6.0
Y,G,G,G,G,G,5.5
Y,G,G,G,G,G,5.0
G,G,G,G,G,G,5.5
Y,G,G,G,G,G,5.0
Y,G,G,G,G,G,4.5
G,G,G,G,G,G,5.0
Y,G,G,G,G,G,4.5
Y,G,G,G,G,G,4.0
G,G,G,G,G,G,4.5
G,G,G,G,G,G,5.0
Y,G,G,G,G,G,4.5
G,G,G,G,G,G,5.0
G,G,G,G,O,G,3.5
Y,G,G,G,G,O,2.0
Y,Y,G,G,G,G,1.5
Y,Y,G,G,G,O,0.0
Y,Y,G,G,G,O,0.0
Y,Y,G,G,G,O,0.0
Y,G,G,G,G,O,0.0
Y,G,G,G,G,O,0.0
Y,G,G,G,G,O,0.0
Y,G,G,G,G,O,0.0
Y,G,G,G,G,O,0.0
Y,G,G,G,G,O,0.0
Y,G,G,G,G,O,0.0
Y,G,G,G,G,O,0.0
Y,G,G,G,G,O,0.0
Y,G,G,G,G,O,0.0
Y,G,G,G,G,O,0.0
Y,G,G,G,G,O,0.0
Y,G,G,G,G,G,1.0
Y,G,G,G,G,O,0
Y,G,G,G,G,O,0.0
Y,G,G,G,G,G,1.0
G,G,G,G,G,O,0
Y,G,G,G,G,G,1.0
Y,G,G,G,G,G,0.5
G,G,G,G,G,G,2.0
G,G,G,G,G,G,2.5
G,G,G,G,G,G,3.0
G,G,G,G,G,G,3.5
G,G,G,G,G,G,4.0
G,G,G,G,G,G,4.5
G,G,G,G,G,G,5.0
G,G,G,G,G,G,5.5
G,G,G,G,G,Y,5.0
G,G,G,G,G,G,5.5
G,G,G,G,G,G,6.0
G,G,G,G,G,G,6.5
G,G,G,G,G,G,7.0
G,G,G,G,O,G,5.5
G,G,G,G,G,O,4.0
Y,Y,G,G,G,G,3.5
Y,Y,G,G,G,G,3.0
Y,G,G,G,G,G,2.5
Y,G,G,G,G,O,1.0
Y,G,G,G,G,G,0.5
G,G,G,G,G,G,2.0
G,G,G,G,G,G,2.5
G,G,G,G,G,G,3.0
G,G,G,G,G,G,3.5
G,G,G,G,G,G,4.0
G,G,G,G,G,G,4.5
G,G,G,G,G,G,5.0
G,G,G,G,G,G,5.5
G,G,G,G,G,Y,5.0
G,G,G,G,G,Y,4.5
G,G,G,G,G,G,5.0
G,G,G,G,G,G,5.5
G,G,G,G,G,Y,5.0
G,G,G,G,G,G,5.5
G,G,G,G,G,Y,5.0
G,G,G,G,G,Y,4.5
G,G,G,G,G,G,5.0
G,G,G,G,G,G,5.5
G,G,G,G,G,Y,5.0
G,G,G,G,G,Y,4.5
G,G,G,G,G,G,5.0
G,G,G,G,G,Y,4.5
G,G,G,G,G,Y,4.0
G,G,G,G,G,G,4.5
G,G,G,G,G,Y,4.0
G,G,G,G,G,G,4.5
G,G,G,G,G,Y,4.0
G,G,G,G,G,Y,3.5
G,G,G,G,G,G,4.0
G,G,G,G,G,Y,3.5
G,G,G,G,G,Y,3.0
G,G,G,G,G,G,3.5
G,G,G,G,G,G,4.0
G,G,G,G,G,Y,3.5
G,G,G,G,G,G,4.0
G,G,G,G,G,G,4.5
G,G,G,G,G,G,5.0
G,G,G,G,G,Y,4.5
G,G,G,G,G,Y,4.0
G,G,G,G,G,G,4.5
G,G,G,G,G,G,5.0
G,G,G,G,G,G,5.5
G,G,G,G,G,G,6.0
G,G,G,G,G,Y,5.5
B,G,G,G,G,G,3.5
G,G,G,G,G,Y,3.0
G,G,G,G,G,G,3.5
G,G,G,G,G,G,4.0
G,G,G,G,G,G,4.5
G,G,G,G,G,G,5.0
Y,G,G,G,G,G,4.5
G,G,G,G,G,G,5.0
G,G,G,G,G,G,5.5
G,G,G,G,G,Y,5.0
G,G,G,G,G,G,5.5
G,G,G,G,G,G,6.0
G,G,G,G,G,G,6.5
Y,G,G,G,G,Y,7.0
G,G,B,B,G,G,5.0
G,G,G,B,G,Y,3.5
G,G,G,G,G,Y,3.0
G,G,G,G,G,G,3.5
Y,G,G,G,G,G,3.0
G,G,G,G,G,G,3.5
G,G,G,G,G,G,4.0
G,G,G,G,G,G,4.5
G,G,G,G,G,G,5.0
G,G,G,G,G,G,5.5
G,G,G,G,G,G,6.0
G,G,G,G,G,G,6.5
G,G,G,G,G,Y,6.0
G,G,G,G,G,G,6.5
Y,G,G,G,G,G,6.0
G,G,G,G,G,G,6.5
G,G,G,G,G,G,7.0
G,G,G,G,G,G,7.5
G,G,G,G,Y,Y,7.0
G,G,G,G,G,Y,6.5
G,G,G,G,G,Y,6.0
G,G,G,G,G,Y,5.5
G,G,G,G,G,G,6.0
G,G,G,G,G,G,6.5
G,G,G,G,G,Y,6.0
G,G,G,G,G,G,6.5
O,O,O,G,G,Y,5.0
O,O,O,G,Y,Y,3.5
O,O,G,Y,Y,Y,2.0
O,O,G,G,Y,Y,0.5
O,O,G,G,Y,Y,0.0
G,O,G,G,Y,Y,0.0
G,G,G,Y,Y,Y,1.0
G,G,G,G,G,Y,0.5
G,G,G,G,G,G,2.0
G,G,G,G,G,G,2.5
G,G,G,G,G,G,3.0
G,G,G,G,G,G,3.5
G,G,G,G,G,G,4.0
G,G,G,G,G,G,4.5
G,G,G,G,G,G,5.0
G,G,G,G,G,G,5.5
Y,Y,Y,Y,G,G,5.0
Y,Y,Y,Y,G,G,4.5
Y,Y,Y,G,G,G,4.0
Y,Y,Y,G,G,G,3.5
Y,Y,Y,G,G,G,3.0
Y,Y,G,G,G,G,2.5
Y,Y,G,G,G,G,2.0
Y,Y,G,G,G,G,1.5
Y,Y,G,G,G,G,1.0
Y,Y,G,G,G,G,0.5
Y,G,G,G,G,G,1.0
Y,G,G,G,G,G,0.5
Y,G,G,G,G,G,1.0
Y,G,G,G,G,G,0.5
G,G,G,G,G,G,2.0
G,G,G,G,G,G,2.5
G,G,G,G,G,G,3.0
G,G,G,G,G,G,3.5
G,G,G,G,G,G,4.0
G,G,G,G,G,G,4.5
G,G,G,G,G,G,5.0
G,G,G,G,G,G,5.5
G,G,G,G,G,Y,5.0
G,G,G,G,G,G,5.5
G,G,G,G,G,G,6.0
G,G,G,G,G,G,6.5
G,G,G,G,G,G,7.0
G,G,G,G,G,G,7.5
G,G,G,G,G,Y,7.0
G,G,G,G,G,Y,6.5
G,G,G,G,G,Y,6.0
G,G,G,G,G,Y,5.5
G,G,G,G,G,G,6.0
G,G,G,G,G,G,6.5
G,G,G,G,G,Y,6.0
G,G,G,G,G,G,6.5
G,G,G,G,G,Y,6.0
G,G,G,G,G,G,6.5
G,B,B,B,G,Y,5.0
G,B,G,G,Y,Y,3.5
G,G,G,Y,Y,Y,3.0
G,G,G,G,Y,Y,2.5
G,G,G,G,Y,Y,2.0
G,G,G,G,G,Y,1.5
G,G,G,G,G,G,2.0
G,G,G,G,G,G,2.5
G,G,G,G,G,G,3.0
G,G,G,G,G,G,3.5
G,G,G,G,G,G,4.0
G,G,G,G,G,Y,3.5
G,G,G,G,G,G,4.0
G,G,G,G,G,G,4.5
G,G,G,G,G,Y,4.0
G,G,G,G,G,G,4.5
G,G,G,G,G,Y,4.0
G,G,G,G,G,G,4.5
G,G,G,G,G,Y,4.0
G,G,G,G,G,Y,3.5
G,G,G,G,G,Y,3.0
G,G,G,G,G,G,3.5
G,G,G,G,Y,Y,3.0
G,G,G,G,G,Y,2.5
G,G,G,G,G,G,3.0
G,G,G,G,G,G,3.5
G,G,G,G,G,G,4.0
G,G,G,G,O,Y,2.5
G,G,G,G,G,O,1.0
G,G,G,G,G,G,1.5
G,G,G,G,G,G,2.0
Y,G,G,G,G,G,1.5
G,G,G,G,G,G,2.0
G,G,G,G,G,G,2.5
G,G,G,G,G,G,3.0
Y,G,G,G,G,G,2.5
Y,G,G,G,G,G,2.0
Y,G,G,G,G,G,1.5
G,G,G,G,G,G,2.0
G,G,G,G,G,G,2.5
G,G,G,G,G,G,3.0
G,G,G,G,G,G,3.5
G,G,G,G,G,G,4.0
G,G,G,G,G,G,4.5
G,G,G,G,G,G,5.0
G,G,G,G,G,G,5.5
G,G,G,G,G,Y,5.0
G,G,G,G,G,Y,4.5
G,G,G,G,G,G,5.0
G,G,G,G,G,G,5.5
G,G,G,G,G,G,6.0
G,G,G,G,G,G,6.5
G,G,G,G,G,G,7.0
G,G,G,G,G,G,7.5
G,G,G,G,G,G,8.0
G,G,G,G,G,Y,7.5
G,G,G,G,G,G,8.0
G,G,G,G,G,G,8.5
G,G,G,G,G,G,9.0
Y,G,G,G,G,G,8.5
Y,Y,G,G,G,G,8.0
Y,Y,G,G,G,G,7.5
Y,Y,G,G,G,G,7.0
Y,Y,G,G,G,G,6.5
Y,G,G,G,G,G,6.0
Y,G,G,G,G,G,5.5
G,G,G,G,G,G,6.0
Y,G,G,G,G,G,5.5
G,G,G,G,G,G,6.0
G,G,G,G,G,Y,5.5
G,G,G,G,G,G,6.0
G,G,G,G,G,Y,5.5
G,G,G,G,G,G,6.0
G,G,G,G,G,G,6.5
G,G,G,G,G,G,7.0
G,G,G,G,G,G,7.5
G,G,G,G,G,G,8.0
G,G,G,G,G,G,8.5
Y,G,G,G,G,G,8.0
G,G,G,G,G,G,8.5
G,G,G,G,G,G,9.0
G,G,G,G,G,G,9.5
G,G,G,G,G,G,10.0
G,G,G,G,G,G,10
Y,G,G,G,G,G,9.5
G,G,G,G,G,G,10.0
G,G,G,G,G,G,10
G,G,G,G,G,G,10
G,G,G,G,G,G,10
G,G,G,G,G,G,10
G,G,G,G,G,O,8.5
G,G,G,G,G,Y,8.0
G,G,G,G,Y,Y,7.5
G,G,G,Y,Y,Y,7.0
G,G,G,G,Y,Y,6.5
G,G,G,G,Y,Y,6.0
G,G,G,G,Y,Y,5.5
G,G,G,G,Y,Y,5.0
G,G,G,G,G,Y,4.5
G,G,G,G,G,Y,4.0
G,G,G,G,G,G,4.5
G,G,G,G,G,G,5.0
G,G,G,G,G,G,5.5
G,G,G,G,G,Y,5.0
G,G,G,G,G,G,5.5
Y,G,G,G,G,G,5.0
G,G,G,G,G,G,5.5
G,G,G,G,G,G,6.0
Y,G,G,G,G,G,5.5
G,G,G,G,G,G,6.0
G,G,G,G,G,Y,5.5
G,G,G,G,G,Y,5.0
G,G,G,G,G,G,5.5
G,G,G,G,G,Y,5.0
G,G,G,G,G,G,5.5
G,G,G,G,G,G,6.0
G,G,G,G,G,G,6.5
G,G,G,G,G,Y,6.0
B,G,G,G,G,G,4.0
G,G,G,G,Y,Y,3.5
G,G,G,G,G,Y,3.0
G,G,G,G,G,G,3.5
G,G,G,G,G,G,4.0
G,G,G,G,G,G,4.5
G,G,G,G,G,Y,4.0
G,G,G,G,G,Y,3.5
Y,G,G,G,G,G,3.0
G,G,G,G,G,G,3.5
G,G,G,G,G,G,4.0
Y,G,G,G,G,G,3.5
G,G,G,G,G,Y,3.0
G,G,G,G,G,G,3.5
G,G,G,G,G,G,4.0
G,G,G,G,G,G,4.5
G,G,G,G,G,G,5.0
G,G,G,G,G,G,5.5
G,G,G,G,G,G,6.0
G,G,G,G,G,G,6.5
G,G,G,G,G,G,7.0
G,G,G,G,G,G,7.5
G,G,G,G,G,G,8.0
G,G,G,B,B,G,6.0
Y,G,G,G,G,G,5.5
Y,G,G,G,G,G,5.0
G,G,G,G,G,Y,4.5
Y,G,G,G,G,G,4.0
G,G,G,G,G,G,4.5
G,G,G,G,G,G,5.0
G,G,G,G,G,G,5.5
G,G,G,G,G,Y,5.0
G,G,G,G,G,G,5.5
G,G,G,G,G,G,6.0
G,G,G,G,G,G,6.5
G,G,G,G,G,G,7.0
G,G,G,G,G,G,7.5
G,G,G,G,G,G,8.0
G,G,G,G,G,G,8.5
G,G,G,G,G,G,9.0
G,G,G,G,Y,Y,8.5
G,G,G,G,Y,Y,8.0
G,G,G,G,Y,Y,7.5
G,G,G,G,Y,Y,7.0
G,G,G,Y,Y,Y,6.5
G,G,G,Y,Y,Y,6.0
G,G,G,Y,Y,Y,5.5
G,G,G,G,Y,Y,5.0
G,G,G,G,Y,Y,4.5
G,G,G,G,Y,Y,4.0
G,G,G,G,Y,Y,3.5
G,G,G,G,Y,Y,3.0
G,G,G,G,G,Y,2.5
G,G,G,G,G,Y,2.0
G,G,G,G,G,G,2.5
G,G,G,G,G,G,3.0
G,G,G,G,G,G,3.5
G,G,G,G,G,G,4.0
G,G,G,G,G,G,4.5
Y,G,G,G,G,G,4.0
Y,G,G,G,G,G,3.5
G,G,G,G,G,G,4.0
G,G,G,G,G,G,4.5
Y,G,G,G,G,G,4.0
G,G,G,G,G,G,4.5
G,G,G,G,G,G,5.0
G,G,G,G,G,G,5.5
G,G,G,G,G,G,6.0
G,G,G,G,G,G,6.5
G,G,G,G,G,G,7.0
G,G,G,G,G,G,7.5
G,G,G,G,G,G,8.0
G,G,G,G,B,B,6.0
G,G,G,G,G,G,6.5
G,G,G,G,G,G,7.0
G,G,G,G,G,G,7.5
Y,G,G,G,G,G,7.0
Y,Y,G,G,G,G,6.5
Y,Y,G,G,G,G,6.0
Y,Y,G,G,G,G,5.5
Y,Y,G,G,G,G,5.0
Y,Y,G,G,G,G,4.5
Y,Y,G,G,G,G,4.0
Y,Y,G,G,G,G,3.5
Y,G,G,G,G,G,3.0
Y,G,G,G,G,G,2.5
G,G,G,G,G,G,3.0
G,G,G,G,G,G,3.5
G,G,G,G,G,G,4.0
G,G,G,G,G,Y,3.5
G,G,G,G,G,G,4.0
G,G,G,G,G,G,4.5
G,G,G,G,G,G,5.0
Y,G,G,G,G,G,4.5
G,G,G,G,G,G,5.0
G,G,G,G,G,G,5.5
Y,G,G,G,G,G,5.0
Y,G,G,G,G,G,4.5
G,G,G,G,G,G,5.0
Y,G,G,G,G,G,4.5
G,G,G,G,G,G,5.0
Y,G,G,G,G,G,4.5
Y,G,G,G,G,G,4.0
G,G,G,G,G,G,4.5
Y,G,G,G,G,G,4.0
G,G,G,G,G,G,4.5
G,G,G,G,G,G,5.0
G,G,G,G,G,G,5.5
Y,G,G,G,G,G,5.0
G,G,G,G,O,O,3.5
Y,G,G,G,G,O,2.0
Y,Y,G,G,G,G,1.5
Y,G,G,G,G,O,0.0
Y,G,G,G,G,O,0.0
Y,G,G,G,G,O,0.0
Y,G,G,G,G,O,0.0
Y,G,G,G,G,O,0.0
Y,G,G,G,G,O,0.0
Y,G,G,G,G,O,0.0
Y,G,G,G,G,O,0.0
Y,G,G,G,G,O,0.0
Y,G,G,G,G,O,0.0
Y,G,G,G,G,O,0.0
Y,G,G,G,G,O,0.0
Y,G,G,G,G,G,1.0
Y,G,G,G,G,O,0
Y,G,G,G,G,O,0.0
Y,G,G,G,G,G,1.0
G,G,G,G,G,O,0
Y,G,G,G,G,G,1.0
Y,G,G,G,G,G,0.5
G,G,G,G,G,G,2.0
G,G,G,G,G,G,2.5
G,G,G,G,G,G,3.0
Y,G,G,G,G,G,2.5
G,G,G,G,G,G,3.0
G,G,G,G,G,G,3.5
G,G,G,G,G,G,4.0
G,G,G,G,G,Y,3.5
G,G,G,G,G,Y,3.0
G,G,G,G,G,G,3.5
G,G,G,G,G,G,4.0
G,G,G,G,G,G,4.5
G,G,G,G,G,G,5.0
G,G,G,G,G,G,5.5
G,G,G,G,G,G,6.0
G,G,G,G,G,G,6.5
G,G,G,G,O,G,5.0
G,G,G,G,G,O,3.5
Y,Y,Y,G,G,G,3.0
Y,Y,Y,G,G,G,2.5
Y,G,G,G,G,G,2.0
Y,G,G,G,G,O,0.5
Y,G,G,G,G,O,0.0
Y,G,G,G,G,O,0.0
Y,G,G,G,G,O,0.0
Y,G,G,G,G,O,0.0
Y,G,G,G,G,G,1.0
G,G,G,G,G,O,0
Y,Y,G,G,G,G,1.0
Y,G,G,G,G,G,0.5
G,G,G,G,G,G,2.0
G,G,G,G,G,G,2.5
G,G,G,G,G,G,3.0
G,G,G,G,G,G,3.5
G,G,G,G,G,G,4.0
G,G,G,G,G,G,4.5
G,G,G,G,G,G,5.0
G,G,G,G,G,G,5.5
G,G,G,G,G,Y,5.0
G,G,G,G,G,Y,4.5
G,G,G,G,G,G,5.0
G,G,G,G,G,Y,4.5
G,G,G,G,G,G,5.0
G,G,G,G,G,G,5.5
G,G,G,G,G,Y,5.0
G,G,G,G,G,G,5.5
G,G,G,G,G,Y,5.0
G,G,G,G,Y,Y,4.5
G,G,G,G,G,G,5.0
G,G,G,G,Y,Y,4.5
G,G,G,G,G,G,5.0
G,G,G,G,G,Y,4.5
G,G,G,G,G,Y,4.0
G,G,G,G,G,G,4.5
G,G,G,G,G,G,5.0
G,G,G,G,G,Y,4.5
G,G,G,G,G,Y,4.0
G,G,G,G,G,Y,3.5
G,G,G,G,G,Y,3.0
G,G,G,G,G,Y,2.5
G,G,G,G,G,G,3.0
G,G,G,G,G,G,3.5
G,G,G,G,G,G,4.0
G,G,G,G,G,G,4.5
G,G,G,G,G,Y,4.0
G,G,G,G,G,G,4.5
G,G,G,G,G,Y,4.0
G,G,G,G,G,G,4.5
G,G,G,G,G,G,5.0
G,G,G,G,G,Y,4.5
G,G,G,G,G,G,5.0
G,G,G,G,G,G,5.5
G,G,G,G,G,G,6.0
G,G,G,G,G,Y,5.5
G,G,G,G,G,G,6.0
G,G,G,G,G,G,6.5
G,G,G,G,G,G,7.0
Y,G,G,G,G,G,6.5
G,G,G,G,G,G,7.0
G,G,G,G,G,G,7.5
G,G,G,G,G,Y,7.0
G,G,G,G,G,G,7.5
G,G,G,G,G,G,8.0
G,G,G,G,G,G,8.5
G,G,G,G,G,G,9.0
G,G,B,B,B,G,7.0
G,G,G,G,G,G,7.5
G,G,G,G,G,Y,7.0
G,G,G,G,G,G,7.5
G,G,G,G,G,G,8.0
G,G,G,G,G,Y,7.5
G,G,G,G,G,G,8.0
Y,G,G,G,G,G,7.5
G,G,G,G,G,G,8.0
G,G,G,G,G,G,8.5
G,G,G,G,G,G,9.0
G,G,G,G,G,Y,8.5
G,G,G,G,Y,Y,8.0
G,G,G,G,G,Y,7.5
G,G,G,G,G,Y,7.0
G,G,G,G,G,G,7.5
G,G,G,G,G,Y,7.0
G,G,G,G,G,Y,6.5
G,O,O,G,G,G,5.0
O,O,O,Y,Y,Y,3.5
O,O,G,Y,Y,Y,2.0
O,G,Y,Y,Y,Y,0.5
O,G,Y,Y,Y,Y,0.0
O,G,Y,Y,Y,Y,0.0
O,G,G,Y,Y,Y,0.0
O,G,G,Y,Y,Y,0.0
O,G,G,Y,Y,Y,0.0
O,G,G,Y,Y,Y,0.0
O,G,G,Y,Y,Y,0.0
G,G,G,Y,Y,Y,1.0
O,G,G,G,Y,Y,0
G,G,G,G,Y,Y,1.0
G,G,G,G,G,Y,0.5
G,G,G,G,G,G,2.0
G,G,G,G,G,G,2.5
G,G,G,G,G,G,3.0
G,G,G,G,G,G,3.5
G,G,G,G,G,G,4.0
G,G,G,G,G,G,4.5
G,G,G,G,G,G,5.0
G,G,G,G,G,G,5.5
Y,Y,Y,G,G,G,5.0
Y,Y,Y,G,G,G,4.5
Y,Y,Y,G,G,G,4.0
Y,Y,Y,G,G,G,3.5
Y,Y,Y,G,G,G,3.0
Y,Y,Y,G,G,G,2.5
Y,Y,G,G,G,G,2.0
Y,Y,G,G,G,G,1.5
Y,Y,G,G,G,G,1.0
Y,Y,Y,G,G,G,0.5
Y,Y,G,G,G,G,1.0
Y,G,G,G,G,G,0.5
Y,G,G,G,G,G,1.0
Y,G,G,G,G,G,0.5
Y,G,G,G,G,G,1.0
G,G,G,G,G,G,1.5
G,G,G,G,G,G,2.0
G,G,G,G,G,G,2.5
G,G,G,G,G,G,3.0
G,G,G,G,G,G,3.5
G,G,G,G,G,G,4.0
G,G,G,G,G,G,4.5
G,G,G,G,G,Y,4.0
G,G,G,G,G,Y,3.5
G,G,G,G,G,G,4.0
G,G,G,G,G,G,4.5
G,G,G,G,G,G,5.0
G,G,G,G,G,G,5.5
G,G,G,G,G,G,6.0
G,G,G,G,G,G,6.5
G,G,G,G,G,G,7.0
G,G,G,G,G,Y,6.5
G,G,G,G,G,Y,6.0
G,G,G,G,G,Y,5.5
G,G,G,G,G,Y,5.0
G,G,G,G,G,G,5.5
G,G,G,G,G,G,6.0
G,G,G,G,G,G,6.5
G,G,G,G,G,Y,6.0
G,G,G,G,G,Y,5.5
G,G,G,G,G,G,6.0
G,B,B,B,G,G,4.0
B,B,B,G,Y,Y,2.5
G,G,G,Y,Y,Y,2.0
G,G,G,G,Y,Y,1.5
G,B,G,G,Y,Y,0.0
G,B,G,Y,Y,Y,0.0
G,G,G,G,Y,Y,1.0
G,G,G,G,G,Y,0.5
G,G,G,G,G,G,2.0
G,G,G,G,G,Y,1.5
G,G,G,G,G,G,2.0
G,G,G,G,G,G,2.5
G,G,G,G,G,G,3.0
G,G,G,G,G,G,3.5
G,G,G,G,G,G,4.0
G,G,G,G,G,G,4.5
G,G,G,G,G,G,5.0
G,G,G,G,G,Y,4.5
G,G,G,G,G,Y,4.0
G,G,G,G,G,G,4.5
G,G,G,G,G,Y,4.0
G,G,G,G,G,G,4.5
G,G,G,G,G,Y,4.0
G,G,G,G,G,Y,3.5
G,G,G,G,G,Y,3.0
G,G,G,G,G,G,3.5
G,G,G,G,Y,Y,3.0
G,G,G,G,G,Y,2.5
G,G,G,G,G,G,3.0
G,G,G,G,G,G,3.5
G,G,G,G,G,G,4.0
G,G,G,G,G,G,4.5
G,G,G,G,O,O,3.0
G,G,G,G,G,G,3.5
G,G,G,G,G,Y,3.0
G,G,G,G,G,G,3.5
G,G,G,G,G,G,4.0
G,G,G,G,G,G,4.5
Y,G,G,G,G,G,4.0
Y,G,G,G,G,G,3.5
G,G,G,G,G,G,4.0
Y,G,G,G,G,G,3.5
G,G,G,G,G,G,4.0
G,G,G,G,G,G,4.5
G,G,G,G,G,G,5.0
G,G,G,G,G,G,5.5
G,G,G,G,G,G,6.0
G,G,G,G,G,Y,5.5
G,G,G,G,G,Y,5.0
G,G,G,G,G,Y,4.5
G,G,G,G,G,G,5.0
G,G,G,G,G,G,5.5
G,G,G,G,G,G,6.0
G,G,G,G,G,G,6.5
G,G,G,G,G,G,7.0
G,G,G,G,G,G,7.5
G,G,G,G,G,G,8.0
Y,G,G,G,G,G,7.5
Y,G,G,G,G,G,7.0
Y,G,G,G,G,G,6.5
G,G,G,G,G,G,7.0
G,G,G,G,G,G,7.5
Y,G,G,G,G,G,7.0
Y,G,G,G,G,G,6.5
G,G,G,G,G,G,7.0
G,G,G,G,G,G,7.5
Y,G,G,G,G,G,7.0
G,G,G,G,G,G,7.5
G,G,G,G,G,G,8.0
G,G,G,G,G,G,8.5
G,G,G,G,G,G,9.0
Y,G,G,G,G,G,8.5
G,G,G,G,G,G,9.0
G,G,G,G,G,G,9.5
G,G,G,G,G,G,10.0
G,G,G,G,G,G,10
G,G,G,G,G,G,10
G,G,G,G,G,G,10
G,G,G,G,G,G,10
Y,G,G,G,G,G,9.5
G,G,G,G,G,G,10.0
G,G,G,G,G,G,10
G,G,G,G,G,G,10
G,G,G,G,G,G,10
Y,G,G,G,G,G,9.5
G,G,G,G,G,G,10.0
G,G,G,O,O,O,8.5
G,G,G,Y,Y,Y,8.0
G,G,G,Y,Y,Y,7.5
G,G,G,Y,Y,Y,7.0
G,G,G,Y,Y,Y,6.5
G,G,G,Y,Y,Y,6.0
G,G,G,Y,Y,R,6.5
G,G,Y,Y,Y,R,7.0
G,G,Y,Y,R,R,7.5
G,Y,Y,Y,R,R,8.0
Y,Y,Y,R,R,R,9.5
Y,Y,R,R,R,R,10
Y,R,R,R,R,R,10
Y,R,R,R,R,R,10
Y,R,R,R,R,R,10
Y,Y,Y,R,R,R,10
G,G,Y,Y,R,R,10
G,G,Y,Y,R,R,10
G,G,Y,Y,R,R,10
G,G,Y,Y,R,R,10
G,G,Y,Y,R,R,10
G,G,Y,Y,R,R,10
G,G,Y,Y,R,R,10
G,G,Y,Y,R,R,10
G,G,Y,Y,Y,R,10
G,G,Y,Y,Y,R,10
B,B,Y,Y,Y,R,9.5
G,Y,Y,Y,R,R,10.0
G,Y,Y,R,R,R,10
G,Y,Y,R,R,R,10
G,Y,Y,R,R,R,10
Y,Y,Y,R,R,R,10
G,Y,Y,R,R,R,10
Y,Y,Y,R,R,R,10
Y,Y,R,R,R,R,2
Y,Y,R,R,R,R,2
Y,Y,R,R,R,R,2
Y,Y,R,R,R,R,2
Y,Y,R,R,R,R,2
Y,Y,R,R,R,R,2
Y,Y,R,R,R,R,2
Y,Y,R,R,R,R,2
Y,R,R,R,R,R,2
Y,R,R,R,R,R,2
Y,R,R,R,R,R,2
Y,R,R,R,R,R,2
Y,R,R,R,R,R,2
Y,R,R,R,R,R,2
Y,R,R,R,R,R,2
Y,R,R,R,R,R,2
Y,R,R,R,R,R,2
R,R,R,R,R,R,2
R,R,R,R,R,R,2
R,R,R,R,Y,Y,2
R,R,R,R,Y,Y,2
R,R,R,Y,Y,O,1.98
R,R,Y,Y,Y,Y,2
R,R,Y,Y,Y,Y,2
R,R,Y,Y,Y,Y,2
R,Y,Y,Y,Y,Y,2
R,Y,Y,Y,Y,Y,2
R,Y,Y,Y,G,G,2
Y,Y,Y,G,G,G,1.98
Y,Y,G,G,G,G,1.48
Y,Y,G,Y,G,Y,1.98
Y,G,G,Y,G,O,0.48
Y,Y,G,G,G,O,0.0
Y,G,G,G,G,O,0.0
G,G,G,G,G,O,0.0
Y,G,G,G,G,G,1.0
G,G,G,G,G,G,1.5
G,G,G,G,G,G,2.0
G,G,G,G,G,G,2.5
G,G,G,G,G,G,3.0
G,G,G,G,G,G,3.5
G,G,G,G,G,G,4.0
G,G,G,G,G,G,4.5
G,G,G,G,G,G,5.0
G,G,G,G,G,G,5.5
G,Y,Y,Y,Y,G,5.0
G,Y,Y,Y,Y,G,4.5
G,Y,Y,Y,G,G,4.0
Y,Y,Y,Y,Y,G,2.5
Y,Y,Y,Y,G,G,2.0
Y,Y,Y,G,G,G,1.5
Y,Y,G,G,G,G,1.0
Y,Y,G,G,G,G,0.5
Y,G,G,G,G,O,0.0
Y,G,G,G,G,O,0.0
Y,G,G,G,G,G,1.0
Y,G,G,G,G,O,0
Y,G,G,G,G,O,0.0
Y,G,G,G,G,O,0.0
Y,G,G,G,G,O,0.0
Y,G,G,G,G,O,0.0
Y,G,G,G,G,O,0.0
Y,G,G,G,G,O,0.0
Y,G,G,G,G,O,0.0
Y,G,G,G,G,O,0.0
Y,G,G,G,G,O,0.0
Y,G,G,G,G,O,0.0
Y,G,G,G,G,O,0.0
Y,G,G,G,G,O,0.0
Y,G,G,G,G,O,0.0
Y,G,G,G,G,O,0.0
Y,G,G,G,G,O,0.0
Y,G,G,G,G,O,0.0
Y,G,G,G,G,O,0.0
Y,G,G,G,G,O,0.0
Y,G,G,G,G,G,1.0
G,G,G,G,G,G,1.5
G,G,G,G,G,G,2.0
G,G,G,G,G,G,2.5
G,G,G,G,G,G,3.0
G,G,G,G,G,G,3.5
G,G,G,G,G,G,4.0
G,G,G,G,G,G,4.5
G,G,G,G,G,G,5.0
G,G,G,G,G,G,5.5
G,G,G,G,G,Y,5.0
G,G,G,G,G,Y,4.5
G,G,G,G,G,G,5.0
G,G,G,G,G,Y,4.5
G,G,G,G,G,G,5.0
G,G,G,G,G,G,5.5
G,G,G,G,G,Y,5.0
G,G,G,G,G,Y,4.5
G,G,G,G,G,G,5.0
G,G,G,G,G,G,5.5
G,G,G,G,G,Y,5.0
G,G,G,G,G,Y,4.5
G,G,G,G,G,Y,4.0
G,G,G,G,G,G,4.5
G,G,G,G,G,G,5.0
G,G,G,G,G,Y,4.5
G,G,G,G,G,Y,4.0
G,G,G,G,G,G,4.5
G,G,G,G,G,Y,4.0
G,G,G,G,G,Y,3.5
G,G,G,G,G,Y,3.0
G,G,G,G,G,G,3.5
G,G,G,G,G,G,4.0
G,G,G,G,G,Y,3.5
G,G,G,G,G,Y,3.0
G,G,G,G,G,G,3.5
G,G,G,G,G,G,4.0
G,G,G,G,G,G,4.5
G,G,G,G,G,G,5.0
G,G,G,G,G,Y,4.5
G,G,G,G,G,Y,4.0
G,G,G,G,G,G,4.5
G,G,G,G,G,G,5.0
G,G,G,G,G,G,5.5
G,G,G,G,G,G,6.0
G,G,G,G,G,G,6.5
G,G,G,G,G,Y,6.0
G,G,G,G,G,G,6.5
G,G,G,G,G,G,7.0
G,G,G,G,G,G,7.5
Y,G,G,G,G,G,7.0
G,G,G,G,G,G,7.5
G,G,G,G,G,Y,7.0
G,G,G,G,G,G,7.5
G,G,G,G,G,G,8.0
Y,G,G,G,G,G,7.5
G,G,G,G,G,G,8.0
G,B,B,B,G,Y,6.5
G,G,G,G,Y,Y,6.0
G,G,G,G,G,G,6.5
G,G,G,G,G,G,7.0
G,G,G,G,G,G,7.5
G,G,G,G,G,G,8.0
G,G,G,G,G,G,8.5
Y,G,G,G,G,G,8.0
G,G,G,G,G,G,8.5
G,G,G,G,Y,Y,8.0
G,G,G,G,G,Y,7.5
G,G,G,G,G,G,8.0
G,G,G,G,G,G,8.5
G,G,G,G,G,Y,8.0
G,G,G,G,G,Y,7.5
G,G,G,G,G,G,8.0
G,G,G,G,G,Y,7.5
G,G,G,G,G,Y,7.0
G,G,G,G,G,G,7.5
G,O,G,G,G,Y,6.0
O,O,O,G,Y,Y,4.5
O,O,G,Y,Y,Y,3.0
O,O,G,G,Y,Y,1.5
G,G,G,G,Y,Y,1.0
G,G,G,G,G,Y,0.5
G,G,G,G,G,G,2.0
G,G,G,G,G,G,2.5
G,G,G,G,G,G,3.0
G,G,G,G,G,G,3.5
G,G,G,G,G,G,4.0
G,G,G,G,G,G,4.5
G,G,G,G,G,G,5.0
Y,G,G,G,G,G,4.5
Y,G,G,G,G,G,4.0
Y,Y,G,G,G,G,3.5
Y,G,G,G,G,G,3.0
Y,G,G,G,G,G,2.5
Y,G,G,G,G,G,2.0
G,G,G,G,G,G,2.5
Y,G,G,G,G,G,2.0
Y,G,G,G,G,G,1.5
Y,G,G,G,G,G,1.0
G,G,G,G,G,G,1.5
Y,G,G,G,G,G,1.0
Y,Y,G,G,G,G,0.5
Y,G,G,G,G,G,1.0
G,G,G,G,G,G,1.5
G,G,G,G,G,G,2.0
Y,G,G,G,G,G,1.5
G,G,G,G,G,G,2.0
G,G,G,G,G,G,2.5
G,G,G,G,G,G,3.0
G,G,G,G,G,G,3.5
G,G,G,G,G,G,4.0
G,G,G,G,G,G,4.5
G,G,G,G,G,G,5.0
G,G,G,G,G,G,5.5
G,G,G,G,G,G,6.0
G,G,G,G,G,G,6.5
G,G,G,G,G,G,7.0
G,G,G,G,G,G,7.5
G,G,G,G,G,G,8.0
G,G,G,G,G,G,8.5
G,G,G,G,Y,Y,8.0
G,G,G,Y,Y,Y,7.5
G,G,G,Y,Y,Y,7.0
G,G,G,Y,Y,Y,6.5
G,G,G,Y,Y,Y,6.0
G,G,G,G,Y,Y,5.5
G,G,G,G,Y,Y,5.0
G,G,G,G,G,Y,4.5
G,G,G,G,G,Y,4.0
G,G,G,G,G,G,4.5
G,G,G,B,B,G,2.5
Y,G,G,B,B,B,1.0
G,G,G,B,B,B,0
Y,G,G,B,B,B,0.0
G,G,G,B,B,B,0
Y,G,G,G,B,B,0.0
G,G,G,B,B,B,0
Y,G,G,G,B,B,0.0
G,G,G,B,B,B,0
Y,G,G,G,B,B,0.0
G,G,G,B,G,B,0
Y,G,G,G,B,B,0.0
G,G,G,G,G,G,2.0
G,G,G,G,G,G,2.5
G,G,G,G,G,G,3.0
G,G,G,G,G,G,3.5
G,G,G,G,G,G,4.0
G,G,G,G,G,G,4.5
G,G,G,G,G,Y,4.0
G,G,G,G,G,G,4.5
G,G,G,G,G,Y,4.0
G,G,G,G,G,G,4.5
G,G,G,G,G,Y,4.0
G,G,G,G,G,Y,3.5
G,G,G,G,G,G,4.0
G,G,G,G,G,Y,3.5
G,G,G,G,G,Y,3.0
G,G,G,G,G,G,3.5
G,G,G,G,G,Y,3.0
G,G,G,G,G,Y,2.5
G,G,G,G,G,Y,2.0
G,G,G,G,G,G,2.5
G,G,G,G,G,G,3.0
G,G,G,G,G,G,3.5
G,G,G,G,G,G,4.0
G,G,G,G,O,O,2.5
G,G,G,G,G,O,1.0
G,G,G,G,G,G,1.5
G,G,G,G,G,G,2.0
G,G,G,G,G,G,2.5
G,G,G,G,G,G,3.0
Y,G,G,G,G,G,2.5
Y,Y,G,G,G,G,2.0
Y,G,G,G,G,G,1.5
Y,G,G,G,G,G,1.0
G,G,G,G,G,G,1.5
G,G,G,G,G,G,2.0
G,G,G,G,G,G,2.5
G,G,G,G,G,G,3.0
G,G,G,G,G,G,3.5
G,G,G,G,G,G,4.0
G,G,G,G,G,Y,3.5
Y,G,G,G,G,G,3.0
G,G,G,G,G,G,3.5
G,G,G,G,G,G,4.0
G,G,G,G,G,G,4.5
G,G,G,G,G,Y,4.0
G,G,G,G,G,Y,3.5
G,G,G,G,G,G,4.0
G,G,G,G,G,G,4.5
G,G,G,G,G,G,5.0
G,G,G,G,G,G,5.5
G,G,G,G,G,G,6.0
G,G,G,G,G,G,6.5
G,G,G,G,G,G,7.0
G,G,G,G,G,G,7.5
G,G,G,G,G,G,8.0
G,G,G,G,G,Y,7.5
G,G,G,G,G,G,8.0
G,G,G,G,G,G,8.5
G,G,G,G,G,G,9.0
Y,Y,G,G,G,G,8.5
Y,Y,Y,G,G,G,8.0
Y,Y,Y,G,G,G,7.5
Y,Y,Y,G,G,G,7.0
Y,Y,Y,G,G,G,6.5
Y,Y,G,G,G,G,6.0
Y,Y,G,G,G,G,5.5
Y,G,G,G,G,G,5.0
Y,G,G,G,G,G,4.5
G,G,G,G,G,G,5.0
G,G,G,G,G,G,5.5
G,G,G,G,G,G,6.0
G,G,G,G,G,Y,5.5
G,G,G,G,Y,Y,5.0
G,G,G,G,G,G,5.5
G,G,G,G,G,Y,5.0
G,G,G,G,G,G,5.5
G,G,G,G,G,G,6.0
G,G,G,G,G,G,6.5
G,G,G,G,G,G,7.0
G,G,G,G,G,G,7.5
G,G,G,G,G,G,8.0
G,G,G,G,G,G,8.5
G,G,G,G,G,G,9.0
Y,G,G,G,G,G,8.5
Y,G,G,G,G,G,8.0
G,G,G,G,G,G,8.5
G,G,G,G,G,G,9.0
G,G,G,G,G,G,9.5
G,G,G,G,G,G,10.0
G,G,G,G,G,G,10
G,G,G,G,G,G,10
G,G,G,G,G,G,10
G,G,G,G,G,G,10
G,G,G,G,O,O,8.5
G,G,G,G,Y,Y,8.0
G,G,G,G,Y,Y,7.5
G,G,G,Y,Y,Y,7.0
G,G,G,Y,Y,Y,6.5
G,G,G,Y,Y,Y,6.0
G,G,G,Y,Y,Y,5.5
G,G,G,G,Y,Y,5.0
G,G,G,G,Y,Y,4.5
G,G,G,G,Y,Y,4.0
G,G,G,G,G,Y,3.5
G,G,G,G,G,Y,3.0
G,G,G,G,G,G,3.5
G,G,G,G,G,G,4.0
G,G,G,G,G,G,4.5
G,G,G,G,G,G,5.0
Y,G,G,G,G,G,4.5
Y,G,G,G,G,G,4.0
Y,G,G,G,G,G,3.5
G,G,G,G,G,G,4.0
G,G,G,G,G,G,4.5
G,G,G,G,G,G,5.0
G,G,G,G,G,G,5.5
G,G,G,G,G,Y,5.0
G,G,G,G,G,G,5.5
G,G,G,G,Y,Y,5.0
G,G,G,G,G,G,5.5
G,G,G,G,G,Y,5.0
G,G,G,G,G,G,5.5
G,G,G,G,G,G,6.0
G,G,G,G,G,Y,5.5
B,G,G,G,G,G,3.5
G,G,G,G,G,Y,3.0
G,G,G,G,G,Y,2.5
G,G,G,G,G,G,3.0
G,G,G,G,G,G,3.5
G,G,G,G,G,G,4.0
G,G,G,G,G,G,4.5
G,G,G,G,G,G,5.0
G,G,G,G,G,G,5.5
G,G,G,G,G,G,6.0
G,G,G,G,G,Y,5.5
G,G,G,G,G,G,6.0
G,G,G,G,G,Y,5.5
Y,G,G,G,G,G,5.0
G,G,G,G,G,G,5.5
G,G,G,G,G,G,6.0
G,G,G,G,G,G,6.5
G,G,G,G,G,G,7.0
G,G,G,G,G,G,7.5
G,G,G,G,G,G,8.0
G,G,G,G,G,G,8.5
G,G,B,B,B,G,6.5
G,G,G,G,G,Y,6.0
G,G,G,G,G,G,6.5
G,G,G,G,G,G,7.0
G,G,G,G,G,G,7.5
Y,G,G,G,G,G,7.0
G,G,G,G,G,Y,6.5
G,G,G,G,G,G,7.0
G,G,G,G,G,Y,6.5
Y,G,G,G,G,G,6.0
G,G,G,G,G,G,6.5
G,G,G,G,G,G,7.0
G,G,G,G,G,G,7.5
G,G,G,G,G,G,8.0
G,G,G,G,G,Y,7.5
G,G,G,G,G,Y,7.0
G,G,G,G,G,Y,6.5
G,G,G,G,G,Y,6.0
G,G,G,G,G,G,6.5
G,G,G,G,G,Y,6.0
G,G,G,G,Y,Y,5.5
G,G,G,G,Y,Y,5.0
G,G,G,G,Y,Y,4.5
G,G,G,G,G,Y,4.0
G,G,G,G,G,Y,3.5
G,G,G,G,G,Y,3.0
G,G,G,G,G,Y,2.5
G,G,G,G,G,G,3.0
G,G,G,G,G,G,3.5
G,G,G,G,G,G,4.0
G,G,G,G,G,G,4.5
G,G,G,G,G,G,5.0
G,G,G,G,G,G,5.5
G,G,G,G,G,Y,5.0
G,G,G,G,G,G,5.5
Y,G,G,G,G,G,5.0
G,G,G,G,G,G,5.5
G,G,G,G,G,G,6.0
Y,G,G,G,G,G,5.5
G,G,G,G,G,G,6.0
G,G,G,G,G,G,6.5
G,G,G,G,G,G,7.0
Y,G,G,G,G,G,6.5
G,G,G,G,G,G,7.0
G,G,G,G,B,B,5.0
G,G,G,G,G,B,3.0
G,G,G,G,G,G,3.5
G,G,G,G,G,G,4.0
G,G,G,G,G,G,4.5
G,G,G,G,G,G,5.0
Y,G,G,G,G,G,4.5
Y,Y,G,G,G,G,4.0
Y,Y,G,G,G,G,3.5
Y,Y,G,G,G,G,3.0
Y,Y,G,G,G,G,2.5
Y,Y,G,G,G,G,2.0
Y,G,G,G,G,G,1.5
Y,G,G,G,G,G,1.0
G,G,G,G,G,G,1.5
G,G,G,G,G,G,2.0
G,G,G,G,G,G,2.5
G,G,G,G,G,G,3.0
G,G,G,G,G,G,3.5
G,G,G,G,G,G,4.0
G,G,G,G,G,G,4.5
Y,G,G,G,G,G,4.0
G,G,G,G,G,G,4.5
G,G,G,G,G,G,5.0
Y,G,G,G,G,G,4.5
G,G,G,G,G,G,5.0
G,G,G,G,G,G,5.5
Y,G,G,G,G,G,5.0
G,G,G,G,G,G,5.5
Y,G,G,G,G,G,5.0
Y,G,G,G,G,G,4.5
G,G,G,G,G,G,5.0
Y,G,G,G,G,G,4.5
Y,G,G,G,G,G,4.0
G,G,G,G,G,G,4.5
Y,G,G,G,G,G,4.0
G,G,G,G,G,G,4.5
G,G,G,G,G,G,5.0
Y,G,G,G,G,G,4.5
G,G,G,G,G,G,5.0
G,G,G,G,O,O,3.5
Y,G,G,G,G,O,2.0
Y,Y,G,G,G,G,1.5
Y,G,G,G,G,O,0.0
Y,G,G,G,G,O,0.0
Y,G,G,G,G,O,0.0
Y,G,G,G,G,O,0.0
Y,G,G,G,G,O,0.0
Y,G,G,G,G,O,0.0
Y,G,G,G,G,O,0.0
Y,G,G,G,G,O,0.0
Y,G,G,G,G,O,0.0
Y,G,G,G,G,O,0.0
Y,G,G,G,G,O,0.0
Y,G,G,G,G,O,0.0
Y,G,G,G,G,O,0.0
Y,G,G,G,G,G,1.0
Y,G,G,G,G,O,0
Y,G,G,G,G,G,1.0
G,G,G,G,G,O,0
Y,G,G,G,G,G,1.0
Y,G,G,G,G,G,0.5
G,G,G,G,G,G,2.0
G,G,G,G,G,G,2.5
G,G,G,G,G,G,3.0
G,G,G,G,G,G,3.5
G,G,G,G,G,G,4.0
G,G,G,G,G,G,4.5
G,G,G,G,G,G,5.0
G,G,G,G,G,G,5.5
G,G,G,G,G,Y,5.0
G,G,G,G,G,G,5.5
G,G,G,G,G,G,6.0
G,G,G,G,G,G,6.5
G,G,G,G,G,G,7.0
G,G,G,G,O,G,5.5
G,G,G,G,G,O,4.0
Y,Y,G,G,G,G,3.5
Y,Y,G,G,G,G,3.0
Y,G,G,G,G,G,2.5
Y,G,G,G,G,O,1.0
Y,G,G,G,G,G,0.5
G,G,G,G,G,O,0.0
Y,Y,G,G,G,G,1.0
Y,G,G,G,G,G,0.5
G,G,G,G,G,G,2.0
G,G,G,G,G,G,2.5
G,G,G,G,G,G,3.0
G,G,G,G,G,G,3.5
G,G,G,G,G,G,4.0
G,G,G,G,G,G,4.5
G,G,G,G,G,G,5.0
G,G,G,G,G,G,5.5
G,G,G,G,G,Y,5.0
G,G,G,G,G,Y,4.5
G,G,G,G,G,G,5.0
G,G,G,G,G,Y,4.5
G,G,G,G,G,G,5.0
G,G,G,G,G,G,5.5
G,G,G,G,G,Y,5.0
G,G,G,G,G,Y,4.5
G,G,G,G,G,G,5.0
G,G,G,G,G,G,5.5
G,G,G,G,G,Y,5.0
G,G,G,G,G,Y,4.5
G,G,G,G,G,G,5.0
G,G,G,G,G,Y,4.5
G,G,G,G,Y,Y,4.0
G,G,G,G,G,G,4.5
G,G,G,G,G,Y,4.0
G,G,G,G,G,G,4.5
G,G,G,G,G,Y,4.0
G,G,G,G,G,Y,3.5
G,G,G,G,G,Y,3.0
G,G,G,G,G,G,3.5
G,G,G,G,G,G,4.0
G,G,G,G,G,Y,3.5
G,G,G,G,G,Y,3.0
G,G,G,G,G,G,3.5
G,G,G,G,G,G,4.0
G,G,G,G,G,G,4.5
G,G,G,G,G,G,5.0
G,G,G,G,G,Y,4.5
G,G,G,G,G,G,5.0
G,G,G,G,G,Y,4.5
G,G,G,G,G,G,5.0
G,G,G,G,G,G,5.5
G,G,G,G,G,Y,5.0
G,G,G,G,G,G,5.5
B,G,G,G,G,G,3.5
G,G,G,G,G,G,4.0
G,G,G,G,G,Y,3.5
G,G,G,G,G,G,4.0
G,G,G,G,G,G,4.5
G,G,G,G,G,G,5.0
G,G,G,G,G,G,5.5
G,G,G,G,G,Y,5.0
G,G,G,G,G,G,5.5
Y,G,G,G,G,G,5.0
G,G,G,G,G,G,5.5
G,G,G,G,G,G,6.0
Y,G,G,G,G,G,5.5
G,G,G,G,G,G,6.0
G,G,G,G,G,Y,5.5
G,G,G,G,G,G,6.0
G,G,B,B,B,G,4.0
Y,G,G,G,B,G,2.5
G,G,G,G,G,G,3.0
G,G,G,G,G,G,3.5
G,G,G,G,G,G,4.0
G,G,G,G,G,G,4.5
G,G,G,G,G,G,5.0
G,G,G,G,G,G,5.5
G,G,G,G,G,Y,5.0
G,G,G,G,G,G,5.5
G,G,G,G,G,G,6.0
G,G,G,G,G,Y,5.5
G,G,G,G,G,G,6.0
Y,G,G,G,G,G,5.5
G,G,G,G,G,G,6.0
G,G,G,G,G,G,6.5
G,G,G,G,G,G,7.0
G,G,G,G,G,Y,6.5
G,G,G,G,G,Y,6.0
G,G,G,G,G,G,6.5
G,G,G,G,G,Y,6.0
G,G,G,G,G,Y,5.5
G,G,G,G,G,G,6.0
G,G,G,G,Y,Y,5.5
G,G,G,G,G,G,6.0
G,O,G,G,G,Y,4.5
O,O,O,O,Y,Y,3.0
O,O,O,G,Y,Y,1.5
O,O,G,Y,Y,Y,0.0
O,O,G,Y,Y,Y,0.0
O,O,G,Y,Y,Y,0.0
O,O,G,Y,Y,Y,0.0
O,O,G,Y,Y,Y,0.0
O,O,G,Y,Y,Y,0.0
O,O,G,G,Y,Y,0.0
O,O,G,G,Y,Y,0.0
O,O,G,G,Y,Y,0.0
O,O,G,G,Y,Y,0.0
G,O,G,G,Y,Y,0.0
G,G,G,G,Y,Y,1.0
G,G,G,G,G,Y,0.5
G,G,G,G,G,G,2.0
G,G,G,G,G,G,2.5
G,G,G,G,G,G,3.0
G,G,G,G,G,G,3.5
G,G,G,G,G,G,4.0
G,G,G,G,G,G,4.5
G,G,G,G,G,G,5.0
G,G,G,G,G,G,5.5
Y,Y,Y,Y,G,G,5.0
Y,Y,Y,G,G,G,4.5
Y,Y,Y,G,G,G,4.0
Y,Y,Y,G,G,G,3.5
Y,Y,Y,G,G,G,3.0
Y,Y,G,G,G,G,2.5
Y,Y,G,G,G,G,2.0
Y,Y,Y,G,G,G,1.5
Y,Y,G,G,G,G,1.0
Y,G,G,G,G,G,0.5
Y,G,G,G,G,G,1.0
Y,G,G,G,G,G,0.5
Y,G,G,G,G,G,1.0
G,G,G,G,G,G,1.5
G,G,G,G,G,G,2.0
G,G,G,G,G,G,2.5
G,G,G,G,G,G,3.0
G,G,G,G,G,G,3.5
G,G,G,G,G,G,4.0
G,G,G,G,G,G,4.5
G,G,G,G,G,G,5.0
G,G,G,G,G,G,5.5
G,G,G,G,G,G,6.0
G,G,G,G,G,G,6.5
G,G,G,G,G,G,7.0
G,G,G,G,G,G,7.5
G,G,G,G,G,G,8.0
G,G,G,G,G,G,8.5
G,G,G,G,G,G,9.0
G,G,G,G,Y,Y,8.5
G,G,G,Y,Y,Y,8.0
G,G,G,Y,Y,Y,7.5
G,G,G,Y,Y,Y,7.0
G,G,G,Y,Y,Y,6.5
G,G,G,Y,Y,Y,6.0
G,G,G,G,Y,Y,5.5
G,G,G,G,Y,Y,5.0
G,G,G,B,G,Y,3.5
G,G,G,B,B,G,1.5
G,G,G,B,B,B,0
Y,Y,G,G,B,B,0.0
Y,G,G,G,B,B,0.0
Y,G,G,B,B,B,0.0
G,G,B,B,B,G,0
G,G,B,B,B,Y,0.0
G,G,B,B,B,Y,0.0
G,G,B,B,B,Y,0.0
G,G,B,G,G,Y,0.0
G,G,B,G,G,Y,0.0
G,G,B,G,G,Y,0.0
G,G,G,G,G,Y,1.0
G,G,G,G,G,G,1.5
G,G,G,G,G,G,2.0
G,G,G,G,G,G,2.5
G,G,G,G,G,G,3.0
G,G,G,G,G,G,3.5
G,G,G,G,G,Y,3.0
G,G,G,G,G,G,3.5
G,G,G,G,G,G,4.0
G,G,G,G,G,G,4.5
G,G,G,G,G,Y,4.0
G,G,G,G,G,G,4.5
G,G,G,G,G,Y,4.0
G,G,G,G,G,Y,3.5
G,G,G,G,G,G,4.0
G,G,G,G,G,G,4.5
G,G,G,G,G,Y,4.0
G,G,G,G,G,Y,3.5
G,G,G,G,G,Y,3.0
G,G,G,G,G,Y,2.5
G,G,G,G,G,Y,2.0
G,G,G,G,G,G,2.5
G,G,G,G,G,G,3.0
G,G,G,G,G,G,3.5
G,G,G,G,G,G,4.0
G,G,G,G,G,G,4.5
G,G,G,G,O,O,3.0
G,G,G,G,G,G,3.5
G,G,G,G,G,G,4.0
G,G,G,G,G,G,4.5
G,G,G,G,G,G,5.0
G,G,G,G,G,G,5.5
G,G,G,G,G,G,6.0
Y,G,G,G,G,G,5.5
G,G,G,G,G,G,6.0
G,G,G,G,G,G,6.5
G,G,G,G,G,G,7.0
Y,G,G,G,G,G,6.5
G,G,G,G,G,Y,6.0
G,G,G,G,G,G,6.5
G,G,G,G,G,G,7.0
G,G,G,G,G,Y,6.5
G,G,G,G,G,G,7.0
G,G,G,G,G,Y,6.5
G,G,G,G,G,G,7.0
G,G,G,G,G,G,7.5
G,G,G,G,G,G,8.0
G,G,G,G,G,G,8.5
Y,G,G,G,G,G,8.0
Y,G,G,G,G,G,7.5
Y,G,G,G,G,G,7.0
Y,G,G,G,G,G,6.5
Y,G,G,G,G,G,6.0
Y,G,G,G,G,G,5.5
G,G,G,G,G,G,6.0
G,G,G,G,G,G,6.5
G,G,G,G,G,G,7.0
G,G,G,G,G,G,7.5
G,G,G,G,G,G,8.0
G,G,G,G,G,G,8.5
G,G,G,G,G,G,9.0
G,G,G,G,G,G,9.5
G,G,G,G,G,G,10.0
Y,G,G,G,G,G,9.5
G,G,G,G,G,G,10.0
G,G,G,G,G,G,10
G,G,G,G,G,G,10
Y,G,G,G,G,G,9.5
G,G,G,G,G,G,10.0
G,G,G,G,G,G,10
G,G,G,G,G,G,10
G,G,G,G,G,G,10
G,G,G,G,G,G,10
G,G,G,G,G,G,10
G,G,G,G,G,G,10
G,G,G,G,G,O,8.5
G,G,G,G,Y,Y,8.0
G,G,G,G,Y,Y,7.5
G,G,G,G,Y,Y,7.0
G,G,G,G,Y,Y,6.5
G,G,G,G,Y,Y,6.0
G,G,G,G,Y,Y,5.5
G,G,G,G,Y,Y,5.0
G,G,G,G,Y,Y,4.5
G,G,G,G,G,Y,4.0
G,G,G,G,G,Y,3.5
G,G,G,G,G,G,4.0
G,G,G,G,G,G,4.5
G,G,G,G,G,G,5.0
G,G,G,G,G,G,5.5
Y,Y,G,G,G,G,5.0
G,G,G,G,G,G,5.5
G,G,G,G,G,G,6.0
G,G,G,G,G,G,6.5
G,G,G,G,G,G,7.0
G,G,G,G,G,G,7.5
G,G,G,G,G,Y,7.0
G,G,G,G,G,G,7.5
G,G,G,G,G,Y,7.0
G,G,G,G,G,G,7.5
G,G,G,G,Y,Y,7.0
G,G,G,G,G,G,7.5
G,G,G,G,G,G,8.0
G,G,G,G,G,Y,7.5
G,G,G,G,G,Y,7.0
Y,G,G,G,G,Y,7.5
G,G,G,G,G,Y,7.0
G,G,G,G,G,G,7.5
G,G,G,G,G,G,8.0
G,G,G,G,G,G,8.5
G,G,G,G,G,G,9.0
G,G,G,G,G,Y,8.5
Y,G,G,G,G,G,8.0
G,G,G,G,G,G,8.5
G,G,G,G,G,G,9.0
G,G,G,B,B,G,7.0
Y,G,G,G,G,G,6.5
Y,G,G,G,G,G,6.0
G,G,G,G,G,Y,5.5
Y,G,G,G,G,G,5.0
G,G,G,G,G,G,5.5
G,G,G,G,G,G,6.0
G,G,G,G,G,G,6.5
G,G,G,G,G,G,7.0
G,G,G,G,G,Y,6.5
G,G,G,G,G,G,7.0
G,G,G,G,G,G,7.5
G,G,G,G,G,G,8.0
G,G,G,G,G,G,8.5
G,G,G,G,G,Y,8.0
G,G,G,G,G,G,8.5
G,G,G,G,G,Y,8.0
G,G,G,G,G,Y,7.5
G,G,G,G,G,Y,7.0
G,G,G,G,G,Y,6.5
G,G,G,G,G,Y,6.0
G,G,G,G,G,Y,5.5
G,G,G,G,G,Y,5.0
G,G,G,G,G,Y,4.5
G,G,G,G,G,Y,4.0
G,G,G,G,G,Y,3.5
G,G,G,G,G,G,4.0
G,G,G,G,G,Y,3.5
G,G,G,G,G,G,4.0
G,G,G,G,G,G,4.5
G,G,G,G,G,Y,4.0
G,G,G,G,G,G,4.5
G,G,G,G,G,G,5.0
Y,G,G,G,G,G,4.5
G,G,G,G,G,G,5.0
Y,G,G,G,G,G,4.5
G,G,G,G,G,G,5.0
G,G,G,G,G,G,5.5
G,G,G,G,G,G,6.0
G,G,G,G,G,G,6.5
G,G,G,G,G,G,7.0
G,G,G,G,G,G,7.5
G,G,G,G,G,G,8.0
G,G,G,G,B,B,6.0
G,G,G,G,G,G,6.5
G,G,G,G,G,G,7.0
G,G,G,G,G,G,7.5
Y,Y,G,G,G,G,7.0
Y,Y,G,G,G,G,6.5
Y,Y,G,G,G,G,6.0
Y,Y,Y,G,G,G,5.5
Y,Y,G,G,G,G,5.0
Y,Y,G,G,G,G,4.5
Y,Y,G,G,G,G,4.0
Y,Y,G,G,G,G,3.5
Y,G,G,G,G,G,3.0
Y,G,G,G,G,G,2.5
Y,G,G,G,G,G,2.0
G,G,G,G,G,G,2.5
G,G,G,G,G,G,3.0
G,G,G,G,G,G,3.5
G,G,G,G,G,G,4.0
G,G,G,G,Y,Y,3.5
G,G,G,G,G,Y,3.0
G,G,G,G,G,G,3.5
G,G,G,G,G,G,4.0
G,G,G,G,G,G,4.5
G,G,G,G,G,G,5.0
G,Y,G,G,G,G,4.5
G,G,G,G,G,G,5.0
Y,G,G,G,G,G,4.5
G,G,G,G,G,G,5.0
Y,G,G,G,G,G,4.5
Y,G,G,G,G,G,4.0
G,G,G,G,G,G,4.5
Y,G,G,G,G,G,4.0
Y,G,G,G,G,G,3.5
G,G,G,G,G,G,4.0
Y,Y,G,G,G,G,3.5
G,G,G,G,G,G,4.0
G,G,G,G,G,G,4.5
Y,G,G,G,G,G,4.0
G,G,G,G,G,G,4.5
G,G,G,G,O,G,3.0
Y,G,G,G,G,O,1.5
Y,G,G,G,G,O,0.0
Y,Y,G,G,G,O,0.0
Y,Y,G,G,G,G,1.0
Y,Y,G,G,G,O,0
Y,Y,G,G,G,O,0.0
Y,Y,G,G,G,O,0.0
Y,G,G,G,G,O,0.0
Y,G,G,G,G,O,0.0
Y,G,G,G,G,O,0.0
Y,G,G,G,G,O,0.0
Y,G,G,G,G,O,0.0
Y,G,G,G,G,O,0.0
Y,G,G,G,G,O,0.0
Y,G,G,G,G,O,0.0
Y,G,G,G,G,O,0.0
Y,G,G,G,G,O,0.0
Y,G,G,G,G,O,0.0
Y,G,G,G,G,O,0.0
Y,G,G,G,G,O,0.0
Y,G,G,G,G,G,1.0
Y,G,G,G,G,O,0
Y,G,G,G,G,O,0.0
Y,G,G,G,G,G,1.0
G,G,G,G,G,O,0
Y,G,G,G,G,G,1.0
Y,G,G,G,G,G,0.5
G,G,G,G,G,G,2.0
G,G,G,G,G,G,2.5
G,G,G,G,G,G,3.0
Y,G,G,G,G,G,2.5
G,G,G,G,G,G,3.0
G,G,G,G,G,G,3.5
G,G,G,G,G,G,4.0
G,G,G,G,G,Y,3.5
G,G,G,G,G,Y,3.0
G,G,G,G,G,G,3.5
G,G,G,G,G,G,4.0
G,G,G,G,G,G,4.5
G,G,G,G,G,G,5.0
G,G,G,G,G,G,5.5
G,G,G,G,G,G,6.0
G,G,G,G,G,G,6.5
G,G,G,G,O,G,5.0
G,G,G,G,G,O,3.5
Y,Y,G,G,G,G,3.0
Y,Y,Y,G,G,G,2.5
Y,G,G,G,G,G,2.0
Y,G,G,G,G,O,0.5
Y,G,G,G,G,O,0.0
Y,G,G,G,G,O,0.0
Y,G,G,G,G,O,0.0
Y,G,G,G,G,O,0.0
Y,G,G,G,G,G,1.0
G,G,G,G,G,O,0
Y,Y,G,G,G,G,1.0
Y,G,G,G,G,G,0.5
G,G,G,G,G,G,2.0
G,G,G,G,G,G,2.5
G,G,G,G,G,G,3.0
G,G,G,G,G,G,3.5
G,G,G,G,G,G,4.0
G,G,G,G,G,G,4.5
G,G,G,G,G,G,5.0
G,G,G,G,G,G,5.5
G,G,G,G,G,Y,5.0
G,G,G,G,Y,Y,4.5
G,G,G,G,G,G,5.0
G,G,G,G,G,Y,4.5
G,G,G,G,G,G,5.0
G,G,G,G,G,G,5.5
G,G,G,G,G,Y,5.0
G,G,G,G,G,G,5.5
G,G,G,G,G,Y,5.0
G,G,G,G,G,Y,4.5
G,G,G,G,G,G,5.0
G,G,G,G,Y,Y,4.5
G,G,G,G,G,G,5.0
G,G,G,G,G,Y,4.5
G,G,G,G,G,Y,4.0
G,G,G,G,G,G,4.5
G,G,G,G,G,G,5.0
G,G,G,G,G,Y,4.5
G,G,G,G,G,Y,4.0
G,G,G,G,G,Y,3.5
G,G,G,G,G,Y,3.0
G,G,G,G,G,G,3.5
G,G,G,G,G,G,4.0
G,G,G,G,G,Y,3.5
G,G,G,G,G,Y,3.0
G,G,G,G,G,G,3.5
G,G,G,G,G,G,4.0
G,G,G,G,G,G,4.5
G,G,G,G,G,G,5.0
G,G,G,G,G,Y,4.5
G,G,G,G,G,Y,4.0
G,G,G,G,G,G,4.5
G,G,G,G,G,G,5.0
G,G,G,G,G,G,5.5
G,G,G,G,G,G,6.0
G,G,G,G,G,Y,5.5
B,G,G,G,G,G,3.5
G,G,G,G,G,Y,3.0
G,G,G,G,G,G,3.5
G,G,G,G,G,G,4.0
G,G,G,G,G,G,4.5
G,G,G,G,G,G,5.0
Y,G,G,G,G,G,4.5
G,G,G,G,G,G,5.0
G,G,G,G,G,G,5.5
G,G,G,G,G,Y,5.0
G,G,G,G,G,G,5.5
G,G,G,G,G,G,6.0
G,G,G,G,G,G,6.5
Y,G,G,G,G,Y,7.0
G,G,B,B,G,G,5.0
G,G,G,B,G,Y,3.5
G,G,G,G,G,Y,3.0
G,G,G,G,G,G,3.5
G,G,G,G,G,G,4.0
G,G,G,G,G,G,4.5
G,G,G,G,G,G,5.0
G,G,G,G,G,G,5.5
Y,Y,G,G,G,G,5.0
G,G,G,G,G,G,5.5
Y,G,G,G,G,G,5.0
G,G,G,G,G,G,5.5
G,G,G,G,G,G,6.0
G,G,G,G,G,G,6.5
G,G,G,G,G,G,7.0
G,G,G,G,G,Y,6.5
G,G,G,G,Y,Y,6.0
G,G,G,G,G,G,6.5
G,G,G,G,Y,Y,6.0
G,G,G,G,G,G,6.5
G,G,G,G,G,Y,6.0
G,G,G,G,G,G,6.5
G,G,G,G,G,Y,6.0
G,G,G,G,G,G,6.5
G,G,G,G,G,Y,6.0
G,G,G,G,G,G,6.5
O,O,O,G,G,Y,5.0
O,O,O,G,Y,Y,3.5
O,O,G,Y,Y,Y,2.0
O,O,G,G,Y,Y,0.5
O,O,G,G,Y,Y,0.0
G,O,G,G,Y,Y,0.0
G,G,G,G,Y,Y,1.0
G,G,G,G,G,Y,0.5
G,G,G,G,G,G,2.0
G,G,G,G,G,G,2.5
G,G,G,G,G,G,3.0
G,G,G,G,G,G,3.5
G,G,G,G,G,G,4.0
G,G,G,G,G,G,4.5
G,G,G,G,G,G,5.0
G,G,G,G,G,G,5.5
Y,Y,Y,Y,G,G,5.0
Y,Y,Y,G,G,G,4.5
Y,Y,Y,G,G,G,4.0
Y,Y,Y,G,G,G,3.5
Y,Y,Y,G,G,G,3.0
Y,Y,G,G,G,G,2.5
Y,Y,G,G,G,G,2.0
Y,Y,G,G,G,G,1.5
Y,Y,G,G,G,G,1.0
Y,G,G,G,G,G,0.5
Y,G,G,G,G,G,1.0
Y,G,G,G,G,G,0.5
Y,G,G,G,G,G,1.0
Y,G,G,G,G,G,0.5
G,G,G,G,G,G,2.0
G,G,G,G,G,G,2.5
Y,G,G,G,G,G,2.0
G,G,G,G,G,G,2.5
G,G,G,G,G,G,3.0
G,G,G,G,G,G,3.5
G,G,G,G,G,Y,3.0
G,G,G,G,G,G,3.5
G,G,G,G,G,Y,3.0
G,G,G,G,G,G,3.5
G,G,G,G,G,G,4.0
G,G,G,G,G,G,4.5
G,G,G,G,G,G,5.0
G,G,G,G,G,G,5.5
G,G,G,G,G,G,6.0
G,G,G,G,G,G,6.5
G,G,G,G,G,G,7.0
G,G,G,G,G,G,7.5
G,G,G,G,G,Y,7.0
G,G,G,G,G,Y,6.5
G,G,G,G,G,Y,6.0
G,G,G,G,G,Y,5.5
G,G,G,G,G,Y,5.0
G,G,G,G,G,Y,4.5
G,G,G,G,G,G,5.0
G,G,G,G,G,Y,4.5
G,G,G,G,G,G,5.0
Y,G,G,G,G,G,4.5
G,G,G,G,G,G,5.0
G,G,B,B,G,G,3.0
G,B,B,B,G,Y,1.5
G,B,G,B,Y,Y,0.0
G,G,G,G,Y,Y,1.0
G,B,G,G,G,Y,0
G,B,G,G,G,Y,0.0
G,B,G,G,Y,Y,0.0
G,B,G,G,Y,Y,0.0
G,G,G,G,Y,Y,1.0
G,G,G,G,G,Y,0.5
G,G,B,G,G,G,0
G,G,G,G,G,Y,1.0
G,G,B,G,G,G,0
G,G,G,G,G,Y,1.0
G,G,G,G,G,Y,0.5
G,G,G,G,G,G,2.0
G,G,G,G,G,G,2.5
G,G,G,G,G,Y,2.0
G,G,G,G,G,G,2.5
G,G,G,G,G,G,3.0
G,G,G,G,G,G,3.5
G,G,G,G,G,G,4.0
G,G,G,G,G,G,4.5
G,G,G,G,G,G,5.0
G,G,G,G,G,Y,4.5
G,G,G,G,G,G,5.0
G,G,G,G,G,Y,4.5
G,G,G,G,G,Y,4.0
G,G,G,G,G,Y,3.5
G,G,G,G,G,G,4.0
G,G,G,G,G,Y,3.5
G,G,G,G,G,Y,3.0
G,G,G,G,G,Y,2.5
G,G,G,G,G,Y,2.0
G,G,G,G,G,G,2.5
G,G,G,G,G,G,3.0
G,G,G,G,G,G,3.5
G,G,G,G,G,Y,3.0
G,G,G,G,G,O,1.5
G,G,G,G,G,O,0.0
G,G,G,G,G,G,2.0
G,G,G,G,G,G,2.5
G,G,G,G,G,G,3.0
G,G,G,G,G,G,3.5
Y,Y,G,G,G,G,3.0
Y,Y,G,G,G,G,2.5
Y,Y,G,G,G,G,2.0
Y,Y,G,G,G,G,1.5
Y,G,G,G,G,G,1.0
Y,G,G,G,G,G,0.5
Y,G,G,G,G,G,1.0
G,G,G,G,G,G,1.5
G,G,G,G,G,G,2.0
G,G,G,G,G,G,2.5
G,G,G,G,G,G,3.0
G,G,G,G,G,G,3.5
G,G,G,G,G,G,4.0
G,G,G,G,G,G,4.5
G,G,G,G,G,Y,4.0
G,G,G,G,G,Y,3.5
G,G,G,G,Y,Y,3.0
G,G,G,G,G,Y,2.5
G,G,G,G,G,G,3.0
G,G,G,G,G,G,3.5
G,G,G,G,G,G,4.0
G,G,G,G,G,G,4.5
G,G,G,G,G,G,5.0
G,G,G,G,G,G,5.5
G,G,G,G,G,G,6.0
G,G,G,G,G,G,6.5
G,G,G,G,G,G,7.0
G,G,G,G,G,G,7.5
G,G,G,G,G,G,8.0
G,G,G,G,G,G,8.5
G,G,G,G,G,Y,8.0
G,G,G,G,G,G,8.5
Y,G,G,G,G,G,8.0
G,G,G,G,G,G,8.5
Y,G,G,G,G,G,8.0
Y,Y,G,G,G,G,7.5
Y,Y,G,G,G,G,7.0
Y,G,G,G,G,G,6.5
Y,G,G,G,G,G,6.0
Y,G,G,G,G,G,5.5
Y,G,G,G,G,G,5.0
G,G,G,G,G,G,5.5
G,G,G,G,G,Y,5.0
G,G,G,G,G,G,5.5
G,G,G,G,G,G,6.0
G,G,G,G,G,Y,5.5
G,G,G,G,G,G,6.0
G,G,G,G,G,G,6.5
G,G,G,G,G,G,7.0
G,G,G,G,G,G,7.5
G,G,G,G,G,G,8.0
G,G,G,G,G,G,8.5
G,G,G,G,G,G,9.0
G,G,G,G,G,G,9.5
Y,G,G,G,G,G,9.0
G,G,G,G,G,G,9.5
Y,G,G,G,G,G,9.0
G,G,G,G,G,G,9.5
G,G,G,G,G,G,10.0
G,G,G,G,G,G,10
G,G,G,G,G,G,10
G,G,G,G,G,G,10
G,G,G,G,G,G,10
G,G,G,G,G,G,10
G,G,G,G,G,O,8.5
G,G,G,G,Y,Y,8.0
G,G,G,G,Y,Y,7.5
G,G,G,G,Y,Y,7.0
G,G,G,G,Y,Y,6.5
G,G,G,G,Y,Y,6.0
G,G,G,G,Y,Y,5.5
G,G,G,G,Y,Y,5.0
G,G,G,G,Y,Y,4.5
G,G,G,G,G,Y,4.0
G,G,G,G,G,Y,3.5
G,G,G,G,G,G,4.0
G,G,G,G,G,G,4.5
G,G,G,G,G,G,5.0
G,G,G,G,G,G,5.5
Y,Y,G,G,G,G,5.0
G,G,G,G,G,G,5.5
G,G,G,G,G,G,6.0
G,G,G,G,G,G,6.5
G,G,G,G,G,G,7.0
G,G,G,G,G,G,7.5
G,G,G,G,G,Y,7.0
G,G,G,G,G,G,7.5
G,G,G,G,Y,Y,7.0
G,G,G,G,G,G,7.5
G,G,G,G,G,Y,7.0
G,G,G,G,G,G,7.5
G,G,G,G,G,Y,7.0
G,G,G,G,G,G,7.5
G,G,G,G,G,G,8.0
G,G,G,G,G,Y,7.5
G,G,G,G,G,G,8.0
G,G,G,G,G,G,8.5
G,G,G,G,G,G,9.0
G,G,G,G,G,G,9.5
G,G,G,G,G,G,10.0
G,G,G,G,G,G,10
G,G,G,G,G,G,10
G,G,G,B,B,G,8.0
Y,G,G,G,G,G,7.5
Y,G,G,G,G,G,7.0
G,G,G,G,G,Y,6.5
Y,G,G,G,G,G,6.0
G,G,G,G,G,Y,5.5
G,G,G,G,G,G,6.0
Y,G,G,G,G,G,5.5
G,G,G,G,G,G,6.0
G,G,G,G,G,G,6.5
G,G,G,G,G,G,7.0
G,G,G,G,G,Y,6.5
G,G,G,G,G,Y,6.0
Y,G,G,G,G,G,5.5
G,G,G,G,G,Y,5.0
Y,G,G,G,G,G,4.5
G,G,G,G,G,G,5.0
G,G,G,G,G,G,5.5
G,G,G,G,G,Y,5.0
G,G,G,G,G,G,5.5
G,G,G,G,G,Y,5.0
G,G,G,G,G,G,5.5
G,G,G,G,G,Y,5.0
G,G,G,G,G,Y,4.5
G,G,G,G,G,Y,4.0
G,G,G,G,G,Y,3.5
G,G,G,G,G,Y,3.0
G,G,G,G,G,Y,2.5
G,G,G,G,G,Y,2.0
G,G,G,G,G,Y,1.5
G,G,G,G,G,G,2.0
G,G,G,G,G,G,2.5
G,G,G,G,G,G,3.0
G,G,G,G,G,G,3.5
G,G,G,G,G,G,4.0
G,G,G,G,G,G,4.5
G,G,G,G,G,Y,4.0
G,G,G,G,G,G,4.5
G,G,G,G,G,G,5.0
G,G,G,G,G,Y,4.5
G,G,G,G,G,G,5.0
G,G,G,G,G,G,5.5
G,G,G,G,G,G,6.0
G,G,G,G,G,G,6.5
G,G,G,G,G,G,7.0
G,G,G,G,G,G,7.5
G,G,G,G,G,G,8.0
G,G,G,G,G,G,8.5
Y,G,G,G,G,G,8.0
G,G,G,G,G,B,6.0
Y,G,G,G,G,G,5.5
Y,G,G,G,G,G,5.0
G,G,G,G,G,G,5.5
G,G,G,G,G,G,6.0
Y,G,G,G,G,G,5.5
Y,G,G,G,G,G,5.0
Y,G,G,G,G,G,4.5
Y,G,G,G,G,G,4.0
G,G,G,G,G,G,4.5
Y,G,G,G,G,G,4.0
G,G,G,G,G,G,4.5
G,G,G,G,G,G,5.0
Y,G,G,G,G,G,4.5
G,G,G,G,G,G,5.0
Y,G,G,G,G,G,4.5
G,G,G,G,G,G,5.0
G,G,G,G,G,G,5.5
Y,G,G,G,G,G,5.0
G,G,G,G,G,G,5.5
Y,G,G,G,G,G,5.0
G,G,G,G,G,G,5.5
Y,G,G,G,G,G,5.0
G,G,G,G,G,G,5.5
Y,G,G,G,G,G,5.0
Y,G,G,G,G,G,4.5
Y,G,G,G,G,G,4.0
G,G,G,G,G,G,4.5
Y,G,G,G,G,G,4.0
G,G,G,G,G,G,4.5
G,G,G,G,G,G,5.0
Y,G,G,G,G,G,4.5
G,G,G,G,G,G,5.0
G,G,G,G,O,G,3.5
Y,G,G,G,G,O,2.0
Y,Y,G,G,G,O,0.5
Y,Y,G,G,G,G,1.0
Y,G,G,G,G,O,0
Y,G,G,G,G,O,0.0
Y,G,G,G,G,O,0.0
Y,G,G,G,G,O,0.0
Y,G,G,G,G,O,0.0
Y,G,G,G,G,O,0.0
Y,G,G,G,G,O,0.0
Y,G,G,G,G,O,0.0
Y,G,G,G,G,O,0.0
Y,G,G,G,G,O,0.0
Y,G,G,G,G,O,0.0
Y,G,G,G,G,O,0.0
Y,G,G,G,G,O,0.0
Y,G,G,G,G,G,1.0
Y,G,G,G,G,O,0
Y,G,G,G,G,O,0.0
Y,G,G,G,G,G,1.0
G,G,G,G,G,O,0
Y,G,G,G,G,G,1.0
Y,G,G,G,G,G,0.5
G,G,G,G,G,G,2.0
G,G,G,G,G,G,2.5
G,G,G,G,G,G,3.0
G,G,G,G,G,G,3.5
G,G,G,G,G,G,4.0
G,G,G,G,G,G,4.5
G,G,G,G,G,G,5.0
G,G,G,G,G,G,5.5
G,G,G,G,G,Y,5.0
G,G,G,G,G,G,5.5
G,G,G,G,G,G,6.0
G,G,G,G,G,G,6.5
G,G,G,G,G,G,7.0
G,G,G,G,O,G,5.5
G,G,G,G,G,O,4.0
Y,Y,G,G,G,G,3.5
Y,Y,G,G,G,G,3.0
Y,G,G,G,G,G,2.5
Y,G,G,G,G,O,1.0
Y,G,G,G,G,G,0.5
G,G,G,G,G,G,2.0
G,G,G,G,G,G,2.5
G,G,G,G,G,G,3.0
G,G,G,G,G,G,3.5
G,G,G,G,G,G,4.0
G,G,G,G,G,G,4.5
G,G,G,G,G,G,5.0
G,G,G,G,G,G,5.5
G,G,G,G,G,Y,5.0
G,G,G,G,G,Y,4.5
G,G,G,G,G,G,5.0
G,G,G,G,G,G,5.5
G,G,G,G,G,Y,5.0
G,G,G,G,G,G,5.5
G,G,G,G,G,Y,5.0
G,G,G,G,G,Y,4.5
G,G,G,G,G,G,5.0
G,G,G,G,G,G,5.5
G,G,G,G,G,Y,5.0
G,G,G,G,G,Y,4.5
G,G,G,G,G,G,5.0
G,G,G,G,G,Y,4.5
G,G,G,G,G,Y,4.0
G,G,G,G,G,G,4.5
G,G,G,G,G,Y,4.0
G,G,G,G,G,G,4.5
G,G,G,G,Y,Y,4.0
G,G,G,G,G,Y,3.5
G,G,G,G,G,G,4.0
G,G,G,G,G,Y,3.5
G,G,G,G,G,Y,3.0
G,G,G,G,G,G,3.5
G,G,G,G,G,G,4.0
G,G,G,G,G,Y,3.5
G,G,G,G,G,G,4.0
G,G,G,G,G,G,4.5
G,G,G,G,G,G,5.0
G,G,G,G,G,Y,4.5
G,G,G,G,G,G,5.0
G,G,G,G,G,Y,4.5
G,G,G,G,G,G,5.0
G,G,G,G,G,G,5.5
G,G,G,G,G,Y,5.0
G,G,G,G,G,G,5.5
B,G,G,G,G,G,3.5
G,G,G,G,G,Y,3.0
G,G,G,G,G,G,3.5
G,G,G,G,G,G,4.0
G,G,G,G,G,G,4.5
G,G,G,G,G,G,5.0
Y,G,G,G,G,G,4.5
G,G,G,G,G,G,5.0
G,G,G,G,G,G,5.5
G,G,G,G,G,Y,5.0
G,G,G,G,G,G,5.5
G,G,G,G,G,G,6.0
G,G,G,G,G,G,6.5
Y,G,G,G,G,Y,7.0
G,G,B,B,G,G,5.0
G,G,G,B,G,Y,3.5
G,G,G,G,G,Y,3.0
G,G,G,G,G,G,3.5
G,G,G,G,G,G,4.0
G,G,G,G,G,G,4.5
G,G,G,G,G,G,5.0
Y,G,G,G,G,G,4.5
G,G,G,G,G,G,5.0
G,G,G,G,G,G,5.5
G,G,G,G,G,G,6.0
G,G,G,G,G,G,6.5
G,G,G,G,G,G,7.0
G,G,G,G,G,G,7.5
G,G,G,G,G,G,8.0
G,G,G,G,G,G,8.5
G,G,G,G,G,Y,8.0
G,G,G,G,G,Y,7.5
G,G,G,G,G,Y,7.0
G,G,G,G,G,Y,6.5
G,G,G,G,G,G,7.0
G,G,G,G,G,Y,6.5
G,G,G,G,G,G,7.0
G,O,O,G,G,Y,5.5
O,O,O,G,Y,Y,4.0
O,O,G,Y,Y,Y,2.5
O,O,G,G,Y,Y,1.0
G,G,G,G,Y,Y,0.5
G,G,G,G,G,Y,1.0
G,G,G,G,G,G,1.5
G,G,G,G,G,G,2.0
G,G,G,G,G,Y,1.5
G,G,G,G,G,G,2.0
G,G,G,G,G,G,2.5
G,G,G,G,G,G,3.0
G,G,G,G,G,G,3.5
Y,G,G,G,G,G,3.0
G,G,G,G,G,G,3.5
G,G,G,G,G,G,4.0
Y,G,G,G,G,G,3.5
Y,G,Y,G,G,G,3.0
G,G,G,G,G,G,3.5
Y,Y,G,G,G,G,3.0
Y,G,G,G,G,G,2.5
Y,G,G,G,G,G,2.0
G,G,G,G,G,G,2.5
Y,G,G,G,G,G,2.0
G,G,G,G,G,G,2.5
Y,G,G,G,G,G,2.0
Y,G,G,G,G,G,1.5
Y,G,G,G,G,G,1.0
G,G,G,G,G,G,1.5
Y,G,G,G,G,G,1.0
Y,G,G,G,G,G,0.5
G,G,G,G,G,G,2.0
G,G,G,G,G,G,2.5
Y,G,G,G,G,G,2.0
Y,G,G,G,G,G,1.5
G,G,G,G,G,G,2.0
G,G,G,G,G,G,2.5
G,G,G,G,G,G,3.0
G,G,G,G,G,G,3.5
G,G,G,G,G,G,4.0
G,G,G,G,G,G,4.5
G,G,G,G,G,G,5.0
G,G,G,G,G,G,5.5
G,G,G,G,G,G,6.0
G,G,G,G,G,G,6.5
G,G,G,G,G,G,7.0
G,G,G,G,G,G,7.5
G,G,G,G,G,G,8.0
G,G,G,G,G,G,8.5
G,G,G,G,Y,Y,8.0
G,G,G,Y,Y,Y,7.5
G,G,G,Y,Y,Y,7.0
G,G,G,Y,Y,Y,6.5
G,G,G,Y,Y,Y,6.0
G,G,G,G,Y,Y,5.5
G,G,G,G,Y,Y,5.0
G,G,G,G,G,Y,4.5
G,G,G,G,G,Y,4.0
G,G,G,G,G,G,4.5
G,G,G,B,B,G,2.5
Y,G,G,B,B,B,1.0
G,G,G,B,B,B,0
Y,G,G,B,B,B,0.0
G,G,G,B,B,B,0
Y,G,G,G,B,B,0.0
G,G,G,B,B,B,0
Y,G,G,G,B,B,0.0
G,G,G,B,B,B,0
Y,G,G,G,B,B,0.0
G,G,G,B,G,G,0
Y,G,G,G,B,G,0.0
Y,G,G,G,G,G,1.0
G,G,G,G,G,G,1.5
G,G,G,G,G,G,2.0
G,G,G,G,G,G,2.5
G,G,G,G,G,G,3.0
G,G,G,G,G,G,3.5
G,G,G,G,G,G,4.0
G,G,G,G,G,G,4.5
G,G,G,G,G,Y,4.0
G,G,G,G,G,G,4.5
G,G,G,G,G,Y,4.0
G,G,G,G,G,Y,3.5
G,G,G,G,G,G,4.0
G,G,G,G,G,Y,3.5
G,G,G,G,G,G,4.0
G,G,G,G,G,Y,3.5
G,G,G,G,G,Y,3.0
G,G,G,G,G,Y,2.5
G,G,G,G,G,Y,2.0
G,G,G,G,G,G,2.5
G,G,G,G,G,G,3.0
G,G,G,G,G,Y,2.5
G,G,G,G,G,G,3.0
G,G,G,G,G,G,3.5
G,G,G,G,G,G,4.0
G,G,G,G,O,O,2.5
G,G,G,G,G,O,1.0
G,G,G,G,G,G,1.5
G,G,G,G,G,G,2.0
G,G,G,G,G,G,2.5
G,G,G,G,G,G,3.0
Y,G,G,G,G,G,2.5
Y,G,G,G,G,G,2.0
Y,G,G,G,G,G,1.5
Y,G,G,G,G,G,1.0
G,G,G,G,G,G,1.5
G,G,G,G,G,G,2.0
G,G,G,G,G,G,2.5
G,G,G,G,G,G,3.0
G,G,G,G,G,G,3.5
G,G,G,G,G,G,4.0
G,G,G,G,G,G,4.5
G,G,G,G,G,G,5.0
G,G,G,G,G,G,5.5
G,G,G,G,G,Y,5.0
G,G,G,G,G,Y,4.5
G,G,G,G,G,G,5.0
G,G,G,G,G,G,5.5
G,G,G,G,G,G,6.0
G,G,G,G,G,G,6.5
G,G,G,G,G,G,7.0
G,G,G,G,G,G,7.5
G,G,G,G,G,G,8.0
G,G,G,G,G,Y,7.5
G,G,G,G,G,G,8.0
G,G,G,G,G,G,8.5
G,G,G,G,G,G,9.0
Y,G,G,G,G,G,8.5
Y,Y,G,G,G,G,8.0
Y,Y,G,G,G,G,7.5
Y,Y,G,G,G,G,7.0
Y,Y,G,G,G,G,6.5
Y,G,G,G,G,G,6.0
Y,G,G,G,G,G,5.5
G,G,G,G,G,G,6.0
G,G,G,G,G,G,6.5
G,G,G,G,G,G,7.0
G,G,G,G,G,G,7.5
G,G,G,G,G,G,8.0
G,G,G,G,G,G,8.5
G,G,G,G,G,Y,8.0
G,G,G,G,G,G,8.5
G,G,G,G,G,G,9.0
G,G,G,G,G,G,9.5
G,G,G,G,G,G,10.0
G,G,G,G,G,G,10
Y,G,G,G,G,G,9.5
Y,G,G,G,G,G,9.0
G,G,G,G,G,G,9.5
G,G,G,G,G,G,10.0
G,G,G,G,G,G,10
G,G,G,G,G,G,10
G,G,G,G,G,G,10
G,G,G,G,G,G,10
Y,G,G,G,G,G,9.5
G,G,G,G,G,G,10.0
G,G,G,O,O,O,8.5
G,G,G,Y,Y,Y,8.0
G,G,G,Y,Y,Y,7.5
G,G,G,Y,Y,Y,7.0
G,G,G,Y,Y,Y,6.5
G,G,G,Y,Y,Y,6.0
G,G,G,Y,Y,R,6.5
G,G,Y,Y,Y,R,7.0
G,G,Y,Y,R,R,7.5
G,Y,Y,Y,R,R,8.0
Y,Y,Y,R,R,R,9.5
Y,Y,R,R,R,R,10
Y,R,R,R,R,R,10
Y,R,R,R,R,R,10
Y,Y,R,R,R,R,10
Y,Y,Y,R,R,R,10
G,G,Y,Y,R,R,10
G,G,Y,Y,R,R,10
G,G,Y,Y,R,R,10
G,G,Y,Y,R,R,10
G,G,Y,Y,R,R,10
G,G,Y,Y,R,R,10
G,G,Y,Y,Y,R,10
G,G,Y,Y,R,R,10
G,G,Y,Y,Y,R,10
G,G,Y,Y,Y,R,10
B,B,Y,Y,Y,R,9.5
G,Y,Y,Y,R,R,10.0
G,Y,Y,R,R,R,10
G,Y,Y,R,R,R,10
G,Y,Y,R,R,R,10
Y,Y,Y,R,R,R,10
G,Y,Y,R,R,R,10
Y,Y,Y,R,R,R,10
Y,Y,R,R,R,R,2
Y,Y,R,R,R,R,2
Y,Y,R,R,R,R,2
Y,Y,R,R,R,R,2
Y,Y,R,R,R,R,2
Y,Y,R,R,R,R,2
Y,Y,R,R,R,R,2
Y,Y,R,R,R,R,2
Y,R,R,R,R,R,2
Y,R,R,R,R,R,2
Y,R,R,R,R,R,2
Y,R,R,R,R,R,2
Y,R,R,R,R,R,2
Y,R,R,R,R,R,2
Y,R,R,R,R,R,2
Y,R,R,R,R,R,2
R,R,R,R,R,R,2
R,R,R,R,R,R,2
R,R,R,R,R,R,2
R,R,R,R,R,R,2
R,R,R,R,Y,Y,2
R,R,R,Y,Y,O,1.98
R,R,Y,Y,Y,Y,2
R,R,Y,Y,Y,Y,2
R,R,Y,Y,Y,Y,2
R,Y,Y,Y,Y,Y,2
R,Y,Y,Y,Y,Y,2
R,Y,Y,Y,G,G,2
Y,Y,Y,G,G,G,1.98
Y,Y,G,G,G,G,1.48
Y,Y,G,G,G,Y,1.98
Y,G,G,G,G,O,0.48
Y,G,G,G,G,O,0.0
Y,G,G,G,G,O,0.0
G,G,G,G,G,O,0.0
Y,G,G,G,G,G,1.0
Y,G,G,G,G,G,0.5
G,G,G,G,G,O,0.0
Y,G,G,G,G,G,1.0
G,G,G,G,G,G,1.5
G,G,G,G,G,G,2.0
G,G,G,G,G,G,2.5
G,G,G,G,G,G,3.0
G,G,G,G,G,G,3.5
G,G,G,G,G,G,4.0
G,G,G,G,G,G,4.5
G,G,G,G,G,G,5.0
G,G,G,Y,G,G,5.5
G,G,Y,Y,Y,G,5.0
G,G,Y,Y,Y,Y,4.5
G,Y,Y,Y,Y,Y,3.0
Y,Y,Y,Y,Y,Y,1.5
Y,Y,Y,Y,Y,Y,0.0
Y,Y,Y,Y,Y,Y,0.0
Y,Y,Y,Y,Y,Y,0.0
Y,Y,Y,Y,Y,G,0.0
Y,Y,Y,Y,G,G,1.0
Y,Y,Y,Y,G,G,0.5
Y,Y,Y,G,G,G,1.0
Y,Y,G,G,G,G,0.5
Y,Y,G,G,G,G,1.0
Y,G,G,G,G,O,0
Y,G,G,G,G,O,0.0
Y,G,G,G,G,O,0.0
Y,G,G,G,G,O,0.0
Y,G,G,G,G,O,0.0
Y,G,G,G,G,O,0.0
Y,G,G,G,G,O,0.0
Y,G,G,G,G,O,0.0
Y,G,G,G,G,O,0.0
Y,G,G,G,G,O,0.0
Y,G,G,G,G,G,1.0
Y,G,G,G,G,O,0
Y,G,G,G,G,O,0.0
Y,G,G,G,G,O,0.0
Y,G,G,G,G,O,0.0
Y,G,G,G,G,O,0.0
Y,G,G,G,G,O,0.0
Y,G,G,G,G,O,0.0
Y,G,G,G,G,O,0.0
Y,G,G,G,G,O,0.0
Y,G,G,G,G,O,0.0
Y,G,G,G,G,O,0.0
Y,G,G,G,G,O,0.0
Y,G,G,G,G,O,0.0
Y,G,G,G,G,O,0.0
Y,G,G,G,G,O,0.0
Y,G,G,G,G,O,0.0
Y,G,G,G,G,O,0.0
Y,G,G,G,G,O,0.0
Y,G,G,G,G,G,1.0
G,G,G,G,G,O,0
Y,G,G,G,G,G,1.0
Y,G,G,G,G,G,0.5
G,G,G,G,G,G,2.0
G,G,G,G,G,G,2.5
G,G,G,G,G,G,3.0
G,G,G,G,G,G,3.5
G,G,G,G,G,G,4.0
G,G,G,G,G,G,4.5
G,G,G,G,G,Y,4.0
G,G,G,G,G,Y,3.5
G,G,G,G,G,G,4.0
G,G,G,G,G,Y,3.5
G,G,G,G,G,G,4.0
G,G,G,G,G,G,4.5
G,G,G,G,G,Y,4.0
G,G,G,G,G,G,4.5
G,G,G,G,G,G,5.0
G,G,G,G,G,Y,4.5
G,G,G,G,G,G,5.0
G,G,G,G,G,Y,4.5
G,G,G,G,G,G,5.0
G,G,G,G,G,Y,4.5
G,G,G,G,G,G,5.0
G,G,G,G,Y,Y,4.5
G,G,G,G,G,G,5.0
G,G,G,G,G,Y,4.5
G,G,G,G,G,Y,4.0
G,G,G,G,G,G,4.5
G,G,G,G,G,Y,4.0
G,G,G,G,G,G,4.5
G,G,G,G,G,Y,4.0
G,G,G,G,G,Y,3.5
G,G,G,G,G,Y,3.0
G,G,G,G,G,G,3.5
G,G,G,G,G,Y,3.0
G,G,G,G,G,G,3.5
G,G,G,G,G,Y,3.0
G,G,G,G,G,G,3.5
G,G,G,G,G,G,4.0
G,G,G,G,G,G,4.5
G,G,G,G,G,G,5.0
G,G,G,G,G,Y,4.5
G,G,G,G,G,G,5.0
G,G,G,G,G,Y,4.5
G,G,G,G,G,G,5.0
G,G,G,G,G,G,5.5
G,G,G,G,G,G,6.0
G,G,G,G,G,Y,5.5
G,G,G,G,G,G,6.0
G,G,G,G,G,G,6.5
G,G,G,G,G,G,7.0
G,G,G,G,G,Y,6.5
G,G,G,G,G,G,7.0
Y,G,G,G,G,G,6.5
G,G,G,G,G,G,7.0
Y,G,G,G,G,G,6.5
G,G,G,G,G,G,7.0
G,G,G,G,G,G,7.5
G,G,G,G,G,G,8.0
G,G,B,B,G,G,6.0
G,G,G,G,G,Y,5.5
G,G,G,G,G,Y,5.0
G,G,G,G,G,Y,4.5
G,G,G,G,G,G,5.0
G,G,G,G,G,G,5.5
G,G,G,G,G,G,6.0
Y,G,G,G,G,G,5.5
G,G,G,G,G,G,6.0
G,G,G,G,G,G,6.5
G,G,G,G,G,G,7.0
G,G,G,G,G,G,7.5
G,G,G,G,G,G,8.0
G,G,G,G,G,G,8.5
G,G,G,G,G,G,9.0
G,G,G,G,Y,Y,8.5
G,G,G,G,Y,Y,8.0
G,G,G,G,G,Y,7.5
G,G,G,G,G,Y,7.0
G,G,G,G,G,Y,6.5
G,G,G,G,G,G,7.0
G,G,G,G,G,G,7.5
O,O,O,G,G,Y,6.0
O,O,O,Y,Y,Y,4.5
O,O,G,G,Y,Y,3.0
G,G,G,G,Y,Y,2.5
G,G,G,G,G,Y,2.0
G,G,G,G,G,G,2.5
G,G,G,G,G,G,3.0
G,G,G,G,G,G,3.5
G,G,G,G,G,G,4.0
G,G,G,G,G,G,4.5
G,G,G,G,G,G,5.0
Y,Y,G,G,G,G,4.5
Y,Y,G,G,G,G,4.0
Y,Y,G,G,G,G,3.5
Y,Y,Y,G,G,G,3.0
Y,G,G,G,G,G,2.5
Y,G,G,G,G,G,2.0
Y,G,G,G,G,G,1.5
G,Y,G,G,G,G,1.0
G,G,G,G,G,G,1.5
G,G,G,G,G,G,2.0
Y,G,G,G,G,G,1.5
Y,G,G,G,G,G,1.0
Y,G,G,G,G,G,0.5
Y,G,G,G,G,G,1.0
G,G,G,G,G,G,1.5
G,G,G,G,G,G,2.0
Y,G,G,G,G,G,1.5
G,G,G,G,G,G,2.0
G,G,G,G,G,G,2.5
G,G,G,G,G,G,3.0
G,G,G,G,G,G,3.5
G,G,G,G,G,G,4.0
G,G,G,G,G,G,4.5
G,G,G,G,G,G,5.0
G,G,G,G,G,G,5.5
G,G,G,G,G,G,6.0
G,G,G,G,G,G,6.5
G,G,G,G,G,G,7.0
G,G,G,G,G,G,7.5
G,G,G,G,G,G,8.0
G,G,G,G,G,G,8.5
G,G,G,G,Y,Y,8.0
G,G,G,Y,Y,Y,7.5
G,G,G,Y,Y,Y,7.0
G,G,G,Y,Y,Y,6.5
G,G,G,Y,Y,Y,6.0
G,G,G,G,Y,Y,5.5
G,G,G,G,Y,Y,5.0
G,G,G,G,G,Y,4.5
G,G,G,G,G,Y,4.0
G,G,G,G,G,G,4.5
G,G,G,B,B,G,2.5
Y,G,G,B,B,B,1.0
G,G,G,B,B,B,0
Y,G,G,B,B,B,0.0
G,G,G,B,B,B,0
Y,G,G,G,B,B,0.0
G,G,G,B,B,B,0
Y,G,G,G,B,B,0.0
G,G,G,B,B,B,0
Y,G,G,G,B,B,0.0
G,G,G,B,G,B,0
Y,G,G,G,B,G,0.0
Y,Y,G,G,G,G,1.0
G,G,G,G,G,G,1.5
G,G,G,G,G,G,2.0
Y,G,G,G,G,G,1.5
G,G,G,G,G,G,2.0
G,G,G,G,G,G,2.5
G,G,G,G,G,G,3.0
G,G,G,G,G,Y,2.5
G,G,G,G,G,G,3.0
G,G,G,G,G,G,3.5
G,G,G,G,G,Y,3.0
G,G,G,G,G,G,3.5
G,G,G,G,G,Y,3.0
G,G,G,G,G,G,3.5
G,G,G,G,G,Y,3.0
G,G,G,G,G,G,3.5
G,G,G,G,Y,Y,3.0
G,G,G,G,G,G,3.5
G,G,G,G,G,Y,3.0
G,G,G,G,G,G,3.5
G,G,G,G,G,Y,3.0
G,G,G,G,G,G,3.5
G,G,G,G,G,Y,3.0
G,G,G,G,G,Y,2.5
G,G,G,G,G,Y,2.0
G,G,G,G,G,Y,1.5
G,G,G,G,G,G,2.0
G,G,G,G,G,G,2.5
G,G,G,G,G,G,3.0
G,G,G,G,G,G,3.5
G,G,G,G,G,O,2.0
G,G,G,G,G,G,2.5
G,G,G,G,G,G,3.0
G,G,G,G,G,G,3.5
Y,Y,G,G,G,G,3.0
Y,G,G,G,G,G,2.5
G,G,G,G,G,G,3.0
Y,G,G,G,G,G,2.5
G,G,G,G,G,G,3.0
G,G,G,G,G,G,3.5
G,G,G,G,G,G,4.0
G,G,G,G,G,G,4.5
G,G,G,G,G,G,5.0
G,G,G,G,G,G,5.5
G,G,G,G,G,G,6.0
G,G,G,G,G,Y,5.5
G,G,G,G,G,Y,5.0
G,G,G,G,G,G,5.5
G,G,G,G,G,G,6.0
G,G,G,G,G,G,6.5
G,G,G,G,G,G,7.0
G,G,G,G,G,Y,6.5
G,G,G,G,G,G,7.0
G,G,G,G,G,G,7.5
G,G,G,G,G,G,8.0
G,G,G,G,G,G,8.5
G,G,G,G,G,G,9.0
Y,G,G,G,G,G,8.5
Y,Y,G,G,G,G,8.0
Y,Y,G,G,G,G,7.5
Y,Y,G,G,G,G,7.0
Y,Y,G,G,G,G,6.5
Y,G,G,G,G,G,6.0
Y,G,G,G,G,G,5.5
G,G,G,G,G,G,6.0
G,G,G,G,G,G,6.5
G,G,G,G,G,G,7.0
G,G,G,G,G,G,7.5
G,G,G,G,G,Y,7.0
G,G,G,G,G,G,7.5
G,G,G,G,G,G,8.0
G,G,G,G,G,G,8.5
G,G,G,G,G,G,9.0
G,G,G,G,G,G,9.5
G,G,G,G,G,G,10.0
G,G,G,G,G,G,10
Y,G,G,G,G,G,9.5
Y,G,G,G,G,G,9.0
G,G,G,G,G,G,9.5
G,G,G,G,G,G,10.0
G,G,G,G,G,G,10
G,G,G,G,G,G,10
G,G,G,G,G,G,10
G,G,G,G,G,G,10
G,G,G,G,G,G,10
G,G,G,G,G,G,10
G,G,G,G,O,O,8.5
G,G,G,G,Y,Y,8.0
G,G,G,Y,Y,Y,7.5
G,G,G,Y,Y,Y,7.0
G,G,G,Y,Y,Y,6.5
G,G,G,Y,Y,Y,6.0
G,G,G,Y,Y,Y,5.5
G,G,G,G,Y,Y,5.0
G,G,G,G,Y,Y,4.5
G,G,G,G,Y,Y,4.0
G,G,G,G,G,Y,3.5
G,G,G,G,G,G,4.0
G,G,G,G,G,G,4.5
G,G,G,G,G,G,5.0
G,G,G,G,G,G,5.5
G,G,G,G,G,G,6.0
Y,G,G,G,G,G,5.5
G,G,G,G,G,G,6.0
G,G,G,G,G,G,6.5
G,G,G,G,G,Y,6.0
G,G,G,G,G,G,6.5
G,G,G,G,G,G,7.0
G,G,G,G,G,G,7.5
G,G,G,G,G,G,8.0
G,G,G,G,G,Y,7.5
B,G,G,G,G,Y,6.0
G,G,G,G,Y,Y,5.5
G,G,G,G,G,Y,5.0
G,G,G,G,G,G,5.5
G,G,G,G,G,G,6.0
G,G,G,G,G,Y,5.5
G,G,G,G,G,Y,5.0
Y,G,G,G,G,G,4.5
G,G,G,G,G,G,5.0
G,G,G,G,G,G,5.5
G,G,G,G,G,G,6.0
G,G,G,G,G,G,6.5
G,G,G,G,G,G,7.0
G,G,G,G,G,G,7.5
G,G,G,G,G,G,8.0
G,G,G,G,G,G,8.5
G,G,G,G,G,G,9.0
G,G,G,B,B,G,7.0
Y,G,G,G,G,B,5.5
Y,G,G,G,G,G,5.0
G,G,G,G,G,G,5.5
G,G,G,G,G,G,6.0
G,G,G,G,G,G,6.5
G,G,G,G,G,G,7.0
G,G,G,G,G,G,7.5
G,G,G,G,G,Y,7.0
G,G,G,G,G,G,7.5
G,G,G,G,G,G,8.0
G,G,G,G,G,G,8.5
G,G,G,G,G,G,9.0
G,G,G,G,G,Y,8.5
G,G,G,G,G,Y,8.0
G,G,G,G,G,Y,7.5
G,G,G,G,G,Y,7.0
G,G,G,G,G,Y,6.5
G,G,G,G,G,Y,6.0
G,G,G,G,G,Y,5.5
G,G,G,G,G,Y,5.0
G,G,G,G,G,Y,4.5
G,G,G,G,G,Y,4.0
G,G,G,G,G,Y,3.5
G,G,G,G,G,G,4.0
G,G,G,G,G,G,4.5
G,G,G,G,G,G,5.0
G,G,G,G,G,Y,4.5
G,G,G,G,G,G,5.0
G,G,G,G,G,G,5.5
G,G,G,G,G,G,6.0
G,G,G,G,G,Y,5.5
G,G,G,G,G,G,6.0
Y,G,G,G,G,G,5.5
G,G,G,G,G,G,6.0
Y,G,G,G,G,G,5.5
G,G,G,G,G,G,6.0
G,G,G,G,G,G,6.5
G,G,G,G,G,G,7.0
Y,G,G,G,G,G,6.5
G,G,G,G,B,G,4.5
G,G,G,G,B,B,2.5
G,G,G,G,G,G,3.0
G,G,G,G,G,G,3.5
G,G,G,G,G,G,4.0
G,G,G,G,G,G,4.5
G,G,G,G,G,G,5.0
Y,G,G,G,G,G,4.5
Y,G,G,G,G,G,4.0
Y,G,G,G,G,G,3.5
Y,G,G,G,G,G,3.0
Y,G,G,G,G,G,2.5
Y,G,G,G,G,G,2.0
G,G,G,G,G,G,2.5
G,G,G,G,G,G,3.0
G,G,G,G,G,G,3.5
Y,G,G,G,G,G,3.0
G,G,G,G,G,G,3.5
G,G,G,G,G,G,4.0
G,G,G,G,G,G,4.5
Y,Y,G,G,G,G,4.0
G,G,G,G,G,G,4.5
Y,G,G,G,G,G,4.0
G,G,G,G,G,G,4.5
G,G,G,G,G,G,5.0
Y,G,G,G,G,G,4.5
G,G,G,G,G,G,5.0
Y,G,G,G,G,G,4.5
G,G,G,G,G,G,5.0
Y,G,G,G,G,G,4.5
G,G,G,G,G,G,5.0
Y,G,G,G,G,G,4.5
G,G,G,G,G,G,5.0
Y,G,G,G,G,G,4.5
Y,G,G,G,G,G,4.0
Y,G,G,G,G,G,3.5
G,G,G,G,G,G,4.0
G,G,G,G,G,G,4.5
G,G,G,G,G,G,5.0
G,G,G,G,G,G,5.5
Y,G,G,G,G,O,4.0
Y,G,G,G,G,O,2.5
Y,G,G,G,G,O,1.0
Y,G,G,G,G,O,0
Y,G,G,G,G,O,0.0
Y,G,G,G,G,O,0.0
Y,G,G,G,G,O,0.0
Y,G,G,G,G,O,0.0
Y,G,G,G,G,O,0.0
Y,G,G,G,G,O,0.0
Y,G,G,G,G,O,0.0
Y,G,G,G,G,O,0.0
Y,G,G,G,G,O,0.0
Y,G,G,G,G,O,0.0
Y,G,G,G,G,G,1.0
Y,G,G,G,G,O,0
Y,G,G,G,G,O,0.0
Y,G,G,G,G,G,1.0
G,G,G,G,G,O,0
Y,G,G,G,G,G,1.0
Y,G,G,G,G,G,0.5
G,G,G,G,G,G,2.0
G,G,G,G,G,G,2.5
G,G,G,G,G,G,3.0
G,G,G,G,G,G,3.5
G,G,G,G,G,G,4.0
G,G,G,G,G,G,4.5
G,G,G,G,G,G,5.0
G,G,G,G,G,G,5.5
G,G,G,G,G,G,6.0
G,G,G,G,G,Y,5.5
G,G,G,G,G,G,6.0
G,G,G,G,G,G,6.5
G,G,G,G,G,G,7.0
G,G,G,G,O,O,5.5
G,G,G,G,G,O,4.0
Y,Y,G,G,G,G,3.5
Y,Y,G,G,G,G,3.0
Y,G,G,G,G,G,2.5
Y,G,G,G,G,O,1.0
Y,G,G,G,G,G,0.5
G,G,G,G,G,G,2.0
G,G,G,G,G,G,2.5
G,G,G,G,G,G,3.0
G,G,G,G,G,G,3.5
G,G,G,G,G,G,4.0
G,G,G,G,G,G,4.5
G,G,G,G,G,G,5.0
G,G,G,G,G,G,5.5
G,G,G,G,G,Y,5.0
G,G,G,G,G,Y,4.5
G,G,G,G,G,G,5.0
G,G,G,G,G,Y,4.5
G,G,G,G,G,G,5.0
G,G,G,G,G,G,5.5
G,G,G,G,G,Y,5.0
G,G,G,G,G,G,5.5
G,G,G,G,G,Y,5.0
G,G,G,G,G,Y,4.5
G,G,G,G,G,G,5.0
G,G,G,G,G,Y,4.5
G,G,G,G,G,G,5.0
G,G,G,G,G,Y,4.5
G,G,G,G,G,Y,4.0
G,G,G,G,G,G,4.5
G,G,G,G,G,Y,4.0
G,G,G,G,G,G,4.5
G,G,G,G,G,Y,4.0
G,G,G,G,G,Y,3.5
G,G,G,G,G,G,4.0
G,G,G,G,G,Y,3.5
G,G,G,G,G,G,4.0
G,G,G,G,G,Y,3.5
G,G,G,G,G,Y,3.0
G,G,G,G,G,G,3.5
G,G,G,G,G,G,4.0
G,G,G,G,G,G,4.5
G,G,G,G,G,Y,4.0
G,G,G,G,G,G,4.5
G,G,G,G,G,G,5.0
G,G,G,G,G,G,5.5
G,G,G,G,G,Y,5.0
G,G,G,G,G,Y,4.5
G,G,G,G,G,G,5.0
G,G,G,G,G,G,5.5
B,G,G,G,G,G,3.5
G,G,G,G,G,G,4.0
G,G,G,G,G,G,4.5
G,G,G,G,G,Y,4.0
G,G,G,G,G,G,4.5
G,G,G,G,G,G,5.0
G,G,G,G,G,G,5.5
G,G,G,G,G,G,6.0
Y,G,G,G,G,G,5.5
G,G,G,G,G,G,6.0
G,G,G,G,G,G,6.5
G,G,G,G,G,Y,6.0
G,G,G,G,G,G,6.5
G,G,G,G,G,G,7.0
G,G,B,B,B,G,5.0
G,G,G,G,G,Y,4.5
G,G,G,G,G,G,5.0
G,G,G,G,G,G,5.5
G,G,G,G,G,G,6.0
G,G,G,G,G,G,6.5
G,G,G,G,G,G,7.0
G,G,G,G,G,G,7.5
G,G,G,G,G,G,8.0
G,G,G,G,G,G,8.5
G,G,G,G,G,G,9.0
G,G,G,G,G,G,9.5
G,G,G,G,Y,Y,9.0
G,G,G,G,Y,Y,8.5
G,G,G,G,G,Y,8.0
G,G,G,G,G,Y,7.5
G,G,G,G,G,Y,7.0
G,G,G,G,G,G,7.5
G,G,G,G,G,G,8.0
O,O,O,G,G,Y,6.5
O,O,O,Y,Y,Y,5.0
O,O,G,G,Y,Y,3.5
G,G,G,G,G,Y,3.0
G,G,G,G,G,G,3.5
G,G,G,G,G,G,4.0
G,G,G,G,G,G,4.5
G,G,G,G,G,G,5.0
G,G,G,G,G,G,5.5
G,G,G,G,G,G,6.0
Y,Y,Y,Y,G,G,5.5
Y,Y,Y,Y,G,G,5.0
Y,Y,Y,Y,G,G,4.5
Y,Y,Y,Y,G,G,4.0
Y,Y,Y,Y,G,G,3.5
Y,Y,Y,Y,G,G,3.0
Y,Y,Y,Y,G,G,2.5
Y,Y,Y,Y,G,G,2.0
Y,Y,Y,G,G,G,1.5
Y,Y,Y,G,G,G,1.0
Y,Y,Y,G,G,G,0.5
Y,Y,Y,G,G,G,1.0
Y,Y,G,G,G,G,0.5
Y,Y,G,G,G,G,1.0
Y,G,G,G,G,G,0.5
Y,G,G,G,G,G,1.0
G,G,G,G,G,G,1.5
G,G,G,G,G,G,2.0
G,G,G,G,G,G,2.5
G,G,G,G,G,G,3.0
G,G,G,G,G,G,3.5
G,G,G,G,G,G,4.0
G,G,G,G,G,G,4.5
G,G,G,G,G,G,5.0
G,G,G,G,Y,Y,4.5
G,G,G,G,Y,Y,4.0
G,G,G,G,Y,Y,3.5
G,G,G,G,G,Y,3.0
G,G,G,G,G,Y,2.5
G,G,G,G,G,Y,2.0
G,G,G,G,G,G,2.5
G,G,G,G,G,G,3.0
G,G,G,G,G,G,3.5
G,G,G,G,G,G,4.0
G,G,G,G,G,G,4.5
G,G,G,G,G,G,5.0
G,G,G,G,G,G,5.5
Y,G,G,G,G,G,5.0
G,G,G,G,G,G,5.5
G,G,G,G,G,G,6.0
G,G,G,G,G,G,6.5
G,G,G,G,G,G,7.0
G,G,G,G,Y,Y,6.5
G,G,G,G,Y,Y,6.0
G,G,G,G,Y,Y,5.5
G,G,G,G,Y,Y,5.0
G,G,G,Y,Y,Y,4.5
G,G,G,G,Y,Y,4.0
G,G,G,B,Y,Y,2.5
G,G,G,B,B,G,0.5
Y,G,G,B,B,B,0.0
G,G,B,B,B,G,0
G,G,B,B,B,G,0
G,B,B,B,G,Y,0.0
G,B,B,B,G,Y,0.0
G,B,B,B,G,Y,0.0
G,B,B,B,G,Y,0.0
G,B,B,B,G,Y,0.0
G,B,B,B,G,Y,0.0
G,B,B,B,G,Y,0.0
G,B,B,G,G,Y,0.0
G,B,B,G,G,Y,0.0
G,B,G,G,Y,Y,0.0
G,B,G,G,Y,Y,0.0
G,B,G,G,Y,Y,0.0
G,B,G,G,Y,Y,0.0
G,G,G,G,Y,Y,1.0
G,G,G,G,G,Y,0.5
G,G,G,G,G,G,2.0
G,G,G,G,G,G,2.5
G,G,G,G,G,G,3.0
G,G,G,G,G,Y,2.5
G,G,G,G,G,G,3.0
G,G,G,G,G,G,3.5
G,G,G,G,G,G,4.0
G,G,G,G,G,G,4.5
G,G,G,G,G,Y,4.0
G,G,G,G,G,G,4.5
G,G,G,G,G,Y,4.0
G,G,G,G,G,G,4.5
G,G,G,G,G,Y,4.0
G,G,G,G,G,G,4.5
G,G,G,G,G,Y,4.0
G,G,G,G,G,Y,3.5
G,G,G,G,G,Y,3.0
G,G,G,G,G,Y,2.5
G,G,G,G,G,Y,2.0
G,G,G,G,G,G,2.5
G,G,G,G,G,G,3.0
G,G,G,G,G,G,3.5
G,G,G,G,G,G,4.0
G,G,G,G,G,G,4.5
G,G,G,G,O,O,3.0
G,G,G,G,G,G,3.5
G,G,G,G,G,G,4.0
G,G,G,G,G,G,4.5
G,G,G,G,G,G,5.0
G,G,G,G,G,G,5.5
G,G,G,G,G,G,6.0
Y,G,G,G,G,G,5.5
G,G,G,G,G,G,6.0
G,G,G,G,G,G,6.5
G,G,G,G,G,G,7.0
G,G,G,G,G,G,7.5
G,G,G,G,G,Y,7.0
G,G,G,G,G,G,7.5
G,G,G,G,G,G,8.0
G,G,G,G,G,G,8.5
G,G,G,G,G,G,9.0
G,G,G,G,G,G,9.5
G,G,G,G,G,G,10.0
G,G,G,G,G,G,10
Y,G,G,G,G,G,9.5
Y,Y,G,G,G,G,9.0
Y,Y,G,G,G,G,8.5
Y,Y,G,G,G,G,8.0
Y,Y,G,G,G,G,7.5
Y,G,G,G,G,G,7.0
Y,G,G,G,G,G,6.5
G,G,G,G,G,G,7.0
G,G,G,G,G,G,7.5
G,G,G,G,G,G,8.0
G,G,G,G,G,Y,7.5
G,G,G,G,Y,Y,7.0
G,G,G,G,G,G,7.5
G,G,G,G,G,G,8.0
G,G,G,G,G,G,8.5
G,G,G,G,G,G,9.0
G,G,G,G,G,G,9.5
G,G,G,G,G,G,10.0
Y,G,G,G,G,G,9.5
Y,G,G,G,G,G,9.0
G,G,G,G,G,G,9.5
G,G,G,G,G,G,10.0
G,G,G,G,G,G,10
G,G,G,G,G,G,10
G,G,G,G,G,G,10
G,G,G,G,G,G,10
Y,G,G,G,G,G,9.5
G,G,G,G,G,G,10.0
G,G,G,O,O,Y,8.5
G,G,G,Y,Y,Y,8.0
G,G,G,Y,Y,Y,7.5
G,G,G,Y,Y,Y,7.0
G,G,G,Y,Y,Y,6.5
G,G,G,Y,Y,Y,6.0
G,G,Y,Y,Y,Y,5.5
G,G,G,Y,Y,Y,5.0
G,G,G,Y,Y,Y,4.5
G,G,G,G,Y,Y,4.0
G,G,G,G,Y,Y,3.5
G,G,G,G,G,Y,3.0
G,G,G,G,G,Y,2.5
G,G,G,G,G,G,3.0
G,G,G,G,G,G,3.5
G,G,G,G,G,G,4.0
G,G,G,G,G,G,4.5
G,G,G,G,G,G,5.0
Y,Y,G,G,G,G,4.5
Y,G,G,G,G,G,4.0
Y,G,G,G,G,G,3.5
G,G,G,G,G,G,4.0
G,G,G,G,G,G,4.5
G,G,G,G,G,G,5.0
G,G,G,G,G,G,5.5
G,G,G,G,G,G,6.0
G,G,G,G,G,G,6.5
G,G,G,G,G,Y,6.0
G,G,G,G,G,Y,5.5
G,G,G,G,G,Y,5.0
G,G,G,G,G,G,5.5
G,G,G,G,G,G,6.0
G,G,G,G,G,G,6.5
G,G,G,G,G,Y,6.0
B,G,G,G,G,G,4.0
G,G,G,G,Y,Y,3.5
G,G,G,G,G,Y,3.0
G,G,G,G,G,G,3.5
G,G,G,G,G,G,4.0
G,G,G,G,G,G,4.5
G,G,G,G,G,Y,4.0
G,G,G,G,G,Y,3.5
Y,G,G,G,G,G,3.0
G,G,G,G,G,G,3.5
G,G,G,G,G,G,4.0
G,G,G,G,G,G,4.5
G,G,G,G,G,G,5.0
G,G,G,G,G,G,5.5
G,G,G,G,G,G,6.0
G,G,G,G,G,G,6.5
G,G,G,G,G,G,7.0
G,G,G,G,G,G,7.5
G,G,G,G,G,G,8.0
G,G,G,G,G,G,8.5
G,G,G,B,B,G,6.5
Y,G,G,G,B,B,5.0
Y,Y,G,G,G,G,4.5
G,G,G,G,G,G,5.0
G,G,G,G,G,G,5.5
G,G,G,G,G,G,6.0
G,G,G,G,G,G,6.5
G,G,G,G,G,G,7.0
G,G,G,G,G,G,7.5
G,G,G,G,G,Y,7.0
G,G,G,G,G,G,7.5
G,G,G,G,G,G,8.0
G,G,G,G,G,G,8.5
G,G,G,G,G,Y,8.0
G,G,G,G,G,G,8.5
G,G,G,G,G,Y,8.0
G,G,G,G,Y,Y,7.5
G,G,G,G,Y,Y,7.0
G,G,G,G,Y,Y,6.5
G,G,G,Y,Y,Y,6.0
G,G,G,G,Y,Y,5.5
G,G,G,G,Y,Y,5.0
G,G,G,G,Y,Y,4.5
G,G,G,G,G,Y,4.0
G,G,G,G,G,Y,3.5
G,G,G,G,G,Y,3.0
G,G,G,G,G,Y,2.5
G,G,G,G,G,G,3.0
G,G,G,G,G,G,3.5
G,G,G,G,G,G,4.0
G,G,G,G,G,G,4.5
G,G,G,G,G,G,5.0
Y,G,G,G,G,G,4.5
G,G,G,G,G,G,5.0
Y,G,G,G,G,G,4.5
G,G,G,G,G,G,5.0
G,G,G,G,G,G,5.5
G,G,G,G,G,G,6.0
G,G,G,G,G,G,6.5
G,G,G,G,G,G,7.0
G,G,G,G,G,G,7.5
G,G,G,G,G,G,8.0
G,G,G,G,B,G,6.0
G,G,G,G,G,B,4.0
Y,G,G,G,G,G,3.5
G,G,G,G,G,G,4.0
Y,Y,G,G,G,G,3.5
Y,G,G,G,G,G,3.0
Y,G,G,G,G,G,2.5
G,G,G,G,G,G,3.0
G,G,G,G,G,G,3.5
G,G,G,G,G,G,4.0
Y,G,G,G,G,G,3.5
Y,G,G,G,G,G,3.0
Y,G,G,G,G,G,2.5
G,G,G,G,G,G,3.0
G,G,G,G,G,G,3.5
Y,G,G,G,G,G,3.0
G,G,G,G,G,G,3.5
G,G,G,G,G,G,4.0
G,G,G,G,G,G,4.5
Y,G,G,G,G,G,4.0
Y,G,G,G,G,G,3.5
G,G,G,G,G,G,4.0
G,G,G,G,G,G,4.5
G,G,G,G,G,G,5.0
Y,Y,G,G,G,G,4.5
G,G,G,G,G,G,5.0
Y,G,G,G,G,G,4.5
G,G,G,G,G,G,5.0
Y,G,G,G,G,G,4.5
G,G,G,G,G,G,5.0
Y,G,G,G,G,G,4.5
Y,G,G,G,G,G,4.0
G,G,G,G,G,G,4.5
Y,G,G,G,G,G,4.0
G,G,G,G,G,G,4.5
Y,G,G,G,G,G,4.0
G,G,G,G,G,G,4.5
G,G,G,G,G,G,5.0
Y,G,G,G,G,G,4.5
G,G,G,G,O,G,3.0
Y,G,G,G,G,O,1.5
Y,Y,G,G,G,G,1.0
Y,G,G,G,G,O,0
Y,G,G,G,G,O,0.0
Y,Y,G,G,G,O,0.0
Y,Y,G,G,G,O,0.0
Y,G,G,G,G,O,0.0
Y,G,G,G,G,O,0.0
Y,G,G,G,G,O,0.0
Y,G,G,G,G,O,0.0
Y,G,G,G,G,O,0.0
Y,G,G,G,G,O,0.0
Y,G,G,G,G,O,0.0
Y,G,G,G,G,O,0.0
Y,G,G,G,G,O,0.0
Y,G,G,G,G,O,0.0
Y,G,G,G,G,O,0.0
Y,G,G,G,G,O,0.0
Y,G,G,G,G,O,0.0
Y,G,G,G,G,O,0.0
Y,G,G,G,G,O,0.0
Y,G,G,G,G,O,0.0
Y,G,G,G,G,G,1.0
Y,G,G,G,G,O,0
Y,G,G,G,G,O,0.0
Y,G,G,G,G,G,1.0
G,G,G,G,G,O,0
Y,G,G,G,G,G,1.0
Y,G,G,G,G,G,0.5
G,G,G,G,G,G,2.0
G,G,G,G,G,G,2.5
G,G,G,G,G,G,3.0
Y,G,G,G,G,G,2.5
G,G,G,G,G,G,3.0
G,G,G,G,G,G,3.5
G,G,G,G,G,G,4.0
G,G,G,G,G,Y,3.5
G,G,G,G,G,Y,3.0
G,G,G,G,G,G,3.5
G,G,G,G,G,G,4.0
G,G,G,G,G,G,4.5
G,G,G,G,G,G,5.0
G,G,G,G,G,G,5.5
G,G,G,G,G,G,6.0
G,G,G,G,G,G,6.5
G,G,G,G,O,G,5.0
G,G,G,G,G,O,3.5
Y,Y,Y,G,G,G,3.0
Y,Y,Y,G,G,G,2.5
Y,G,G,G,G,G,2.0
Y,G,G,G,G,O,0.5
Y,G,G,G,G,O,0.0
Y,G,G,G,G,O,0.0
Y,G,G,G,G,O,0.0
Y,G,G,G,G,O,0.0
Y,G,G,G,G,G,1.0
G,G,G,G,G,O,0
Y,Y,G,G,G,G,1.0
Y,G,G,G,G,G,0.5
G,G,G,G,G,G,2.0
G,G,G,G,G,G,2.5
G,G,G,G,G,G,3.0
G,G,G,G,G,G,3.5
G,G,G,G,G,G,4.0
G,G,G,G,G,G,4.5
G,G,G,G,G,G,5.0
G,G,G,G,G,G,5.5
G,G,G,G,G,Y,5.0
G,G,G,G,G,Y,4.5
G,G,G,G,G,G,5.0
G,G,G,G,G,Y,4.5
G,G,G,G,G,G,5.0
G,G,G,G,G,G,5.5
G,G,G,G,G,Y,5.0
G,G,G,G,G,G,5.5
G,G,G,G,G,Y,5.0
G,G,G,G,Y,Y,4.5
G,G,G,G,G,G,5.0
G,G,G,G,Y,Y,4.5
G,G,G,G,G,G,5.0
G,G,G,G,G,Y,4.5
G,G,G,G,G,Y,4.0
G,G,G,G,G,G,4.5
G,G,G,G,G,G,5.0
G,G,G,G,G,Y,4.5
G,G,G,G,G,Y,4.0
G,G,G,G,G,Y,3.5
G,G,G,G,G,Y,3.0
G,G,G,G,G,Y,2.5
G,G,G,G,G,G,3.0
G,G,G,G,G,G,3.5
G,G,G,G,G,G,4.0
G,G,G,G,G,G,4.5
G,G,G,G,G,Y,4.0
G,G,G,G,G,G,4.5
G,G,G,G,G,Y,4.0
G,G,G,G,G,G,4.5
G,G,G,G,G,G,5.0
G,G,G,G,G,Y,4.5
G,G,G,G,G,G,5.0
G,G,G,G,G,G,5.5
G,G,G,G,G,G,6.0
G,G,G,G,G,Y,5.5
G,G,G,G,G,G,6.0
G,G,G,G,G,G,6.5
G,G,G,G,G,G,7.0
Y,G,G,G,G,Y,7.5
G,G,G,G,G,G,8.0
G,G,G,G,G,G,8.5
G,G,G,G,G,Y,8.0
G,G,G,G,G,G,8.5
G,G,G,G,G,G,9.0
G,G,G,G,G,G,9.5
G,G,B,B,B,Y,8.0
G,G,G,G,G,G,8.5
G,G,G,G,G,G,9.0
G,G,G,G,G,G,9.5
G,G,G,G,G,G,10.0
G,G,G,G,G,G,10
G,G,G,G,G,G,10
G,G,G,G,G,Y,9.5
G,G,G,G,G,G,10.0
G,G,G,G,G,Y,9.5
G,G,G,G,G,Y,9.0
G,G,G,G,G,Y,8.5
G,G,G,G,G,G,9.0
G,G,G,G,G,Y,8.5
O,O,O,G,G,Y,7.0
O,O,O,G,Y,Y,5.5
O,O,G,G,Y,Y,4.0
G,G,G,G,G,Y,3.5
G,G,G,G,G,G,4.0
G,G,G,G,G,G,4.5
G,G,G,G,G,G,5.0
G,G,G,G,G,G,5.5
G,G,G,G,G,G,6.0
G,Y,G,G,G,G,5.5
Y,Y,Y,G,G,G,5.0
Y,Y,Y,G,G,G,4.5
Y,Y,Y,G,G,G,4.0
Y,Y,Y,G,G,G,3.5
Y,Y,Y,G,G,G,3.0
Y,Y,Y,G,G,G,2.5
Y,Y,Y,G,G,G,2.0
Y,Y,Y,Y,G,G,1.5
Y,Y,Y,G,G,G,1.0
Y,Y,G,G,G,G,0.5
Y,Y,G,G,G,G,1.0
Y,Y,G,G,G,G,0.5
Y,G,G,G,G,G,1.0
Y,G,G,G,G,G,0.5
Y,G,G,G,G,G,1.0
G,G,G,G,G,G,1.5
G,G,G,G,G,G,2.0
G,G,G,G,G,G,2.5
G,G,G,G,G,G,3.0
G,G,G,G,G,G,3.5
G,G,G,G,G,G,4.0
G,G,G,G,G,G,4.5
G,G,G,G,Y,Y,4.0
G,G,G,G,Y,Y,3.5
G,G,G,G,Y,Y,3.0
G,G,G,G,G,Y,2.5
G,G,G,G,G,Y,2.0
G,G,G,G,G,Y,1.5
G,G,G,G,G,G,2.0
G,G,G,G,G,G,2.5
G,G,G,G,G,G,3.0
G,G,G,G,G,G,3.5
G,G,G,G,G,G,4.0
G,G,G,G,G,G,4.5
Y,G,G,G,G,G,4.0
Y,G,G,G,G,G,3.5
G,G,G,G,G,G,4.0
G,G,G,G,G,G,4.5
G,G,G,G,G,G,5.0
G,G,G,G,G,G,5.5
G,G,G,G,G,G,6.0
G,G,G,G,G,Y,5.5
G,G,G,G,Y,Y,5.0
G,G,G,G,Y,Y,4.5
G,G,G,G,Y,Y,4.0
G,G,G,G,G,Y,3.5
G,G,G,G,G,Y,3.0
G,G,G,G,G,G,3.5
G,G,G,G,G,G,4.0
G,G,G,G,G,G,4.5
G,G,G,G,G,Y,4.0
G,G,G,G,G,G,4.5
G,G,B,B,G,G,2.5
G,B,B,B,G,Y,1.0
G,B,B,B,G,Y,0
G,B,B,B,Y,Y,0.0
G,B,G,G,Y,Y,0.0
G,B,G,G,Y,Y,0.0
G,B,G,G,Y,Y,0.0
G,G,G,G,Y,Y,1.0
G,G,G,G,G,Y,0.5
G,G,B,G,G,G,0
G,G,G,G,G,Y,1.0
G,G,B,G,G,Y,0
G,G,B,G,G,Y,0.0
G,G,G,G,G,Y,1.0
G,G,G,G,G,G,1.5
G,G,G,G,G,G,2.0
G,G,G,G,G,G,2.5
G,G,G,G,G,G,3.0
G,G,G,G,G,G,3.5
G,G,G,G,G,G,4.0
G,G,G,G,G,Y,3.5
G,G,G,G,G,G,4.0
G,G,G,G,G,Y,3.5
G,G,G,G,G,G,4.0
G,G,G,G,G,G,4.5
G,G,G,G,G,Y,4.0
G,G,G,G,Y,Y,3.5
G,G,G,G,G,G,4.0
G,G,G,G,G,Y,3.5
G,G,G,G,G,G,4.0
G,G,G,G,G,Y,3.5
G,G,G,G,G,Y,3.0
G,G,G,G,G,Y,2.5
G,G,G,G,G,Y,2.0
G,G,G,G,G,G,2.5
G,G,G,G,G,G,3.0
G,G,G,G,G,G,3.5
G,G,G,G,G,G,4.0
G,G,G,G,O,G,2.5
G,G,G,G,G,O,1.0
G,G,G,G,G,G,1.5
G,G,G,G,G,G,2.0
G,G,G,G,G,G,2.5
G,G,G,G,G,G,3.0
Y,G,G,G,G,G,2.5
Y,G,G,G,G,G,2.0
Y,Y,G,G,G,G,1.5
Y,G,G,G,G,G,1.0
G,G,G,G,G,G,1.5
G,G,G,G,G,G,2.0
G,G,G,G,G,G,2.5
G,G,G,G,G,G,3.0
G,G,G,G,G,G,3.5
G,G,G,G,G,G,4.0
G,G,G,G,G,G,4.5
G,G,G,G,G,G,5.0
G,G,G,G,G,G,5.5
G,G,G,G,G,G,6.0
G,G,G,G,Y,Y,5.5
G,G,G,G,G,Y,5.0
G,G,G,G,G,Y,4.5
G,G,G,G,G,G,5.0
G,G,G,G,G,G,5.5
G,G,G,G,G,G,6.0
G,G,G,G,G,G,6.5
G,G,G,G,G,G,7.0
G,G,G,G,G,G,7.5
G,G,G,G,G,G,8.0
Y,G,G,G,G,G,7.5
G,G,G,G,G,G,8.0
Y,G,G,G,G,G,7.5
Y,G,G,G,G,G,7.0
Y,G,G,G,G,G,6.5
G,G,G,G,G,G,7.0
G,G,G,G,G,G,7.5
G,G,G,G,G,G,8.0
Y,G,G,G,G,G,7.5
Y,G,G,G,G,G,7.0
G,G,G,G,G,G,7.5
G,G,G,G,G,G,8.0
G,G,G,G,G,G,8.5
G,G,G,G,G,G,9.0
G,G,G,G,G,G,9.5
G,G,G,G,G,G,10.0
G,G,G,G,G,G,10
Y,G,G,G,G,G,9.5
G,G,G,G,G,G,10.0
G,G,G,G,G,G,10
Y,G,G,G,G,G,9.5
G,G,G,G,G,G,10.0
G,G,G,G,G,G,10
G,G,G,G,G,G,10
G,G,G,G,G,G,10
G,G,G,G,G,G,10
G,G,G,G,G,G,10
G,G,G,G,G,G,10
G,G,G,G,G,Y,9.5
G,G,G,G,G,O,8.0
G,G,G,G,G,G,8.5
G,G,G,G,Y,Y,8.0
G,G,G,G,Y,Y,7.5
G,G,G,Y,Y,Y,7.0
G,G,G,Y,Y,Y,6.5
G,G,G,Y,Y,Y,6.0
G,G,G,G,Y,Y,5.5
G,G,G,G,Y,Y,5.0
G,G,G,G,Y,Y,4.5
G,G,G,G,G,Y,4.0
G,G,G,G,G,Y,3.5
G,G,G,G,G,G,4.0
G,G,G,G,G,G,4.5
G,G,G,G,G,G,5.0
G,G,G,G,G,G,5.5
Y,G,G,G,G,G,5.0
Y,G,G,G,G,G,4.5
G,G,G,G,G,G,5.0
G,G,G,G,G,G,5.5
G,G,G,G,G,Y,5.0
G,G,G,G,G,G,5.5
G,G,G,G,G,G,6.0
G,G,G,G,G,G,6.5
G,G,G,G,G,G,7.0
G,G,G,G,G,Y,6.5
B,G,G,G,G,G,4.5
G,G,G,G,Y,Y,4.0
G,G,G,G,G,Y,3.5
G,G,G,G,G,Y,3.0
G,G,G,G,G,G,3.5
G,G,G,G,G,G,4.0
G,G,G,G,G,G,4.5
G,G,G,G,G,Y,4.0
G,G,G,G,G,G,4.5
G,G,G,G,G,G,5.0
G,G,G,G,G,G,5.5
G,G,G,G,G,G,6.0
G,G,G,G,G,G,6.5
G,G,G,G,G,G,7.0
G,G,G,G,G,G,7.5
G,G,G,G,G,G,8.0
G,G,G,G,G,G,8.5
G,G,G,G,G,G,9.0
G,G,G,G,G,G,9.5
G,G,G,B,B,B,7.5
Y,Y,G,G,G,G,7.0
Y,G,G,G,G,G,6.5
G,G,G,G,G,G,7.0
G,G,G,G,G,Y,6.5
Y,G,G,G,G,G,6.0
G,G,G,G,G,G,6.5
G,G,G,G,G,G,7.0
G,G,G,G,G,Y,6.5
G,G,G,G,G,G,7.0
G,G,G,G,G,G,7.5
G,G,G,G,G,G,8.0
G,G,G,G,G,Y,7.5
G,G,G,G,G,G,8.0
G,G,G,G,G,G,8.5
G,G,G,G,G,Y,8.0
G,G,G,G,G,Y,7.5
G,G,G,G,G,Y,7.0
G,G,G,G,Y,Y,6.5
G,G,G,G,Y,Y,6.0
G,G,G,G,Y,Y,5.5
G,G,G,G,Y,Y,5.0
G,G,G,G,Y,Y,4.5
G,G,G,G,Y,Y,4.0
G,G,G,G,G,Y,3.5
G,G,G,G,G,Y,3.0
G,G,G,G,G,Y,2.5
G,G,G,G,G,G,3.0
G,G,G,G,G,G,3.5
G,G,G,G,G,G,4.0
G,G,G,G,G,G,4.5
G,G,G,G,G,G,5.0
G,G,G,G,G,G,5.5
Y,G,G,G,G,G,5.0
Y,G,G,G,G,G,4.5
G,G,G,G,G,G,5.0
G,G,G,G,G,G,5.5
G,G,G,G,G,G,6.0
G,G,G,G,G,G,6.5
G,G,G,G,G,G,7.0
G,G,G,G,G,G,7.5
G,G,G,G,G,G,8.0
G,G,G,G,B,G,6.0
G,G,G,G,G,G,6.5
G,G,G,G,G,G,7.0
G,G,G,G,G,G,7.5
Y,G,G,G,G,G,7.0
Y,Y,G,G,G,G,6.5
Y,Y,G,G,G,G,6.0
Y,Y,G,G,G,G,5.5
Y,Y,G,G,G,G,5.0
Y,Y,G,G,G,G,4.5
Y,Y,G,G,G,G,4.0
Y,G,G,G,G,G,3.5
Y,G,G,G,G,G,3.0
G,G,G,G,G,G,3.5
G,G,G,G,G,G,4.0
G,G,G,G,G,G,4.5
G,G,G,G,G,G,5.0
G,G,G,G,G,G,5.5
Y,G,G,G,G,G,5.0
G,G,G,G,G,G,5.5
G,G,G,G,G,G,6.0
Y,G,G,G,G,G,5.5
G,G,G,G,G,G,6.0
Y,G,G,G,G,G,5.5
G,G,G,G,G,G,6.0
Y,Y,G,G,G,G,5.5
Y,G,G,G,G,G,5.0
Y,G,G,G,G,G,4.5
Y,G,G,G,G,G,4.0
G,G,G,G,G,G,4.5
G,G,G,G,G,G,5.0
Y,G,G,G,G,G,4.5
G,G,G,G,G,G,5.0
G,G,G,G,O,G,3.5
Y,G,G,G,G,O,2.0
Y,Y,G,G,G,O,0.5
Y,Y,G,G,G,G,1.0
Y,Y,G,G,G,O,0
Y,Y,G,G,G,O,0.0
Y,G,G,G,G,O,0.0
Y,G,G,G,G,O,0.0
Y,G,G,G,G,O,0.0
Y,G,G,G,G,O,0.0
Y,G,G,G,G,O,0.0
Y,G,G,G,G,O,0.0
Y,G,G,G,G,O,0.0
Y,G,G,G,G,O,0.0
Y,G,G,G,G,O,0.0
Y,G,G,G,G,O,0.0
Y,G,G,G,G,O,0.0
Y,G,G,G,G,O,0.0
Y,G,G,G,G,O,0.0
Y,G,G,G,G,O,0.0
Y,G,G,G,G,O,0.0
Y,G,G,G,G,G,1.0
Y,G,G,G,G,O,0
Y,G,G,G,G,G,1.0
G,G,G,G,G,O,0
Y,G,G,G,G,G,1.0
Y,G,G,G,G,G,0.5
G,G,G,G,G,G,2.0
G,G,G,G,G,G,2.5
G,G,G,G,G,G,3.0
Y,G,G,G,G,G,2.5
G,G,G,G,G,G,3.0
G,G,G,G,G,G,3.5
G,G,G,G,G,G,4.0
G,G,G,G,G,Y,3.5
G,G,G,G,G,Y,3.0
G,G,G,G,G,G,3.5
G,G,G,G,G,G,4.0
G,G,G,G,G,G,4.5
G,G,G,G,G,G,5.0
G,G,G,G,G,G,5.5
G,G,G,G,G,G,6.0
G,G,G,G,G,G,6.5
G,G,G,G,O,G,5.0
G,G,G,G,G,O,3.5
Y,Y,G,G,G,G,3.0
Y,Y,Y,G,G,G,2.5
Y,G,G,G,G,G,2.0
Y,G,G,G,G,O,0.5
Y,G,G,G,G,O,0.0
Y,G,G,G,G,O,0.0
Y,G,G,G,G,O,0.0
Y,G,G,G,G,O,0.0
Y,G,G,G,G,O,0.0
Y,G,G,G,G,G,1.0
G,G,G,G,G,O,0
Y,Y,G,G,G,G,1.0
Y,G,G,G,G,G,0.5
G,G,G,G,G,G,2.0
G,G,G,G,G,G,2.5
G,G,G,G,G,G,3.0
G,G,G,G,G,G,3.5
G,G,G,G,G,G,4.0
G,G,G,G,G,G,4.5
G,G,G,G,G,Y,4.0
G,G,G,G,G,G,4.5
G,G,G,G,G,G,5.0
G,G,G,G,G,G,5.5
G,G,G,G,G,Y,5.0
G,G,G,G,G,G,5.5
G,G,G,G,G,Y,5.0
G,G,G,G,G,G,5.5
G,G,G,G,G,Y,5.0
G,G,G,G,G,G,5.5
G,G,G,G,G,Y,5.0
G,G,G,G,G,Y,4.5
G,G,G,G,G,G,5.0
G,G,G,G,G,Y,4.5
G,G,G,G,G,G,5.0
G,G,G,G,G,Y,4.5
G,G,G,G,Y,Y,4.0
G,G,G,G,G,Y,3.5
G,G,G,G,G,G,4.0
G,G,G,G,G,G,4.5
G,G,G,G,G,Y,4.0
G,G,G,G,G,G,4.5
G,G,G,G,G,Y,4.0
G,G,G,G,G,Y,3.5
G,G,G,G,G,Y,3.0
G,G,G,G,G,G,3.5
G,G,G,G,G,Y,3.0
G,G,G,G,G,G,3.5
G,G,G,G,G,G,4.0
G,G,G,G,G,G,4.5
G,G,G,G,G,G,5.0
G,G,G,G,G,Y,4.5
G,G,G,G,G,Y,4.0
G,G,G,G,G,G,4.5
G,G,G,G,G,G,5.0
G,G,G,G,G,G,5.5
G,G,G,G,G,G,6.0
G,G,G,G,G,Y,5.5
B,G,G,G,G,G,3.5
G,G,G,G,G,Y,3.0
G,G,G,G,G,G,3.5
G,G,G,G,G,G,4.0
G,G,G,G,G,G,4.5
G,G,G,G,G,G,5.0
Y,G,G,G,G,G,4.5
G,G,G,G,G,G,5.0
G,G,G,G,G,G,5.5
G,G,G,G,G,Y,5.0
G,G,G,G,G,G,5.5
G,G,G,G,G,G,6.0
G,G,G,G,G,G,6.5
Y,G,G,G,G,Y,7.0
G,G,B,B,G,G,5.0
G,G,G,B,G,Y,3.5
G,G,G,G,G,Y,3.0
G,G,G,G,G,G,3.5
Y,G,G,G,G,G,3.0
G,G,G,G,G,G,3.5
G,G,G,G,G,G,4.0
G,G,G,G,G,G,4.5
G,G,G,G,G,G,5.0
G,G,G,G,G,G,5.5
G,G,G,G,G,G,6.0
G,G,G,G,G,G,6.5
G,G,G,G,G,Y,6.0
G,G,G,G,G,G,6.5
Y,G,G,G,G,G,6.0
G,G,G,G,G,G,6.5
G,G,G,G,G,G,7.0
G,G,G,G,G,G,7.5
G,G,G,G,Y,Y,7.0
G,G,G,G,G,Y,6.5
G,G,G,G,G,Y,6.0
G,G,G,G,G,Y,5.5
G,G,G,G,G,G,6.0
G,G,G,G,G,G,6.5
G,G,G,G,G,Y,6.0
G,G,G,G,G,G,6.5
O,O,O,G,G,Y,5.0
O,O,O,G,Y,Y,3.5
O,O,G,Y,Y,Y,2.0
O,O,G,G,Y,Y,0.5
O,O,G,G,Y,Y,0.0
G,G,G,G,Y,Y,1.0
G,G,G,G,G,Y,0.5
G,G,G,G,G,G,2.0
G,G,G,G,G,G,2.5
G,G,G,G,G,G,3.0
G,G,G,G,G,G,3.5
G,G,G,G,G,G,4.0
G,G,G,G,G,G,4.5
G,G,G,G,G,G,5.0
G,G,G,G,G,G,5.5
Y,Y,Y,Y,G,G,5.0
Y,Y,Y,G,G,G,4.5
Y,Y,Y,G,G,G,4.0
Y,Y,Y,G,G,G,3.5
Y,Y,G,G,G,G,3.0
Y,Y,G,G,G,G,2.5
Y,Y,G,G,G,G,2.0
Y,Y,G,G,G,G,1.5
Y,Y,G,G,G,G,1.0
Y,G,G,G,G,G,0.5
Y,G,G,G,G,G,1.0
Y,G,G,G,G,G,0.5
Y,G,G,G,G,G,1.0
G,G,G,G,G,G,1.5
G,G,G,G,G,G,2.0
G,G,G,G,G,G,2.5
G,G,G,G,G,G,3.0
G,G,G,G,G,G,3.5
G,G,G,G,G,G,4.0
G,G,G,G,G,G,4.5
G,G,G,G,G,G,5.0
G,G,G,G,G,G,5.5
G,G,G,G,G,G,6.0
G,G,G,G,G,G,6.5
G,G,G,G,G,G,7.0
G,G,G,G,G,G,7.5
G,G,G,G,G,G,8.0
G,G,G,G,G,G,8.5
G,G,G,G,G,G,9.0
G,G,G,G,Y,Y,8.5
G,G,G,Y,Y,Y,8.0
G,G,G,Y,Y,Y,7.5
G,G,G,Y,Y,Y,7.0
G,G,G,Y,Y,Y,6.5
G,G,G,Y,Y,Y,6.0
G,G,G,G,Y,Y,5.5
G,G,G,G,Y,Y,5.0
G,G,G,G,G,Y,4.5
G,G,G,B,G,Y,3.0
G,Y,G,G,B,B,1.5
Y,G,G,B,B,B,0.0
G,G,G,B,B,B,0
Y,G,G,G,B,B,0.0
Y,G,G,B,B,B,0.0
G,G,B,B,B,G,0
G,G,B,B,B,Y,0.0
G,G,B,B,B,Y,0.0
G,G,B,B,B,Y,0.0
G,G,B,G,G,Y,0.0
G,G,B,G,G,Y,0.0
G,G,B,G,G,Y,0.0
G,G,G,G,G,Y,1.0
G,G,G,G,G,G,1.5
G,G,G,G,G,G,2.0
G,G,G,G,G,G,2.5
G,G,G,G,G,G,3.0
G,G,G,G,G,G,3.5
G,G,G,G,G,Y,3.0
G,G,G,G,G,G,3.5
G,G,G,G,G,G,4.0
G,G,G,G,G,G,4.5
G,G,G,G,G,Y,4.0
G,G,G,G,G,G,4.5
G,G,G,G,G,Y,4.0
G,G,G,G,Y,Y,3.5
G,G,G,G,G,G,4.0
G,G,G,G,G,G,4.5
G,G,G,G,G,Y,4.0
G,G,G,G,G,Y,3.5
G,G,G,G,G,Y,3.0
G,G,G,G,G,Y,2.5
G,G,G,G,G,Y,2.0
G,G,G,G,G,G,2.5
G,G,G,G,G,G,3.0
G,G,G,G,G,G,3.5
G,G,G,G,G,G,4.0
G,G,G,G,G,G,4.5
G,G,G,G,O,O,3.0
G,G,G,G,G,G,3.5
G,G,G,G,G,G,4.0
G,G,G,G,G,G,4.5
G,G,G,G,G,G,5.0
G,G,G,G,G,G,5.5
G,G,G,G,G,G,6.0
Y,G,G,G,G,G,5.5
G,G,G,G,G,G,6.0
G,G,G,G,G,G,6.5
G,G,G,G,G,G,7.0
Y,G,G,G,G,G,6.5
G,G,G,G,G,G,7.0
G,G,G,G,G,G,7.5
G,G,G,G,G,Y,7.0
G,G,G,G,G,Y,6.5
G,G,G,G,G,Y,6.0
G,G,G,G,G,Y,5.5
G,G,G,G,G,G,6.0
G,G,G,G,G,G,6.5
G,G,G,G,G,G,7.0
G,G,G,G,G,G,7.5
Y,G,G,G,G,G,7.0
Y,G,G,G,G,G,6.5
Y,G,G,G,G,G,6.0
Y,G,G,G,G,G,5.5
Y,G,G,G,G,G,5.0
Y,G,G,G,G,G,4.5
G,G,G,G,G,G,5.0
G,G,G,G,G,G,5.5
G,G,G,G,G,G,6.0
G,G,G,G,G,G,6.5
G,G,G,G,G,G,7.0
Y,G,G,G,G,G,6.5
G,G,G,G,G,G,7.0
G,G,G,G,G,G,7.5
G,G,G,G,G,G,8.0
G,G,G,G,G,G,8.5
G,G,G,G,G,G,9.0
G,G,G,G,G,G,9.5
Y,G,G,G,G,G,9.0
G,G,G,G,G,G,9.5
G,G,G,G,G,G,10.0
G,G,G,G,G,G,10
Y,G,G,G,G,G,9.5
G,G,G,G,G,G,10.0
G,G,G,G,G,G,10
G,G,G,G,G,G,10
G,G,G,G,G,G,10
G,G,G,G,G,G,10
G,G,G,G,G,G,10
Y,G,G,G,G,G,9.5
G,G,G,G,G,G,10.0
G,G,G,O,O,O,8.5
G,G,G,Y,Y,Y,8.0
G,G,G,Y,Y,Y,7.5
G,G,G,Y,Y,Y,7.0
G,G,G,Y,Y,Y,6.5
G,G,G,Y,Y,Y,6.0
G,G,G,Y,Y,R,6.5
G,G,Y,Y,Y,R,7.0
G,G,Y,Y,R,R,7.5
G,Y,Y,Y,R,R,8.0
Y,Y,Y,R,R,R,9.5
Y,Y,R,R,R,R,10
Y,R,R,R,R,R,10
Y,R,R,R,R,R,10
Y,Y,R,R,R,R,10
Y,Y,Y,R,R,R,10
G,G,Y,Y,R,R,10
G,G,Y,Y,R,R,10
G,G,Y,Y,R,R,10
G,G,Y,Y,R,R,10
G,G,Y,Y,R,R,10
G,G,Y,Y,Y,R,10
G,G,Y,Y,Y,R,10
G,G,Y,Y,Y,R,10
G,G,Y,Y,Y,R,10
G,G,Y,Y,Y,R,10
B,B,Y,Y,Y,R,9.5
G,Y,Y,Y,R,R,10.0
G,Y,Y,R,R,R,10
G,Y,Y,R,R,R,10
G,Y,Y,R,R,R,10
Y,Y,Y,R,R,R,10
G,Y,Y,R,R,R,10
Y,Y,Y,R,R,R,10
Y,Y,R,R,R,R,10
Y,Y,R,R,R,R,2
Y,Y,R,R,R,R,2
Y,Y,R,R,R,R,2
Y,Y,R,R,R,R,2
Y,R,R,R,R,R,2
Y,R,R,R,R,R,2
Y,R,R,R,R,R,2
Y,R,R,R,R,R,2
Y,R,R,R,R,R,2
Y,R,R,R,R,R,2
Y,R,R,R,R,R,2
Y,R,R,R,R,R,2
Y,R,R,R,R,R,2
R,R,R,R,R,R,2
R,R,R,R,Y,Y,2
R,R,R,Y,Y,Y,2
R,R,R,Y,Y,Y,2
R,R,R,Y,Y,Y,2
R,R,Y,Y,Y,Y,2
R,R,Y,Y,Y,Y,2
R,Y,Y,Y,Y,Y,2
R,Y,Y,Y,Y,Y,2
R,Y,Y,Y,Y,Y,2
Y,Y,Y,G,G,G,1.98
Y,Y,Y,G,G,Y,2.48
Y,Y,G,G,G,Y,2.98
Y,G,G,Y,G,O,1.48
G,G,G,G,G,O,0
Y,G,G,G,G,G,1.0
G,G,G,G,G,G,1.5
G,G,G,G,G,G,2.0
G,G,G,G,G,G,2.5
G,G,G,G,G,G,3.0
G,G,G,G,G,G,3.5
G,G,G,G,G,G,4.0
G,G,G,G,G,G,4.5
G,G,G,G,G,G,5.0
G,G,G,G,G,G,5.5
G,G,Y,Y,Y,G,5.0
G,G,Y,Y,Y,Y,4.5
G,Y,Y,Y,Y,Y,3.0
G,Y,Y,Y,Y,Y,1.5
Y,Y,Y,Y,Y,Y,0.0
Y,Y,Y,Y,Y,Y,0.0
Y,Y,Y,Y,Y,G,0.0
Y,Y,Y,Y,Y,G,0.0
Y,Y,Y,Y,G,G,1.0
Y,Y,Y,G,G,G,0.5
Y,Y,Y,G,G,G,1.0
Y,Y,Y,G,G,G,0.5
Y,G,G,G,G,G,1.0
Y,G,G,G,G,O,0
Y,G,G,G,G,O,0.0
Y,G,G,G,G,O,0.0
Y,G,G,G,G,O,0.0
Y,G,G,G,G,O,0.0
Y,G,G,G,G,O,0.0
Y,G,G,G,G,O,0.0
Y,G,G,G,G,O,0.0
Y,G,G,G,G,O,0.0
Y,G,G,G,G,O,0.0
Y,G,G,G,G,O,0.0
Y,G,G,G,G,O,0.0
Y,G,G,G,G,O,0.0
Y,Y,G,G,G,O,0.0
Y,Y,G,G,G,O,0.0
Y,Y,G,G,G,O,0.0
Y,G,G,G,G,O,0.0
Y,G,G,G,G,O,0.0
Y,G,G,G,G,O,0.0
Y,G,G,G,G,O,0.0
Y,G,G,G,G,O,0.0
Y,G,G,G,G,O,0.0
Y,G,G,G,G,O,0.0
Y,G,G,G,G,O,0.0
Y,G,G,G,G,G,1.0
G,G,G,G,G,O,0
Y,Y,G,G,G,G,1.0
Y,G,G,G,G,G,0.5
Y,G,G,G,G,O,0.0
Y,G,G,G,G,G,1.0
G,G,G,G,G,O,0
Y,G,G,G,G,G,1.0
Y,G,G,G,G,G,0.5
G,G,G,G,G,G,2.0
G,G,G,G,G,G,2.5
G,G,G,G,G,G,3.0
G,G,G,G,G,Y,2.5
G,G,G,G,G,G,3.0
G,G,G,G,G,G,3.5
G,G,G,G,G,G,4.0
G,G,G,G,G,G,4.5
G,G,G,G,G,Y,4.0
G,G,G,G,G,G,4.5
G,G,G,G,Y,Y,4.0
G,G,G,G,G,G,4.5
G,G,G,G,G,Y,4.0
G,G,G,G,G,G,4.5
G,G,G,G,G,G,5.0
G,G,G,G,G,Y,4.5
G,G,G,G,G,G,5.0
G,G,G,G,Y,Y,4.5
G,G,G,G,G,G,5.0
G,G,G,G,G,Y,4.5
G,G,G,G,G,G,5.0
G,G,G,G,G,Y,4.5
G,G,G,G,G,G,5.0
G,G,G,G,G,Y,4.5
G,G,G,G,G,Y,4.0
G,G,G,G,G,G,4.5
G,G,G,G,G,Y,4.0
G,G,G,G,G,Y,3.5
G,G,G,G,G,G,4.0
G,G,G,G,G,Y,3.5
G,G,G,G,G,Y,3.0
G,G,G,G,G,G,3.5
G,G,G,G,G,Y,3.0
G,G,G,G,G,G,3.5
G,G,G,G,G,G,4.0
G,G,G,G,G,G,4.5
G,G,G,G,G,Y,4.0
G,G,G,G,G,Y,3.5
G,G,G,G,G,G,4.0
G,G,G,G,G,G,4.5
G,G,G,G,G,G,5.0
G,G,G,G,G,Y,4.5
G,G,G,G,G,G,5.0
G,G,G,G,G,G,5.5
G,G,G,G,G,Y,5.0
G,G,G,G,G,G,5.5
G,G,G,G,G,G,6.0
G,G,G,G,G,G,6.5
G,G,G,G,G,G,7.0
G,G,G,G,G,G,7.5
Y,G,G,G,G,G,7.0
G,G,G,G,G,G,7.5
G,G,G,G,G,Y,7.0
G,G,G,G,G,G,7.5
G,G,G,G,G,G,8.0
G,G,G,G,G,G,8.5
G,G,G,G,G,G,9.0
G,G,B,B,B,G,7.0
G,G,G,G,G,Y,6.5
G,G,G,G,G,G,7.0
G,G,G,G,G,G,7.5
G,G,G,G,G,G,8.0
G,G,G,G,G,G,8.5
G,G,G,G,G,G,9.0
G,G,G,G,G,G,9.5
G,G,G,G,G,Y,9.0
G,G,G,G,G,Y,8.5
G,G,G,G,G,G,9.0
G,G,G,G,G,G,9.5
G,G,G,Y,Y,Y,9.0
G,G,G,G,Y,Y,8.5
G,G,G,G,G,Y,8.0
G,G,G,G,G,Y,7.5
G,O,G,G,G,G,6.0
O,O,G,Y,Y,Y,4.5
O,G,Y,Y,Y,Y,3.0
O,G,Y,Y,Y,Y,1.5
G,G,Y,Y,Y,Y,1.0
O,G,G,Y,Y,Y,0
O,G,G,Y,Y,Y,0.0
O,G,G,Y,Y,Y,0.0
O,G,G,G,Y,Y,0.0
O,G,G,G,Y,Y,0.0
G,G,G,G,Y,Y,1.0
G,G,G,G,G,Y,0.5
G,G,G,G,G,G,2.0
G,G,G,G,G,G,2.5
G,G,G,G,G,G,3.0
G,G,G,G,G,G,3.5
G,G,G,G,G,G,4.0
G,G,G,G,G,G,4.5
G,G,G,G,G,G,5.0
G,G,G,G,G,G,5.5
Y,Y,Y,G,G,G,5.0
Y,Y,Y,G,G,G,4.5
Y,Y,Y,G,G,G,4.0
Y,Y,Y,G,G,G,3.5
Y,Y,Y,G,G,G,3.0
Y,Y,Y,G,G,G,2.5
Y,Y,Y,G,G,G,2.0
Y,Y,Y,G,G,G,1.5
Y,Y,Y,G,G,G,1.0
Y,Y,G,G,G,G,0.5
Y,Y,G,G,G,G,1.0
Y,Y,G,G,G,G,0.5
Y,Y,G,G,G,G,1.0
Y,G,G,G,G,G,0.5
Y,G,G,G,G,G,1.0
Y,G,G,G,G,G,0.5
G,G,G,G,G,G,2.0
G,G,G,G,G,G,2.5
G,G,G,G,G,G,3.0
G,G,G,G,G,G,3.5
G,G,G,G,G,G,4.0
G,G,G,G,G,G,4.5
G,G,G,G,G,Y,4.0
G,G,G,G,G,Y,3.5
G,G,G,G,G,Y,3.0
G,G,G,G,G,Y,2.5
G,G,G,G,G,G,3.0
G,G,G,G,G,G,3.5
G,G,G,G,G,G,4.0
G,G,G,G,G,G,4.5
G,G,G,G,G,G,5.0
Y,G,G,G,G,G,4.5
G,G,G,G,G,G,5.0
G,G,G,G,G,G,5.5
G,G,G,G,G,G,6.0
G,G,G,G,G,Y,5.5
G,G,G,G,G,Y,5.0
G,G,G,G,G,Y,4.5
G,G,G,G,G,Y,4.0
G,G,G,G,G,G,4.5
G,G,G,G,G,G,5.0
G,G,G,G,G,G,5.5
G,G,G,G,G,Y,5.0
G,G,G,G,G,Y,4.5
G,G,G,G,G,G,5.0
G,G,G,G,G,G,5.5
G,B,B,B,G,G,3.5
B,B,B,G,Y,Y,2.0
B,G,G,Y,Y,Y,0.5
G,G,G,Y,Y,Y,1.0
B,G,G,Y,Y,Y,0
B,G,G,Y,Y,Y,0.0
B,G,G,Y,Y,Y,0.0
B,G,G,Y,Y,Y,0.0
G,G,G,Y,Y,Y,1.0
G,G,G,G,Y,Y,0.5
G,G,G,G,Y,Y,1.0
G,G,B,G,G,Y,0
G,G,B,G,G,Y,0.0
G,G,G,G,G,Y,1.0
G,G,G,G,G,G,1.5
G,G,G,G,G,G,2.0
G,G,G,G,G,G,2.5
G,G,G,G,G,G,3.0
G,G,G,G,G,G,3.5
G,G,G,G,G,G,4.0
G,G,G,G,G,Y,3.5
G,G,G,G,G,G,4.0
G,G,G,G,G,G,4.5
G,G,G,G,G,Y,4.0
G,G,G,G,G,G,4.5
G,G,G,G,Y,Y,4.0
G,G,G,G,G,G,4.5
G,G,G,G,G,Y,4.0
G,G,G,G,G,Y,3.5
G,G,G,G,G,G,4.0
G,G,G,G,G,Y,3.5
G,G,G,G,G,Y,3.0
G,G,G,G,G,Y,2.5
G,G,G,G,G,G,3.0
G,G,G,G,G,Y,2.5
G,G,G,G,G,G,3.0
G,G,G,G,G,G,3.5
G,G,G,G,G,O,2.0
G,G,G,G,G,G,2.5
G,G,G,G,G,G,3.0
G,G,G,G,G,G,3.5
Y,G,G,G,G,G,3.0
Y,G,G,G,G,G,2.5
G,G,G,G,G,G,3.0
G,G,G,G,G,G,3.5
G,G,G,G,G,G,4.0
G,G,G,G,G,G,4.5
G,G,G,G,G,G,5.0
G,G,G,G,G,G,5.5
G,G,G,G,G,G,6.0
G,G,G,G,G,G,6.5
G,G,G,G,G,G,7.0
G,G,G,G,G,G,7.5
G,G,G,G,G,G,8.0
G,G,G,G,G,Y,7.5
G,G,G,G,G,Y,7.0
G,G,G,G,G,G,7.5
G,G,G,G,G,G,8.0
G,G,G,G,G,G,8.5
G,G,G,G,G,G,9.0
G,G,G,G,G,G,9.5
Y,G,G,G,G,G,9.0
Y,G,G,G,G,G,8.5
Y,G,G,G,G,G,8.0
Y,G,G,G,G,G,7.5
Y,G,G,G,G,G,7.0
Y,G,G,G,G,G,6.5
G,G,G,G,G,G,7.0
G,G,G,G,G,G,7.5
G,G,G,G,G,G,8.0
G,G,G,G,G,G,8.5
G,G,G,G,G,G,9.0
G,G,G,G,G,G,9.5
G,G,G,G,G,G,10.0
Y,G,G,G,G,G,9.5
G,G,G,G,G,G,10.0
G,G,G,G,G,Y,9.5
G,G,G,G,G,G,10.0
G,G,G,G,G,G,10
Y,G,G,G,G,G,9.5
Y,G,G,G,G,G,9.0
G,G,G,G,G,G,9.5
G,G,G,G,G,G,10.0
G,G,G,G,G,G,10
G,G,G,G,G,G,10
G,G,G,G,G,G,10
G,G,G,G,G,Y,9.5
G,G,G,G,G,G,10.0
G,G,G,G,G,O,8.5
G,G,G,G,G,G,9.0
G,G,G,G,G,Y,8.5
G,G,G,G,Y,Y,8.0
G,G,G,G,Y,Y,7.5
G,G,G,G,Y,Y,7.0
G,G,G,G,Y,Y,6.5
G,G,G,G,Y,Y,6.0
G,G,G,G,Y,Y,5.5
G,G,G,G,G,Y,5.0
G,G,G,G,G,Y,4.5
G,G,G,G,G,G,5.0
G,G,G,G,G,G,5.5
G,G,G,G,G,G,6.0
G,G,G,G,G,G,6.5
G,G,G,G,G,G,7.0
G,G,G,G,G,G,7.5
G,G,G,G,G,G,8.0
G,G,G,G,G,G,8.5
G,G,G,G,G,Y,8.0
G,G,G,G,G,G,8.5
G,G,G,G,G,Y,8.0
B,G,G,G,G,G,6.0
G,G,G,G,Y,Y,5.5
G,G,G,G,Y,Y,5.0
G,G,G,G,G,Y,4.5
G,G,G,G,G,G,5.0
G,G,G,G,G,G,5.5
G,G,G,G,G,G,6.0
G,G,G,G,G,G,6.5
G,G,G,G,G,G,7.0
G,G,G,G,G,G,7.5
G,G,G,G,G,Y,7.0
G,G,G,G,G,G,7.5
G,G,G,G,G,G,8.0
Y,G,G,G,G,G,7.5
G,G,G,G,G,G,8.0
G,G,G,G,G,G,8.5
G,G,B,B,B,G,6.5
G,G,G,G,G,Y,6.0
G,G,G,G,G,G,6.5
G,G,G,G,G,G,7.0
G,G,G,G,G,G,7.5
G,G,G,G,G,G,8.0
G,G,G,G,G,Y,7.5
G,G,G,G,G,G,8.0
G,G,G,G,G,G,8.5
Y,G,G,G,G,G,8.0
G,G,G,G,G,G,8.5
G,G,G,G,G,G,9.0
G,G,G,G,G,Y,8.5
G,G,G,G,G,Y,8.0
G,G,G,G,G,Y,7.5
G,G,G,G,G,Y,7.0
G,G,G,G,Y,Y,6.5
G,G,G,G,G,Y,6.0
G,G,G,G,G,Y,5.5
G,G,G,G,G,Y,5.0
G,G,G,G,G,Y,4.5
G,G,G,G,G,Y,4.0
G,G,G,G,G,G,4.5
G,G,G,G,G,G,5.0
G,G,G,G,G,Y,4.5
G,G,G,G,G,Y,4.0
G,G,G,G,G,G,4.5
G,G,G,G,G,G,5.0
G,G,G,G,G,G,5.5
G,G,G,G,G,G,6.0
G,G,G,G,G,G,6.5
G,G,G,G,G,G,7.0
G,G,G,G,G,G,7.5
G,G,G,G,G,G,8.0
G,G,G,G,G,G,8.5
G,G,G,G,G,G,9.0
G,G,G,G,G,B,7.0
Y,G,G,G,G,G,6.5
Y,G,G,G,G,G,6.0
Y,Y,G,G,G,G,5.5
Y,G,G,G,G,G,5.0
Y,G,G,G,G,G,4.5
G,G,G,G,G,G,5.0
G,G,G,G,G,G,5.5
G,G,G,G,G,G,6.0
Y,Y,G,G,G,G,5.5
Y,G,G,G,G,G,5.0
Y,G,G,G,G,G,4.5
G,G,G,G,G,G,5.0
G,G,G,G,G,G,5.5
Y,G,G,G,G,G,5.0
Y,G,G,G,G,G,4.5
G,G,G,G,G,G,5.0
G,G,G,G,G,G,5.5
G,G,G,G,G,G,6.0
Y,G,G,G,G,G,5.5
Y,Y,G,G,G,G,5.0
G,G,G,G,G,G,5.5
Y,G,G,G,G,G,5.0
G,G,G,G,G,G,5.5
Y,G,G,G,G,G,5.0
Y,G,G,G,G,G,4.5
G,G,G,G,G,G,5.0
Y,G,G,G,G,G,4.5
Y,G,G,G,G,G,4.0
G,G,G,G,G,G,4.5
G,G,G,G,G,G,5.0
G,G,G,G,G,G,5.5
Y,G,G,G,G,G,5.0
G,G,G,G,O,O,3.5
Y,G,G,G,G,O,2.0
Y,Y,G,G,G,O,0.5
Y,Y,G,G,G,G,1.0
Y,G,G,G,G,O,0
Y,G,G,G,G,O,0.0
Y,G,G,G,G,O,0.0
Y,G,G,G,G,O,0.0
Y,G,G,G,G,O,0.0
Y,G,G,G,G,O,0.0
Y,G,G,G,G,O,0.0
Y,G,G,G,G,O,0.0
Y,G,G,G,G,O,0.0
Y,G,G,G,G,O,0.0
Y,G,G,G,G,O,0.0
Y,G,G,G,G,O,0.0
Y,G,G,G,G,G,1.0
Y,G,G,G,G,O,0
Y,G,G,G,G,G,1.0
G,G,G,G,G,O,0
Y,G,G,G,G,G,1.0
Y,G,G,G,G,G,0.5
G,G,G,G,G,G,2.0
G,G,G,G,G,G,2.5
G,G,G,G,G,G,3.0
G,G,G,G,G,G,3.5
G,G,G,G,G,G,4.0
G,G,G,G,G,G,4.5
G,G,G,G,G,G,5.0
G,G,G,G,G,Y,4.5
G,G,G,G,G,G,5.0
G,G,G,G,G,G,5.5
G,G,G,G,G,G,6.0
G,G,G,G,G,Y,5.5
G,G,G,G,G,Y,5.0
G,G,G,G,G,G,5.5
Y,G,G,G,G,G,5.0
G,G,G,G,G,G,5.5
G,G,G,G,G,O,4.0
Y,Y,G,G,G,G,3.5
Y,G,G,G,G,G,3.0
Y,G,G,G,G,O,1.5
Y,G,G,G,G,O,0.0
Y,G,G,G,G,O,0.0
Y,G,G,G,G,O,0.0
Y,G,G,G,G,O,0.0
Y,G,G,G,G,O,0.0
Y,G,G,G,G,O,0.0
Y,G,G,G,G,G,1.0
G,G,G,G,G,O,0
Y,Y,G,G,G,G,1.0
Y,G,G,G,G,G,0.5
Y,G,G,G,G,G,1.0
G,G,G,G,G,O,0
Y,G,G,G,G,G,1.0
Y,G,G,G,G,G,0.5
G,G,G,G,G,G,2.0
G,G,G,G,G,G,2.5
G,G,G,G,G,G,3.0
G,G,G,G,G,G,3.5
G,G,G,G,G,G,4.0
G,G,G,G,G,Y,3.5
G,G,G,G,G,G,4.0
G,G,G,G,G,Y,3.5
G,G,G,G,G,G,4.0
G,G,G,G,G,Y,3.5
G,G,G,G,G,G,4.0
G,G,G,G,G,G,4.5
G,G,G,G,G,Y,4.0
G,G,G,G,G,G,4.5
G,G,G,G,G,G,5.0
G,G,G,G,G,Y,4.5
G,G,G,G,G,G,5.0
G,G,G,G,G,Y,4.5
G,G,G,G,G,G,5.0
G,G,G,G,G,Y,4.5
G,G,G,G,G,G,5.0
G,G,G,G,G,Y,4.5
G,G,G,G,G,G,5.0
G,G,G,G,G,Y,4.5
G,G,G,G,G,Y,4.0
G,G,G,G,G,G,4.5
G,G,G,G,G,Y,4.0
G,G,G,G,G,Y,3.5
G,G,G,G,G,G,4.0
G,G,G,G,G,Y,3.5
G,G,G,G,G,G,4.0
G,G,G,G,G,Y,3.5
G,G,G,G,G,Y,3.0
G,G,G,G,G,G,3.5
G,G,G,G,G,Y,3.0
G,G,G,G,G,G,3.5
G,G,G,G,G,G,4.0
G,G,G,G,G,G,4.5
G,G,G,G,G,Y,4.0
G,G,G,G,G,G,4.5
G,G,G,G,G,G,5.0
G,G,G,G,G,G,5.5
G,G,G,G,G,Y,5.0
G,G,G,G,G,Y,4.5
G,G,G,G,G,G,5.0
G,G,G,G,G,G,5.5
B,G,G,G,G,G,3.5
G,G,G,G,G,Y,3.0
G,G,G,G,G,G,3.5
G,G,G,G,G,G,4.0
G,G,G,G,G,G,4.5
G,G,G,G,G,G,5.0
G,G,G,G,G,G,5.5
G,G,G,G,G,G,6.0
G,G,G,G,G,G,6.5
G,G,G,G,G,G,7.0
G,G,G,G,G,G,7.5
Y,G,G,G,G,G,7.0
G,G,G,G,G,G,7.5
G,B,B,B,G,Y,6.0
G,B,B,B,G,Y,4.5
G,G,G,G,G,Y,4.0
G,G,G,G,G,Y,3.5
G,G,G,G,G,G,4.0
G,G,G,G,G,G,4.5
G,G,G,G,G,G,5.0
Y,G,G,G,G,G,4.5
G,G,G,G,G,G,5.0
G,G,G,G,G,G,5.5
G,G,G,G,G,G,6.0
G,G,G,G,G,G,6.5
G,G,G,G,G,G,7.0
G,G,G,G,G,G,7.5
G,G,G,G,G,Y,7.0
G,G,G,G,G,G,7.5
G,G,G,G,G,Y,7.0
G,G,G,G,G,G,7.5
G,G,G,G,G,Y,7.0
G,G,G,G,G,Y,6.5
G,G,G,G,G,G,7.0
G,G,G,G,G,Y,6.5
G,G,G,G,G,G,7.0
G,O,G,G,G,Y,5.5
O,O,O,G,Y,Y,4.0
O,O,G,Y,Y,Y,2.5
O,O,G,Y,Y,Y,1.0
O,O,G,Y,Y,Y,0
O,G,G,Y,Y,Y,0.0
O,G,G,G,Y,Y,0.0
O,G,G,G,Y,Y,0.0
G,G,G,G,Y,Y,1.0
G,G,G,G,G,Y,0.5
G,G,G,G,G,Y,1.0
G,G,G,G,G,G,1.5
G,G,G,G,G,G,2.0
G,G,G,G,G,G,2.5
G,G,G,G,G,G,3.0
G,G,G,G,G,G,3.5
G,G,G,G,G,G,4.0
G,G,G,G,G,G,4.5
G,G,G,G,G,G,5.0
Y,Y,Y,Y,G,G,4.5
Y,Y,Y,G,G,G,4.0
Y,Y,Y,G,G,G,3.5
Y,Y,Y,G,G,G,3.0
Y,Y,G,G,G,G,2.5
Y,Y,G,G,G,G,2.0
Y,G,G,G,G,G,1.5
Y,G,G,G,G,G,1.0
G,G,G,G,G,G,1.5
Y,G,G,G,G,G,1.0
G,G,G,G,G,G,1.5
G,G,G,G,G,G,2.0
G,G,G,G,G,G,2.5
Y,G,G,G,G,G,2.0
Y,G,G,G,G,G,1.5
Y,G,G,G,G,G,1.0
G,G,G,G,G,G,1.5
Y,G,G,G,G,G,1.0
G,G,G,G,G,G,1.5
G,G,G,G,G,G,2.0
G,G,G,G,G,G,2.5
Y,G,G,G,G,G,2.0
G,G,G,G,G,G,2.5
G,G,G,G,G,G,3.0
G,G,G,G,G,G,3.5
G,G,G,G,G,G,4.0
G,G,G,G,G,G,4.5
G,G,G,G,G,G,5.0
G,G,G,G,G,G,5.5
G,G,G,G,G,G,6.0
G,G,G,G,G,G,6.5
G,G,G,G,G,G,7.0
G,G,G,G,G,G,7.5
G,G,G,G,G,G,8.0
G,G,G,G,G,Y,7.5
G,G,G,G,Y,Y,7.0
G,G,G,G,Y,Y,6.5
G,G,G,G,Y,Y,6.0
G,G,G,G,Y,Y,5.5
G,G,G,G,G,Y,5.0
G,G,G,G,G,Y,4.5
G,G,G,G,G,G,5.0
G,G,G,G,G,G,5.5
G,G,G,G,G,G,6.0
G,B,B,B,G,G,4.0
G,G,G,G,Y,Y,3.5
G,B,G,G,Y,Y,2.0
G,G,G,G,Y,Y,1.5
G,G,G,G,G,Y,1.0
G,G,G,G,G,Y,0.5
Y,G,G,G,G,G,1.0
G,G,G,G,G,Y,0.5
G,G,G,G,G,G,2.0
G,G,G,G,G,G,2.5
G,G,G,G,G,Y,2.0
Y,G,G,G,G,G,1.5
G,G,G,G,G,G,2.0
G,G,G,G,G,G,2.5
G,G,G,G,G,G,3.0
G,G,G,G,G,G,3.5
G,G,G,G,G,Y,3.0
G,G,G,G,G,G,3.5
G,G,G,G,G,G,4.0
G,G,G,G,G,Y,3.5
G,G,G,G,G,G,4.0
G,G,G,G,G,Y,3.5
G,G,G,G,G,G,4.0
G,G,G,G,G,Y,3.5
G,G,G,G,G,Y,3.0
G,G,G,G,G,G,3.5
G,G,G,G,G,Y,3.0
G,G,G,G,G,Y,2.5
G,G,G,G,G,G,3.0
G,G,G,G,G,Y,2.5
G,G,G,G,G,G,3.0
G,G,G,G,G,G,3.5
G,G,G,G,G,G,4.0
G,G,G,G,O,O,2.5
G,G,G,G,G,O,1.0
G,G,G,G,G,G,1.5
G,G,G,G,G,G,2.0
G,G,G,G,G,G,2.5
G,G,G,G,G,G,3.0
G,G,G,G,G,G,3.5
Y,G,G,G,G,G,3.0
Y,G,G,G,G,G,2.5
Y,Y,G,G,G,G,2.0
Y,G,G,G,G,G,1.5
G,G,G,G,G,G,2.0
G,G,G,G,G,G,2.5
G,G,G,G,G,G,3.0
G,G,G,G,G,G,3.5
G,G,G,G,G,G,4.0
G,G,G,G,G,G,4.5
G,G,G,G,G,G,5.0
G,G,G,G,G,G,5.5
G,G,G,G,G,Y,5.0
G,G,G,G,G,Y,4.5
G,G,G,G,G,G,5.0
G,G,G,G,G,Y,4.5
G,G,G,G,G,G,5.0
G,G,G,G,G,G,5.5
G,G,G,G,G,G,6.0
Y,G,G,G,G,G,5.5
G,G,G,G,G,Y,5.0
G,G,G,G,G,G,5.5
G,G,G,G,G,G,6.0
G,G,G,G,G,G,6.5
G,G,G,G,G,G,7.0
G,G,G,G,G,G,7.5
Y,G,G,G,G,G,7.0
Y,G,G,G,G,G,6.5
Y,G,G,G,G,G,6.0
Y,G,G,G,G,G,5.5
G,G,G,G,G,G,6.0
G,G,G,G,G,G,6.5
G,G,G,G,G,G,7.0
G,G,G,G,G,G,7.5
Y,G,G,G,G,G,7.0
Y,G,G,G,G,G,6.5
G,G,G,G,G,G,7.0
G,G,G,G,G,G,7.5
G,G,G,G,G,G,8.0
G,G,G,G,G,G,8.5
G,G,G,G,G,G,9.0
G,G,G,G,G,G,9.5
G,G,G,G,G,G,10.0
G,G,G,G,G,G,10
Y,G,G,G,G,G,9.5
G,G,G,G,G,G,10.0
Y,G,G,G,G,G,9.5
G,G,G,G,G,G,10.0
G,G,G,G,G,G,10
G,G,G,G,G,G,10
G,G,G,G,G,G,10
G,G,G,G,G,G,10
G,G,G,G,G,G,10
G,G,G,G,G,G,10
G,G,G,G,O,Y,8.5
G,G,G,G,G,Y,8.0
G,G,G,G,Y,Y,7.5
G,G,G,G,Y,Y,7.0
G,G,G,G,Y,Y,6.5
G,G,G,G,Y,Y,6.0
G,G,G,G,Y,Y,5.5
G,G,G,G,G,Y,5.0
G,G,G,G,G,Y,4.5
G,G,G,G,G,Y,4.0
G,G,G,G,G,G,4.5
G,G,G,G,G,G,5.0
G,G,G,G,G,G,5.5
G,G,G,G,G,G,6.0
G,G,G,G,G,G,6.5
G,G,G,G,G,G,7.0
G,G,G,G,G,G,7.5
G,G,G,G,G,Y,7.0
G,G,G,G,G,G,7.5
G,G,G,G,G,G,8.0
G,G,G,G,G,G,8.5
G,G,G,G,G,Y,8.0
G,G,G,G,G,Y,7.5
B,G,G,G,G,G,5.5
G,G,G,G,Y,Y,5.0
G,G,G,G,G,Y,4.5
G,G,G,G,G,G,5.0
G,G,G,G,G,Y,4.5
G,G,G,G,G,G,5.0
G,G,G,G,G,G,5.5
G,G,G,G,G,G,6.0
G,G,G,G,G,G,6.5
G,G,G,G,G,G,7.0
G,G,G,G,G,G,7.5
G,G,G,G,G,G,8.0
G,G,G,G,G,G,8.5
G,G,G,G,G,G,9.0
G,G,G,G,G,G,9.5
G,G,G,B,G,G,7.5
Y,G,G,G,G,G,7.0
G,G,G,G,G,G,7.5
G,G,G,G,G,Y,7.0
Y,G,G,G,G,G,6.5
G,G,G,G,G,G,7.0
G,G,G,G,G,G,7.5
Y,G,G,G,G,G,7.0
G,G,G,G,G,Y,6.5
G,G,G,G,G,G,7.0
G,G,G,G,G,G,7.5
G,G,G,G,G,G,8.0
G,G,G,G,G,G,8.5
G,G,G,G,G,Y,8.0
G,G,G,G,G,G,8.5
G,G,G,G,G,Y,8.0
G,G,G,G,G,Y,7.5
G,G,G,G,G,Y,7.0
G,G,G,G,G,Y,6.5
G,G,G,G,Y,Y,6.0
G,G,G,G,Y,Y,5.5
G,G,G,G,G,Y,5.0
G,G,G,G,G,Y,4.5
G,G,G,G,G,Y,4.0
G,G,G,G,Y,Y,3.5
G,G,G,G,G,Y,3.0
G,G,G,G,G,G,3.5
G,G,G,G,G,G,4.0
G,G,G,G,G,G,4.5
G,G,G,G,G,G,5.0
G,G,G,G,G,G,5.5
G,G,G,G,G,Y,5.0
G,G,G,G,G,G,5.5
Y,G,G,G,G,G,5.0
G,G,G,G,G,G,5.5
G,G,G,G,G,G,6.0
G,G,G,G,G,G,6.5
Y,G,G,G,G,G,6.0
G,G,G,G,G,G,6.5
G,G,G,G,G,G,7.0
G,G,G,G,G,G,7.5
G,G,G,G,G,G,8.0
G,G,G,G,B,B,6.0
G,G,G,G,G,G,6.5
G,G,G,G,G,G,7.0
Y,G,G,G,G,G,6.5
Y,G,G,G,G,G,6.0
Y,G,G,G,G,G,5.5
Y,G,G,G,G,G,5.0
Y,G,G,G,G,G,4.5
Y,G,G,G,G,G,4.0
Y,G,G,G,G,G,3.5
G,G,G,G,G,G,4.0
Y,G,G,G,G,G,3.5
G,G,G,G,G,G,4.0
G,G,G,G,G,G,4.5
G,G,G,G,G,G,5.0
G,G,G,G,G,G,5.5
Y,G,G,G,G,G,5.0
G,G,G,G,G,G,5.5
Y,G,G,G,G,G,5.0
G,G,G,G,G,G,5.5
G,G,G,G,G,G,6.0
Y,G,G,G,G,G,5.5
Y,G,G,G,G,G,5.0
Y,Y,G,G,G,G,4.5
G,G,G,G,G,G,5.0
Y,G,G,G,G,G,4.5
Y,G,G,G,G,G,4.0
G,G,G,G,G,G,4.5
Y,G,G,G,G,G,4.0
G,G,G,G,G,G,4.5
G,G,G,G,G,G,5.0
G,G,G,G,G,G,5.5
G,G,G,G,O,G,4.0
Y,Y,Y,G,G,G,3.5
Y,G,G,G,G,O,2.0
Y,Y,G,G,G,G,1.5
Y,G,G,G,G,O,0.0
Y,G,G,G,G,O,0.0
Y,G,G,G,G,O,0.0
Y,G,G,G,G,O,0.0
Y,G,G,G,G,O,0.0
Y,G,G,G,G,O,0.0
Y,G,G,G,G,O,0.0
Y,G,G,G,G,O,0.0
Y,G,G,G,G,O,0.0
Y,G,G,G,G,O,0.0
Y,G,G,G,G,O,0.0
Y,G,G,G,G,O,0.0
Y,G,G,G,G,O,0.0
Y,G,G,G,G,G,1.0
Y,G,G,G,G,O,0
Y,G,G,G,G,G,1.0
G,G,G,G,G,O,0
Y,G,G,G,G,G,1.0
Y,G,G,G,G,G,0.5
G,G,G,G,G,G,2.0
G,G,G,G,G,G,2.5
G,G,G,G,G,G,3.0
G,G,G,G,G,G,3.5
G,G,G,G,G,G,4.0
G,G,G,G,G,G,4.5
G,G,G,G,G,G,5.0
G,G,G,G,G,G,5.5
G,G,G,G,G,Y,5.0
G,G,G,G,G,G,5.5
G,G,G,G,G,Y,5.0
G,G,G,G,G,G,5.5
G,G,G,G,G,G,6.0
G,G,G,G,G,G,6.5
G,G,G,G,G,O,5.0
Y,Y,G,G,G,G,4.5
Y,G,G,G,G,G,4.0
Y,G,G,G,G,O,2.5
Y,G,G,G,G,O,1.0
Y,G,G,G,G,O,0
Y,G,G,G,G,O,0.0
Y,G,G,G,G,O,0.0
Y,G,G,G,G,G,1.0
G,G,G,G,G,O,0
Y,Y,G,G,G,G,1.0
Y,G,G,G,G,G,0.5
G,G,G,G,G,G,2.0
G,G,G,G,G,G,2.5
G,G,G,G,G,G,3.0
G,G,G,G,G,G,3.5
G,G,G,G,G,G,4.0
G,G,G,G,G,G,4.5
G,G,G,G,G,G,5.0
G,G,G,G,G,G,5.5
G,G,G,G,G,Y,5.0
G,G,G,G,G,Y,4.5
G,G,G,G,G,G,5.0
G,G,G,G,G,Y,4.5
G,G,G,G,G,G,5.0
G,G,G,G,G,Y,4.5
G,G,G,G,G,G,5.0
G,G,G,G,G,Y,4.5
G,G,G,G,G,G,5.0
G,G,G,G,G,G,5.5
G,G,G,G,G,Y,5.0
G,G,G,G,G,Y,4.5
G,G,G,G,G,G,5.0
G,G,G,G,G,Y,4.5
G,G,G,G,G,Y,4.0
G,G,G,G,G,G,4.5
G,G,G,G,G,Y,4.0
G,G,G,G,G,G,4.5
G,G,G,G,G,Y,4.0
G,G,G,G,G,Y,3.5
G,G,G,G,G,G,4.0
G,G,G,G,G,Y,3.5
G,G,G,G,G,Y,3.0
G,G,G,G,G,G,3.5
G,G,G,G,G,Y,3.0
G,G,G,G,G,G,3.5
G,G,G,G,G,G,4.0
G,G,G,G,G,G,4.5
G,G,G,G,G,Y,4.0
G,G,G,G,G,G,4.5
G,G,G,G,G,G,5.0
G,G,G,G,G,G,5.5
G,G,G,G,G,Y,5.0
G,G,G,G,G,Y,4.5
G,G,G,G,G,G,5.0
G,G,G,G,G,G,5.5
B,G,G,G,G,G,3.5
G,G,G,G,G,Y,3.0
G,G,G,G,G,G,3.5
G,G,G,G,G,G,4.0
G,G,G,G,G,G,4.5
G,G,G,G,G,G,5.0
G,G,G,G,G,G,5.5
G,G,G,G,G,G,6.0
G,G,G,G,G,G,6.5
G,G,G,G,G,G,7.0
G,G,G,G,G,G,7.5
Y,G,G,G,G,Y,8.0
G,G,B,G,G,G,6.0
B,G,G,G,Y,Y,4.5
G,G,G,G,Y,Y,4.0
G,G,G,G,Y,Y,3.5
G,G,G,G,G,Y,3.0
G,G,G,G,G,Y,2.5
G,G,G,G,G,Y,2.0
G,G,G,G,G,G,2.5
G,G,G,G,G,G,3.0
G,G,G,G,G,G,3.5
Y,G,G,G,G,G,3.0
Y,Y,G,G,G,G,2.5
G,G,G,G,G,G,3.0
Y,G,G,G,G,G,2.5
G,G,G,G,G,G,3.0
G,G,G,G,G,G,3.5
G,G,G,G,G,G,4.0
G,G,G,G,G,G,4.5
G,G,G,G,G,G,5.0
G,G,G,G,G,G,5.5
G,G,G,G,G,G,6.0
G,G,G,G,G,G,6.5
G,G,G,G,G,G,7.0
G,G,G,G,G,Y,6.5
G,G,G,G,G,Y,6.0
G,G,G,G,G,G,6.5
G,G,G,G,G,Y,6.0
G,G,G,G,G,G,6.5
G,G,G,G,G,Y,6.0
G,G,G,G,G,G,6.5
G,G,G,G,G,Y,6.0
G,G,G,G,G,Y,5.5
G,O,O,G,G,G,4.0
O,O,O,G,Y,Y,2.5
O,O,G,Y,Y,Y,1.0
O,O,Y,Y,Y,Y,0
O,O,Y,Y,Y,Y,0.0
O,O,Y,Y,Y,Y,0.0
O,G,Y,Y,Y,Y,0.0
O,G,Y,Y,Y,Y,0.0
O,G,Y,Y,Y,Y,0.0
O,G,Y,Y,Y,Y,0.0
O,G,Y,Y,Y,Y,0.0
O,G,Y,Y,Y,Y,0.0
O,G,Y,Y,Y,Y,0.0
O,G,Y,Y,Y,Y,0.0
O,G,Y,Y,Y,Y,0.0
O,G,Y,Y,Y,Y,0.0
O,G,Y,Y,Y,Y,0.0
G,G,G,Y,Y,Y,1.0
O,G,G,Y,Y,Y,0
O,G,G,Y,Y,Y,0.0
O,G,G,G,Y,Y,0.0
O,G,G,G,Y,Y,0.0
G,G,G,G,Y,Y,1.0
G,G,G,G,G,Y,0.5
G,G,G,G,G,G,2.0
G,G,G,G,G,G,2.5
G,G,G,G,G,G,3.0
G,G,G,G,G,G,3.5
G,G,G,G,G,G,4.0
G,G,G,G,G,G,4.5
G,G,G,G,G,G,5.0
G,G,G,G,G,G,5.5
Y,Y,Y,G,G,G,5.0
Y,Y,Y,G,G,G,4.5
Y,Y,Y,G,G,G,4.0
Y,Y,Y,G,G,G,3.5
Y,Y,Y,G,G,G,3.0
Y,Y,Y,G,G,G,2.5
Y,Y,Y,G,G,G,2.0
Y,Y,G,G,G,G,1.5
Y,Y,G,G,G,G,1.0
Y,Y,G,G,G,G,0.5
Y,Y,Y,G,G,G,1.0
Y,Y,G,G,G,G,0.5
Y,G,G,G,G,G,1.0
Y,G,G,G,G,G,0.5
Y,G,G,G,G,G,1.0
G,G,G,G,G,G,1.5
G,G,G,G,G,G,2.0
G,G,G,G,G,G,2.5
G,G,G,G,G,G,3.0
G,G,G,G,G,G,3.5
G,G,G,G,G,G,4.0
G,G,G,G,G,G,4.5
G,G,G,G,G,Y,4.0
G,G,G,G,G,Y,3.5
G,G,G,G,G,G,4.0
G,G,G,G,G,G,4.5
G,G,G,G,G,G,5.0
G,G,G,G,G,G,5.5
G,G,G,G,G,G,6.0
G,G,G,G,G,G,6.5
G,G,G,G,G,Y,6.0
G,G,G,G,G,G,6.5
G,G,G,G,G,Y,6.0
G,G,G,G,G,Y,5.5
G,G,G,G,G,Y,5.0
G,G,G,G,G,G,5.5
G,G,G,G,G,Y,5.0
G,G,G,G,G,G,5.5
G,G,G,G,G,G,6.0
G,G,G,G,G,G,6.5
G,B,B,G,G,Y,5.0
B,B,B,G,Y,Y,3.5
B,G,Y,Y,Y,Y,2.0
G,G,Y,Y,Y,Y,1.5
B,G,G,Y,Y,Y,0.0
B,G,G,Y,Y,Y,0.0
G,G,G,Y,Y,Y,1.0
G,G,G,Y,Y,Y,0.5
G,B,G,G,Y,Y,0.0
G,B,G,G,Y,Y,0.0
G,B,G,Y,Y,Y,0.0
G,G,G,G,Y,Y,1.0
G,G,G,G,G,Y,0.5
G,G,G,G,G,G,2.0
G,G,G,G,G,G,2.5
G,G,G,G,G,Y,2.0
G,G,G,G,G,G,2.5
G,G,G,G,G,G,3.0
Y,G,G,G,G,G,2.5
G,G,G,G,G,Y,2.0
G,G,G,G,G,G,2.5
G,G,G,G,G,G,3.0
G,G,G,G,G,G,3.5
G,G,G,G,G,G,4.0
G,G,G,G,G,G,4.5
G,G,G,G,G,Y,4.0
G,G,G,G,G,G,4.5
G,G,G,G,G,Y,4.0
G,G,G,G,G,Y,3.5
G,G,G,G,G,G,4.0
G,G,G,G,G,Y,3.5
G,G,G,G,G,Y,3.0
G,G,G,G,G,Y,2.5
G,G,G,G,G,G,3.0
G,G,G,G,G,Y,2.5
G,G,G,G,G,G,3.0
G,G,G,G,G,Y,2.5
G,G,G,G,G,G,3.0
G,G,G,G,G,G,3.5
G,G,G,G,G,G,4.0
G,G,G,G,G,O,2.5
G,G,G,G,G,G,3.0
G,G,G,G,G,G,3.5
G,G,G,G,G,G,4.0
Y,G,G,G,G,G,3.5
Y,G,G,G,G,G,3.0
G,G,G,G,G,G,3.5
Y,G,G,G,G,G,3.0
G,G,G,G,G,G,3.5
G,G,G,G,G,G,4.0
G,G,G,G,G,G,4.5
G,G,G,G,G,G,5.0
G,G,G,G,G,G,5.5
G,G,G,G,G,Y,5.0
G,G,G,G,G,Y,4.5
G,G,G,G,G,G,5.0
G,G,G,G,G,G,5.5
G,G,G,G,G,G,6.0
G,G,G,G,G,G,6.5
G,G,G,G,G,G,7.0
G,G,G,G,G,Y,6.5
G,G,G,G,G,G,7.0
G,G,G,G,G,G,7.5
G,G,G,G,G,G,8.0
G,G,G,G,G,G,8.5
G,G,G,G,G,G,9.0
Y,G,G,G,G,G,8.5
Y,G,G,G,G,G,8.0
Y,G,G,G,G,G,7.5
Y,G,G,G,G,G,7.0
Y,G,G,G,G,G,6.5
Y,G,G,G,G,G,6.0
G,G,G,G,G,G,6.5
G,G,G,G,G,G,7.0
G,G,G,G,G,G,7.5
G,G,G,G,G,G,8.0
G,G,G,G,G,G,8.5
G,G,G,G,G,G,9.0
G,G,G,G,G,G,9.5
G,G,G,G,G,G,10.0
G,G,G,G,G,G,10
G,G,G,G,G,G,10
Y,G,G,G,G,G,9.5
G,G,G,G,G,G,10.0
Y,G,G,G,G,G,9.5
G,G,G,G,G,G,10.0
G,G,G,G,G,G,10
G,G,G,G,G,G,10
G,G,G,G,G,G,10
G,G,G,G,G,G,10
G,G,G,G,G,G,10
G,G,G,G,G,G,10
G,G,G,G,O,Y,8.5
G,G,G,G,Y,Y,8.0
G,G,G,G,Y,Y,7.5
G,G,G,G,Y,Y,7.0
G,G,G,G,Y,Y,6.5
G,G,G,G,Y,Y,6.0
G,G,G,G,Y,Y,5.5
G,G,G,G,Y,Y,5.0
G,G,G,G,G,Y,4.5
G,G,G,G,G,Y,4.0
G,G,G,G,G,G,4.5
G,G,G,G,G,G,5.0
G,G,G,G,G,G,5.5
G,G,G,G,G,G,6.0
G,G,G,G,G,G,6.5
G,G,G,G,G,G,7.0
G,G,G,G,G,G,7.5
G,G,G,G,G,Y,7.0
G,G,G,G,G,G,7.5
G,G,G,G,G,G,8.0
G,G,G,G,G,G,8.5
G,G,G,G,Y,Y,8.0
G,G,G,G,G,G,8.5
G,G,G,G,G,Y,8.0
G,G,G,G,G,Y,7.5
G,G,G,G,G,G,8.0
G,G,G,G,G,G,8.5
G,G,G,G,G,Y,8.0
G,G,G,G,G,G,8.5
G,G,G,G,G,G,9.0
G,G,G,G,G,G,9.5
G,G,G,G,G,G,10.0
G,G,G,G,G,G,10
G,G,G,G,G,G,10
G,G,G,G,G,G,10
G,G,B,B,B,G,8.0
G,G,G,G,G,Y,7.5
G,G,G,G,G,Y,7.0
G,G,G,G,G,G,7.5
G,G,G,G,G,G,8.0
G,G,G,G,G,G,8.5
Y,G,G,G,G,G,8.0
G,G,G,G,G,G,8.5
G,G,G,G,G,G,9.0
G,G,G,G,G,Y,8.5
Y,G,G,G,G,G,8.0
G,G,G,G,G,G,8.5
G,G,G,G,Y,Y,8.0
G,G,G,G,G,G,8.5
G,G,G,G,Y,Y,8.0
G,G,G,G,Y,Y,7.5
G,G,G,G,Y,Y,7.0
G,G,G,G,Y,Y,6.5
G,G,G,G,Y,Y,6.0
G,G,G,G,Y,Y,5.5
G,G,G,G,Y,Y,5.0
G,G,G,G,Y,Y,4.5
G,G,G,G,Y,Y,4.0
G,G,G,G,Y,Y,3.5
G,G,G,G,G,Y,3.0
G,G,G,G,G,Y,2.5
G,G,G,G,G,Y,2.0
G,G,G,G,G,Y,1.5
G,G,G,G,G,G,2.0
G,G,G,G,G,G,2.5
G,G,G,G,G,G,3.0
G,G,G,G,G,G,3.5
G,G,G,G,G,G,4.0
G,Y,G,G,G,G,3.5
Y,G,G,G,G,G,3.0
Y,G,G,G,G,G,2.5
Y,G,G,G,G,G,2.0
G,G,G,G,G,G,2.5
G,G,G,G,G,G,3.0
G,G,G,G,G,G,3.5
G,G,G,G,G,G,4.0
G,G,G,G,G,G,4.5
Y,G,G,G,G,G,4.0
G,G,G,G,G,G,4.5
G,G,G,G,G,G,5.0
G,G,G,G,G,Y,4.5
G,G,G,G,G,Y,4.0
G,G,G,G,G,G,4.5
G,G,G,G,G,G,5.0
G,G,G,G,G,G,5.5
G,G,G,G,G,G,6.0
G,G,G,G,G,G,6.5
G,G,G,G,G,B,4.5
Y,G,G,G,G,B,3.0
G,G,G,G,G,G,3.5
Y,G,G,G,G,G,3.0
G,G,G,G,G,G,3.5
G,G,G,G,G,G,4.0
Y,G,G,G,G,G,3.5
G,G,G,G,G,G,4.0
Y,G,G,G,G,G,3.5
Y,G,G,G,G,G,3.0
G,G,G,G,G,G,3.5
G,G,G,G,G,G,4.0
Y,G,G,G,G,G,3.5
G,G,G,G,G,G,4.0
Y,G,G,G,G,G,3.5
G,G,G,G,G,G,4.0
Y,G,G,G,G,G,3.5
G,G,G,G,G,G,4.0
Y,G,G,G,G,G,3.5
G,G,G,G,G,G,4.0
G,G,G,G,G,G,4.5
Y,G,G,G,G,G,4.0
G,G,G,G,G,G,4.5
G,G,G,G,G,G,5.0
Y,G,G,G,G,G,4.5
G,G,G,G,G,G,5.0
Y,G,G,G,G,G,4.5
G,G,G,G,G,G,5.0
Y,G,G,G,G,G,4.5
G,G,G,G,G,G,5.0
Y,G,G,G,G,G,4.5
G,G,G,G,G,G,5.0
Y,G,G,G,G,G,4.5
Y,G,G,G,G,G,4.0
Y,G,G,G,G,G,3.5
G,G,G,G,G,G,4.0
G,G,G,G,G,G,4.5
G,G,G,G,G,G,5.0
G,G,G,G,G,G,5.5
Y,G,G,G,G,O,4.0
Y,G,G,G,G,O,2.5
Y,G,G,G,G,O,1.0
Y,G,G,G,G,O,0
Y,G,G,G,G,O,0.0
Y,G,G,G,G,O,0.0
Y,G,G,G,G,O,0.0
Y,G,G,G,G,O,0.0
Y,G,G,G,G,O,0.0
Y,G,G,G,G,O,0.0
Y,G,G,G,G,O,0.0
Y,G,G,G,G,O,0.0
Y,G,G,G,G,G,1.0
Y,G,G,G,G,O,0
Y,G,G,G,G,O,0.0
Y,G,G,G,G,G,1.0
G,G,G,G,G,O,0
Y,G,G,G,G,G,1.0
Y,G,G,G,G,G,0.5
G,G,G,G,G,G,2.0
G,G,G,G,G,G,2.5
G,G,G,G,G,G,3.0
G,G,G,G,G,G,3.5
G,G,G,G,G,G,4.0
G,G,G,G,G,G,4.5
G,G,G,G,G,G,5.0
G,G,G,G,G,Y,4.5
G,G,G,G,G,G,5.0
G,G,G,G,G,G,5.5
G,G,G,G,G,Y,5.0
G,G,G,G,G,G,5.5
G,G,G,G,G,G,6.0
G,G,G,G,G,G,6.5
G,G,G,G,G,O,5.0
Y,Y,G,G,G,G,4.5
Y,G,G,G,G,G,4.0
Y,G,G,G,G,O,2.5
Y,G,G,G,G,O,1.0
Y,G,G,G,G,O,0
Y,G,G,G,G,O,0.0
Y,G,G,G,G,O,0.0
Y,G,G,G,G,O,0.0
Y,G,G,G,G,G,1.0
G,G,G,G,G,G,1.5
G,G,G,G,G,G,2.0
G,G,G,G,G,G,2.5
G,G,G,G,G,G,3.0
G,G,G,G,G,G,3.5
G,G,G,G,G,G,4.0
G,G,G,G,G,G,4.5
G,G,G,G,G,G,5.0
G,G,G,G,G,G,5.5
G,G,G,G,G,Y,5.0
G,G,G,G,G,Y,4.5
G,G,G,G,G,G,5.0
G,G,G,G,G,Y,4.5
G,G,G,G,G,G,5.0
G,G,G,G,G,Y,4.5
G,G,G,G,G,G,5.0
G,G,G,G,G,Y,4.5
G,G,G,G,G,G,5.0
G,G,G,G,G,Y,4.5
G,G,G,G,G,G,5.0
G,G,G,G,G,Y,4.5
G,G,G,G,G,G,5.0
G,G,G,G,G,Y,4.5
G,G,G,G,G,Y,4.0
G,G,G,G,G,G,4.5
G,G,G,G,G,Y,4.0
G,G,G,G,G,G,4.5
G,G,G,G,G,Y,4.0
G,G,G,G,G,G,4.5
G,G,G,G,G,Y,4.0
G,G,G,G,G,Y,3.5
G,G,G,G,G,Y,3.0
G,G,G,G,G,Y,2.5
G,G,G,G,G,G,3.0
G,G,G,G,G,G,3.5
G,G,G,G,G,G,4.0
G,G,G,G,G,G,4.5
G,G,G,G,G,Y,4.0
G,G,G,G,G,G,4.5
G,G,G,G,G,G,5.0
G,G,G,G,G,G,5.5
G,G,G,G,G,Y,5.0
G,G,G,G,G,G,5.5
G,G,G,G,G,Y,5.0
G,G,G,G,G,G,5.5
G,G,G,G,G,G,6.0
G,G,G,G,G,G,6.5
G,G,G,G,G,G,7.0
G,G,G,G,G,G,7.5
G,G,G,G,G,G,8.0
G,G,G,G,G,G,8.5
G,G,G,G,G,Y,8.0
G,G,G,G,G,G,8.5
Y,G,G,G,G,G,8.0
G,G,G,G,G,G,8.5
Y,G,B,B,G,G,7.0
G,G,G,B,G,G,5.0
G,G,G,G,G,G,5.5
G,G,G,G,G,Y,5.0
G,G,G,G,G,G,5.5
G,G,G,G,G,G,6.0
G,G,G,G,G,G,6.5
G,G,G,G,G,G,7.0
G,G,G,G,G,G,7.5
G,G,G,G,G,G,8.0
G,G,G,G,G,G,8.5
G,G,G,G,G,Y,8.0
G,G,G,G,Y,Y,7.5
G,G,G,G,G,G,8.0
G,G,G,G,G,Y,7.5
G,G,G,G,G,Y,7.0
G,G,G,G,G,G,7.5
G,G,G,G,G,Y,7.0
G,G,G,G,G,G,7.5
O,O,G,G,G,Y,6.0
O,O,O,G,Y,Y,4.5
O,O,G,Y,Y,Y,3.0
O,G,G,G,Y,Y,1.5
G,G,G,G,Y,Y,1.0
G,G,G,G,G,Y,0.5
G,G,G,G,G,G,2.0
G,G,G,G,G,G,2.5
G,G,G,G,G,G,3.0
G,G,G,G,G,G,3.5
G,G,G,G,G,G,4.0
G,G,G,G,G,G,4.5
G,G,G,G,G,G,5.0
G,G,G,G,G,G,5.5
Y,Y,Y,Y,G,G,5.0
Y,Y,Y,G,G,G,4.5
Y,Y,Y,G,G,G,4.0
Y,Y,Y,G,G,G,3.5
Y,Y,Y,G,G,G,3.0
Y,Y,Y,G,G,G,2.5
Y,Y,Y,G,G,G,2.0
Y,Y,G,G,G,G,1.5
Y,Y,G,G,G,G,1.0
Y,Y,G,G,G,G,0.5
Y,Y,G,G,G,G,1.0
Y,G,G,G,G,G,0.5
Y,G,G,G,G,G,1.0
Y,G,G,G,G,G,0.5
Y,G,G,G,G,G,1.0
G,G,G,G,G,G,1.5
G,G,G,G,G,G,2.0
G,G,G,G,G,G,2.5
G,G,G,G,G,G,3.0
G,G,G,G,G,G,3.5
G,G,G,G,G,G,4.0
G,G,G,G,G,G,4.5
G,G,G,G,G,Y,4.0
G,G,G,G,G,Y,3.5
G,G,G,G,G,Y,3.0
G,G,G,G,G,G,3.5
G,G,G,G,G,G,4.0
G,G,G,G,G,G,4.5
G,G,G,G,G,G,5.0
G,G,G,G,G,G,5.5
G,G,G,G,G,G,6.0
G,G,G,G,G,G,6.5
G,G,G,G,G,G,7.0
G,G,G,G,G,G,7.5
G,G,G,G,G,G,8.0
G,G,G,G,G,Y,7.5
G,G,G,G,Y,Y,7.0
G,G,G,G,Y,Y,6.5
G,G,G,G,Y,Y,6.0
G,G,G,G,Y,Y,5.5
G,G,G,G,G,Y,5.0
G,G,G,G,G,Y,4.5
G,G,G,G,G,G,5.0
G,G,B,B,G,G,3.0
G,B,B,B,G,Y,1.5
G,B,G,G,Y,Y,0.0
G,B,G,G,Y,Y,0.0
G,B,G,G,Y,Y,0.0
G,B,G,Y,Y,Y,0.0
G,G,G,G,Y,Y,1.0
G,G,G,G,G,Y,0.5
G,G,G,G,G,G,2.0
G,G,G,G,G,G,2.5
G,G,G,G,G,Y,2.0
G,G,G,G,G,Y,1.5
Y,G,G,G,G,G,1.0
G,G,G,G,G,Y,0.5
Y,G,G,G,G,G,1.0
G,G,G,G,G,Y,0.5
Y,G,G,G,G,G,1.0
G,G,G,G,G,Y,0.5
Y,G,G,G,G,G,1.0
G,G,G,G,G,Y,0.5
Y,G,G,G,G,G,1.0
G,G,G,G,G,Y,0.5
Y,G,G,G,G,G,1.0
G,G,G,G,G,G,1.5
G,G,G,G,G,G,2.0
G,G,G,G,G,G,2.5
G,G,G,G,G,G,3.0
G,G,G,G,G,G,3.5
G,G,G,G,G,Y,3.0
G,G,G,G,G,G,3.5
G,G,G,G,G,G,4.0
G,G,G,G,G,Y,3.5
G,G,G,G,G,G,4.0
G,G,G,G,G,Y,3.5
G,G,G,G,Y,Y,3.0
G,G,G,G,G,G,3.5
G,G,G,G,G,Y,3.0
G,G,G,G,G,G,3.5
G,G,G,G,G,Y,3.0
G,G,G,G,G,Y,2.5
G,G,G,G,G,G,3.0
G,G,G,G,G,Y,2.5
G,G,G,G,G,G,3.0
G,G,G,G,G,G,3.5
G,G,G,G,G,Y,3.0
G,G,G,G,O,O,1.5
G,G,G,G,G,O,0.0
G,G,G,G,G,G,2.0
G,G,G,G,G,G,2.5
Y,G,G,G,G,G,2.0
G,G,G,G,G,G,2.5
Y,G,G,G,G,G,2.0
Y,G,G,G,G,G,1.5
Y,G,G,G,G,G,1.0
Y,G,G,G,G,G,0.5
G,G,G,G,G,G,2.0
G,G,G,G,G,G,2.5
G,G,G,G,G,G,3.0
Y,G,G,G,G,G,2.5
G,G,G,G,G,G,3.0
G,G,G,G,G,Y,2.5
G,G,G,G,G,G,3.0
G,G,G,G,G,G,3.5
G,G,G,G,G,G,4.0
G,G,G,G,G,G,4.5
G,G,G,G,G,Y,4.0
G,G,G,G,G,Y,3.5
G,G,G,G,G,G,4.0
G,G,G,G,G,G,4.5
G,G,G,G,G,G,5.0
G,G,G,G,G,G,5.5
G,G,G,G,G,G,6.0
G,G,G,G,G,G,6.5
G,G,G,G,G,G,7.0
G,G,G,G,G,G,7.5
G,G,G,G,G,G,8.0
G,G,G,G,G,Y,7.5
G,G,G,G,G,Y,7.0
G,G,G,G,G,G,7.5
G,G,G,G,G,G,8.0
G,G,G,G,G,G,8.5
Y,Y,G,G,G,G,8.0
Y,Y,G,G,G,G,7.5
Y,Y,G,G,G,G,7.0
Y,Y,G,G,G,G,6.5
Y,Y,G,G,G,G,6.0
Y,Y,G,G,G,G,5.5
Y,Y,G,G,G,G,5.0
Y,G,G,G,G,G,4.5
Y,G,G,G,G,G,4.0
G,G,G,G,G,G,4.5
G,G,G,G,G,G,5.0
G,G,G,G,G,G,5.5
G,G,G,G,G,Y,5.0
G,G,G,G,G,Y,4.5
G,G,G,G,G,G,5.0
G,G,G,G,G,G,5.5
G,G,G,G,G,G,6.0
G,G,G,G,G,G,6.5
G,G,G,G,G,G,7.0
G,G,G,G,G,G,7.5
G,G,G,G,G,G,8.0
G,G,G,G,G,G,8.5
G,G,G,G,G,G,9.0
G,G,G,G,G,G,9.5
G,G,G,G,G,G,10.0
Y,G,G,G,G,G,9.5
Y,G,G,G,G,G,9.0
G,G,G,G,G,G,9.5
G,G,G,G,G,G,10.0
G,G,G,G,G,G,10
G,G,G,G,G,G,10
G,G,G,G,G,G,10
G,G,G,G,G,Y,9.5
G,G,G,G,G,G,10.0
G,G,G,G,G,O,8.5
G,G,G,G,G,G,9.0
G,G,G,G,G,Y,8.5
G,G,G,G,Y,Y,8.0
G,G,G,G,Y,Y,7.5
G,G,G,G,Y,Y,7.0
G,G,G,G,Y,Y,6.5
G,G,G,G,Y,Y,6.0
G,G,G,G,Y,Y,5.5
G,G,G,G,Y,Y,5.0
G,G,G,G,G,Y,4.5
G,G,G,G,G,Y,4.0
G,G,G,G,G,G,4.5
G,G,G,G,G,G,5.0
G,G,G,G,G,G,5.5
Y,G,G,G,G,G,5.0
Y,G,G,G,G,G,4.5
G,G,G,G,G,G,5.0
G,G,G,G,G,G,5.5
G,G,G,G,G,G,6.0
G,G,G,G,G,G,6.5
G,G,G,G,G,Y,6.0
G,G,G,G,G,Y,5.5
G,G,G,G,G,G,6.0
G,G,G,G,G,G,6.5
G,G,G,G,G,Y,6.0
B,G,G,G,G,G,4.0
G,G,G,G,G,Y,3.5
G,G,G,G,G,Y,3.0
G,G,G,G,G,G,3.5
G,G,G,G,G,G,4.0
G,G,G,G,G,G,4.5
G,G,G,G,G,G,5.0
G,G,G,G,G,Y,4.5
G,G,G,G,G,Y,4.0
Y,G,G,G,G,G,3.5
G,G,G,G,G,G,4.0
G,G,G,G,G,G,4.5
G,G,G,G,G,G,5.0
G,G,G,G,G,G,5.5
G,G,G,G,G,Y,5.0
Y,G,G,G,G,G,4.5
G,G,G,G,G,G,5.0
G,G,G,G,G,G,5.5
G,G,G,G,G,Y,5.0
Y,G,G,G,G,G,4.5
G,G,G,G,G,G,5.0
G,G,G,G,G,G,5.5
G,G,G,G,G,G,6.0
G,G,G,G,G,G,6.5
G,G,G,B,G,G,4.5
Y,G,G,B,B,B,3.0
G,G,G,B,B,G,1.0
Y,G,G,G,G,G,0.5
G,G,G,G,G,G,2.0
G,G,G,G,G,G,2.5
G,G,G,G,G,G,3.0
G,G,G,G,G,G,3.5
G,G,G,G,G,G,4.0
G,G,G,G,G,G,4.5
G,G,G,G,G,G,5.0
G,G,G,G,G,G,5.5
G,G,G,G,G,G,6.0
G,G,G,G,G,G,6.5
G,G,G,G,G,G,7.0
G,G,G,G,G,G,7.5
G,G,G,G,G,G,8.0
Y,G,G,G,G,G,7.5
G,G,G,G,G,Y,7.0
G,G,G,G,G,G,7.5
G,G,G,G,G,Y,7.0
G,G,G,G,G,Y,6.5
G,G,G,G,G,Y,6.0
G,G,G,G,G,Y,5.5
G,G,G,G,G,G,6.0
G,G,G,G,G,Y,5.5
G,G,G,G,G,Y,5.0
G,G,G,G,G,Y,4.5
G,G,G,G,G,Y,4.0
G,G,G,G,G,Y,3.5
G,G,G,G,G,Y,3.0
G,G,G,G,G,Y,2.5
G,G,G,G,G,G,3.0
G,G,G,G,G,G,3.5
G,G,G,G,G,Y,3.0
G,G,G,G,G,G,3.5
G,G,G,G,G,G,4.0
G,G,G,G,G,G,4.5
G,G,G,G,G,G,5.0
G,G,G,G,G,Y,4.5
G,G,G,G,G,G,5.0
G,G,G,G,G,G,5.5
Y,G,G,G,G,G,5.0
Y,G,G,G,G,G,4.5
G,G,G,G,G,G,5.0
G,G,G,G,G,G,5.5
G,G,G,G,G,G,6.0
G,G,G,G,G,G,6.5
G,G,G,G,G,G,7.0
G,G,G,G,G,G,7.5
G,G,G,G,B,G,5.5
G,G,G,G,G,B,3.5
G,G,G,G,G,G,4.0
G,G,G,G,G,G,4.5
Y,G,G,G,G,G,4.0
Y,G,G,G,G,G,3.5
Y,G,G,G,G,G,3.0
Y,Y,G,G,G,G,2.5
Y,G,G,G,G,G,2.0
Y,G,G,G,G,G,1.5
G,G,G,G,G,G,2.0
G,G,G,G,G,G,2.5
G,G,G,G,G,G,3.0
G,G,G,G,G,G,3.5
G,G,G,G,G,G,4.0
Y,G,G,G,G,G,3.5
G,G,G,G,G,G,4.0
Y,G,G,G,G,G,3.5
G,G,G,G,G,G,4.0
Y,G,G,G,G,G,3.5
G,G,G,G,G,G,4.0
G,G,G,G,G,G,4.5
Y,G,G,G,G,G,4.0
G,G,G,G,G,G,4.5
G,G,G,G,G,G,5.0
Y,G,G,G,G,G,4.5
G,G,G,G,G,G,5.0
Y,G,G,G,G,G,4.5
G,G,G,G,G,G,5.0
Y,G,G,G,G,G,4.5
G,G,G,G,G,G,5.0
Y,G,G,G,G,G,4.5
Y,G,G,G,G,G,4.0
G,G,G,G,G,G,4.5
Y,G,G,G,G,G,4.0
Y,G,G,G,G,G,3.5
G,G,G,G,G,G,4.0
G,G,G,G,G,G,4.5
G,G,G,G,G,G,5.0
G,G,G,G,G,G,5.5
Y,G,G,G,G,O,4.0
Y,G,G,G,G,O,2.5
Y,G,G,G,G,O,1.0
Y,G,G,G,G,O,0
Y,G,G,G,G,O,0.0
Y,G,G,G,G,O,0.0
Y,G,G,G,G,O,0.0
Y,G,G,G,G,O,0.0
Y,G,G,G,G,O,0.0
Y,G,G,G,G,O,0.0
Y,G,G,G,G,O,0.0
Y,G,G,G,G,O,0.0
Y,G,G,G,G,G,1.0
Y,G,G,G,G,O,0
Y,G,G,G,G,O,0.0
Y,G,G,G,G,G,1.0
G,G,G,G,G,O,0
Y,G,G,G,G,G,1.0
Y,G,G,G,G,G,0.5
G,G,G,G,G,G,2.0
G,G,G,G,G,G,2.5
G,G,G,G,G,G,3.0
G,G,G,G,G,G,3.5
G,G,G,G,G,G,4.0
G,G,G,G,G,G,4.5
G,G,G,G,G,G,5.0
G,G,G,G,G,Y,4.5
G,G,G,G,G,G,5.0
G,G,G,G,G,G,5.5
G,G,G,G,G,Y,5.0
G,G,G,G,G,G,5.5
G,G,G,G,G,G,6.0
G,G,G,G,G,G,6.5
G,G,G,G,G,O,5.0
Y,Y,G,G,G,G,4.5
Y,G,G,G,G,G,4.0
Y,G,G,G,G,O,2.5
Y,G,G,G,G,O,1.0
Y,G,G,G,G,O,0
Y,G,G,G,G,O,0.0
Y,G,G,G,G,O,0.0
Y,G,G,G,G,O,0.0
Y,G,G,G,G,G,1.0
G,G,G,G,G,G,1.5
G,G,G,G,G,G,2.0
G,G,G,G,G,G,2.5
G,G,G,G,G,G,3.0
G,G,G,G,G,G,3.5
G,G,G,G,G,G,4.0
G,G,G,G,G,G,4.5
G,G,G,G,G,G,5.0
G,G,G,G,G,G,5.5
G,G,G,G,G,Y,5.0
G,G,G,G,G,Y,4.5
G,G,G,G,G,G,5.0
G,G,G,G,G,Y,4.5
G,G,G,G,G,G,5.0
G,G,G,G,G,Y,4.5
G,G,G,G,G,G,5.0
G,G,G,G,G,Y,4.5
G,G,G,G,G,G,5.0
G,G,G,G,Y,Y,4.5
G,G,G,G,G,G,5.0
G,G,G,G,G,Y,4.5
G,G,G,G,G,G,5.0
G,G,G,G,G,Y,4.5
G,G,G,G,G,Y,4.0
G,G,G,G,G,G,4.5
G,G,G,G,G,Y,4.0
G,G,G,G,G,G,4.5
G,G,G,G,G,Y,4.0
G,G,G,G,G,G,4.5
G,G,G,G,G,Y,4.0
G,G,G,G,G,Y,3.5
G,G,G,G,G,Y,3.0
G,G,G,G,G,Y,2.5
G,G,G,G,G,G,3.0
G,G,G,G,G,G,3.5
G,G,G,G,G,G,4.0
G,G,G,G,G,G,4.5
G,G,G,G,G,Y,4.0
G,G,G,G,G,G,4.5
G,G,G,G,G,G,5.0
G,G,G,G,G,G,5.5
G,G,G,G,G,Y,5.0
G,G,G,G,G,Y,4.5
G,G,G,G,G,G,5.0
G,G,G,G,G,G,5.5
B,G,G,G,G,G,3.5
G,G,G,G,G,Y,3.0
G,G,G,G,G,G,3.5
G,G,G,G,G,G,4.0
G,G,G,G,G,G,4.5
G,G,G,G,G,G,5.0
G,G,G,G,G,G,5.5
G,G,G,G,G,G,6.0
G,G,G,G,G,G,6.5
G,G,G,G,G,Y,6.0
G,G,G,G,G,G,6.5
Y,G,G,G,G,G,6.0
G,G,G,G,G,G,6.5
G,G,G,G,G,G,7.0
G,G,B,B,B,G,5.0
G,G,G,G,B,G,3.0
G,G,G,G,G,G,3.5
G,G,G,G,G,G,4.0
G,G,G,G,G,G,4.5
G,G,G,G,G,G,5.0
G,G,G,G,G,G,5.5
G,G,G,G,G,G,6.0
G,G,G,G,G,G,6.5
G,G,G,G,G,G,7.0
G,G,G,G,G,G,7.5
G,G,G,G,G,G,8.0
G,G,G,G,G,G,8.5
G,G,G,G,G,Y,8.0
G,G,G,G,G,Y,7.5
G,G,G,G,G,Y,7.0
G,G,G,G,G,G,7.5
G,G,G,G,G,Y,7.0
G,G,G,G,G,G,7.5
G,G,G,G,G,Y,7.0
G,O,G,G,G,Y,5.5
O,O,O,G,Y,Y,4.0
O,O,G,Y,Y,Y,2.5
O,O,G,Y,Y,Y,1.0
O,G,G,Y,Y,Y,0
O,G,G,Y,Y,Y,0.0
O,G,G,Y,Y,Y,0.0
O,G,G,Y,Y,Y,0.0
O,G,G,G,Y,Y,0.0
O,G,G,G,Y,Y,0.0
G,G,G,G,Y,Y,1.0
G,G,G,G,G,Y,0.5
G,G,G,G,G,Y,1.0
G,G,G,G,G,G,1.5
G,G,G,G,G,G,2.0
G,G,G,G,G,G,2.5
G,G,G,G,G,G,3.0
G,G,G,G,G,G,3.5
G,G,G,G,G,G,4.0
G,G,G,G,G,G,4.5
G,G,G,G,G,G,5.0
Y,Y,Y,G,G,G,4.5
Y,Y,Y,G,G,G,4.0
Y,Y,Y,G,G,G,3.5
Y,Y,Y,G,G,G,3.0
Y,Y,G,G,G,G,2.5
Y,Y,G,G,G,G,2.0
Y,G,G,G,G,G,1.5
Y,G,G,G,G,G,1.0
G,G,G,G,G,G,1.5
Y,Y,G,G,G,G,1.0
G,G,G,G,G,G,1.5
Y,G,G,G,G,G,1.0
G,G,G,G,G,G,1.5
G,G,G,G,G,G,2.0
G,G,G,G,G,G,2.5
Y,G,G,G,G,G,2.0
Y,G,G,G,G,G,1.5
Y,G,G,G,G,G,1.0
Y,G,G,G,G,G,0.5
G,G,G,G,G,G,2.0
G,G,G,G,G,G,2.5
G,G,G,G,G,G,3.0
G,G,G,G,G,G,3.5
G,G,G,G,G,G,4.0
G,G,G,G,G,G,4.5
G,G,G,G,G,G,5.0
G,G,G,G,G,G,5.5
G,G,G,G,G,G,6.0
G,G,G,G,G,G,6.5
G,G,G,G,G,G,7.0
Y,G,G,G,G,G,6.5
G,G,G,G,G,G,7.0
G,G,G,G,G,G,7.5
G,G,G,G,Y,Y,7.0
G,G,G,G,Y,Y,6.5
G,G,G,Y,Y,Y,6.0
G,G,G,G,Y,Y,5.5
G,G,G,G,Y,Y,5.0
G,G,G,G,Y,Y,4.5
G,G,G,G,Y,Y,4.0
G,G,G,G,G,Y,3.5
G,G,G,G,G,Y,3.0
G,G,G,G,G,G,3.5
G,G,G,G,G,G,4.0
G,G,G,G,G,G,4.5
G,G,G,G,G,G,5.0
Y,G,G,B,B,G,3.5
G,G,B,B,B,G,1.5
G,G,B,B,B,G,0
G,B,G,G,G,Y,0.0
G,B,G,G,G,Y,0.0
G,B,G,G,G,Y,0.0
G,G,G,G,G,Y,1.0
G,G,G,G,G,G,1.5
G,G,G,G,G,Y,1.0
G,G,G,G,G,G,1.5
G,G,G,G,G,G,2.0
G,G,G,G,G,G,2.5
G,G,G,G,G,G,3.0
G,G,G,G,G,Y,2.5
G,G,G,G,G,G,3.0
G,G,G,G,G,G,3.5
G,G,G,G,G,Y,3.0
G,G,G,G,G,G,3.5
G,G,G,G,G,G,4.0
G,G,G,G,G,Y,3.5
G,G,G,G,G,G,4.0
G,G,G,G,G,Y,3.5
G,G,G,G,G,G,4.0
G,G,G,G,G,Y,3.5
G,G,G,G,Y,Y,3.0
G,G,G,G,G,G,3.5
G,G,G,G,G,Y,3.0
G,G,G,G,G,G,3.5
G,G,G,G,G,Y,3.0
G,G,G,G,G,Y,2.5
G,G,G,G,G,Y,2.0
G,G,G,G,G,G,2.5
G,G,G,G,G,G,3.0
G,G,G,G,G,G,3.5
G,G,G,G,G,G,4.0
G,G,G,G,O,Y,2.5
G,G,G,G,G,O,1.0
G,G,G,G,G,G,1.5
G,G,G,G,G,G,2.0
G,G,G,G,G,G,2.5
G,G,G,G,G,G,3.0
G,G,G,G,G,G,3.5
Y,G,G,G,G,G,3.0
Y,G,G,G,G,G,2.5
Y,G,G,G,G,G,2.0
Y,G,G,G,G,G,1.5
G,G,G,G,G,G,2.0
G,G,G,G,G,G,2.5
G,G,G,G,G,G,3.0
G,G,G,G,G,G,3.5
G,G,G,G,G,G,4.0
G,G,G,G,G,G,4.5
G,G,G,G,G,G,5.0
G,G,G,G,G,G,5.5
G,G,G,G,G,Y,5.0
G,G,G,G,G,Y,4.5
G,G,G,G,G,G,5.0
G,G,G,G,G,G,5.5
G,G,G,G,G,Y,5.0
G,G,G,G,G,G,5.5
G,G,G,G,G,G,6.0
G,G,G,G,G,Y,5.5
Y,G,G,G,G,G,5.0
G,G,G,G,G,G,5.5
G,G,G,G,G,G,6.0
G,G,G,G,G,G,6.5
G,G,G,G,G,G,7.0
G,G,G,G,G,G,7.5
Y,G,G,G,G,G,7.0
Y,G,G,G,G,G,6.5
Y,G,G,G,G,G,6.0
Y,G,G,G,G,G,5.5
G,G,G,G,G,G,6.0
G,G,G,G,G,G,6.5
G,G,G,G,G,G,7.0
Y,G,G,G,G,G,6.5
G,G,G,G,G,G,7.0
Y,G,G,G,G,G,6.5
G,G,G,G,G,G,7.0
G,G,G,G,G,G,7.5
G,G,G,G,G,G,8.0
G,G,G,G,G,G,8.5
G,G,G,G,G,G,9.0
Y,G,G,G,G,G,8.5
G,G,G,G,G,G,9.0
G,G,G,G,G,Y,8.5
G,G,G,G,G,G,9.0
Y,G,G,G,G,G,8.5
G,G,G,G,G,G,9.0
G,G,G,G,G,G,9.5
G,G,G,G,G,G,10.0
G,G,G,G,G,G,10
Y,G,G,G,G,G,9.5
G,G,G,G,G,G,10.0
G,G,G,G,G,G,10
G,G,G,G,G,G,10
G,G,G,G,G,G,10
G,G,G,G,G,G,10
G,G,G,G,O,O,8.5
G,G,G,G,Y,Y,8.0
G,G,G,Y,Y,Y,7.5
G,G,G,Y,Y,Y,7.0
G,G,G,Y,Y,Y,6.5
G,G,G,Y,Y,Y,6.0
G,G,G,Y,Y,Y,5.5
G,G,G,G,Y,Y,5.0
G,G,G,G,Y,Y,4.5
G,G,G,G,Y,Y,4.0
G,G,G,G,G,Y,3.5
G,G,G,G,G,G,4.0
G,G,G,G,G,G,4.5
G,G,G,G,G,G,5.0
G,G,G,G,G,G,5.5
G,G,G,G,G,G,6.0
Y,G,G,G,G,G,5.5
G,G,G,G,G,G,6.0
G,G,G,G,G,G,6.5
G,G,G,G,G,G,7.0
G,G,G,G,G,G,7.5
G,G,G,G,G,Y,7.0
G,G,G,G,G,Y,6.5
G,G,G,G,G,G,7.0
G,G,G,G,G,G,7.5
G,G,G,G,G,Y,7.0
B,G,G,G,G,G,5.0
G,G,G,G,Y,Y,4.5
G,G,G,G,G,Y,4.0
G,G,G,G,G,Y,3.5
G,G,G,G,G,G,4.0
Y,G,G,G,G,G,3.5
G,G,G,G,G,Y,3.0
G,G,G,G,G,Y,2.5
Y,G,G,G,G,G,2.0
G,G,G,G,G,G,2.5
G,G,G,G,G,Y,2.0
Y,G,G,G,G,G,1.5
G,G,G,G,G,G,2.0
G,G,G,G,G,Y,1.5
Y,G,G,G,G,G,1.0
G,G,G,G,G,G,1.5
G,G,G,G,G,G,2.0
G,G,G,G,G,Y,1.5
Y,G,G,G,G,G,1.0
G,G,G,G,G,Y,0.5
Y,G,G,G,G,G,1.0
Y,G,G,G,G,G,0.5
G,G,G,G,G,Y,1.0
G,G,G,G,G,G,1.5
G,G,G,G,G,G,2.0
G,G,G,G,G,G,2.5
G,G,G,G,G,G,3.0
G,G,G,G,G,Y,2.5
Y,G,G,G,G,G,2.0
G,G,G,G,G,Y,1.5
Y,G,G,G,G,G,1.0
G,G,G,G,G,G,1.5
G,G,G,G,G,Y,1.0
Y,G,G,G,G,G,0.5
G,G,G,G,G,G,2.0
G,G,G,G,G,G,2.5
G,G,G,G,G,G,3.0
G,G,G,G,G,G,3.5
G,G,G,G,G,G,4.0
G,G,G,G,G,Y,3.5
Y,G,G,G,G,G,3.0
G,G,G,G,G,G,3.5
G,G,G,G,G,Y,3.0
Y,G,G,G,G,G,2.5
G,G,G,G,G,G,3.0
G,G,G,G,G,G,3.5
G,G,G,G,G,G,4.0
Y,G,G,G,G,G,3.5
G,G,G,G,G,Y,3.0
G,G,G,G,G,G,3.5
G,G,G,B,G,Y,2.0
Y,G,G,G,B,B,0.5
Y,G,G,G,B,B,0.0
G,G,G,B,B,G,0
Y,G,G,B,B,B,0.0
G,G,G,B,B,G,0
Y,G,G,B,B,B,0.0
G,G,B,B,B,G,0
G,G,B,B,B,G,0
G,B,B,B,Y,Y,0.0
G,B,B,B,G,Y,0.0
G,B,B,B,G,Y,0.0
B,B,B,G,Y,Y,0.0
B,B,B,G,Y,Y,0.0
B,B,B,G,Y,Y,0.0
G,B,B,G,Y,Y,0.0
G,B,B,G,Y,Y,0.0
G,B,G,G,Y,Y,0.0
G,B,G,G,Y,Y,0.0
G,B,G,G,Y,Y,0.0
G,B,G,G,Y,Y,0.0
G,B,G,G,Y,Y,0.0
G,G,G,G,Y,Y,1.0
G,G,G,G,G,Y,0.5
G,G,G,G,G,Y,1.0
G,G,G,G,G,G,1.5
G,G,G,G,G,G,2.0
G,G,G,G,G,G,2.5
G,G,G,G,G,G,3.0
G,G,G,G,G,G,3.5
G,G,G,G,G,G,4.0
G,G,G,G,G,G,4.5
Y,G,G,G,G,G,4.0
G,G,G,G,G,Y,3.5
Y,G,G,G,G,G,3.0
Y,G,G,G,G,G,2.5
G,G,G,G,G,Y,2.0
Y,G,G,G,G,Y,2.5
G,G,G,G,G,Y,2.0
G,G,G,G,G,G,2.5
G,G,G,G,G,G,3.0
G,G,G,G,G,G,3.5
G,G,G,G,G,G,4.0
G,G,G,G,G,G,4.5
G,G,G,G,G,G,5.0
G,G,G,G,G,G,5.5
G,G,G,G,G,G,6.0
G,G,G,G,G,G,6.5
G,G,G,G,G,G,7.0
G,G,G,G,G,Y,6.5
G,G,G,G,G,Y,6.0
G,G,G,G,G,Y,5.5
G,G,G,G,G,G,6.0
G,G,G,G,G,Y,5.5
G,G,G,G,G,Y,5.0
G,G,G,G,G,Y,4.5
G,G,G,G,G,Y,4.0
G,G,G,G,Y,Y,3.5
G,G,G,G,G,Y,3.0
G,G,G,G,G,G,3.5
G,G,G,G,G,G,4.0
G,G,G,G,G,Y,3.5
G,G,G,G,G,G,4.0
G,G,G,G,G,Y,3.5
G,G,G,G,G,G,4.0
G,G,G,G,G,Y,3.5
G,G,G,G,G,G,4.0
G,G,G,G,G,G,4.5
G,G,G,G,G,G,5.0
G,G,G,G,G,G,5.5
G,G,G,G,G,G,6.0
G,G,G,G,G,Y,5.5
G,G,G,G,G,G,6.0
Y,G,G,G,G,G,5.5
G,G,G,G,G,G,6.0
G,G,G,G,G,G,6.5
Y,G,G,G,G,G,6.0
G,G,G,G,G,G,6.5
G,G,G,G,G,G,7.0
G,G,G,G,G,B,5.0
G,G,G,G,G,B,3.0
Y,G,G,G,G,G,2.5
G,G,G,G,G,G,3.0
Y,G,G,G,G,G,2.5
G,G,G,G,G,G,3.0
Y,G,G,G,G,G,2.5
G,G,G,G,G,G,3.0
Y,G,G,G,G,G,2.5
G,G,G,G,G,G,3.0
G,G,G,G,G,G,3.5
Y,G,G,G,G,G,3.0
G,G,G,G,G,G,3.5
Y,G,G,G,G,G,3.0
Y,G,G,G,G,G,2.5
G,G,G,G,G,G,3.0
G,G,G,G,G,G,3.5
G,G,G,G,G,G,4.0
Y,G,G,G,G,G,3.5
G,G,G,G,G,G,4.0
Y,G,G,G,G,G,3.5
G,G,G,G,G,G,4.0
G,G,G,G,G,G,4.5
Y,G,G,G,G,G,4.0
G,G,G,G,G,G,4.5
G,G,G,G,G,G,5.0
Y,G,G,G,G,G,4.5
G,G,G,G,G,G,5.0
Y,G,G,G,G,G,4.5
G,G,G,G,G,G,5.0
Y,G,G,G,G,G,4.5
G,G,G,G,G,G,5.0
Y,G,G,G,G,G,4.5
Y,G,G,G,G,G,4.0
G,G,G,G,G,G,4.5
Y,G,G,G,G,G,4.0
Y,G,G,G,G,G,3.5
G,G,G,G,G,G,4.0
G,G,G,G,G,G,4.5
G,G,G,G,G,G,5.0
G,G,G,G,G,G,5.5
Y,G,G,G,G,O,4.0
Y,G,G,G,G,O,2.5
Y,G,G,G,G,O,1.0
Y,G,G,G,G,O,0
Y,G,G,G,G,O,0.0
Y,G,G,G,G,O,0.0
Y,G,G,G,G,O,0.0
Y,G,G,G,G,O,0.0
Y,G,G,G,G,O,0.0
Y,G,G,G,G,O,0.0
Y,G,G,G,G,O,0.0
Y,G,G,G,G,O,0.0
Y,G,G,G,G,O,0.0
Y,G,G,G,G,G,1.0
Y,G,G,G,G,G,0.5
G,G,G,G,G,O,0.0
Y,G,G,G,G,G,1.0
Y,G,G,G,G,G,0.5
G,G,G,G,G,G,2.0
G,G,G,G,G,G,2.5
G,G,G,G,G,G,3.0
G,G,G,G,G,G,3.5
G,G,G,G,G,G,4.0
G,G,G,G,G,G,4.5
G,G,G,G,G,G,5.0
G,G,G,G,G,Y,4.5
G,G,G,G,G,G,5.0
G,G,G,G,G,G,5.5
G,G,G,G,G,G,6.0
G,G,G,G,G,Y,5.5
G,G,G,G,G,Y,5.0
G,G,G,G,G,G,5.5
Y,G,G,G,G,G,5.0
G,G,G,G,G,G,5.5
G,G,G,G,G,O,4.0
Y,Y,G,G,G,G,3.5
Y,G,G,G,G,G,3.0
Y,G,G,G,G,O,1.5
Y,G,G,G,G,O,0.0
Y,G,G,G,G,O,0.0
Y,G,G,G,G,O,0.0
Y,G,G,G,G,O,0.0
Y,G,G,G,G,O,0.0
Y,G,G,G,G,O,0.0
Y,G,G,G,G,G,1.0
G,G,G,G,G,O,0
Y,Y,G,G,G,G,1.0
Y,G,G,G,G,G,0.5
G,G,G,G,G,G,2.0
G,G,G,G,G,G,2.5
G,G,G,G,G,G,3.0
G,G,G,G,G,G,3.5
G,G,G,G,G,G,4.0
G,G,G,G,G,G,4.5
G,G,G,G,G,G,5.0
G,G,G,G,G,G,5.5
G,G,G,G,G,Y,5.0
G,G,G,G,G,Y,4.5
G,G,G,G,G,G,5.0
G,G,G,G,G,Y,4.5
G,G,G,G,G,G,5.0
G,G,G,G,Y,Y,4.5
G,G,G,G,G,G,5.0
G,G,G,G,G,G,5.5
G,G,G,G,G,Y,5.0
G,G,G,G,G,Y,4.5
G,G,G,G,G,G,5.0
G,G,G,G,G,Y,4.5
G,G,G,G,G,G,5.0
G,G,G,G,G,Y,4.5
G,G,G,G,Y,Y,4.0
G,G,G,G,G,G,4.5
G,G,G,G,G,Y,4.0
G,G,G,G,G,Y,3.5
G,G,G,G,G,G,4.0
G,G,G,G,G,G,4.5
G,G,G,G,Y,Y,4.0
G,G,G,G,G,Y,3.5
G,G,G,G,G,Y,3.0
G,G,G,G,G,G,3.5
G,G,G,G,G,Y,3.0
G,G,G,G,G,G,3.5
G,G,G,G,G,G,4.0
G,G,G,G,G,G,4.5
G,G,G,G,G,Y,4.0
G,G,G,G,G,G,4.5
G,G,G,G,G,G,5.0
G,G,G,G,G,G,5.5
G,G,G,G,G,Y,5.0
G,G,G,G,G,Y,4.5
G,G,G,G,G,G,5.0
G,G,G,G,G,G,5.5
B,G,G,G,G,G,3.5
G,G,G,G,G,Y,3.0
G,G,G,G,G,G,3.5
G,G,G,G,G,G,4.0
G,G,G,G,G,G,4.5
G,G,G,G,G,G,5.0
G,G,G,G,G,G,5.5
G,G,G,G,G,G,6.0
G,G,G,G,G,G,6.5
G,G,G,G,G,G,7.0
Y,G,G,G,G,G,6.5
G,G,G,G,G,G,7.0
G,G,G,G,G,Y,6.5
G,G,G,G,G,G,7.0
G,G,B,B,B,G,5.0
G,G,G,G,G,Y,4.5
G,G,G,G,G,G,5.0
G,G,G,G,G,G,5.5
G,G,G,G,G,G,6.0
G,G,G,G,G,G,6.5
G,G,G,G,G,G,7.0
G,G,G,G,G,G,7.5
G,G,G,G,G,G,8.0
G,G,G,G,G,G,8.5
G,G,G,G,G,G,9.0
G,G,G,G,G,Y,8.5
G,G,G,G,G,Y,8.0
G,G,G,G,G,G,8.5
G,G,G,G,G,Y,8.0
G,G,G,G,G,Y,7.5
G,G,G,G,G,G,8.0
G,G,G,G,G,Y,7.5
G,G,G,G,G,G,8.0
O,O,O,G,G,Y,6.5
O,O,G,Y,Y,Y,5.0
O,G,G,Y,Y,Y,3.5
G,G,G,G,Y,Y,3.0
G,G,G,G,G,Y,2.5
G,G,G,G,G,G,3.0
G,G,G,G,G,G,3.5
G,G,G,G,G,G,4.0
G,G,G,G,G,G,4.5
G,G,G,G,G,G,5.0
Y,G,G,G,G,G,4.5
G,G,G,G,G,G,5.0
Y,Y,Y,G,G,G,4.5
Y,Y,Y,G,G,G,4.0
Y,Y,G,G,G,G,3.5
Y,Y,G,G,G,G,3.0
Y,Y,G,G,G,G,2.5
Y,Y,G,G,G,G,2.0
Y,Y,G,G,G,G,1.5
Y,Y,G,G,G,G,1.0
Y,Y,G,G,G,G,0.5
Y,Y,G,G,G,G,1.0
Y,Y,G,G,G,G,0.5
Y,G,G,G,G,G,1.0
Y,G,G,G,G,G,0.5
Y,G,G,G,G,G,1.0
G,G,G,G,G,G,1.5
G,G,G,G,G,G,2.0
G,G,G,G,G,G,2.5
G,G,G,G,G,G,3.0
G,G,G,G,G,G,3.5
G,G,G,G,G,G,4.0
G,G,G,G,G,G,4.5
G,G,G,G,G,Y,4.0
G,G,G,G,G,Y,3.5
G,G,G,G,G,Y,3.0
G,G,G,G,G,G,3.5
G,G,G,G,G,G,4.0
G,G,G,G,G,G,4.5
G,G,G,G,G,G,5.0
G,G,G,G,G,G,5.5
G,G,G,G,G,G,6.0
G,G,G,G,G,G,6.5
G,G,G,G,G,G,7.0
G,G,G,G,G,G,7.5
G,G,G,G,G,Y,7.0
G,G,G,G,G,Y,6.5
G,G,G,G,G,Y,6.0
G,G,G,G,G,Y,5.5
G,G,G,G,G,Y,5.0
G,G,G,G,G,Y,4.5
G,G,G,G,G,G,5.0
G,G,G,G,G,G,5.5
G,G,B,B,G,G,3.5
G,B,B,B,G,Y,2.0
G,G,G,G,Y,Y,1.5
G,G,G,G,G,Y,1.0
G,G,B,G,G,Y,0
G,G,B,G,G,Y,0.0
G,G,G,G,G,Y,1.0
G,G,G,G,G,G,1.5
G,G,G,G,G,G,2.0
G,G,G,G,G,G,2.5
G,G,G,G,G,G,3.0
G,G,G,G,G,G,3.5
G,G,G,G,G,Y,3.0
G,G,G,G,G,G,3.5
G,G,G,G,G,G,4.0
G,G,G,G,G,G,4.5
G,G,G,G,G,Y,4.0
G,G,G,G,G,Y,3.5
G,G,G,G,G,G,4.0
G,G,G,G,G,G,4.5
G,G,G,G,G,Y,4.0
G,G,G,G,G,Y,3.5
G,G,G,G,G,G,4.0
G,G,G,G,G,Y,3.5
G,G,G,G,G,Y,3.0
G,G,G,G,G,Y,2.5
G,G,G,G,G,Y,2.0
G,G,G,G,G,G,2.5
G,G,G,G,G,G,3.0
G,G,G,G,G,G,3.5
G,G,G,G,G,G,4.0
G,G,G,G,G,Y,3.5
G,G,G,G,O,O,2.0
G,G,G,G,G,G,2.5
G,G,G,G,G,G,3.0
G,G,G,G,G,G,3.5
G,G,G,G,G,G,4.0
G,G,G,G,G,G,4.5
Y,G,G,G,G,G,4.0
Y,G,G,G,G,G,3.5
Y,G,G,G,G,G,3.0
G,G,G,G,G,G,3.5
G,G,G,G,G,G,4.0
G,G,G,G,G,G,4.5
G,G,G,G,G,G,5.0
G,G,G,G,G,G,5.5
G,G,G,G,G,G,6.0
G,G,G,G,G,Y,5.5
G,G,G,G,G,Y,5.0
G,G,G,G,G,Y,4.5
G,G,G,G,G,G,5.0
G,G,G,G,G,G,5.5
G,G,G,G,G,G,6.0
G,G,G,G,G,G,6.5
G,G,G,G,G,G,7.0
G,G,G,G,G,G,7.5
G,G,G,G,G,G,8.0
G,G,G,G,G,G,8.5
Y,G,G,G,G,G,8.0
Y,G,G,G,G,G,7.5
Y,G,G,G,G,G,7.0
Y,G,G,G,G,G,6.5
G,G,G,G,G,G,7.0
G,G,G,G,G,G,7.5
G,G,G,G,G,G,8.0
Y,G,G,G,G,G,7.5
Y,G,G,G,G,G,7.0
G,G,G,G,G,G,7.5
G,G,G,G,G,G,8.0
G,G,G,G,G,G,8.5
G,G,G,G,G,G,9.0
G,G,G,G,G,G,9.5
G,G,G,G,G,G,10.0
G,G,G,G,G,G,10
G,G,G,G,G,G,10
Y,G,G,G,G,G,9.5
G,G,G,G,G,G,10.0
Y,G,G,G,G,G,9.5
G,G,G,G,G,G,10.0
G,G,G,G,G,G,10
G,G,G,G,G,Y,9.5
Y,G,G,G,G,G,9.0
G,G,G,G,G,G,9.5
G,G,G,G,G,G,10.0
G,G,G,G,G,G,10
G,G,G,G,G,G,10
G,G,G,G,O,G,8.5
G,G,G,G,G,O,7.0
G,G,G,G,Y,Y,6.5
G,G,G,G,Y,Y,6.0
G,G,G,G,Y,Y,5.5
G,G,G,G,Y,Y,5.0
G,G,G,G,Y,Y,4.5
G,G,G,G,Y,Y,4.0
G,G,G,G,G,Y,3.5
G,G,G,G,G,Y,3.0
G,G,G,G,G,G,3.5
G,G,G,G,G,G,4.0
G,G,G,G,G,G,4.5
G,G,G,G,G,G,5.0
Y,G,G,G,G,G,4.5
Y,G,G,G,G,G,4.0
G,G,G,G,G,G,4.5
G,G,G,G,G,G,5.0
G,G,G,G,G,G,5.5
G,G,G,G,G,G,6.0
G,G,G,G,G,Y,5.5
G,G,G,G,G,Y,5.0
G,G,G,G,G,G,5.5
G,G,G,G,G,G,6.0
G,G,G,G,G,Y,5.5
G,G,G,G,G,G,6.0
G,G,G,G,G,G,6.5
G,G,G,G,G,Y,6.0
B,G,G,G,G,G,4.0
G,G,G,G,G,Y,3.5
G,G,G,G,G,Y,3.0
G,G,G,G,G,G,3.5
G,G,G,G,G,G,4.0
G,G,G,G,G,G,4.5
G,G,G,G,G,G,5.0
G,G,G,G,G,Y,4.5
G,G,G,G,G,Y,4.0
Y,G,G,G,G,G,3.5
G,G,G,G,G,G,4.0
G,G,G,G,G,G,4.5
G,G,G,G,G,G,5.0
G,G,G,G,G,G,5.5
G,G,G,G,G,G,6.0
G,G,G,G,G,G,6.5
G,G,G,G,G,G,7.0
G,G,G,G,G,G,7.5
G,G,G,G,G,G,8.0
G,G,G,G,G,G,8.5
G,G,G,B,G,G,6.5
Y,G,G,G,B,B,5.0
G,G,G,G,G,G,5.5
G,G,G,G,G,G,6.0
G,G,G,G,G,G,6.5
G,G,G,G,G,G,7.0
G,G,G,G,G,G,7.5
G,G,G,G,G,G,8.0
G,G,G,G,G,G,8.5
G,G,G,G,G,G,9.0
G,G,G,G,G,G,9.5
G,G,G,G,G,G,10.0
G,G,G,G,Y,Y,9.5
G,G,G,Y,Y,Y,9.0
G,G,G,G,Y,Y,8.5
G,G,G,G,Y,Y,8.0
G,G,G,Y,Y,Y,7.5
G,G,G,Y,Y,Y,7.0
G,G,G,Y,Y,Y,6.5
G,G,G,Y,Y,Y,6.0
G,G,G,Y,Y,Y,5.5
G,G,G,G,Y,Y,5.0
G,G,G,G,Y,Y,4.5
G,G,G,G,Y,Y,4.0
G,G,G,G,Y,Y,3.5
G,G,G,G,G,Y,3.0
G,G,G,G,G,G,3.5
G,G,G,G,G,G,4.0
G,G,G,G,G,G,4.5
G,G,G,G,G,G,5.0
G,G,G,G,G,G,5.5
Y,Y,G,G,G,G,5.0
Y,G,G,G,G,G,4.5
G,G,G,G,G,G,5.0
G,G,G,G,G,G,5.5
G,G,G,G,G,G,6.0
G,G,G,G,G,G,6.5
Y,G,G,G,G,G,6.0
G,G,G,G,G,G,6.5
G,G,G,G,G,G,7.0
G,G,G,G,G,G,7.5
G,G,G,G,G,G,8.0
G,G,G,G,B,B,6.0
G,G,G,G,G,G,6.5
G,G,G,G,G,G,7.0
Y,G,G,G,G,G,6.5
Y,G,G,G,G,G,6.0
Y,Y,G,G,G,G,5.5
Y,Y,G,G,G,G,5.0
Y,Y,G,G,G,G,4.5
Y,Y,G,G,G,G,4.0
Y,G,G,G,G,G,3.5
Y,G,G,G,G,G,3.0
Y,G,G,G,G,G,2.5
G,G,G,G,G,G,3.0
G,G,G,G,G,G,3.5
G,G,G,G,G,G,4.0
G,G,G,G,G,G,4.5
G,G,G,G,G,G,5.0
G,G,G,G,G,Y,4.5
G,G,G,G,G,G,5.0
Y,Y,G,G,G,G,4.5
G,G,G,G,G,G,5.0
Y,G,G,G,G,G,4.5
G,G,G,G,G,G,5.0
Y,G,G,G,G,G,4.5
Y,Y,G,G,G,G,4.0
G,G,G,G,G,G,4.5
Y,G,G,G,G,G,4.0
G,G,G,G,G,G,4.5
Y,G,G,G,G,G,4.0
G,G,G,G,G,G,4.5
Y,G,G,G,G,G,4.0
Y,G,G,G,G,G,3.5
G,G,G,G,G,G,4.0
G,G,G,G,G,G,4.5
G,G,G,G,G,G,5.0
G,G,G,G,O,G,3.5
Y,Y,Y,G,G,G,3.0
Y,G,G,G,G,O,1.5
Y,Y,G,G,G,G,1.0
Y,Y,G,G,G,O,0
Y,Y,G,G,G,O,0.0
Y,G,G,G,G,O,0.0
Y,G,G,G,G,O,0.0
Y,G,G,G,G,O,0.0
Y,G,G,G,G,O,0.0
Y,G,G,G,G,O,0.0
Y,G,G,G,G,O,0.0
Y,G,G,G,G,O,0.0
Y,G,G,G,G,O,0.0
Y,G,G,G,G,O,0.0
Y,G,G,G,G,O,0.0
Y,G,G,G,G,O,0.0
Y,G,G,G,G,O,0.0
Y,G,G,G,G,O,0.0
Y,G,G,G,G,O,0.0
Y,G,G,G,G,O,0.0
Y,G,G,G,G,G,1.0
Y,G,G,G,G,O,0
Y,G,G,G,G,O,0.0
Y,G,G,G,G,G,1.0
G,G,G,G,G,O,0
Y,G,G,G,G,G,1.0
Y,G,G,G,G,G,0.5
G,G,G,G,G,G,2.0
G,G,G,G,G,G,2.5
G,G,G,G,G,G,3.0
G,G,G,G,G,G,3.5
G,G,G,G,G,G,4.0
G,G,G,G,G,G,4.5
G,G,G,G,G,G,5.0
G,G,G,G,G,G,5.5
G,G,G,G,Y,Y,5.0
G,G,G,G,G,G,5.5
G,G,G,G,G,Y,5.0
G,G,G,G,G,G,5.5
G,G,G,G,G,Y,5.0
G,G,G,G,G,G,5.5
Y,G,G,G,G,G,5.0
G,G,G,G,G,G,5.5
G,G,G,G,G,O,4.0
Y,Y,G,G,G,G,3.5
Y,G,G,G,G,G,3.0
Y,Y,G,G,G,O,1.5
Y,G,G,G,G,O,0.0
Y,G,G,G,G,O,0.0
Y,G,G,G,G,O,0.0
Y,G,G,G,G,O,0.0
Y,G,G,G,G,G,1.0
G,G,G,G,G,O,0
Y,Y,G,G,G,G,1.0
Y,G,G,G,G,G,0.5
Y,G,G,G,G,O,0.0
Y,G,G,G,G,G,1.0
G,G,G,G,G,O,0
Y,G,G,G,G,G,1.0
Y,G,G,G,G,G,0.5
G,G,G,G,G,G,2.0
G,G,G,G,G,G,2.5
G,G,G,G,G,G,3.0
G,G,G,G,G,Y,2.5
G,G,G,G,G,G,3.0
G,G,G,G,G,G,3.5
G,G,G,G,G,G,4.0
G,G,G,G,G,G,4.5
G,G,G,G,G,Y,4.0
G,G,G,G,G,G,4.5
G,G,G,G,G,Y,4.0
G,G,G,G,G,G,4.5
G,G,G,G,G,Y,4.0
G,G,G,G,G,G,4.5
G,G,G,G,G,G,5.0
G,G,G,G,G,Y,4.5
G,G,G,G,G,G,5.0
G,G,G,G,G,Y,4.5
G,G,G,G,G,G,5.0
G,G,G,G,Y,Y,4.5
G,G,G,G,G,G,5.0
G,G,G,G,G,Y,4.5
G,G,G,G,G,G,5.0
G,G,G,G,G,Y,4.5
G,G,G,G,G,Y,4.0
G,G,G,G,G,G,4.5
G,G,G,G,G,Y,4.0
G,G,G,G,G,Y,3.5
G,G,G,G,G,G,4.0
G,G,G,G,G,Y,3.5
G,G,G,G,G,G,4.0
G,G,G,G,G,Y,3.5
G,G,G,G,G,Y,3.0
G,G,G,G,G,Y,2.5
G,G,G,G,G,G,3.0
G,G,G,G,G,G,3.5
G,G,G,G,G,G,4.0
G,G,G,G,G,G,4.5
G,G,G,G,G,G,5.0
G,G,G,G,G,Y,4.5
G,G,G,G,G,G,5.0
G,G,G,G,G,Y,4.5
G,G,G,G,G,G,5.0
G,G,G,G,G,G,5.5
G,G,G,G,G,Y,5.0
G,G,G,G,G,G,5.5
G,G,G,G,G,G,6.0
G,G,G,G,G,G,6.5
G,G,G,G,G,G,7.0
G,G,G,G,G,G,7.5
Y,G,G,G,G,G,7.0
G,G,G,G,G,G,7.5
G,G,G,G,G,Y,7.0
G,G,G,G,G,G,7.5
G,G,G,G,G,G,8.0
G,G,G,G,G,G,8.5
G,G,G,G,G,G,9.0
G,G,B,B,B,G,7.0
G,G,G,G,G,Y,6.5
G,G,G,G,G,G,7.0
G,G,G,G,G,G,7.5
G,G,G,G,G,G,8.0
G,G,G,G,G,G,8.5
G,G,G,G,G,G,9.0
G,G,G,G,G,G,9.5
G,G,G,G,G,Y,9.0
G,G,G,G,G,Y,8.5
G,G,G,G,G,G,9.0
G,G,G,G,G,G,9.5
G,G,G,Y,Y,Y,9.0
G,G,G,G,Y,Y,8.5
G,G,G,G,G,Y,8.0
G,G,G,G,G,Y,7.5
G,O,G,G,G,G,6.0
O,O,G,Y,Y,Y,4.5
O,G,Y,Y,Y,Y,3.0
O,G,Y,Y,Y,Y,1.5
G,G,Y,Y,Y,Y,1.0
O,G,G,Y,Y,Y,0
O,G,G,Y,Y,Y,0.0
O,G,G,Y,Y,Y,0.0
O,G,G,G,Y,Y,0.0
O,G,G,G,Y,Y,0.0
G,G,G,G,Y,Y,1.0
G,G,G,G,G,Y,0.5
G,G,G,G,G,G,2.0
G,G,G,G,G,G,2.5
G,G,G,G,G,G,3.0
G,G,G,G,G,G,3.5
G,G,G,G,G,G,4.0
G,G,G,G,G,G,4.5
G,G,G,G,G,G,5.0
G,G,G,G,G,G,5.5
Y,Y,Y,G,G,G,5.0
Y,Y,Y,G,G,G,4.5
Y,Y,Y,G,G,G,4.0
Y,Y,Y,G,G,G,3.5
Y,Y,Y,G,G,G,3.0
Y,Y,Y,G,G,G,2.5
Y,Y,Y,G,G,G,2.0
Y,Y,Y,G,G,G,1.5
Y,Y,Y,G,G,G,1.0
Y,Y,G,G,G,G,0.5
Y,Y,G,G,G,G,1.0
Y,Y,G,G,G,G,0.5
Y,Y,G,G,G,G,1.0
Y,G,G,G,G,G,0.5
Y,G,G,G,G,G,1.0
Y,G,G,G,G,G,0.5
G,G,G,G,G,G,2.0
G,G,G,G,G,G,2.5
G,G,G,G,G,G,3.0
G,G,G,G,G,G,3.5
G,G,G,G,G,G,4.0
G,G,G,G,G,G,4.5
G,G,G,G,G,Y,4.0
G,G,G,G,G,Y,3.5
G,G,G,G,G,Y,3.0
G,G,G,G,G,Y,2.5
G,G,G,G,G,G,3.0
G,G,G,G,G,G,3.5
G,G,G,G,G,G,4.0
G,G,G,G,G,G,4.5
G,G,G,G,G,G,5.0
G,G,G,G,G,G,5.5
G,G,G,G,G,G,6.0
G,G,G,G,G,G,6.5
G,G,G,G,G,G,7.0
G,G,G,G,G,G,7.5
G,G,G,G,G,Y,7.0
G,G,G,G,G,Y,6.5
G,G,G,G,Y,Y,6.0
G,G,G,G,Y,Y,5.5
G,G,G,G,G,Y,5.0
G,G,G,G,G,Y,4.5
G,G,G,G,G,G,5.0
G,G,G,G,G,G,5.5
G,G,B,B,G,G,3.5
G,B,B,B,Y,Y,2.0
G,G,G,G,Y,Y,1.5
G,B,G,G,Y,Y,0.0
G,B,G,G,Y,Y,0.0
G,G,G,Y,Y,Y,1.0
G,G,G,G,G,Y,0.5
G,G,G,G,G,G,2.0
G,G,G,G,G,G,2.5
G,G,G,G,G,Y,2.0
G,G,G,G,G,G,2.5
G,G,G,G,G,Y,2.0
Y,G,G,G,G,G,1.5
G,G,G,G,G,Y,1.0
Y,G,G,G,G,G,0.5
G,G,G,G,G,Y,1.0
G,G,G,G,G,G,1.5
G,G,G,G,G,G,2.0
G,G,G,G,G,G,2.5
G,G,G,G,G,G,3.0
G,G,G,G,G,G,3.5
G,G,G,G,G,G,4.0
G,G,G,G,G,Y,3.5
G,G,G,G,G,G,4.0
G,G,G,G,G,G,4.5
G,G,G,G,G,G,5.0
G,G,G,G,G,Y,4.5
G,G,G,G,G,Y,4.0
G,G,G,G,G,Y,3.5
G,G,G,G,G,Y,3.0
G,G,G,G,G,Y,2.5
G,G,G,G,G,Y,2.0
G,G,G,G,G,G,2.5
G,G,G,G,G,G,3.0
G,G,G,G,G,G,3.5
G,G,G,G,G,G,4.0
G,G,G,G,O,Y,2.5
G,G,G,G,G,O,1.0
G,G,G,G,G,G,1.5
G,G,G,G,G,G,2.0
G,G,G,G,G,G,2.5
G,G,G,G,G,G,3.0
G,G,G,G,G,G,3.5
Y,G,G,G,G,G,3.0
Y,G,G,G,G,G,2.5
Y,G,G,G,G,G,2.0
Y,G,G,G,G,G,1.5
Y,G,G,G,G,G,1.0
G,G,G,G,G,G,1.5
Y,G,G,G,G,G,1.0
G,G,G,G,G,G,1.5
G,G,G,G,G,G,2.0
G,G,G,G,G,G,2.5
G,G,G,G,G,G,3.0
G,G,G,G,G,G,3.5
G,G,G,G,G,G,4.0
G,G,G,G,G,Y,3.5
G,G,G,G,G,Y,3.0
G,G,G,G,G,Y,2.5
G,G,G,G,G,Y,2.0
G,G,G,G,G,Y,1.5
G,G,G,G,G,Y,1.0
G,G,G,G,G,G,1.5
G,G,G,G,G,G,2.0
G,G,G,G,G,G,2.5
G,G,G,G,G,G,3.0
G,G,G,G,G,G,3.5
G,G,G,G,G,G,4.0
G,G,G,G,G,G,4.5
Y,G,G,G,G,G,4.0
Y,G,G,G,G,G,3.5
G,G,G,G,G,G,4.0
G,G,G,G,G,G,4.5
G,G,G,G,G,G,5.0
G,G,G,G,G,G,5.5
G,G,G,G,G,G,6.0
G,G,G,G,G,G,6.5
G,G,G,G,G,G,7.0
G,G,G,G,G,G,7.5
G,G,G,G,G,G,8.0
G,G,G,G,G,G,8.5
G,G,G,G,G,G,9.0
Y,Y,G,G,G,G,8.5
Y,Y,G,G,G,G,8.0
Y,Y,G,G,G,G,7.5
Y,Y,G,G,G,G,7.0
Y,Y,G,G,G,G,6.5
Y,Y,G,G,G,G,6.0
G,G,G,G,G,G,6.5
G,G,G,G,G,G,7.0
G,G,G,G,G,G,7.5
G,G,G,G,G,G,8.0
G,G,G,G,G,G,8.5
G,G,G,G,G,Y,8.0
G,G,G,G,G,G,8.5
G,G,G,G,G,G,9.0
G,G,G,G,G,G,9.5
G,G,G,G,G,G,10.0
G,G,G,G,G,G,10
Y,G,G,G,G,G,9.5
G,G,G,G,G,G,10.0
Y,G,G,G,G,G,9.5
G,G,G,G,G,G,10.0
G,G,G,G,G,G,10
G,G,G,G,G,G,10
G,G,G,G,G,G,10
G,G,G,G,G,G,10
G,G,G,G,G,G,10
G,G,G,G,O,O,8.5
G,G,G,G,Y,Y,8.0
G,G,G,G,Y,Y,7.5
G,G,G,G,Y,Y,7.0
G,G,G,G,Y,Y,6.5
G,G,G,G,Y,Y,6.0
G,G,G,G,Y,Y,5.5
G,G,G,G,Y,Y,5.0
G,G,G,G,Y,Y,4.5
G,G,G,G,G,Y,4.0
G,G,G,G,G,Y,3.5
G,G,G,G,G,G,4.0
G,G,G,G,G,G,4.5
G,G,G,G,G,G,5.0
G,G,G,G,G,G,5.5
Y,Y,G,G,G,G,5.0
G,G,G,G,G,G,5.5
G,G,G,G,G,G,6.0
G,G,G,G,G,G,6.5
Y,G,G,G,G,G,6.0
G,G,G,G,G,G,6.5
G,G,G,G,G,Y,6.0
G,G,G,G,G,Y,5.5
G,G,G,G,G,Y,5.0
G,G,G,G,G,Y,4.5
G,G,G,G,G,G,5.0
Y,G,G,G,G,G,4.5
G,G,G,G,G,G,5.0
B,G,G,G,G,G,3.0
G,G,G,G,Y,Y,2.5
G,G,G,G,G,Y,2.0
G,G,G,G,G,G,2.5
G,G,G,G,G,G,3.0
G,G,G,G,G,G,3.5
G,G,G,G,G,Y,3.0
G,G,G,G,G,Y,2.5
Y,G,G,G,G,G,2.0
G,G,G,G,G,G,2.5
G,G,G,G,G,G,3.0
G,G,G,G,G,G,3.5
G,G,G,G,G,G,4.0
G,G,G,G,G,G,4.5
G,G,G,G,G,Y,4.0
G,G,G,G,G,Y,3.5
Y,G,G,G,G,G,3.0
G,G,G,G,G,Y,2.5
Y,G,G,G,G,G,2.0
Y,G,G,G,G,G,1.5
G,G,G,G,G,Y,1.0
G,G,G,G,G,G,1.5
G,G,G,G,G,Y,1.0
Y,G,G,G,G,G,0.5
Y,G,G,G,G,G,1.0
G,G,G,G,G,Y,0.5
G,G,G,G,G,Y,1.0
Y,G,G,G,G,G,0.5
Y,G,G,G,G,Y,2.0
G,G,G,G,G,Y,1.5
Y,G,G,G,G,G,1.0
G,G,G,G,G,Y,0.5
G,G,G,G,G,Y,1.0
Y,G,G,G,G,G,0.5
G,G,G,G,G,Y,1.0
Y,G,G,G,G,G,0.5
G,G,G,G,G,Y,1.0
Y,G,G,G,G,G,0.5
G,G,G,G,G,G,2.0
G,G,G,G,G,G,2.5
G,G,G,G,G,Y,2.0
Y,G,G,G,G,G,1.5
G,G,G,G,G,G,2.0
G,G,G,G,G,Y,1.5
Y,G,G,G,G,G,1.0
G,G,G,G,G,G,1.5
G,G,G,G,G,G,2.0
G,G,G,G,G,Y,1.5
Y,G,G,G,G,G,1.0
Y,G,G,G,G,G,0.5
G,G,G,G,G,Y,1.0
G,G,G,G,G,G,1.5
G,G,G,G,G,G,2.0
G,G,G,G,G,Y,1.5
Y,G,G,G,G,G,1.0
G,G,G,G,G,Y,0.5
Y,G,G,G,G,G,1.0
G,G,G,G,G,G,1.5
G,G,G,G,G,Y,1.0
Y,G,G,G,G,G,0.5
Y,G,G,G,G,G,1.0
G,G,G,G,G,Y,0.5
G,G,G,G,G,Y,1.0
Y,G,G,G,G,G,0.5
G,G,G,G,G,Y,1.0
Y,G,G,G,G,G,0.5
Y,G,G,G,G,Y,2.0
G,G,G,G,G,Y,1.5
G,G,G,G,G,G,2.0
G,G,G,G,G,Y,1.5
Y,G,G,G,G,G,1.0
G,G,G,G,G,G,1.5
G,G,G,G,G,G,2.0
G,G,G,G,G,Y,1.5
Y,G,G,G,G,G,1.0
G,G,G,G,G,G,1.5
G,G,G,G,G,G,2.0
G,G,G,G,G,G,2.5
G,G,G,G,G,G,3.0
G,G,G,G,G,Y,2.5
Y,G,G,G,G,G,2.0
G,G,G,G,G,G,2.5
G,G,G,B,G,Y,1.0
Y,Y,G,G,B,B,0
Y,G,G,G,B,G,0.0
Y,G,G,G,B,G,0.0
Y,G,G,G,B,B,0.0
G,G,G,B,B,G,0
Y,G,G,B,B,B,0.0
G,G,G,B,B,G,0
Y,G,G,B,B,B,0.0
G,G,B,B,B,G,0
G,G,B,B,B,G,0
G,B,B,B,Y,Y,0.0
G,B,B,B,G,Y,0.0
G,B,B,B,Y,Y,0.0
B,B,B,G,Y,Y,0.0
B,B,B,G,Y,Y,0.0
B,B,B,G,Y,Y,0.0
G,B,B,G,Y,Y,0.0
G,B,B,G,Y,Y,0.0
G,B,G,G,Y,Y,0.0
G,B,G,G,Y,Y,0.0
G,B,G,G,Y,Y,0.0
G,B,G,G,Y,Y,0.0
G,B,G,G,Y,Y,0.0
G,G,G,G,Y,Y,1.0
G,G,G,G,G,Y,0.5
G,G,G,G,G,Y,1.0
G,G,G,G,G,G,1.5
Y,G,G,G,G,G,1.0
G,G,G,G,G,Y,0.5
Y,G,G,G,G,G,1.0
G,G,G,G,G,Y,0.5
G,G,G,G,G,G,2.0
G,G,G,G,G,G,2.5
G,G,G,G,G,G,3.0
G,G,G,G,G,G,3.5
G,G,G,G,G,G,4.0
G,G,G,G,G,G,4.5
Y,G,G,G,G,G,4.0
G,G,G,G,G,G,4.5
G,G,G,G,G,Y,4.0
Y,G,G,G,G,G,3.5
G,G,G,G,G,G,4.0
G,G,G,G,G,G,4.5
G,G,G,G,G,G,5.0
G,G,G,G,G,G,5.5
G,G,G,G,G,Y,5.0
Y,G,G,G,G,G,4.5
G,G,G,G,G,G,5.0
G,G,G,G,G,G,5.5
G,G,G,G,G,G,6.0
G,G,G,G,G,G,6.5
G,G,G,G,G,Y,6.0
G,G,G,G,G,Y,5.5
G,G,G,G,G,G,6.0
G,G,G,G,G,Y,5.5
G,G,G,G,G,Y,5.0
G,G,G,G,G,Y,4.5
G,G,G,G,G,Y,4.0
G,G,G,G,G,Y,3.5
G,G,G,G,Y,Y,3.0
G,G,G,G,G,Y,2.5
G,G,G,G,G,G,3.0
G,G,G,G,G,G,3.5
G,G,G,G,G,Y,3.0
G,G,G,G,G,G,3.5
G,G,G,G,G,G,4.0
G,G,G,G,G,Y,3.5
G,G,G,G,G,G,4.0
G,G,G,G,G,Y,3.5
G,G,G,G,G,G,4.0
G,G,G,G,G,G,4.5
G,G,G,G,G,G,5.0
G,G,G,G,G,Y,4.5
G,G,G,G,G,G,5.0
G,G,G,G,G,G,5.5
Y,G,G,G,G,G,5.0
G,G,G,G,G,G,5.5
Y,G,G,G,G,G,5.0
G,G,G,G,G,G,5.5
G,G,G,G,G,G,6.0
G,G,G,G,G,G,6.5
G,G,G,G,G,G,7.0
G,G,G,G,G,G,7.5
G,G,G,G,B,B,5.5
G,G,G,G,G,Y,5.0
G,G,G,G,G,G,5.5
G,G,G,G,G,G,6.0
Y,G,G,G,G,G,5.5
Y,G,G,G,G,G,5.0
Y,Y,G,G,G,G,4.5
Y,Y,G,G,G,G,4.0
Y,Y,G,G,G,G,3.5
Y,G,G,G,G,G,3.0
Y,G,G,G,G,G,2.5
Y,G,G,G,G,G,2.0
G,G,G,G,G,G,2.5
G,G,G,G,G,G,3.0
G,G,G,G,G,G,3.5
G,G,G,G,G,G,4.0
G,G,G,G,G,G,4.5
G,G,G,G,G,G,5.0
Y,G,G,G,G,G,4.5
Y,G,G,G,G,G,4.0
G,G,G,G,G,G,4.5
G,G,G,G,G,G,5.0
G,G,G,G,G,G,5.5
Y,G,G,G,G,G,5.0
G,G,G,G,G,G,5.5
Y,G,G,G,G,G,5.0
G,G,G,G,G,G,5.5
Y,G,G,G,G,G,5.0
Y,G,G,G,G,G,4.5
G,G,G,G,G,G,5.0
Y,G,G,G,G,G,4.5
Y,G,G,G,G,G,4.0
G,G,G,G,G,G,4.5
Y,G,G,G,G,G,4.0
G,G,G,G,G,G,4.5
G,G,G,G,G,G,5.0
G,G,G,G,G,G,5.5
Y,G,G,G,G,O,4.0
Y,G,G,G,G,O,2.5
Y,G,G,G,G,O,1.0
Y,G,G,G,G,O,0
Y,G,G,G,G,O,0.0
Y,G,G,G,G,O,0.0
Y,G,G,G,G,O,0.0
Y,G,G,G,G,O,0.0
Y,G,G,G,G,O,0.0
Y,G,G,G,G,O,0.0
Y,G,G,G,G,O,0.0
Y,G,G,G,G,O,0.0
Y,G,G,G,G,O,0.0
Y,G,G,G,G,O,0.0
Y,G,G,G,G,G,1.0
Y,G,G,G,G,O,0
Y,G,G,G,G,O,0.0
Y,G,G,G,G,G,1.0
G,G,G,G,G,O,0
Y,G,G,G,G,G,1.0
Y,G,G,G,G,G,0.5
G,G,G,G,G,G,2.0
G,G,G,G,G,G,2.5
G,G,G,G,G,G,3.0
G,G,G,G,G,G,3.5
G,G,G,G,G,G,4.0
G,G,G,G,G,G,4.5
G,G,G,G,G,G,5.0
G,G,G,G,G,Y,4.5
G,G,G,G,G,G,5.0
G,G,G,G,G,G,5.5
G,G,G,G,G,G,6.0
G,G,G,G,G,G,6.5
G,G,G,G,G,Y,6.0
G,G,G,G,G,G,6.5
G,G,G,G,O,O,5.0
Y,G,G,G,G,G,4.5
Y,G,G,G,G,O,3.0
Y,G,G,G,G,G,2.5
Y,G,G,G,G,O,1.0
Y,G,G,G,G,O,0
Y,G,G,G,G,O,0.0
Y,G,G,G,G,G,1.0
G,G,G,G,G,G,1.5
G,G,G,G,G,G,2.0
G,G,G,G,G,G,2.5
G,G,G,G,G,G,3.0
G,G,G,G,G,G,3.5
G,G,G,G,G,G,4.0
G,G,G,G,G,G,4.5
G,G,G,G,G,G,5.0
G,G,G,G,G,Y,4.5
G,G,G,G,G,G,5.0
G,G,G,G,G,Y,4.5
G,G,G,G,G,G,5.0
G,G,G,G,G,Y,4.5
G,G,G,G,G,G,5.0
G,G,G,G,G,Y,4.5
G,G,G,G,G,G,5.0
G,G,G,G,G,Y,4.5
G,G,G,G,G,G,5.0
G,G,G,G,G,G,5.5
G,G,G,G,G,Y,5.0
G,G,G,G,G,Y,4.5
G,G,G,G,G,G,5.0
G,G,G,G,G,Y,4.5
G,G,G,G,G,Y,4.0
G,G,G,G,G,G,4.5
G,G,G,G,G,Y,4.0
G,G,G,G,G,G,4.5
G,G,G,G,G,Y,4.0
G,G,G,G,G,G,4.5
G,G,G,G,G,Y,4.0
G,G,G,G,G,Y,3.5
G,G,G,G,G,Y,3.0
G,G,G,G,G,Y,2.5
G,G,G,G,G,G,3.0
G,G,G,G,G,G,3.5
G,G,G,G,G,G,4.0
G,G,G,G,G,G,4.5
G,G,G,G,G,Y,4.0
G,G,G,G,G,G,4.5
G,G,G,G,G,G,5.0
G,G,G,G,G,G,5.5
G,G,G,G,G,Y,5.0
G,G,G,G,G,Y,4.5
G,G,G,G,G,G,5.0
G,G,G,G,G,G,5.5
B,G,G,G,G,G,3.5
G,G,G,G,G,Y,3.0
G,G,G,G,G,G,3.5
G,G,G,G,G,G,4.0
G,G,G,G,G,G,4.5
G,G,G,G,G,G,5.0
G,G,G,G,G,G,5.5
G,G,G,G,G,G,6.0
G,G,G,G,G,G,6.5
G,G,G,G,G,Y,6.0
G,G,G,G,G,G,6.5
Y,G,G,G,G,G,6.0
G,G,G,G,G,G,6.5
G,G,G,G,G,G,7.0
G,G,B,B,G,G,5.0
G,G,G,G,B,G,3.0
G,G,G,G,G,G,3.5
G,G,G,G,G,G,4.0
G,G,G,G,G,G,4.5
G,G,G,G,G,G,5.0
G,G,G,G,G,G,5.5
G,G,G,G,G,G,6.0
G,G,G,G,G,G,6.5
G,G,G,G,G,G,7.0
G,G,G,G,G,G,7.5
G,G,G,G,G,G,8.0
G,G,G,G,G,G,8.5
G,G,G,G,G,Y,8.0
G,G,G,G,G,Y,7.5
G,G,G,G,G,G,8.0
G,G,G,G,Y,Y,7.5
G,G,G,G,G,Y,7.0
G,G,G,G,G,Y,6.5
G,G,G,G,G,G,7.0
G,G,G,G,G,Y,6.5
G,O,O,G,G,G,5.0
O,O,G,Y,Y,Y,3.5
O,O,Y,Y,Y,Y,2.0
O,G,Y,Y,Y,Y,0.5
O,G,Y,Y,Y,Y,0.0
O,G,Y,Y,Y,Y,0.0
O,G,Y,Y,Y,Y,0.0
O,G,G,Y,Y,Y,0.0
G,G,G,Y,Y,Y,1.0
O,G,G,Y,Y,Y,0
O,G,G,Y,Y,Y,0.0
O,G,G,G,Y,Y,0.0
O,G,G,G,Y,Y,0.0
G,G,G,G,Y,Y,1.0
G,G,G,G,G,Y,0.5
G,G,G,G,G,G,2.0
G,G,G,G,G,G,2.5
G,G,G,G,G,G,3.0
G,G,G,G,G,G,3.5
G,G,G,G,G,G,4.0
G,G,G,G,G,G,4.5
G,G,G,G,G,G,5.0
G,G,G,G,G,G,5.5
Y,Y,Y,G,G,G,5.0
Y,Y,Y,G,G,G,4.5
Y,Y,Y,G,G,G,4.0
Y,Y,Y,G,G,G,3.5
Y,Y,Y,G,G,G,3.0
Y,Y,Y,G,G,G,2.5
Y,Y,Y,G,G,G,2.0
Y,Y,Y,G,G,G,1.5
Y,Y,G,G,G,G,1.0
Y,Y,G,G,G,G,0.5
Y,Y,G,G,G,G,1.0
Y,Y,G,G,G,G,0.5
Y,G,G,G,G,G,1.0
Y,G,G,G,G,G,0.5
Y,G,G,G,G,G,1.0
G,G,G,G,G,G,1.5
G,G,G,G,G,G,2.0
G,G,G,G,G,G,2.5
G,G,G,G,G,G,3.0
G,G,G,G,G,G,3.5
G,G,G,G,G,Y,3.0
G,G,G,G,G,Y,2.5
G,G,G,G,G,G,3.0
G,G,G,G,G,G,3.5
G,G,G,G,G,G,4.0
G,G,G,G,G,G,4.5
G,G,G,G,G,G,5.0
G,G,G,G,G,G,5.5
G,G,G,G,G,G,6.0
G,G,G,G,G,G,6.5
G,G,G,G,G,G,7.0
G,G,G,G,G,G,7.5
G,G,G,G,G,Y,7.0
G,G,G,G,G,Y,6.5
G,G,G,G,G,Y,6.0
G,G,G,G,G,Y,5.5
G,G,G,G,G,Y,5.0
G,G,G,G,G,Y,4.5
G,G,G,G,G,G,5.0
G,G,G,G,G,G,5.5
G,G,G,G,G,G,6.0
G,G,B,B,G,G,4.0
B,B,B,G,Y,Y,2.5
B,G,G,Y,Y,Y,1.0
G,G,G,Y,Y,Y,0.5
B,G,G,Y,Y,Y,0.0
B,G,G,Y,Y,Y,0.0
B,G,G,Y,Y,Y,0.0
G,G,Y,Y,Y,Y,1.0
G,G,G,G,Y,Y,0.5
G,G,G,G,G,Y,1.0
G,G,B,G,G,Y,0
G,G,B,G,G,Y,0.0
G,G,B,G,G,Y,0.0
G,G,G,G,G,Y,1.0
G,G,G,G,G,G,1.5
G,G,G,G,G,G,2.0
G,G,G,G,G,G,2.5
G,G,G,G,G,G,3.0
G,G,G,G,G,G,3.5
G,G,G,G,G,G,4.0
G,G,G,G,G,Y,3.5
G,G,G,G,G,G,4.0
G,G,G,G,G,G,4.5
G,G,G,G,G,Y,4.0
G,G,G,G,G,G,4.5
G,G,G,G,Y,Y,4.0
G,G,G,G,G,G,4.5
G,G,G,G,G,Y,4.0
G,G,G,G,Y,Y,3.5
G,G,G,G,G,G,4.0
G,G,G,G,G,Y,3.5
G,G,G,G,G,Y,3.0
G,G,G,G,G,Y,2.5
G,G,G,G,G,G,3.0
G,G,G,G,G,Y,2.5
G,G,G,G,G,G,3.0
G,G,G,G,G,G,3.5
G,G,G,G,O,O,2.0
G,G,G,G,G,G,2.5
G,G,G,G,G,G,3.0
G,G,G,G,G,G,3.5
G,G,G,G,G,G,4.0
Y,G,G,G,G,G,3.5
Y,G,G,G,G,G,3.0
Y,G,G,G,G,G,2.5
G,G,G,G,G,G,3.0
G,G,G,G,G,G,3.5
G,G,G,G,G,G,4.0
G,G,G,G,G,G,4.5
G,G,G,G,G,Y,4.0
G,G,G,G,G,G,4.5
G,G,G,G,G,Y,4.0
G,G,G,G,G,G,4.5
G,G,G,G,G,G,5.0
G,G,G,G,G,G,5.5
G,G,G,G,G,G,6.0
G,G,G,G,G,G,6.5
Y,G,G,G,G,G,6.0
G,G,G,G,G,Y,5.5
G,G,G,G,G,G,6.0
G,G,G,G,G,Y,5.5
G,G,G,G,G,G,6.0
G,G,G,G,G,G,6.5
G,G,G,G,G,G,7.0
G,G,G,G,G,G,7.5
G,G,G,G,G,G,8.0
Y,G,G,G,G,G,7.5
Y,G,G,G,G,G,7.0
Y,G,G,G,G,G,6.5
Y,G,G,G,G,G,6.0
Y,G,G,G,G,G,5.5
G,G,G,G,G,G,6.0
G,G,G,G,G,G,6.5
G,G,G,G,G,G,7.0
G,G,G,G,G,G,7.5
Y,G,G,G,G,G,7.0
G,G,G,G,G,G,7.5
G,G,G,G,G,G,8.0
G,G,G,G,G,G,8.5
G,G,G,G,G,G,9.0
G,G,G,G,G,G,9.5
Y,G,G,G,G,G,9.0
G,G,G,G,G,G,9.5
G,G,G,G,G,G,10.0
G,G,G,G,G,G,10
G,G,G,G,G,G,10
G,G,G,G,G,Y,9.5
Y,G,G,G,G,G,9.0
G,G,G,G,G,G,9.5
Y,G,G,G,G,G,9.0
G,G,G,G,G,G,9.5
G,G,G,G,G,G,10.0
Y,G,G,G,G,G,9.5
G,G,G,G,G,G,10.0
G,G,G,G,G,Y,9.5
G,G,G,G,G,Y,9.0
G,G,G,G,G,O,7.5
G,G,G,G,G,G,8.0
G,G,G,G,G,Y,7.5
G,G,G,G,G,Y,7.0
G,G,G,G,G,Y,6.5
G,G,G,G,G,Y,6.0
G,G,G,G,G,Y,5.5
G,G,G,G,G,Y,5.0
G,G,G,G,G,Y,4.5
G,G,G,G,G,G,5.0
G,G,G,G,G,G,5.5
G,G,G,G,G,G,6.0
G,G,G,G,G,G,6.5
G,G,G,G,G,Y,6.0
G,G,G,G,G,G,6.5
G,G,G,G,G,G,7.0
G,G,G,G,G,Y,6.5
G,G,G,G,G,G,7.0
G,G,G,G,G,G,7.5
G,G,G,G,G,Y,7.0
G,G,G,G,G,G,7.5
G,G,G,G,G,G,8.0
G,G,G,G,G,Y,7.5
B,G,G,G,G,G,5.5
G,G,G,G,Y,Y,5.0
G,G,G,G,Y,Y,4.5
G,G,G,G,G,Y,4.0
G,G,G,G,G,G,4.5
G,G,G,G,G,G,5.0
G,G,G,G,G,G,5.5
G,G,G,G,G,G,6.0
G,G,G,G,G,G,6.5
G,G,G,G,G,G,7.0
G,G,G,G,G,G,7.5
G,G,G,G,G,G,8.0
G,G,G,G,G,G,8.5
G,G,G,G,G,G,9.0
G,G,G,G,G,G,9.5
G,G,G,B,G,G,7.5
G,G,G,G,G,G,8.0
Y,G,G,G,G,G,7.5
G,G,G,G,G,G,8.0
G,G,G,G,G,G,8.5
G,G,G,G,G,G,9.0
G,G,G,G,G,G,9.5
G,G,G,G,G,G,10.0
G,G,G,G,G,G,10
G,G,G,G,G,G,10
G,G,G,G,G,Y,9.5
G,G,G,G,G,Y,9.0
G,G,G,G,Y,Y,8.5
G,G,G,G,Y,Y,8.0
G,G,G,G,Y,Y,7.5
G,G,G,G,Y,Y,7.0
G,G,G,G,Y,Y,6.5
G,G,G,Y,Y,Y,6.0
G,G,G,G,Y,Y,5.5
G,G,G,G,Y,Y,5.0
G,G,G,G,Y,Y,4.5
G,G,G,G,G,Y,4.0
G,G,G,G,G,Y,3.5
G,G,G,G,G,G,4.0
G,G,G,G,G,G,4.5
G,G,G,G,G,G,5.0
G,G,G,G,G,G,5.5
G,G,G,G,G,G,6.0
G,G,G,G,G,G,6.5
Y,G,G,G,G,G,6.0
Y,G,G,G,G,G,5.5
G,G,G,G,G,G,6.0
Y,G,G,G,G,G,5.5
G,G,G,G,G,G,6.0
G,G,G,G,G,G,6.5
G,G,G,G,Y,Y,6.0
G,G,G,G,G,Y,5.5
G,G,G,G,G,G,6.0
G,G,G,G,G,G,6.5
G,G,G,G,B,B,4.5
G,G,G,G,G,G,5.0
G,G,G,G,G,G,5.5
Y,G,G,G,G,G,5.0
Y,G,G,G,G,G,4.5
G,G,G,G,G,G,5.0
Y,Y,G,G,G,G,4.5
Y,Y,G,G,G,G,4.0
Y,G,G,G,G,G,3.5
Y,G,G,G,G,G,3.0
G,G,G,G,G,G,3.5
G,G,G,G,G,G,4.0
Y,G,G,G,G,G,3.5
G,G,G,G,G,G,4.0
G,G,G,G,G,G,4.5
Y,G,G,G,G,G,4.0
G,G,G,G,G,G,4.5
Y,G,G,G,G,G,4.0
G,G,G,G,G,G,4.5
Y,G,G,G,G,G,4.0
G,G,G,G,G,G,4.5
G,G,G,G,G,G,5.0
G,G,G,G,G,G,5.5
Y,G,G,G,G,G,5.0
Y,G,G,G,G,G,4.5
G,G,G,G,G,G,5.0
Y,G,G,G,G,G,4.5
G,G,G,G,G,G,5.0
Y,G,G,G,G,G,4.5
G,G,G,G,G,G,5.0
Y,G,G,G,G,G,4.5
Y,G,G,G,G,G,4.0
G,G,G,G,G,G,4.5
Y,G,G,G,G,G,4.0
G,G,G,G,G,G,4.5
G,G,G,G,G,G,5.0
G,G,G,G,G,G,5.5
Y,G,G,G,G,O,4.0
Y,G,G,G,G,O,2.5
Y,G,G,G,G,O,1.0
Y,G,G,G,G,O,0
Y,G,G,G,G,O,0.0
Y,G,G,G,G,O,0.0
Y,G,G,G,G,O,0.0
Y,G,G,G,G,O,0.0
Y,G,G,G,G,O,0.0
Y,G,G,G,G,O,0.0
Y,G,G,G,G,O,0.0
Y,G,G,G,G,O,0.0
Y,G,G,G,G,O,0.0
Y,G,G,G,G,G,1.0
Y,G,G,G,G,G,0.5
G,G,G,G,G,O,0.0
Y,G,G,G,G,G,1.0
Y,G,G,G,G,G,0.5
G,G,G,G,G,G,2.0
G,G,G,G,G,G,2.5
G,G,G,G,G,G,3.0
G,G,G,G,G,G,3.5
G,G,G,G,G,G,4.0
G,G,G,G,G,G,4.5
G,G,G,G,G,G,5.0
G,G,G,G,G,Y,4.5
G,G,G,G,G,G,5.0
G,G,G,G,G,G,5.5
G,G,G,G,G,G,6.0
G,G,G,G,G,G,6.5
G,G,G,G,G,Y,6.0
G,G,G,G,G,G,6.5
G,G,G,G,O,O,5.0
Y,G,G,G,G,G,4.5
Y,G,G,G,G,O,3.0
Y,G,G,G,G,G,2.5
Y,G,G,G,G,O,1.0
Y,G,G,G,G,O,0
Y,G,G,G,G,O,0.0
Y,G,G,G,G,G,1.0
G,G,G,G,G,O,0
Y,Y,G,G,G,G,1.0
Y,G,G,G,G,G,0.5
G,G,G,G,G,G,2.0
G,G,G,G,G,G,2.5
G,G,G,G,G,G,3.0
G,G,G,G,G,G,3.5
G,G,G,G,G,G,4.0
G,G,G,G,G,G,4.5
G,G,G,G,G,G,5.0
G,G,G,G,G,Y,4.5
G,G,G,G,G,G,5.0
G,G,G,G,G,Y,4.5
G,G,G,G,G,G,5.0
G,G,G,G,G,Y,4.5
G,G,G,G,G,G,5.0
G,G,G,G,G,G,5.5
G,G,G,G,G,Y,5.0
G,G,G,G,Y,Y,4.5
G,G,G,G,G,G,5.0
G,G,G,G,G,Y,4.5
G,G,G,G,G,G,5.0
G,G,G,G,G,Y,4.5
G,G,G,G,G,G,5.0
G,G,G,G,G,Y,4.5
G,G,G,G,G,G,5.0
G,G,G,G,G,Y,4.5
G,G,G,G,G,Y,4.0
G,G,G,G,G,G,4.5
G,G,G,G,G,Y,4.0
G,G,G,G,G,Y,3.5
G,G,G,G,G,Y,3.0
G,G,G,G,G,G,3.5
G,G,G,G,G,G,4.0
G,G,G,G,G,Y,3.5
G,G,G,G,G,Y,3.0
G,G,G,G,G,G,3.5
G,G,G,G,G,G,4.0
G,G,G,G,G,G,4.5
G,G,G,G,G,Y,4.0
G,G,G,G,G,G,4.5
G,G,G,G,G,G,5.0
G,G,G,G,G,G,5.5
G,G,G,G,G,Y,5.0
G,G,G,G,G,Y,4.5
G,G,G,G,G,G,5.0
G,G,G,G,G,G,5.5
B,G,G,G,G,G,3.5
G,G,G,G,G,Y,3.0
G,G,G,G,G,G,3.5
G,G,G,G,G,G,4.0
G,G,G,G,G,G,4.5
G,G,G,G,G,G,5.0
G,G,G,G,G,G,5.5
G,G,G,G,G,G,6.0
G,G,G,G,G,G,6.5
G,G,G,G,G,G,7.0
G,G,G,G,G,G,7.5
Y,G,G,G,G,G,7.0
G,G,G,G,G,G,7.5
G,B,B,B,G,Y,6.0
G,B,B,B,G,Y,4.5
G,G,G,G,G,Y,4.0
G,G,G,G,G,Y,3.5
G,G,G,G,G,G,4.0
G,G,G,G,G,G,4.5
G,G,G,G,G,G,5.0
Y,G,G,G,G,G,4.5
G,G,G,G,G,G,5.0
G,G,G,G,G,G,5.5
G,G,G,G,G,G,6.0
G,G,G,G,G,G,6.5
G,G,G,G,G,G,7.0
G,G,G,G,G,G,7.5
G,G,G,G,G,Y,7.0
G,G,G,G,G,G,7.5
G,G,G,G,G,Y,7.0
G,G,G,G,G,G,7.5
G,G,G,G,G,Y,7.0
G,G,G,G,G,G,7.5
G,G,G,G,G,Y,7.0
G,G,G,G,G,Y,6.5
G,G,G,G,G,G,7.0
O,O,G,G,G,Y,5.5
O,O,O,G,Y,Y,4.0
O,O,G,Y,Y,Y,2.5
O,O,G,Y,Y,Y,1.0
O,G,G,Y,Y,Y,0
O,G,G,Y,Y,Y,0.0
O,G,G,Y,Y,Y,0.0
O,G,G,G,Y,Y,0.0
O,G,G,G,Y,Y,0.0
G,G,G,G,Y,Y,1.0
G,G,G,G,G,Y,0.5
G,G,G,G,G,G,2.0
G,G,G,G,G,G,2.5
G,G,G,G,G,G,3.0
G,G,G,G,G,G,3.5
G,G,G,G,G,G,4.0
G,G,G,G,G,G,4.5
G,G,G,G,G,G,5.0
G,G,G,G,G,G,5.5
Y,Y,Y,G,G,G,5.0
Y,Y,Y,G,G,G,4.5
Y,Y,Y,G,G,G,4.0
Y,Y,Y,G,G,G,3.5
Y,Y,Y,Y,G,G,3.0
Y,Y,Y,G,G,G,2.5
Y,Y,G,G,G,G,2.0
Y,Y,G,G,G,G,1.5
Y,Y,G,G,G,G,1.0
Y,Y,G,G,G,G,0.5
Y,Y,G,G,G,G,1.0
Y,G,G,G,G,G,0.5
Y,G,G,G,G,G,1.0
Y,G,G,G,G,G,0.5
Y,G,G,G,G,G,1.0
Y,G,G,G,G,G,0.5
G,G,G,G,G,G,2.0
G,G,G,G,G,G,2.5
G,G,G,G,G,G,3.0
G,G,G,G,G,G,3.5
G,G,G,G,G,G,4.0
G,G,G,G,G,Y,3.5
G,G,G,G,G,Y,3.0
G,G,G,G,G,Y,2.5
G,G,G,G,G,Y,2.0
G,G,G,G,G,Y,1.5
G,G,G,G,G,G,2.0
G,G,G,G,G,G,2.5
G,G,G,G,G,G,3.0
Y,G,G,G,G,G,2.5
G,G,G,G,G,G,3.0
G,G,G,G,G,Y,2.5
G,G,G,G,G,G,3.0
G,G,G,G,G,G,3.5
G,G,G,G,G,G,4.0
Y,Y,G,G,G,G,3.5
Y,G,G,G,G,G,3.0
Y,G,G,G,G,G,2.5
G,G,G,G,G,G,3.0
G,G,G,G,G,G,3.5
G,G,G,G,G,G,4.0
G,G,G,G,G,G,4.5
G,G,G,G,G,G,5.0
G,G,G,G,G,Y,4.5
G,G,G,G,G,Y,4.0
G,G,G,G,G,Y,3.5
G,G,G,G,G,Y,3.0
G,G,G,G,G,Y,2.5
G,G,G,G,G,G,3.0
G,G,G,G,G,G,3.5
G,G,G,G,G,Y,3.0
G,G,G,G,G,G,3.5
G,G,G,G,G,G,4.0
G,G,G,G,G,G,4.5
G,G,G,G,G,G,5.0
G,G,G,G,G,Y,4.5
G,G,G,G,G,G,5.0
G,B,B,B,G,G,3.0
B,B,B,G,Y,Y,1.5
B,G,G,Y,Y,Y,0.0
B,G,G,Y,Y,Y,0.0
B,G,G,Y,Y,Y,0.0
G,G,G,Y,Y,Y,1.0
G,G,G,Y,Y,Y,0.5
G,B,G,G,Y,Y,0.0
G,B,G,G,Y,Y,0.0
G,G,G,G,Y,Y,1.0
G,G,G,G,G,Y,0.5
G,G,B,G,G,G,0
G,G,G,G,G,Y,1.0
G,G,G,G,G,G,1.5
G,G,G,G,G,Y,1.0
G,G,G,G,G,G,1.5
Y,G,G,G,G,G,1.0
G,G,G,G,G,Y,0.5
G,G,G,G,G,G,2.0
G,G,G,G,G,G,2.5
G,G,G,G,G,Y,2.0
Y,G,G,G,G,G,1.5
G,G,G,G,G,G,2.0
G,G,G,G,G,G,2.5
G,G,G,G,G,G,3.0
G,G,G,G,G,G,3.5
G,G,G,G,G,Y,3.0
G,G,G,G,G,G,3.5
G,G,G,G,G,G,4.0
G,G,G,G,G,Y,3.5
G,G,G,G,G,G,4.0
G,G,G,G,Y,Y,3.5
G,G,G,G,G,G,4.0
G,G,G,G,G,Y,3.5
G,G,G,G,G,G,4.0
G,G,G,G,G,Y,3.5
G,G,G,G,G,Y,3.0
G,G,G,G,G,Y,2.5
G,G,G,G,G,Y,2.0
G,G,G,G,G,G,2.5
G,G,G,G,G,G,3.0
G,G,G,G,G,Y,2.5
G,G,G,G,G,G,3.0
G,G,G,G,G,G,3.5
G,G,G,G,O,O,2.0
G,G,G,G,G,G,2.5
G,G,G,G,G,G,3.0
G,G,G,G,G,G,3.5
G,G,G,G,G,G,4.0
Y,Y,G,G,G,G,3.5
Y,G,G,G,G,G,3.0
Y,G,G,G,G,G,2.5
G,G,G,G,G,G,3.0
G,G,G,G,G,G,3.5
G,G,G,G,G,G,4.0
G,G,G,G,G,G,4.5
G,G,G,G,G,Y,4.0
G,G,G,G,G,Y,3.5
G,G,G,G,G,G,4.0
G,G,G,G,G,G,4.5
G,G,G,G,G,G,5.0
G,G,G,G,G,G,5.5
G,G,G,G,G,G,6.0
G,G,G,G,G,G,6.5
G,G,G,G,G,G,7.0
G,G,G,G,G,G,7.5
G,G,G,G,G,G,8.0
G,G,G,G,G,G,8.5
G,G,G,G,G,G,9.0
G,G,G,G,G,G,9.5
G,G,G,G,G,G,10.0
G,G,G,G,G,G,10
Y,Y,G,G,G,G,9.5
Y,Y,G,G,G,G,9.0
Y,Y,Y,G,G,G,8.5
Y,Y,G,G,G,G,8.0
Y,Y,G,G,G,G,7.5
Y,Y,G,G,G,G,7.0
Y,G,G,G,G,G,6.5
G,G,G,G,G,G,7.0
G,G,G,G,G,G,7.5
G,G,G,G,G,G,8.0
G,G,G,G,G,Y,7.5
G,G,G,G,G,G,8.0
G,G,G,G,G,Y,7.5
G,G,G,G,G,G,8.0
G,G,G,G,G,G,8.5
G,G,G,G,G,G,9.0
G,G,G,G,G,G,9.5
G,G,G,G,G,G,10.0
Y,G,G,G,G,G,9.5
Y,G,G,G,G,G,9.0
G,G,G,G,G,G,9.5
G,G,G,G,G,G,10.0
G,G,G,G,G,G,10
G,G,G,G,G,G,10
G,G,G,G,G,G,10
G,G,G,G,G,G,10
G,G,G,G,G,G,10
G,G,G,G,O,O,8.5
G,G,G,G,Y,Y,8.0
G,G,G,Y,Y,Y,7.5
G,G,G,Y,Y,Y,7.0
G,G,G,Y,Y,Y,6.5
G,G,G,Y,Y,Y,6.0
G,G,G,Y,Y,Y,5.5
G,G,G,G,Y,Y,5.0
G,G,G,G,Y,Y,4.5
G,G,G,G,Y,Y,4.0
G,G,G,G,G,Y,3.5
G,G,G,G,G,G,4.0
G,G,G,G,G,G,4.5
G,G,G,G,G,G,5.0
G,G,G,G,G,G,5.5
G,G,G,G,G,G,6.0
Y,G,G,G,G,G,5.5
G,G,G,G,G,G,6.0
G,G,G,G,G,G,6.5
G,G,G,G,G,G,7.0
G,G,G,G,G,G,7.5
G,G,G,G,Y,Y,7.0
G,G,G,G,G,G,7.5
G,G,G,G,G,Y,7.0
G,G,G,G,G,Y,6.5
G,G,G,G,G,G,7.0
B,G,G,G,G,G,5.0
G,G,G,G,Y,Y,4.5
G,G,G,G,G,Y,4.0
G,G,G,G,G,G,4.5
G,G,G,G,G,Y,4.0
G,G,G,G,G,G,4.5
G,G,G,G,G,Y,4.0
Y,G,G,G,G,G,3.5
G,G,G,G,G,G,4.0
G,G,G,G,G,Y,3.5
Y,G,G,G,G,G,3.0
G,G,G,G,G,G,3.5
G,G,G,G,G,G,4.0
Y,G,G,G,G,G,3.5
G,G,G,G,G,Y,3.0
G,G,G,G,G,Y,2.5
Y,G,G,G,G,G,2.0
G,G,G,G,G,Y,1.5
Y,G,G,G,G,G,1.0
G,G,G,G,G,G,1.5
G,G,G,G,G,G,2.0
Y,G,G,G,G,G,1.5
G,G,G,G,G,Y,1.0
G,G,G,G,G,Y,0.5
Y,G,G,G,G,G,1.0
G,G,G,G,G,Y,0.5
Y,G,G,G,G,G,1.0
G,G,G,G,G,G,1.5
G,G,G,G,G,G,2.0
G,G,G,G,G,G,2.5
G,G,G,G,G,Y,2.0
Y,G,G,G,G,G,1.5
G,G,G,G,G,G,2.0
G,G,G,G,G,Y,1.5
Y,G,G,G,G,G,1.0
Y,G,G,G,G,G,0.5
G,G,G,G,G,Y,1.0
Y,G,G,G,G,Y,1.5
G,G,G,G,G,Y,1.0
G,G,G,G,G,G,1.5
Y,G,G,G,G,G,1.0
G,G,G,G,G,Y,0.5
G,G,G,G,G,Y,1.0
Y,G,G,G,G,G,0.5
G,G,G,G,G,Y,1.0
Y,G,G,G,G,G,0.5
Y,G,G,G,G,Y,2.0
G,G,G,G,G,Y,1.5
G,G,G,G,G,G,2.0
G,G,G,G,G,Y,1.5
Y,G,G,G,G,G,1.0
G,G,G,G,G,G,1.5
G,G,G,G,G,G,2.0
G,G,G,G,G,Y,1.5
Y,G,G,G,G,G,1.0
G,G,G,G,G,G,1.5
G,G,G,G,G,G,2.0
G,G,G,G,G,G,2.5
G,G,G,G,G,G,3.0
G,G,G,G,G,Y,2.5
Y,G,G,G,G,G,2.0
G,G,G,G,G,G,2.5
G,G,G,B,G,Y,1.0
Y,Y,G,G,B,B,0
Y,G,G,G,B,G,0.0
Y,G,G,G,B,G,0.0
Y,G,G,G,B,B,0.0
G,G,G,B,B,G,0
Y,G,G,B,B,B,0.0
G,G,G,B,B,G,0
Y,G,G,B,B,B,0.0
G,G,B,B,B,G,0
G,G,B,B,B,G,0
G,B,B,B,Y,Y,0.0
G,B,B,B,G,Y,0.0
G,B,B,B,Y,Y,0.0
B,B,B,G,Y,Y,0.0
B,B,B,G,Y,Y,0.0
B,B,B,G,Y,Y,0.0
G,B,B,G,Y,Y,0.0
G,B,B,G,Y,Y,0.0
G,B,G,G,Y,Y,0.0
G,B,G,G,Y,Y,0.0
G,B,G,G,Y,Y,0.0
G,B,G,G,Y,Y,0.0
G,B,G,G,Y,Y,0.0
G,G,G,G,Y,Y,1.0
G,G,G,G,G,Y,0.5
G,G,G,G,G,Y,1.0
G,G,G,G,G,G,1.5
Y,G,G,G,G,G,1.0
G,G,G,G,G,Y,0.5
G,G,G,G,G,G,2.0
G,G,G,G,G,G,2.5
G,G,G,G,G,G,3.0
G,G,G,G,G,G,3.5
G,G,G,G,G,G,4.0
G,G,G,G,G,G,4.5
Y,G,G,G,G,G,4.0
G,G,G,G,G,Y,3.5
Y,G,G,G,G,G,3.0
Y,G,G,G,G,G,2.5
G,G,G,G,G,Y,2.0
Y,G,G,G,G,Y,2.5
G,G,G,G,G,Y,2.0
G,G,G,G,G,Y,1.5
Y,G,G,G,G,G,1.0
G,G,G,G,G,G,1.5
G,G,G,G,G,G,2.0
G,G,G,G,G,G,2.5
G,G,G,G,G,G,3.0
G,G,G,G,G,G,3.5
G,G,G,G,G,Y,3.0
Y,G,G,G,G,G,2.5
G,G,G,G,G,G,3.0
G,G,G,G,G,G,3.5
G,G,G,G,G,Y,3.0
Y,G,G,G,G,G,2.5
G,G,G,G,G,Y,2.0
Y,G,G,G,G,G,1.5
G,G,G,G,G,G,2.0
G,G,G,G,G,G,2.5
G,G,G,G,G,G,3.0
G,G,G,G,G,G,3.5
G,G,G,G,G,G,4.0
G,G,G,G,G,G,4.5
G,G,G,G,G,Y,4.0
G,G,G,G,G,G,4.5
G,G,G,G,G,Y,4.0
G,G,G,G,G,G,4.5
G,G,G,G,G,Y,4.0
G,G,G,G,G,Y,3.5
G,G,G,G,G,G,4.0
G,G,G,G,G,Y,3.5
G,G,G,G,G,Y,3.0
G,G,G,G,Y,Y,2.5
G,G,G,G,G,Y,2.0
G,G,G,G,G,G,2.5
G,G,G,G,G,G,3.0
G,G,G,G,G,G,3.5
G,G,G,G,G,Y,3.0
G,G,G,G,G,G,3.5
G,G,G,G,G,Y,3.0
G,G,G,G,G,Y,2.5
G,G,G,G,G,G,3.0
G,G,G,G,G,Y,2.5
G,G,G,G,G,G,3.0
G,G,G,G,G,G,3.5
G,G,G,G,G,G,4.0
G,G,G,G,G,G,4.5
G,G,G,G,G,G,5.0
Y,G,G,G,G,G,4.5
G,G,G,G,G,G,5.0
G,G,G,G,G,G,5.5
G,G,G,G,G,G,6.0
G,G,G,G,G,Y,5.5
G,G,G,G,G,G,6.0
G,G,G,G,G,G,6.5
G,G,G,G,G,G,7.0
G,G,G,G,G,G,7.5
G,G,G,G,G,B,5.5
Y,G,G,G,G,G,5.0
G,G,G,G,G,G,5.5
G,G,G,G,G,G,6.0
Y,G,G,G,G,G,5.5
Y,G,G,G,G,G,5.0
Y,G,G,G,G,G,4.5
G,G,G,G,G,G,5.0
Y,G,G,G,G,G,4.5
Y,G,G,G,G,G,4.0
Y,G,G,G,G,G,3.5
G,G,G,G,G,G,4.0
G,G,G,G,G,G,4.5
G,G,G,G,G,G,5.0
Y,G,G,G,G,G,4.5
G,G,G,G,G,G,5.0
Y,G,G,G,G,G,4.5
Y,G,G,G,G,G,4.0
G,G,G,G,G,G,4.5
G,G,G,G,G,G,5.0
G,G,G,G,G,G,5.5
Y,G,G,G,G,G,5.0
G,G,G,G,G,G,5.5
Y,G,G,G,G,G,5.0
G,G,G,G,G,G,5.5
Y,Y,G,G,G,G,5.0
Y,G,G,G,G,G,4.5
Y,G,G,G,G,G,4.0
G,G,G,G,G,G,4.5
G,G,G,G,G,G,5.0
Y,G,G,G,G,G,4.5
Y,G,G,G,G,G,4.0
G,G,G,G,G,G,4.5
G,G,G,G,G,G,5.0
Y,G,G,G,G,G,4.5
G,G,G,G,O,G,3.0
Y,G,G,G,G,O,1.5
Y,G,G,G,G,O,0.0
Y,G,G,G,G,O,0.0
Y,Y,G,G,G,O,0.0
Y,Y,G,G,G,G,1.0
Y,Y,G,G,G,O,0
Y,Y,G,G,G,O,0.0
Y,Y,G,G,G,O,0.0
Y,Y,G,G,G,O,0.0
Y,G,G,G,G,O,0.0
Y,G,G,G,G,O,0.0
Y,G,G,G,G,O,0.0
Y,G,G,G,G,O,0.0
Y,G,G,G,G,O,0.0
Y,G,G,G,G,O,0.0
Y,G,G,G,G,O,0.0
Y,G,G,G,G,O,0.0
Y,G,G,G,G,O,0.0
Y,G,G,G,G,O,0.0
Y,G,G,G,G,O,0.0
Y,G,G,G,G,O,0.0
Y,G,G,G,G,O,0.0
Y,G,G,G,G,O,0.0
Y,G,G,G,G,G,1.0
Y,G,G,G,G,O,0
Y,G,G,G,G,G,1.0
G,G,G,G,G,O,0
Y,G,G,G,G,G,1.0
Y,G,G,G,G,G,0.5
G,G,G,G,G,G,2.0
G,G,G,G,G,G,2.5
G,G,G,G,G,G,3.0
G,G,G,G,G,G,3.5
G,G,G,G,G,G,4.0
G,G,G,G,G,G,4.5
G,G,G,G,G,G,5.0
G,G,G,G,G,Y,4.5
G,G,G,G,G,G,5.0
G,G,G,G,G,G,5.5
G,G,G,G,G,G,6.0
G,G,G,G,G,G,6.5
G,G,G,G,G,G,7.0
G,G,G,G,O,Y,5.5
G,G,G,G,G,O,4.0
Y,Y,G,G,G,G,3.5
Y,Y,G,G,G,G,3.0
Y,G,G,G,G,G,2.5
Y,G,G,G,G,O,1.0
Y,G,G,G,G,O,0
Y,G,G,G,G,O,0.0
Y,G,G,G,G,G,1.0
G,G,G,G,G,G,1.5
G,G,G,G,G,G,2.0
G,G,G,G,G,G,2.5
G,G,G,G,G,G,3.0
G,G,G,G,G,G,3.5
G,G,G,G,G,G,4.0
G,G,G,G,G,G,4.5
G,G,G,G,G,G,5.0
G,G,G,G,G,Y,4.5
G,G,G,G,Y,Y,4.0
G,G,G,G,G,G,4.5
G,G,G,G,G,G,5.0
G,G,G,G,G,Y,4.5
G,G,G,G,G,G,5.0
G,G,G,G,G,G,5.5
G,G,G,G,G,Y,5.0
G,G,G,G,G,Y,4.5
G,G,G,G,G,G,5.0
G,G,G,G,G,Y,4.5
G,G,G,G,G,G,5.0
G,G,G,G,G,Y,4.5
G,G,G,G,G,G,5.0
G,G,G,G,G,Y,4.5
G,G,G,G,G,G,5.0
G,G,G,G,G,Y,4.5
G,G,G,G,G,Y,4.0
G,G,G,G,G,G,4.5
G,G,G,G,G,Y,4.0
G,G,G,G,G,G,4.5
G,G,G,G,G,Y,4.0
G,G,G,G,G,Y,3.5
G,G,G,G,G,Y,3.0
G,G,G,G,G,Y,2.5
G,G,G,G,G,G,3.0
G,G,G,G,G,G,3.5
G,G,G,G,G,G,4.0
G,G,G,G,G,G,4.5
G,G,G,G,G,G,5.0
G,G,G,G,G,Y,4.5
G,G,G,G,G,G,5.0
G,G,G,G,G,Y,4.5
G,G,G,G,G,G,5.0
G,G,G,G,G,G,5.5
G,G,G,G,G,Y,5.0
G,G,G,G,G,G,5.5
G,G,G,G,G,G,6.0
G,G,G,G,G,G,6.5
G,G,G,G,G,G,7.0
G,G,G,G,G,G,7.5
G,G,G,G,G,G,8.0
G,G,G,G,G,G,8.5
G,G,G,G,G,Y,8.0
G,G,G,G,G,G,8.5
Y,G,G,G,G,G,8.0
G,G,G,G,G,G,8.5
Y,G,B,B,G,G,7.0
G,G,G,B,G,G,5.0
G,G,G,G,G,G,5.5
G,G,G,G,G,Y,5.0
G,G,G,G,G,G,5.5
G,G,G,G,G,G,6.0
G,G,G,G,G,G,6.5
G,G,G,G,G,G,7.0
G,G,G,G,G,G,7.5
G,G,G,G,G,G,8.0
G,G,G,G,G,G,8.5
G,G,G,G,G,Y,8.0
G,G,G,G,G,Y,7.5
G,G,G,G,G,G,8.0
G,G,G,G,G,Y,7.5
G,G,G,G,G,Y,7.0
G,G,G,G,G,G,7.5
G,G,G,G,G,Y,7.0
G,G,G,G,G,G,7.5
G,O,G,G,G,Y,6.0
O,O,O,G,Y,Y,4.5
O,O,G,Y,Y,Y,3.0
O,G,G,G,Y,Y,1.5
G,G,G,G,Y,Y,1.0
G,G,G,G,G,Y,0.5
G,G,G,G,G,G,2.0
G,G,G,G,G,G,2.5
G,G,G,G,G,G,3.0
G,G,G,G,G,G,3.5
G,G,G,G,G,G,4.0
G,G,G,G,G,G,4.5
G,G,G,G,G,G,5.0
G,G,G,G,G,G,5.5
Y,Y,Y,Y,G,G,5.0
Y,Y,Y,Y,G,G,4.5
Y,Y,Y,G,G,G,4.0
Y,Y,Y,G,G,G,3.5
Y,Y,Y,G,G,G,3.0
Y,Y,Y,G,G,G,2.5
Y,Y,Y,G,G,G,2.0
Y,Y,G,G,G,G,1.5
Y,Y,G,G,G,G,1.0
Y,Y,Y,G,G,G,0.5
Y,Y,G,G,G,G,1.0
Y,G,G,G,G,G,0.5
Y,G,G,G,G,G,1.0
Y,G,G,G,G,G,0.5
G,G,G,G,G,G,2.0
G,G,G,G,G,G,2.5
G,G,G,G,G,G,3.0
G,G,G,G,G,G,3.5
G,G,G,G,G,G,4.0
G,G,G,G,G,G,4.5
G,G,G,G,G,Y,4.0
G,G,G,G,G,G,4.5
G,G,G,G,G,G,5.0
G,G,G,G,G,G,5.5
G,G,G,G,G,G,6.0
G,G,G,G,G,G,6.5
G,G,G,G,G,Y,6.0
G,G,G,G,G,G,6.5
G,G,G,G,G,G,7.0
G,G,G,G,G,G,7.5
G,G,G,G,G,G,8.0
G,G,G,G,G,Y,7.5
G,G,G,Y,Y,Y,7.0
G,G,G,G,Y,Y,6.5
G,G,G,G,Y,Y,6.0
G,G,G,G,Y,Y,5.5
G,G,G,G,G,Y,5.0
G,G,G,G,G,Y,4.5
G,G,G,G,G,G,5.0
G,G,G,B,B,G,3.0
Y,G,G,B,B,B,1.5
G,G,B,B,B,G,0
G,G,B,B,B,Y,0.0
G,G,B,G,B,Y,0.0
G,G,G,G,G,Y,1.0
G,G,B,G,G,G,0
G,G,G,G,G,Y,1.0
G,G,B,G,G,G,0
G,G,G,G,G,Y,1.0
G,G,B,G,G,G,0
G,G,G,G,G,Y,1.0
G,G,G,G,G,G,1.5
G,G,G,G,G,G,2.0
G,G,G,G,G,Y,1.5
G,G,G,G,G,G,2.0
G,G,G,G,G,G,2.5
G,G,G,G,G,G,3.0
G,G,G,G,G,G,3.5
G,G,G,G,Y,Y,3.0
G,G,G,G,G,G,3.5
G,G,G,G,G,G,4.0
G,G,G,G,G,Y,3.5
G,G,G,G,G,G,4.0
G,G,G,G,G,Y,3.5
G,G,G,G,G,G,4.0
G,G,G,G,G,Y,3.5
G,G,G,G,G,G,4.0
G,G,G,G,G,Y,3.5
G,G,G,G,G,Y,3.0
G,G,G,G,G,G,3.5
G,G,G,G,G,Y,3.0
G,G,G,G,G,Y,2.5
G,G,G,G,G,G,3.0
G,G,G,G,G,Y,2.5
G,G,G,G,G,Y,2.0
G,G,G,G,G,G,2.5
G,G,G,G,G,G,3.0
G,G,G,G,G,G,3.5
G,G,G,G,O,O,2.0
G,G,G,G,G,G,2.5
G,G,G,G,G,G,3.0
G,G,G,G,G,G,3.5
G,G,G,G,G,G,4.0
Y,G,G,G,G,G,3.5
Y,G,G,G,G,G,3.0
Y,G,G,G,G,G,2.5
G,G,G,G,G,G,3.0
G,G,G,G,G,G,3.5
G,G,G,G,G,G,4.0
G,G,G,G,G,G,4.5
G,G,G,G,G,G,5.0
G,G,G,G,G,G,5.5
G,G,G,G,G,G,6.0
G,G,G,G,G,Y,5.5
G,G,G,G,G,Y,5.0
G,G,G,G,G,Y,4.5
G,G,G,G,G,G,5.0
G,G,G,G,G,G,5.5
G,G,G,G,G,G,6.0
G,G,G,G,G,G,6.5
G,G,G,G,G,G,7.0
G,G,G,G,G,G,7.5
G,G,G,G,G,G,8.0
G,G,G,G,G,G,8.5
G,G,G,G,G,G,9.0
Y,G,G,G,G,G,8.5
Y,G,G,G,G,G,8.0
Y,Y,G,G,G,G,7.5
Y,G,G,G,G,G,7.0
Y,G,G,G,G,G,6.5
Y,G,G,G,G,G,6.0
G,G,G,G,G,G,6.5
Y,G,G,G,G,G,6.0
G,G,G,G,G,G,6.5
G,G,G,G,G,Y,6.0
G,G,G,G,G,G,6.5
G,G,G,G,G,G,7.0
G,G,G,G,G,G,7.5
G,G,G,G,G,G,8.0
G,G,G,G,G,G,8.5
G,G,G,G,G,G,9.0
G,G,G,G,G,G,9.5
G,G,G,G,G,G,10.0
G,G,G,G,G,G,10
G,G,G,G,G,G,10
Y,G,G,G,G,G,9.5
G,G,G,G,G,G,10.0
Y,G,G,G,G,G,9.5
G,G,G,G,G,G,10.0
G,G,G,G,G,G,10
G,G,G,G,G,G,10
G,G,G,G,G,G,10
G,G,G,G,G,G,10
G,G,G,G,G,G,10
G,G,G,G,O,O,8.5
G,G,G,G,Y,Y,8.0
G,G,G,G,Y,Y,7.5
G,G,G,Y,Y,Y,7.0
G,G,G,Y,Y,Y,6.5
G,G,G,Y,Y,Y,6.0
G,G,G,Y,Y,Y,5.5
G,G,G,G,Y,Y,5.0
G,G,G,G,Y,Y,4.5
G,G,G,G,G,Y,4.0
G,G,G,G,G,Y,3.5
G,G,G,G,G,G,4.0
G,G,G,G,G,G,4.5
G,G,G,G,G,G,5.0
G,G,G,G,G,G,5.5
G,G,G,G,G,G,6.0
Y,G,G,G,G,G,5.5
G,G,G,G,G,G,6.0
G,G,G,G,G,G,6.5
G,G,G,G,G,G,7.0
G,G,G,G,G,G,7.5
G,G,G,G,G,Y,7.0
G,G,G,G,G,Y,6.5
G,G,G,G,G,G,7.0
G,G,G,G,G,G,7.5
G,G,G,G,Y,Y,7.0
B,G,G,G,G,G,5.0
G,G,G,Y,Y,Y,4.5
G,G,G,G,G,Y,4.0
G,G,G,G,G,Y,3.5
G,G,G,G,G,G,4.0
G,G,G,G,G,G,4.5
G,G,G,G,G,G,5.0
G,G,G,G,G,G,5.5
G,G,G,G,G,G,6.0
G,G,G,G,G,G,6.5
G,G,G,G,G,G,7.0
G,G,G,G,G,G,7.5
G,G,G,G,G,G,8.0
G,G,G,G,G,G,8.5
G,G,G,G,G,G,9.0
G,G,G,G,G,G,9.5
G,G,B,B,B,G,7.5
G,G,G,G,G,Y,7.0
G,G,G,G,G,Y,6.5
G,G,G,G,G,G,7.0
G,G,G,G,G,G,7.5
G,G,G,G,G,G,8.0
Y,G,G,G,G,G,7.5
G,G,G,G,G,G,8.0
G,G,G,G,G,G,8.5
G,G,G,G,G,G,9.0
G,G,G,G,G,G,9.5
G,G,G,G,G,G,10.0
G,G,G,G,Y,Y,9.5
G,G,G,G,Y,Y,9.0
G,G,G,G,Y,Y,8.5
G,G,G,G,Y,Y,8.0
G,G,G,G,Y,Y,7.5
G,G,G,G,Y,Y,7.0
G,G,G,Y,Y,Y,6.5
G,G,G,G,Y,Y,6.0
G,G,G,G,Y,Y,5.5
G,G,G,G,Y,Y,5.0
G,G,G,G,Y,Y,4.5
G,G,G,G,Y,Y,4.0
G,G,G,G,G,Y,3.5
G,G,G,G,G,Y,3.0
G,G,G,G,G,G,3.5
G,G,G,G,G,G,4.0
G,G,G,G,G,G,4.5
G,G,G,G,G,G,5.0
G,G,G,G,G,G,5.5
Y,G,G,G,G,G,5.0
Y,G,G,G,G,G,4.5
Y,G,G,G,G,G,4.0
G,G,G,G,G,G,4.5
G,G,G,G,G,G,5.0
G,G,G,G,G,G,5.5
G,G,G,G,G,G,6.0
G,G,G,G,G,G,6.5
G,G,G,G,G,G,7.0
G,G,G,G,G,G,7.5
G,G,G,G,G,Y,7.0
G,G,G,G,B,G,5.0
G,G,G,G,G,B,3.0
Y,G,G,G,G,G,2.5
Y,G,G,G,G,G,2.0
G,G,G,G,G,G,2.5
Y,G,G,G,G,G,2.0
G,G,G,G,G,G,2.5
G,G,G,G,G,G,3.0
Y,G,G,G,G,G,2.5
G,G,G,G,G,G,3.0
G,G,G,G,G,G,3.5
Y,G,G,G,G,G,3.0
Y,G,G,G,G,G,2.5
G,G,G,G,G,G,3.0
Y,G,G,G,G,G,2.5
G,G,G,G,G,G,3.0
G,G,G,G,G,G,3.5
Y,G,G,G,G,G,3.0
G,G,G,G,G,G,3.5
Y,G,G,G,G,G,3.0
G,G,G,G,G,G,3.5
G,G,G,G,G,G,4.0
G,G,G,G,G,G,4.5
Y,G,G,G,G,G,4.0
G,G,G,G,G,G,4.5
Y,G,G,G,G,G,4.0
G,G,G,G,G,G,4.5
G,G,G,G,G,G,5.0
Y,G,G,G,G,G,4.5
G,G,G,G,G,G,5.0
Y,G,G,G,G,G,4.5
G,G,G,G,G,G,5.0
Y,G,G,G,G,G,4.5
Y,G,G,G,G,G,4.0
G,G,G,G,G,G,4.5
Y,G,G,G,G,G,4.0
G,G,G,G,G,G,4.5
Y,G,G,G,G,G,4.0
G,G,G,G,G,G,4.5
Y,G,G,G,G,G,4.0
G,G,G,G,G,G,4.5
G,G,G,G,G,G,5.0
G,G,G,G,O,G,3.5
Y,Y,G,G,G,G,3.0
Y,G,G,G,G,O,1.5
Y,Y,G,G,G,G,1.0
Y,G,G,G,G,O,0
Y,G,G,G,G,O,0.0
Y,G,G,G,G,O,0.0
Y,G,G,G,G,O,0.0
Y,G,G,G,G,O,0.0
Y,G,G,G,G,O,0.0
Y,G,G,G,G,O,0.0
Y,G,G,G,G,O,0.0
Y,G,G,G,G,O,0.0
Y,G,G,G,G,O,0.0
Y,G,G,G,G,O,0.0
Y,G,G,G,G,O,0.0
Y,G,G,G,G,O,0.0
Y,G,G,G,G,O,0.0
Y,G,G,G,G,O,0.0
Y,G,G,G,G,O,0.0
Y,G,G,G,G,O,0.0
Y,G,G,G,G,O,0.0
Y,G,G,G,G,O,0.0
Y,G,G,G,G,G,1.0
Y,G,G,G,G,O,0
Y,G,G,G,G,O,0.0
Y,G,G,G,G,G,1.0
G,G,G,G,G,O,0
Y,G,G,G,G,G,1.0
Y,G,G,G,G,G,0.5
G,G,G,G,G,G,2.0
G,G,G,G,G,G,2.5
G,G,G,G,G,G,3.0
Y,G,G,G,G,G,2.5
G,G,G,G,G,G,3.0
G,G,G,G,G,G,3.5
G,G,G,G,G,G,4.0
G,G,G,G,G,Y,3.5
G,G,G,G,G,Y,3.0
G,G,G,G,G,G,3.5
G,G,G,G,G,G,4.0
G,G,G,G,G,G,4.5
G,G,G,G,G,G,5.0
G,G,G,G,G,Y,4.5
G,G,G,G,G,G,5.0
G,G,G,G,G,G,5.5
G,G,G,G,G,G,6.0
G,G,G,G,O,O,4.5
Y,Y,G,G,G,G,4.0
Y,G,G,G,G,G,3.5
Y,G,G,G,G,O,2.0
Y,G,G,G,G,O,0.5
Y,G,G,G,G,O,0.0
Y,G,G,G,G,O,0.0
Y,G,G,G,G,O,0.0
Y,G,G,G,G,O,0.0
Y,G,G,G,G,O,0.0
Y,G,G,G,G,O,0.0
Y,G,G,G,G,O,0.0
Y,G,G,G,G,G,1.0
G,G,G,G,G,O,0
Y,Y,G,G,G,G,1.0
Y,Y,G,G,G,G,0.5
G,G,G,G,G,G,2.0
G,G,G,G,G,G,2.5
G,G,G,G,G,G,3.0
G,G,G,G,G,G,3.5
G,G,G,G,G,G,4.0
G,G,G,G,G,G,4.5
G,G,G,G,G,G,5.0
G,G,G,G,G,G,5.5
G,G,G,G,G,Y,5.0
G,G,G,G,G,Y,4.5
G,G,G,G,G,Y,4.0
G,G,G,G,G,G,4.5
G,G,G,G,G,G,5.0
G,G,G,G,G,G,5.5
G,G,G,G,G,Y,5.0
G,G,G,G,Y,Y,4.5
G,G,G,G,G,G,5.0
G,G,G,G,G,G,5.5
G,G,G,G,G,Y,5.0
G,G,G,G,G,Y,4.5
G,G,G,G,G,Y,4.0
G,G,G,G,G,G,4.5
G,G,G,G,G,Y,4.0
G,G,G,G,G,G,4.5
G,G,G,G,G,G,5.0
G,G,G,G,G,Y,4.5
G,G,G,G,G,Y,4.0
G,G,G,G,G,Y,3.5
G,G,G,G,G,G,4.0
G,G,G,G,G,Y,3.5
G,G,G,G,G,Y,3.0
G,G,G,G,G,G,3.5
G,G,G,G,G,Y,3.0
G,G,G,G,G,G,3.5
G,G,G,G,G,G,4.0
G,G,G,G,G,G,4.5
G,G,G,G,G,Y,4.0
G,G,G,G,G,G,4.5
G,G,G,G,G,G,5.0
G,G,G,G,G,G,5.5
G,G,G,G,G,Y,5.0
G,G,G,G,G,Y,4.5
G,G,G,G,G,G,5.0
G,G,G,G,G,G,5.5
B,G,G,G,G,G,3.5
G,G,G,G,G,Y,3.0
G,G,G,G,G,G,3.5
G,G,G,G,G,G,4.0
G,G,G,G,G,G,4.5
G,G,G,G,G,G,5.0
G,G,G,G,G,G,5.5
G,G,G,G,G,G,6.0
G,G,G,G,G,G,6.5
G,G,G,G,G,Y,6.0
G,G,G,G,G,G,6.5
Y,G,G,G,G,G,6.0
G,G,G,G,G,G,6.5
G,G,G,G,G,G,7.0
G,G,B,B,B,G,5.0
G,G,G,G,B,G,3.0
G,G,G,G,G,G,3.5
G,G,G,G,G,G,4.0
G,G,G,G,G,G,4.5
G,G,G,G,G,G,5.0
G,G,G,G,G,G,5.5
G,G,G,G,G,G,6.0
G,G,G,G,G,G,6.5
G,G,G,G,G,G,7.0
G,G,G,G,G,G,7.5
G,G,G,G,G,G,8.0
G,G,G,G,G,G,8.5
G,G,G,G,G,Y,8.0
G,G,G,G,G,Y,7.5
G,G,G,G,G,Y,7.0
G,G,G,G,G,G,7.5
G,G,G,G,G,Y,7.0
G,G,G,G,G,G,7.5
G,G,G,G,G,Y,7.0
G,O,G,G,G,Y,5.5
O,O,O,G,Y,Y,4.0
O,O,G,Y,Y,Y,2.5
O,O,G,Y,Y,Y,1.0
O,G,G,Y,Y,Y,0
O,G,G,Y,Y,Y,0.0
O,G,G,Y,Y,Y,0.0
O,G,G,Y,Y,Y,0.0
O,G,G,G,Y,Y,0.0
O,G,G,G,Y,Y,0.0
G,G,G,G,Y,Y,1.0
G,G,G,G,G,Y,0.5
G,G,G,G,G,Y,1.0
G,G,G,G,G,G,1.5
G,G,G,G,G,G,2.0
G,G,G,G,G,G,2.5
G,G,G,G,G,G,3.0
G,G,G,G,G,G,3.5
G,G,G,G,G,G,4.0
G,G,G,G,G,G,4.5
G,G,G,G,G,G,5.0
Y,Y,Y,G,G,G,4.5
Y,Y,Y,G,G,G,4.0
Y,Y,Y,G,G,G,3.5
Y,Y,Y,G,G,G,3.0
Y,Y,G,G,G,G,2.5
Y,Y,G,G,G,G,2.0
Y,G,G,G,G,G,1.5
Y,G,G,G,G,G,1.0
G,G,G,G,G,G,1.5
Y,Y,G,G,G,G,1.0
G,G,G,G,G,G,1.5
Y,G,G,G,G,G,1.0
G,G,G,G,G,G,1.5
G,G,G,G,G,G,2.0
G,G,G,G,G,G,2.5
Y,G,G,G,G,G,2.0
Y,Y,G,G,G,G,1.5
Y,G,G,G,G,G,1.0
Y,G,G,G,G,G,0.5
G,G,G,G,G,G,2.0
G,G,G,G,G,G,2.5
G,G,G,G,G,G,3.0
G,G,G,G,G,G,3.5
G,G,G,G,G,G,4.0
G,G,G,G,G,G,4.5
G,G,G,G,G,G,5.0
G,G,G,G,G,G,5.5
G,G,G,G,G,G,6.0
G,G,G,G,G,G,6.5
G,G,G,G,G,G,7.0
Y,G,G,G,G,G,6.5
G,G,G,G,G,G,7.0
G,G,G,G,G,G,7.5
G,G,G,G,Y,Y,7.0
G,G,G,G,Y,Y,6.5
G,G,G,Y,Y,Y,6.0
G,G,G,G,Y,Y,5.5
G,G,G,G,Y,Y,5.0
G,G,G,G,Y,Y,4.5
G,G,G,G,Y,Y,4.0
G,G,G,G,G,Y,3.5
G,G,G,G,G,Y,3.0
G,G,G,G,G,G,3.5
G,G,G,G,G,G,4.0
G,G,G,G,G,G,4.5
G,G,G,G,G,G,5.0
Y,G,G,B,B,G,3.5
G,G,B,B,B,G,1.5
G,G,B,B,B,G,0
G,B,G,G,G,Y,0.0
G,B,G,G,G,Y,0.0
G,B,G,G,G,Y,0.0
G,G,G,G,G,Y,1.0
G,G,G,G,G,Y,0.5
G,G,G,G,G,B,0
G,G,G,B,G,B,0
Y,G,G,G,B,B,0.0
G,G,G,G,G,G,2.0
G,G,G,G,G,G,2.5
G,G,G,G,G,G,3.0
G,G,G,G,G,G,3.5
G,G,G,G,G,Y,3.0
G,G,G,G,G,G,3.5
G,G,G,G,G,G,4.0
G,G,G,G,G,G,4.5
G,G,G,G,G,G,5.0
G,G,G,G,G,Y,4.5
G,G,G,G,G,Y,4.0
G,G,G,G,G,Y,3.5
G,G,G,G,G,G,4.0
G,G,G,G,G,Y,3.5
G,G,G,G,Y,Y,3.0
G,G,G,G,G,Y,2.5
G,G,G,G,G,G,3.0
G,G,G,G,G,Y,2.5
G,G,G,G,G,G,3.0
G,G,G,G,G,Y,2.5
G,G,G,G,G,G,3.0
G,G,G,G,G,G,3.5
G,G,G,G,G,Y,3.0
G,G,G,G,O,O,1.5
G,G,G,G,G,O,0.0
G,G,G,G,G,G,2.0
G,G,G,G,G,G,2.5
G,G,G,G,G,G,3.0
G,G,G,G,G,G,3.5
Y,Y,Y,G,G,G,3.0
Y,Y,G,G,G,G,2.5
Y,Y,G,G,G,G,2.0
Y,G,G,G,G,G,1.5
Y,G,G,G,G,G,1.0
Y,G,G,G,G,G,0.5
Y,G,G,G,G,G,1.0
G,G,G,G,G,G,1.5
G,G,G,G,G,G,2.0
G,G,G,G,G,G,2.5
G,G,G,G,G,G,3.0
G,G,G,G,G,G,3.5
G,G,G,G,G,Y,3.0
G,G,G,G,G,G,3.5
G,G,G,G,G,G,4.0
G,G,G,G,Y,Y,3.5
G,G,G,G,G,Y,3.0
G,G,G,G,G,Y,2.5
G,G,G,G,G,G,3.0
G,G,G,G,G,G,3.5
G,G,G,G,G,G,4.0
G,G,G,G,G,G,4.5
G,G,G,G,G,G,5.0
G,G,G,G,G,G,5.5
G,G,G,G,G,G,6.0
G,G,G,G,G,G,6.5
G,G,G,G,G,G,7.0
G,G,G,G,G,G,7.5
G,G,G,G,G,Y,7.0
G,G,G,G,G,G,7.5
G,G,G,G,G,G,8.0
G,G,G,G,G,G,8.5
G,G,G,G,G,G,9.0
Y,Y,G,G,G,G,8.5
Y,G,G,G,G,G,8.0
Y,Y,G,G,G,G,7.5
Y,G,G,G,G,G,7.0
Y,G,G,G,G,G,6.5
Y,Y,G,G,G,G,6.0
Y,G,G,G,G,G,5.5
G,G,G,G,G,G,6.0
G,G,G,G,G,G,6.5
G,G,G,G,G,G,7.0
G,G,G,G,G,Y,6.5
G,G,G,G,G,G,7.0
G,G,G,G,G,G,7.5
G,G,G,G,G,G,8.0
G,G,G,G,G,G,8.5
G,G,G,G,G,G,9.0
G,G,G,G,G,G,9.5
G,G,G,G,G,G,10.0
G,G,G,G,G,G,10
G,G,G,G,G,G,10
Y,G,G,G,G,G,9.5
Y,Y,G,G,G,G,9.0
G,G,G,G,G,G,9.5
G,G,G,G,G,G,10.0
G,G,G,G,G,G,10
G,G,G,G,G,G,10
G,G,G,G,G,G,10
Y,G,G,G,G,G,9.5
G,G,G,G,G,G,10.0
G,G,G,O,O,Y,8.5
G,G,Y,Y,Y,O,7.0
G,G,Y,Y,Y,Y,6.5
G,G,Y,Y,Y,R,7.0
G,G,Y,Y,R,R,7.5
G,Y,Y,R,R,R,8.0
Y,Y,R,R,R,R,10
Y,R,R,R,R,R,10
R,R,R,R,R,R,10
R,R,R,R,R,R,2
R,R,R,R,R,R,2
R,R,R,R,R,R,2
R,R,R,R,R,R,2
R,R,R,R,R,R,2
R,R,R,R,R,R,2
R,R,R,R,R,R,2
R,R,R,R,R,R,2
R,R,R,R,R,R,2
R,R,R,R,R,R,2
R,R,R,R,R,R,2
R,R,R,R,R,R,2
R,R,R,R,R,R,2
R,R,R,R,R,R,2
R,R,R,R,R,R,2
R,R,R,R,R,R,2
R,R,R,R,R,R,2
R,R,R,R,R,R,2
R,R,R,R,R,R,2
R,R,R,R,R,R,2
R,R,R,R,R,R,2
R,R,R,R,R,R,2
R,R,R,R,R,R,2
R,R,R,R,R,R,2
R,R,R,R,R,R,2
R,R,R,R,R,R,2
R,R,R,R,R,R,2
R,R,R,R,R,R,2
R,R,R,R,R,R,2
R,R,R,R,R,R,2
R,R,R,R,R,R,2
R,R,R,R,R,R,2
R,R,R,R,R,R,2
R,R,R,R,R,R,2
R,R,R,R,R,R,2
R,R,R,R,R,R,2
R,R,R,R,R,R,2
R,R,R,R,R,R,2
R,R,R,R,R,R,2
R,R,R,R,R,R,2
R,R,R,R,R,R,2
R,R,R,R,R,R,2
R,R,R,R,R,R,2
Y,R,R,R,R,R,2
Y,Y,R,R,R,R,2
Y,Y,R,R,R,R,2
Y,Y,Y,R,R,R,2
Y,Y,Y,R,R,R,2
Y,Y,Y,Y,R,R,2
G,Y,Y,Y,R,R,2
G,Y,Y,Y,R,R,2
G,G,Y,Y,R,R,2
G,G,Y,Y,Y,R,2.98
G,G,Y,Y,Y,R,3.48
G,G,G,Y,Y,R,3.98
G,G,G,Y,Y,R,4.47
G,G,G,Y,Y,Y,3.97
G,G,G,G,Y,Y,3.47
G,G,G,G,G,Y,2.97
G,G,G,G,G,G,3.47
G,G,G,G,G,G,3.97
G,G,G,G,G,G,4.47
G,G,G,G,G,G,4.97
G,G,G,G,G,G,5.47
Y,Y,Y,G,G,G,4.97
Y,Y,Y,G,G,G,4.47
Y,Y,G,G,G,G,3.97
Y,Y,G,G,G,B,2.47
Y,Y,G,G,G,B,0.97
Y,G,G,G,B,B,0
G,G,G,B,B,G,0
Y,G,G,G,B,B,0.0
G,G,G,B,B,G,0
Y,G,G,G,B,B,0.0
G,G,G,B,B,B,0
Y,G,G,B,B,B,0.0
Y,G,G,B,B,B,0.0
G,G,B,B,B,G,0
G,B,B,B,B,Y,0.0
G,B,B,B,B,Y,0.0
G,B,B,B,B,Y,0.0
G,B,B,B,G,Y,0.0
G,B,B,B,G,Y,0.0
G,B,B,G,G,Y,0.0
G,B,B,G,G,Y,0.0
G,G,B,G,G,Y,0.0
G,G,B,G,G,Y,0.0
G,G,B,G,G,Y,0.0
G,G,B,G,G,Y,0.0
G,G,G,G,G,Y,1.0
G,G,G,G,G,Y,0.5
G,G,G,G,G,G,2.0
Y,G,G,G,G,G,1.5
G,G,G,G,G,Y,1.0
Y,G,G,G,G,G,0.5
G,G,G,G,G,Y,1.0
Y,G,G,G,G,G,0.5
G,G,G,G,G,Y,1.0
G,G,G,G,G,G,1.5
Y,G,G,G,G,G,1.0
G,G,G,G,G,Y,0.5
Y,G,G,G,G,G,1.0
G,G,G,G,G,Y,0.5
G,G,G,G,G,G,2.0
G,G,G,G,G,G,2.5
G,G,G,G,G,G,3.0
G,G,G,G,G,G,3.5
G,G,G,G,G,G,4.0
G,G,G,G,G,G,4.5
G,G,G,G,G,G,5.0
G,G,G,G,G,G,5.5
G,G,G,G,G,G,6.0
G,G,G,G,G,G,6.5
G,G,G,G,G,G,7.0
G,G,G,G,G,G,7.5
G,G,G,G,G,G,8.0
G,G,G,G,G,G,8.5
G,G,G,G,G,G,9.0
G,G,G,G,Y,Y,8.5
G,G,G,G,Y,Y,8.0
G,G,G,G,Y,Y,7.5
G,G,G,Y,Y,Y,7.0
G,G,G,Y,Y,Y,6.5
G,G,G,Y,Y,Y,6.0
G,G,G,Y,Y,Y,5.5
G,G,G,Y,Y,Y,5.0
G,G,G,Y,Y,Y,4.5
G,G,G,G,Y,Y,4.0
G,G,G,G,Y,Y,3.5
G,G,G,G,Y,Y,3.0
G,G,G,G,G,Y,2.5
G,G,G,G,G,Y,2.0
G,G,G,G,G,G,2.5
G,G,G,G,G,G,3.0
G,G,G,G,G,G,3.5
G,G,G,G,G,G,4.0
G,G,G,G,G,G,4.5
G,G,G,G,G,G,5.0
Y,G,G,G,G,G,4.5
Y,G,G,G,G,G,4.0
Y,G,G,G,G,G,3.5
G,G,G,G,G,G,4.0
G,G,G,G,G,G,4.5
G,G,G,G,G,G,5.0
G,G,G,G,G,G,5.5
G,G,G,G,G,G,6.0
G,G,G,G,G,G,6.5
G,G,G,G,G,G,7.0
G,G,G,G,G,G,7.5
Y,G,G,G,G,Y,8.0
G,G,G,G,B,B,6.0
G,G,G,G,G,G,6.5
G,G,G,G,G,G,7.0
G,G,G,G,G,G,7.5
Y,G,G,G,G,G,7.0
Y,G,G,G,G,G,6.5
Y,Y,G,G,G,G,6.0
Y,Y,G,G,G,G,5.5
Y,Y,G,G,G,G,5.0
Y,Y,G,G,G,G,4.5
Y,Y,G,G,G,G,4.0
Y,G,G,G,G,G,3.5
Y,G,G,G,G,G,3.0
G,G,G,G,G,G,3.5
G,G,G,G,G,G,4.0
Y,G,G,G,G,G,3.5
G,G,G,G,G,G,4.0
G,G,G,G,G,Y,3.5
G,G,G,G,G,G,4.0
G,G,G,G,G,G,4.5
G,G,G,G,G,G,5.0
G,G,G,G,G,G,5.5
Y,G,G,G,G,G,5.0
G,G,G,G,G,G,5.5
Y,Y,G,G,G,G,5.0
Y,G,G,G,G,G,4.5
Y,G,G,G,G,G,4.0
G,G,G,G,G,G,4.5
Y,G,G,G,G,G,4.0
G,G,G,G,G,G,4.5
Y,G,G,G,G,G,4.0
G,G,G,G,G,G,4.5
Y,G,G,G,G,G,4.0
G,G,G,G,G,G,4.5
G,G,G,G,G,G,5.0
G,G,G,G,O,O,3.5
Y,G,G,G,G,O,2.0
Y,Y,G,G,G,G,1.5
Y,G,G,G,G,O,0.0
Y,G,G,G,G,O,0.0
Y,G,G,G,G,O,0.0
Y,G,G,G,G,O,0.0
Y,G,G,G,G,O,0.0
Y,G,G,G,G,O,0.0
Y,G,G,G,G,O,0.0
Y,G,G,G,G,O,0.0
Y,G,G,G,G,O,0.0
Y,G,G,G,G,O,0.0
Y,G,G,G,G,O,0.0
Y,G,G,G,G,O,0.0
Y,G,G,G,G,G,1.0
Y,G,G,G,G,O,0
Y,G,G,G,G,O,0.0
Y,G,G,G,G,O,0.0
Y,G,G,G,G,G,1.0
G,G,G,G,G,O,0
Y,G,G,G,G,G,1.0
Y,G,G,G,G,G,0.5
G,G,G,G,G,G,2.0
G,G,G,G,G,G,2.5
G,G,G,G,G,G,3.0
G,G,G,G,G,G,3.5
G,G,G,G,G,G,4.0
G,G,G,G,G,G,4.5
G,G,G,G,G,Y,4.0
G,G,G,G,G,G,4.5
G,G,G,G,G,G,5.0
G,G,G,G,G,G,5.5
G,G,G,G,G,G,6.0
G,G,G,G,G,G,6.5
G,G,G,G,G,G,7.0
G,G,G,G,G,G,7.5
G,G,G,G,G,O,6.0
Y,Y,G,G,G,G,5.5
Y,G,G,G,G,G,5.0
Y,G,G,G,G,O,3.5
Y,G,G,G,G,G,3.0
G,G,G,G,G,G,3.5
G,G,G,G,G,G,4.0
G,G,G,G,G,G,4.5
G,G,G,G,G,G,5.0
G,G,G,G,G,Y,4.5
G,G,G,G,G,Y,4.0
G,G,G,G,G,G,4.5
G,G,G,G,G,Y,4.0
G,G,G,G,G,G,4.5
G,G,G,G,G,G,5.0
G,G,G,G,G,Y,4.5
G,G,G,G,G,G,5.0
G,G,G,G,G,Y,4.5
G,G,G,G,G,G,5.0
G,G,G,G,G,Y,4.5
G,G,G,G,G,G,5.0
G,G,G,G,Y,Y,4.5
G,G,G,G,G,G,5.0
G,G,G,G,G,Y,4.5
G,G,G,G,G,G,5.0
G,G,G,G,G,Y,4.5
G,G,G,G,G,Y,4.0
G,G,G,G,G,G,4.5
G,G,G,G,G,Y,4.0
G,G,G,G,G,Y,3.5
G,G,G,G,G,G,4.0
G,G,G,G,G,Y,3.5
G,G,G,G,G,Y,3.0
G,G,G,G,G,G,3.5
G,G,G,G,G,Y,3.0
G,G,G,G,G,G,3.5
G,G,G,G,G,G,4.0
G,G,G,G,G,G,4.5
G,G,G,G,G,Y,4.0
G,G,G,G,G,Y,3.5
G,G,G,G,G,G,4.0
G,G,G,G,G,G,4.5
G,G,G,G,G,G,5.0
G,G,G,G,G,G,5.5
G,G,G,G,G,Y,5.0
G,G,G,G,G,G,5.5
G,G,G,G,G,G,6.0
G,G,G,G,G,Y,5.5
B,G,G,G,G,G,3.5
G,G,G,G,G,G,4.0
G,G,G,G,G,Y,3.5
G,G,G,G,G,G,4.0
G,G,G,G,G,Y,3.5
G,G,G,G,G,G,4.0
Y,G,G,G,G,G,3.5
G,G,G,G,G,G,4.0
G,G,G,G,G,G,4.5
G,G,G,G,G,G,5.0
G,G,G,G,G,G,5.5
Y,G,G,G,G,G,5.0
G,G,G,G,G,G,5.5
G,G,G,G,G,G,6.0
G,G,G,G,G,G,6.5
G,G,B,B,G,G,4.5
G,B,B,B,G,Y,3.0
G,G,G,G,G,Y,2.5
G,G,G,G,G,Y,2.0
G,G,G,G,G,G,2.5
G,G,G,G,G,G,3.0
G,G,G,G,G,G,3.5
G,G,G,G,G,G,4.0
Y,G,G,G,G,G,3.5
G,G,G,G,G,G,4.0
G,G,G,G,G,Y,3.5
G,G,G,G,G,G,4.0
G,G,G,G,G,G,4.5
G,G,G,G,G,G,5.0
G,G,G,G,G,G,5.5
G,G,G,G,G,G,6.0
G,G,G,G,G,G,6.5
G,G,G,G,G,G,7.0
G,G,G,G,G,G,7.5
G,G,G,G,G,G,8.0
G,G,G,G,G,Y,7.5
G,G,G,G,G,Y,7.0
G,G,G,G,G,Y,6.5
G,G,G,G,G,G,7.0
G,G,G,G,G,Y,6.5
G,G,G,G,G,G,7.0
G,G,G,G,G,Y,6.5
G,O,G,G,G,Y,5.0
O,O,O,G,Y,Y,3.5
O,O,O,G,Y,Y,2.0
O,O,G,G,Y,Y,0.5
O,O,G,G,Y,Y,0.0
O,O,G,G,Y,Y,0.0
O,O,G,G,Y,Y,0.0
O,O,G,G,Y,Y,0.0
O,O,G,Y,Y,Y,0.0
G,G,G,G,Y,Y,1.0
G,G,G,G,G,Y,0.5
G,G,G,G,G,G,2.0
G,G,G,G,G,Y,1.5
G,G,G,G,G,G,2.0
G,G,G,G,G,G,2.5
G,G,G,G,G,G,3.0
G,G,G,G,G,G,3.5
Y,G,G,G,G,G,3.0
G,G,G,G,G,G,3.5
G,G,G,G,G,G,4.0
Y,G,G,G,G,G,3.5
Y,G,G,G,G,G,3.0
G,G,G,G,G,G,3.5
Y,G,G,G,G,G,3.0
Y,G,G,G,G,G,2.5
Y,G,G,G,G,G,2.0
G,G,G,G,G,G,2.5
G,G,G,G,G,G,3.0
Y,G,G,G,G,G,2.5
Y,G,G,G,G,G,2.0
Y,G,G,G,G,G,1.5
G,G,G,G,G,G,2.0
Y,G,G,G,G,G,1.5
Y,G,G,G,G,G,1.0
Y,G,G,G,G,G,0.5
G,G,G,G,G,G,2.0
G,G,G,G,G,G,2.5
Y,G,G,G,G,G,2.0
Y,G,G,G,G,G,1.5
G,G,G,G,G,G,2.0
G,G,G,G,G,G,2.5
Y,G,G,G,G,G,2.0
G,G,G,G,G,G,2.5
G,G,G,G,G,G,3.0
G,G,G,G,G,G,3.5
G,G,G,G,G,G,4.0
G,G,G,G,G,G,4.5
G,G,G,G,G,G,5.0
G,G,G,G,G,G,5.5
G,G,G,G,G,G,6.0
G,G,G,G,G,G,6.5
G,G,G,G,G,Y,6.0
G,G,G,G,G,G,6.5
G,G,G,G,G,Y,6.0
G,G,G,G,G,Y,5.5
G,G,G,G,G,Y,5.0
G,G,G,G,G,G,5.5
G,G,G,G,G,G,6.0
G,G,G,G,G,Y,5.5
G,G,G,G,G,G,6.0
G,G,G,G,G,Y,5.5
G,G,G,G,G,G,6.0
G,G,G,G,G,Y,5.5
G,G,B,B,G,G,3.5
B,B,B,G,Y,Y,2.0
B,B,G,G,Y,Y,0.5
B,G,G,Y,Y,Y,0.0
B,G,G,Y,Y,Y,0.0
B,G,G,Y,Y,Y,0.0
G,G,G,Y,Y,Y,1.0
G,G,G,G,Y,Y,0.5
G,B,G,G,Y,Y,0.0
G,B,G,G,Y,Y,0.0
G,B,G,G,Y,Y,0.0
G,G,G,G,Y,Y,1.0
G,G,G,G,G,Y,0.5
G,G,G,G,G,G,2.0
G,G,G,G,G,G,2.5
G,G,G,G,G,G,3.0
G,G,G,G,G,Y,2.5
G,G,G,G,G,G,3.0
G,G,G,G,G,G,3.5
G,G,G,G,G,G,4.0
G,G,G,G,G,G,4.5
G,G,G,G,G,Y,4.0
G,G,G,G,G,G,4.5
G,G,G,G,G,G,5.0
G,G,G,G,G,Y,4.5
G,G,G,G,G,Y,4.0
G,G,G,G,G,Y,3.5
G,G,G,G,G,G,4.0
G,G,G,G,Y,Y,3.5
G,G,G,G,G,Y,3.0
G,G,G,G,G,Y,2.5
G,G,G,G,G,G,3.0
G,G,G,G,G,G,3.5
G,G,G,G,G,G,4.0
G,G,G,G,G,Y,3.5
G,G,G,G,G,Y,3.0
G,G,G,G,O,O,1.5
G,G,G,G,G,G,2.0
G,G,G,G,G,G,2.5
Y,G,G,G,G,G,2.0
G,G,G,G,G,G,2.5
G,G,G,G,G,G,3.0
G,G,G,G,G,G,3.5
Y,G,G,G,G,G,3.0
G,G,G,G,G,G,3.5
G,G,G,G,G,G,4.0
G,G,G,G,G,G,4.5
Y,G,G,G,G,G,4.0
G,G,G,G,G,G,4.5
G,G,G,G,G,G,5.0
G,G,G,G,G,G,5.5
G,G,G,G,G,G,6.0
G,G,G,G,G,G,6.5
G,G,G,G,G,Y,6.0
G,G,G,G,G,Y,5.5
G,G,G,G,G,G,6.0
G,G,G,G,G,G,6.5
G,G,G,G,G,G,7.0
G,G,G,G,G,G,7.5
G,G,G,G,G,G,8.0
G,G,G,G,G,G,8.5
G,G,G,G,G,Y,8.0
G,G,G,G,G,G,8.5
G,G,G,G,G,G,9.0
Y,G,G,G,G,G,8.5
Y,Y,G,G,G,G,8.0
Y,Y,G,G,G,G,7.5
Y,Y,G,G,G,G,7.0
Y,Y,G,G,G,G,6.5
Y,Y,G,G,G,G,6.0
Y,G,G,G,G,G,5.5
Y,G,G,G,G,G,5.0
Y,G,G,G,G,G,4.5
G,G,G,G,G,G,5.0
G,G,G,G,Y,G,4.5
G,G,G,G,G,G,5.0
G,G,G,G,G,Y,4.5
G,G,G,G,G,G,5.0
G,G,G,G,G,G,5.5
G,G,G,G,G,Y,5.0
G,G,G,G,G,G,5.5
G,G,G,G,G,G,6.0
G,G,G,G,G,G,6.5
G,G,G,G,G,Y,6.0
G,G,G,G,G,G,6.5
Y,G,G,G,G,G,6.0
G,G,G,G,G,G,6.5
G,G,G,G,G,G,7.0
Y,G,G,G,G,G,6.5
G,G,G,G,G,G,7.0
Y,G,G,G,G,G,6.5
Y,G,G,G,G,G,6.0
G,G,G,G,G,G,6.5
G,G,G,G,G,Y,6.0
G,G,G,G,G,G,6.5
G,G,G,G,G,G,7.0
G,G,G,G,G,Y,6.5
G,G,G,G,G,G,7.0
Y,G,G,G,G,G,6.5
G,G,G,G,G,G,7.0
G,G,G,G,G,G,7.5
Y,G,G,G,G,G,7.0
G,G,G,G,G,G,7.5
G,G,G,G,G,G,8.0
G,G,G,G,G,G,8.5
G,G,G,G,G,Y,8.0
G,G,G,G,O,Y,6.5
G,G,G,G,G,O,5.0
G,G,G,G,G,Y,4.5
G,G,G,G,G,Y,4.0
G,G,G,G,G,Y,3.5
G,G,G,G,G,G,4.0
G,G,G,G,G,Y,3.5
G,G,G,G,G,G,4.0
G,G,G,G,G,G,4.5
G,G,G,G,G,G,5.0
G,G,G,G,G,G,5.5
G,G,G,G,G,G,6.0
G,G,G,G,G,Y,5.5
G,G,G,G,G,Y,5.0
G,G,G,G,G,Y,4.5
G,G,G,G,G,G,5.0
G,G,G,G,G,G,5.5
G,G,G,G,G,G,6.0
G,G,G,G,G,G,6.5
G,G,G,G,G,G,7.0
G,G,G,G,G,Y,6.5
G,G,G,G,G,Y,6.0
G,G,G,G,G,G,6.5
G,G,G,G,G,G,7.0
G,G,G,G,G,G,7.5
G,G,G,G,G,Y,7.0
G,G,G,G,G,G,7.5
G,G,G,G,G,G,8.0
G,G,G,G,Y,Y,7.5
G,G,G,G,G,G,8.0
G,G,G,G,G,Y,7.5
G,G,G,G,G,G,8.0
G,G,G,G,G,G,8.5
G,G,G,G,G,G,9.0
G,G,G,G,G,G,9.5
G,G,G,G,G,G,10.0
G,G,G,G,G,G,10
Y,G,G,G,B,G,8.5
Y,G,G,B,B,B,7.0
G,G,G,G,G,G,7.5
G,G,G,G,G,G,8.0
G,G,G,G,G,G,8.5
G,G,G,G,G,G,9.0
G,G,G,G,G,G,9.5
G,G,G,G,G,G,10.0
G,G,G,G,G,Y,9.5
G,G,G,G,G,G,10.0
G,G,G,G,G,Y,9.5
G,G,G,G,G,G,10.0
G,G,G,G,Y,Y,9.5
G,G,G,G,Y,Y,9.0
G,G,G,G,Y,Y,8.5
G,G,G,G,Y,Y,8.0
G,G,G,Y,Y,Y,7.5
G,G,G,Y,Y,Y,7.0
G,G,G,Y,Y,Y,6.5
G,G,G,Y,Y,Y,6.0
G,G,G,Y,Y,Y,5.5
G,G,G,G,Y,Y,5.0
G,G,G,G,Y,Y,4.5
G,G,G,G,Y,Y,4.0
G,G,G,G,G,Y,3.5
G,G,G,G,G,G,4.0
G,G,G,G,G,G,4.5
G,G,G,G,G,G,5.0
G,G,G,G,G,G,5.5
G,G,G,G,G,G,6.0
Y,G,G,G,G,G,5.5
Y,G,G,G,G,G,5.0
Y,G,G,G,G,G,4.5
G,G,G,G,G,G,5.0
G,G,G,G,G,G,5.5
G,G,G,G,G,G,6.0
G,G,G,G,G,G,6.5
G,G,G,G,G,G,7.0
G,G,G,G,G,G,7.5
G,G,G,G,G,G,8.0
G,G,G,G,G,B,6.0
Y,G,G,G,G,G,5.5
G,G,G,G,G,G,6.0
Y,G,G,G,G,G,5.5
Y,G,G,G,G,G,5.0
Y,G,G,G,G,G,4.5
Y,G,G,G,G,G,4.0
G,G,G,G,G,G,4.5
G,G,G,G,G,G,5.0
Y,G,G,G,G,G,4.5
Y,G,G,G,G,G,4.0
G,G,G,G,G,G,4.5
Y,G,G,G,G,G,4.0
G,G,G,G,G,G,4.5
G,G,G,G,G,G,5.0
Y,G,G,G,G,G,4.5
G,G,G,G,G,G,5.0
G,G,G,G,G,G,5.5
Y,G,G,G,G,G,5.0
G,G,G,G,G,G,5.5
Y,G,G,G,G,G,5.0
G,G,G,G,G,G,5.5
Y,G,G,G,G,G,5.0
Y,G,G,G,G,G,4.5
G,G,G,G,G,G,5.0
Y,G,G,G,G,G,4.5
G,G,G,G,G,G,5.0
Y,G,G,G,G,G,4.5
Y,Y,G,G,G,G,4.0
G,G,G,G,G,G,4.5
Y,G,G,G,G,G,4.0
G,G,G,G,G,G,4.5
G,G,G,G,G,G,5.0
G,G,G,G,O,G,3.5
Y,G,G,G,G,O,2.0
Y,Y,G,G,G,G,1.5
Y,G,G,G,G,O,0.0
Y,G,G,G,G,O,0.0
Y,G,G,G,G,O,0.0
Y,G,G,G,G,O,0.0
Y,G,G,G,G,O,0.0
Y,G,G,G,G,O,0.0
Y,G,G,G,G,O,0.0
Y,G,G,G,G,O,0.0
Y,G,G,G,G,O,0.0
Y,G,G,G,G,O,0.0
Y,G,G,G,G,O,0.0
Y,G,G,G,G,O,0.0
Y,Y,G,G,G,O,0.0
Y,G,G,G,G,G,1.0
Y,G,G,G,G,O,0
Y,G,G,G,G,O,0.0
Y,G,G,G,G,O,0.0
Y,G,G,G,G,O,0.0
Y,G,G,G,G,O,0.0
Y,G,G,G,G,G,1.0
G,G,G,G,G,O,0
Y,G,G,G,G,G,1.0
Y,G,G,G,G,G,0.5
G,G,G,G,G,G,2.0
G,G,G,G,G,G,2.5
G,G,G,G,G,G,3.0
G,G,G,G,G,G,3.5
G,G,G,G,G,G,4.0
G,G,G,G,G,G,4.5
G,G,G,G,G,Y,4.0
G,G,G,G,G,G,4.5
G,G,G,G,G,G,5.0
G,G,G,G,G,G,5.5
G,G,G,G,G,G,6.0
G,G,G,G,G,G,6.5
G,G,G,G,G,G,7.0
G,G,G,G,G,G,7.5
G,G,G,G,G,O,6.0
Y,Y,G,G,G,G,5.5
Y,G,G,G,G,G,5.0
Y,G,G,G,G,O,3.5
Y,G,G,G,G,G,3.0
G,G,G,G,G,G,3.5
G,G,G,G,G,G,4.0
G,G,G,G,G,G,4.5
G,G,G,G,G,G,5.0
G,G,G,G,G,Y,4.5
G,G,G,G,G,Y,4.0
G,G,G,G,G,G,4.5
G,G,G,G,G,Y,4.0
G,G,G,G,G,G,4.5
G,G,G,G,G,G,5.0
G,G,G,G,G,Y,4.5
G,G,G,G,G,G,5.0
G,G,G,G,Y,Y,4.5
G,G,G,G,G,G,5.0
G,G,G,G,G,Y,4.5
G,G,G,G,G,G,5.0
G,G,G,G,Y,Y,4.5
G,G,G,G,G,G,5.0
G,G,G,G,G,Y,4.5
G,G,G,G,G,G,5.0
G,G,G,G,G,Y,4.5
G,G,G,G,Y,Y,4.0
G,G,G,G,G,Y,3.5
G,G,G,G,G,G,4.0
G,G,G,G,G,G,4.5
G,G,G,G,G,Y,4.0
G,G,G,G,G,Y,3.5
G,G,G,G,G,Y,3.0
G,G,G,G,G,G,3.5
G,G,G,G,G,Y,3.0
G,G,G,G,G,G,3.5
G,G,G,G,G,G,4.0
G,G,G,G,G,G,4.5
G,G,G,G,G,Y,4.0
G,G,G,G,G,Y,3.5
G,G,G,G,G,G,4.0
G,G,G,G,G,G,4.5
G,G,G,G,G,G,5.0
G,G,G,G,G,G,5.5
G,G,G,G,G,Y,5.0
G,G,G,G,G,G,5.5
G,G,G,G,G,G,6.0
G,G,G,G,G,Y,5.5
B,G,G,G,G,G,3.5
G,G,G,G,G,G,4.0
G,G,G,G,G,Y,3.5
G,G,G,G,G,G,4.0
G,G,G,G,G,G,4.5
Y,G,G,G,G,G,4.0
G,G,G,G,G,G,4.5
G,G,G,G,G,G,5.0
G,G,G,G,G,Y,4.5
G,G,G,G,G,G,5.0
G,G,G,G,G,Y,4.5
G,G,G,G,G,G,5.0
Y,G,G,G,G,G,4.5
G,G,G,G,G,G,5.0
G,G,G,G,G,G,5.5
G,G,G,G,G,G,6.0
Y,G,G,B,B,G,4.5
Y,G,G,B,B,B,3.0
Y,G,G,G,B,B,1.5
G,G,G,G,G,G,2.0
G,G,G,G,G,G,2.5
G,G,G,G,G,Y,2.0
G,G,G,G,G,G,2.5
G,G,G,G,G,G,3.0
G,G,G,G,G,G,3.5
G,G,G,G,G,G,4.0
G,G,G,G,G,G,4.5
G,G,G,G,G,G,5.0
G,G,G,G,G,G,5.5
Y,G,G,G,G,G,5.0
G,G,G,G,G,G,5.5
G,G,G,G,G,Y,5.0
G,G,G,G,G,G,5.5
G,G,G,G,G,G,6.0
G,G,G,G,G,Y,5.5
G,G,G,G,G,Y,5.0
G,G,G,G,G,G,5.5
G,G,G,G,G,G,6.0
G,G,G,G,G,G,6.5
G,G,G,G,G,Y,6.0
G,G,G,G,Y,Y,5.5
G,G,G,G,G,G,6.0
G,G,G,G,G,Y,5.5
G,G,G,G,G,G,6.0
G,G,G,G,G,G,6.5
O,G,G,G,G,Y,5.0
O,O,O,G,Y,Y,3.5
O,O,G,Y,Y,Y,2.0
O,G,Y,Y,Y,Y,0.5
O,G,Y,Y,Y,Y,0.0
O,G,Y,Y,Y,Y,0.0
O,G,Y,Y,Y,Y,0.0
O,G,Y,Y,Y,Y,0.0
O,G,G,Y,Y,Y,0.0
O,G,G,Y,Y,Y,0.0
O,G,G,Y,Y,Y,0.0
O,G,G,Y,Y,Y,0.0
O,G,G,Y,Y,Y,0.0
G,G,G,Y,Y,Y,1.0
O,G,G,G,Y,Y,0
O,G,G,G,Y,Y,0.0
G,G,G,G,Y,Y,1.0
G,G,G,G,G,Y,0.5
G,G,G,G,G,G,2.0
G,G,G,G,G,G,2.5
G,G,G,G,G,G,3.0
G,G,G,G,G,G,3.5
G,G,G,G,G,G,4.0
G,G,G,G,G,G,4.5
G,G,G,G,G,G,5.0
G,G,G,G,G,G,5.5
Y,Y,Y,Y,G,G,5.0
Y,Y,Y,Y,G,G,4.5
Y,Y,Y,G,G,G,4.0
Y,Y,Y,G,G,G,3.5
Y,Y,Y,G,G,G,3.0
Y,Y,Y,Y,G,G,2.5
Y,Y,Y,G,G,G,2.0
Y,Y,G,G,G,G,1.5
Y,Y,G,G,G,G,1.0
Y,Y,G,G,G,G,0.5
Y,Y,G,G,G,G,1.0
Y,Y,G,G,G,G,0.5
Y,G,G,G,G,G,1.0
Y,Y,G,G,G,G,0.5
Y,G,G,G,G,G,1.0
G,G,G,G,G,G,1.5
G,G,G,G,G,G,2.0
G,G,G,G,G,G,2.5
G,G,G,G,G,G,3.0
G,G,G,G,G,G,3.5
G,G,G,G,G,G,4.0
G,G,G,G,G,G,4.5
G,G,G,G,G,G,5.0
G,G,G,G,G,Y,4.5
G,G,G,G,G,Y,4.0
G,G,G,G,G,G,4.5
G,G,G,G,G,G,5.0
G,G,G,G,G,G,5.5
G,G,G,G,G,G,6.0
G,G,G,G,G,G,6.5
G,G,G,G,G,G,7.0
G,G,G,G,G,Y,6.5
G,G,G,G,G,Y,6.0
G,G,G,G,G,Y,5.5
G,G,G,G,G,G,6.0
G,G,G,G,G,Y,5.5
G,G,G,G,G,G,6.0
G,G,G,G,G,G,6.5
G,G,G,G,G,Y,6.0
G,G,G,G,G,Y,5.5
G,G,G,G,G,G,6.0
G,B,B,B,G,G,4.0
B,G,G,G,Y,Y,2.5
G,G,G,Y,Y,Y,2.0
G,G,G,Y,Y,Y,1.5
G,G,G,Y,Y,Y,1.0
G,G,G,G,G,Y,0.5
G,G,G,G,G,G,2.0
G,G,G,G,G,G,2.5
G,G,G,G,G,G,3.0
G,G,G,G,G,Y,2.5
G,G,G,G,G,Y,2.0
Y,G,G,G,G,G,1.5
G,G,G,G,G,G,2.0
G,G,G,G,G,G,2.5
G,G,G,G,G,G,3.0
G,G,G,G,G,G,3.5
G,G,G,G,G,G,4.0
G,G,G,G,G,Y,3.5
G,G,G,G,G,G,4.0
G,G,G,G,G,Y,3.5
G,G,G,G,G,G,4.0
G,G,G,G,G,Y,3.5
G,G,G,G,G,G,4.0
G,G,G,G,Y,Y,3.5
G,G,G,G,G,Y,3.0
G,G,G,G,G,G,3.5
G,G,G,G,G,Y,3.0
G,G,G,G,G,Y,2.5
G,G,G,G,G,G,3.0
G,G,G,G,G,Y,2.5
G,G,G,G,G,G,3.0
G,G,G,G,G,G,3.5
G,G,G,G,G,G,4.0
G,G,G,G,O,O,2.5
G,G,G,G,G,G,3.0
G,G,G,G,G,G,3.5
G,G,G,G,G,G,4.0
G,G,G,G,G,G,4.5
G,G,G,G,G,G,5.0
Y,G,G,G,G,G,4.5
Y,G,G,G,G,G,4.0
G,G,G,G,G,G,4.5
G,G,G,G,G,G,5.0
G,G,G,G,G,G,5.5
G,G,G,G,G,Y,5.0
G,G,G,G,G,G,5.5
G,G,G,G,G,G,6.0
G,G,G,G,G,G,6.5
G,G,G,G,G,G,7.0
G,G,G,G,G,G,7.5
G,G,G,G,G,Y,7.0
G,G,G,G,G,Y,6.5
G,G,G,G,G,G,7.0
G,G,G,G,G,G,7.5
G,G,G,G,G,G,8.0
G,G,G,G,G,G,8.5
Y,G,G,G,G,G,8.0
Y,G,G,G,G,G,7.5
Y,G,G,G,G,G,7.0
Y,G,G,G,G,G,6.5
Y,G,G,G,G,G,6.0
G,G,G,G,G,G,6.5
G,G,G,G,G,G,7.0
G,G,G,G,G,G,7.5
Y,G,G,G,G,G,7.0
G,G,G,G,G,G,7.5
Y,G,G,G,G,G,7.0
Y,G,G,G,G,G,6.5
G,G,G,G,G,G,7.0
G,G,G,G,Y,Y,6.5
G,G,G,G,G,G,7.0
G,G,G,G,G,Y,6.5
G,G,G,G,G,G,7.0
G,G,G,G,G,G,7.5
G,G,G,G,G,G,8.0
G,G,G,G,G,G,8.5
G,G,G,G,G,G,9.0
Y,G,G,G,G,G,8.5
G,G,G,G,G,G,9.0
Y,G,G,G,G,G,8.5
G,G,G,G,G,G,9.0
G,G,G,G,G,G,9.5
Y,G,G,G,G,G,9.0
G,G,G,G,G,Y,8.5
G,G,G,G,G,G,9.0
Y,G,G,G,G,G,8.5
G,G,G,G,G,G,9.0
G,G,G,G,G,G,9.5
G,G,G,G,G,G,10.0
G,G,G,G,G,Y,9.5
G,G,G,G,O,O,8.0
G,G,G,G,Y,Y,7.5
G,G,G,G,Y,Y,7.0
G,G,G,G,Y,Y,6.5
G,G,G,G,Y,Y,6.0
G,G,G,G,Y,Y,5.5
G,G,G,G,Y,Y,5.0
G,G,G,G,G,Y,4.5
G,G,G,G,G,Y,4.0
G,G,G,G,G,G,4.5
G,G,G,G,G,G,5.0
G,G,G,G,G,G,5.5
G,G,G,G,G,G,6.0
G,G,G,G,G,G,6.5
G,G,G,G,G,G,7.0
G,G,G,G,G,G,7.5
G,G,G,G,G,Y,7.0
G,G,G,G,G,G,7.5
G,G,G,G,G,Y,7.0
G,G,G,G,G,G,7.5
G,G,G,G,G,Y,7.0
G,G,G,G,G,G,7.5
G,G,G,G,G,G,8.0
G,G,G,G,G,Y,7.5
B,G,G,G,G,G,5.5
G,G,G,G,Y,Y,5.0
G,G,G,G,G,Y,4.5
G,G,G,G,G,G,5.0
G,G,G,G,G,Y,4.5
G,G,G,G,G,G,5.0
G,G,G,G,G,G,5.5
G,G,G,G,G,G,6.0
G,G,G,G,G,G,6.5
G,G,G,G,G,G,7.0
G,G,G,G,G,G,7.5
G,G,G,G,G,G,8.0
G,G,G,G,G,G,8.5
Y,G,G,G,G,G,8.0
G,G,G,G,G,G,8.5
G,G,G,B,G,G,6.5
G,G,G,B,B,G,4.5
Y,G,G,G,G,G,4.0
Y,G,G,G,G,G,3.5
G,G,G,G,G,G,4.0
G,G,G,G,G,G,4.5
G,G,G,G,G,G,5.0
G,G,G,G,G,G,5.5
G,G,G,G,G,G,6.0
G,G,G,G,G,Y,5.5
G,G,G,G,G,G,6.0
G,G,G,G,G,G,6.5
G,G,G,G,G,G,7.0
G,G,G,G,G,G,7.5
G,G,G,G,G,G,8.0
G,G,G,G,G,G,8.5
G,G,G,G,G,Y,8.0
G,G,G,G,G,Y,7.5
G,G,G,G,G,Y,7.0
G,G,G,G,G,Y,6.5
G,G,G,G,Y,Y,6.0
G,G,G,G,Y,Y,5.5
G,G,G,G,Y,Y,5.0
G,G,G,G,G,Y,4.5
G,G,G,G,G,Y,4.0
G,G,G,G,G,Y,3.5
G,G,G,G,G,Y,3.0
G,G,G,G,G,G,3.5
G,G,G,G,G,G,4.0
G,G,G,G,G,G,4.5
G,G,G,G,G,Y,4.0
G,G,G,G,G,G,4.5
G,G,G,G,G,G,5.0
G,G,G,G,G,G,5.5
G,G,G,G,G,G,6.0
G,G,G,G,G,G,6.5
G,G,G,G,G,G,7.0
Y,G,G,G,G,G,6.5
G,G,G,G,G,G,7.0
G,G,G,G,G,G,7.5
G,G,G,G,G,G,8.0
G,G,G,G,G,G,8.5
G,G,G,G,G,B,6.5
G,G,G,G,G,G,7.0
Y,G,G,G,G,G,6.5
Y,G,G,G,G,G,6.0
Y,G,G,G,G,G,5.5
Y,G,G,G,G,G,5.0
Y,G,G,G,G,G,4.5
Y,G,G,G,G,G,4.0
G,G,G,G,G,G,4.5
G,G,G,G,G,G,5.0
Y,G,G,G,G,G,4.5
G,G,G,G,G,G,5.0
G,G,G,G,G,G,5.5
Y,G,G,G,G,G,5.0
Y,G,G,G,G,G,4.5
G,G,G,G,G,G,5.0
G,G,G,G,G,G,5.5
Y,G,G,G,G,G,5.0
G,G,G,G,G,G,5.5
Y,G,G,G,G,G,5.0
G,G,G,G,G,G,5.5
Y,G,G,G,G,G,5.0
G,G,G,G,G,G,5.5
Y,G,G,G,G,G,5.0
Y,Y,G,G,G,G,4.5
G,G,G,G,G,G,5.0
Y,G,G,G,G,G,4.5
Y,G,G,G,G,G,4.0
G,G,G,G,G,G,4.5
G,G,G,G,G,G,5.0
Y,G,G,G,G,G,4.5
G,G,G,G,G,G,5.0
G,G,G,G,O,G,3.5
Y,G,G,G,G,O,2.0
Y,Y,G,G,G,G,1.5
Y,G,G,G,G,O,0.0
Y,G,G,G,G,O,0.0
Y,G,G,G,G,O,0.0
Y,G,G,G,G,O,0.0
Y,G,G,G,G,O,0.0
Y,G,G,G,G,O,0.0
Y,G,G,G,G,O,0.0
Y,G,G,G,G,O,0.0
Y,G,G,G,G,O,0.0
Y,G,G,G,G,O,0.0
Y,G,G,G,G,O,0.0
Y,G,G,G,G,O,0.0
Y,G,G,G,G,O,0.0
Y,G,G,G,G,O,0.0
Y,G,G,G,G,G,1.0
Y,G,G,G,G,O,0
Y,G,G,G,G,O,0.0
Y,G,G,G,G,O,0.0
Y,G,G,G,G,O,0.0
Y,G,G,G,G,G,1.0
G,G,G,G,G,O,0
Y,Y,G,G,G,G,1.0
Y,G,G,G,G,G,0.5
G,G,G,G,G,G,2.0
G,G,G,G,G,G,2.5
G,G,G,G,G,G,3.0
G,G,G,G,G,G,3.5
G,G,G,G,G,G,4.0
G,G,G,G,G,G,4.5
G,G,G,G,G,Y,4.0
G,G,G,G,G,G,4.5
G,G,G,G,G,G,5.0
G,G,G,G,G,G,5.5
G,G,G,G,G,G,6.0
G,G,G,G,G,G,6.5
G,G,G,G,G,G,7.0
G,G,G,G,G,G,7.5
G,G,G,G,G,O,6.0
Y,Y,G,G,G,G,5.5
Y,G,G,G,G,G,5.0
Y,G,G,G,G,O,3.5
Y,G,G,G,G,G,3.0
G,G,G,G,G,G,3.5
G,G,G,G,G,G,4.0
G,G,G,G,G,G,4.5
G,G,G,G,G,G,5.0
G,G,G,G,G,Y,4.5
G,G,G,G,G,Y,4.0
G,G,G,G,G,G,4.5
G,G,G,G,G,Y,4.0
G,G,G,G,G,G,4.5
G,G,G,G,G,G,5.0
G,G,G,G,G,Y,4.5
G,G,G,G,G,G,5.0
G,G,G,G,Y,Y,4.5
G,G,G,G,G,G,5.0
G,G,G,G,G,Y,4.5
G,G,G,G,G,G,5.0
G,G,G,G,Y,Y,4.5
G,G,G,G,G,G,5.0
G,G,G,G,G,Y,4.5
G,G,G,G,G,G,5.0
G,G,G,G,G,Y,4.5
G,G,G,G,Y,Y,4.0
G,G,G,G,G,G,4.5
G,G,G,G,G,Y,4.0
G,G,G,G,G,Y,3.5
G,G,G,G,G,G,4.0
G,G,G,G,G,Y,3.5
G,G,G,G,G,Y,3.0
G,G,G,G,G,G,3.5
G,G,G,G,G,Y,3.0
G,G,G,G,G,G,3.5
G,G,G,G,G,G,4.0
G,G,G,G,G,G,4.5
G,G,G,G,G,Y,4.0
G,G,G,G,G,Y,3.5
G,G,G,G,G,G,4.0
G,G,G,G,G,G,4.5
G,G,G,G,G,G,5.0
G,G,G,G,G,G,5.5
G,G,G,G,G,Y,5.0
G,G,G,G,G,G,5.5
G,G,G,G,G,G,6.0
G,G,G,G,G,Y,5.5
B,G,G,G,G,G,3.5
G,G,G,G,G,G,4.0
G,G,G,G,G,Y,3.5
G,G,G,G,G,G,4.0
G,G,G,G,G,G,4.5
Y,G,G,G,G,G,4.0
G,G,G,G,G,G,4.5
G,G,G,G,G,G,5.0
G,G,G,G,G,Y,4.5
G,G,G,G,G,G,5.0
G,G,G,G,G,Y,4.5
G,G,G,G,G,G,5.0
Y,G,G,G,G,G,4.5
G,G,G,G,G,G,5.0
G,G,G,G,G,G,5.5
G,G,G,G,G,G,6.0
Y,G,G,B,B,G,4.5
Y,G,G,B,B,B,3.0
Y,G,G,G,B,B,1.5
G,G,G,G,G,G,2.0
G,G,G,G,G,G,2.5
G,G,G,G,G,G,3.0
G,G,G,G,G,G,3.5
G,G,G,G,G,G,4.0
G,G,G,G,G,G,4.5
G,G,G,G,G,Y,4.0
G,G,G,G,G,G,4.5
G,G,G,G,G,G,5.0
G,G,G,G,G,G,5.5
G,G,G,G,G,G,6.0
G,G,G,G,G,Y,5.5
G,G,G,G,G,G,6.0
G,G,G,G,G,G,6.5
G,G,G,G,G,G,7.0
G,G,G,G,G,Y,6.5
G,G,G,G,G,G,7.0
G,G,G,G,Y,Y,6.5
G,G,G,G,G,G,7.0
G,G,G,G,G,Y,6.5
G,G,G,G,G,G,7.0
G,G,G,G,G,Y,6.5
G,G,G,G,Y,Y,6.0
G,G,G,G,G,G,6.5
G,O,O,G,G,Y,5.0
O,O,O,G,Y,Y,3.5
O,O,O,G,Y,Y,2.0
O,O,G,G,Y,Y,0.5
O,O,G,G,Y,Y,0.0
O,O,G,G,Y,Y,0.0
O,O,G,Y,Y,Y,0.0
G,G,G,G,Y,Y,1.0
G,G,G,G,G,Y,0.5
G,G,G,G,G,G,2.0
G,G,G,G,G,G,2.5
G,G,G,G,G,G,3.0
G,G,G,G,G,G,3.5
G,G,G,G,G,G,4.0
G,G,G,G,G,G,4.5
G,G,G,G,G,G,5.0
Y,Y,G,G,G,G,4.5
Y,Y,G,G,G,G,4.0
Y,G,G,G,G,G,3.5
Y,G,G,G,G,G,3.0
Y,G,G,G,G,G,2.5
G,G,G,G,G,G,3.0
Y,G,G,G,G,G,2.5
G,G,G,G,G,G,3.0
Y,G,G,G,G,G,2.5
Y,G,G,G,G,G,2.0
Y,G,G,G,G,G,1.5
Y,G,G,G,G,G,1.0
Y,G,G,G,G,G,0.5
Y,G,G,G,G,G,1.0
G,G,G,G,G,G,1.5
Y,G,G,G,G,G,1.0
G,G,G,G,G,G,1.5
G,G,G,G,G,G,2.0
G,G,G,G,G,G,2.5
G,G,G,G,G,G,3.0
G,G,G,G,G,G,3.5
G,G,G,G,G,G,4.0
G,G,G,G,G,G,4.5
Y,G,G,G,G,G,4.0
G,G,G,G,G,G,4.5
G,G,G,G,G,G,5.0
G,G,G,G,G,G,5.5
G,G,G,G,G,G,6.0
G,G,G,G,G,G,6.5
G,G,G,G,G,G,7.0
G,G,G,G,G,Y,6.5
G,G,G,G,G,Y,6.0
G,G,G,G,G,Y,5.5
G,G,G,G,G,Y,5.0
G,G,G,G,G,G,5.5
G,G,G,G,G,Y,5.0
G,G,G,G,G,G,5.5
G,G,G,G,G,G,6.0
G,G,G,G,G,Y,5.5
G,G,G,G,G,G,6.0
G,G,B,G,G,Y,4.5
B,B,B,G,Y,Y,3.0
B,B,B,Y,Y,Y,1.5
B,G,G,Y,Y,Y,0.0
B,G,G,Y,Y,Y,0.0
B,G,G,Y,Y,Y,0.0
G,G,G,Y,Y,Y,1.0
B,G,G,Y,Y,Y,0
B,G,G,Y,Y,Y,0.0
B,G,G,Y,Y,Y,0.0
B,G,G,Y,Y,Y,0.0
B,G,Y,Y,Y,Y,0.0
G,G,G,Y,Y,Y,1.0
G,G,G,G,Y,Y,0.5
G,G,G,G,Y,Y,1.0
G,G,B,G,G,Y,0
G,G,B,G,G,Y,0.0
G,G,G,G,G,Y,1.0
G,G,G,G,G,G,1.5
G,G,G,G,G,G,2.0
G,G,G,G,G,G,2.5
G,G,G,G,G,G,3.0
G,G,G,G,G,G,3.5
G,G,G,G,G,G,4.0
G,G,G,G,G,G,4.5
G,G,G,G,Y,Y,4.0
G,G,G,G,G,G,4.5
G,G,G,G,G,Y,4.0
G,G,G,G,G,G,4.5
G,G,G,G,G,Y,4.0
G,G,G,G,G,G,4.5
G,G,G,G,Y,Y,4.0
G,G,G,G,G,G,4.5
G,G,G,G,G,Y,4.0
G,G,G,G,G,Y,3.5
G,G,G,G,Y,Y,3.0
G,G,G,G,G,Y,2.5
G,G,G,G,G,Y,2.0
G,G,G,G,G,G,2.5
G,G,G,G,G,G,3.0
G,G,G,G,G,G,3.5
G,G,G,G,G,O,2.0
G,G,G,G,G,G,2.5
G,G,G,G,G,G,3.0
G,G,G,G,G,G,3.5
Y,G,G,G,G,G,3.0
Y,G,G,G,G,G,2.5
Y,G,G,G,G,G,2.0
G,G,G,G,G,G,2.5
G,G,G,G,G,G,3.0
G,G,G,G,G,G,3.5
G,G,G,G,G,G,4.0
G,G,G,G,G,G,4.5
G,G,G,G,G,G,5.0
G,G,G,G,G,G,5.5
G,G,G,G,G,G,6.0
G,G,G,G,G,G,6.5
G,G,G,G,G,Y,6.0
G,G,G,G,G,Y,5.5
G,G,G,G,G,G,6.0
G,G,G,G,G,G,6.5
G,G,G,G,G,G,7.0
G,G,G,G,G,G,7.5
G,G,G,G,G,G,8.0
G,G,G,G,G,G,8.5
G,G,G,G,G,Y,8.0
G,G,G,G,G,G,8.5
G,G,G,G,G,G,9.0
Y,G,G,G,G,G,8.5
Y,G,G,G,G,G,8.0
Y,Y,G,G,G,G,7.5
Y,Y,G,G,G,G,7.0
Y,Y,G,G,G,G,6.5
Y,G,G,G,G,G,6.0
Y,G,G,G,G,G,5.5
G,G,G,G,G,G,6.0
G,G,G,G,G,G,6.5
G,G,G,G,G,G,7.0
G,G,G,G,G,Y,6.5
G,G,G,G,G,G,7.0
G,G,G,G,G,G,7.5
G,G,G,G,G,G,8.0
G,G,G,G,G,G,8.5
Y,G,G,G,G,G,8.0
Y,G,G,G,G,G,7.5
G,G,G,G,G,G,8.0
G,G,G,G,G,Y,7.5
G,G,G,G,G,G,8.0
G,G,G,G,G,G,8.5
G,G,G,G,G,G,9.0
G,G,G,G,G,G,9.5
G,G,G,G,G,G,10.0
Y,G,G,G,G,G,9.5
Y,G,G,G,G,G,9.0
G,G,G,G,G,G,9.5
G,G,G,G,G,G,10.0
G,G,G,G,G,G,10
G,G,G,G,G,Y,9.5
G,G,G,G,G,G,10.0
G,G,G,G,O,G,8.5
G,G,G,G,G,O,7.0
G,G,G,G,G,Y,6.5
G,G,G,G,Y,Y,6.0
G,G,G,G,Y,Y,5.5
G,G,G,G,G,Y,5.0
G,G,G,G,G,Y,4.5
G,G,G,G,G,Y,4.0
G,G,G,G,G,G,4.5
G,G,G,G,G,G,5.0
G,G,G,G,G,G,5.5
Y,G,G,G,G,G,5.0
G,G,G,G,G,G,5.5
G,G,G,G,G,Y,5.0
G,G,G,G,G,G,5.5
G,G,G,G,G,G,6.0
G,G,G,G,G,Y,5.5
G,G,G,G,G,G,6.0
G,G,G,G,G,G,6.5
G,G,G,G,Y,Y,6.0
G,G,G,G,G,G,6.5
G,G,G,G,G,Y,6.0
G,G,G,G,G,G,6.5
G,G,G,G,G,G,7.0
B,G,G,G,G,G,5.0
G,G,G,G,Y,Y,4.5
G,G,G,G,Y,Y,4.0
G,G,G,G,G,Y,3.5
G,G,G,G,G,G,4.0
G,G,G,G,G,Y,3.5
G,G,G,G,G,G,4.0
G,G,G,G,G,G,4.5
G,G,G,G,G,G,5.0
G,G,G,G,G,G,5.5
G,G,G,G,G,G,6.0
G,G,G,G,G,G,6.5
G,G,G,G,G,G,7.0
G,G,G,G,G,G,7.5
G,G,G,G,G,G,8.0
Y,G,G,G,G,G,7.5
G,G,G,G,G,G,8.0
G,G,G,G,G,G,8.5
G,G,G,B,G,G,6.5
G,G,G,B,B,G,4.5
Y,G,G,G,G,G,4.0
Y,G,G,G,G,G,3.5
G,G,G,G,G,G,4.0
G,G,G,G,G,G,4.5
G,G,G,G,G,G,5.0
G,G,G,G,G,G,5.5
G,G,G,G,G,G,6.0
G,G,G,G,G,Y,5.5
G,G,G,G,G,G,6.0
G,G,G,G,G,G,6.5
G,G,G,G,G,G,7.0
G,G,G,G,G,G,7.5
G,G,G,G,G,G,8.0
G,G,G,G,G,G,8.5
G,G,G,G,G,Y,8.0
G,G,G,G,G,Y,7.5
G,G,G,G,G,Y,7.0
G,G,G,G,G,Y,6.5
G,G,G,G,G,Y,6.0
G,G,G,G,G,Y,5.5
G,G,G,G,G,Y,5.0
G,G,G,G,G,Y,4.5
G,G,G,G,G,Y,4.0
G,G,G,G,G,Y,3.5
G,G,G,G,G,G,4.0
G,G,G,G,G,Y,3.5
G,G,G,G,G,G,4.0
G,G,G,G,G,G,4.5
G,G,G,G,G,G,5.0
G,G,G,G,G,G,5.5
G,G,G,G,G,G,6.0
G,G,G,G,G,G,6.5
G,G,G,G,G,G,7.0
G,G,G,G,G,Y,6.5
G,G,G,G,G,G,7.0
G,G,G,G,G,Y,6.5
G,G,G,G,G,G,7.0
Y,G,G,G,G,G,6.5
Y,G,G,G,G,G,6.0
G,G,G,G,G,G,6.5
G,G,G,G,G,G,7.0
G,G,G,G,G,B,5.0
Y,G,G,G,G,G,4.5
G,G,G,G,G,G,5.0
G,G,G,G,G,G,5.5
Y,G,G,G,G,G,5.0
Y,G,G,G,G,G,4.5
Y,G,G,G,G,G,4.0
G,G,G,G,G,G,4.5
Y,G,G,G,G,G,4.0
G,G,G,G,G,G,4.5
Y,G,G,G,G,G,4.0
G,G,G,G,G,G,4.5
Y,Y,G,G,G,G,4.0
Y,G,G,G,G,G,3.5
G,G,G,G,G,G,4.0
G,G,G,G,G,G,4.5
G,G,G,G,G,G,5.0
Y,G,G,G,G,G,4.5
G,G,G,G,G,G,5.0
Y,G,G,G,G,G,4.5
G,G,G,G,G,G,5.0
G,G,G,G,G,G,5.5
Y,G,G,G,G,G,5.0
G,G,G,G,G,G,5.5
Y,G,G,G,G,G,5.0
Y,G,G,G,G,G,4.5
G,G,G,G,G,G,5.0
Y,G,G,G,G,G,4.5
Y,G,G,G,G,G,4.0
G,G,G,G,G,G,4.5
Y,Y,G,G,G,G,4.0
G,G,G,G,G,G,4.5
Y,G,G,G,G,G,4.0
G,G,G,G,G,G,4.5
G,G,G,G,G,G,5.0
G,G,G,G,O,G,3.5
Y,G,G,G,G,O,2.0
Y,Y,G,G,G,G,1.5
Y,G,G,G,G,O,0.0
Y,G,G,G,G,O,0.0
Y,G,G,G,G,O,0.0
Y,G,G,G,G,O,0.0
Y,G,G,G,G,O,0.0
Y,G,G,G,G,O,0.0
Y,G,G,G,G,O,0.0
Y,G,G,G,G,O,0.0
Y,G,G,G,G,O,0.0
Y,G,G,G,G,O,0.0
Y,G,G,G,G,O,0.0
Y,G,G,G,G,O,0.0
Y,Y,G,G,G,O,0.0
Y,G,G,G,G,O,0.0
Y,G,G,G,G,G,1.0
Y,G,G,G,G,O,0
Y,G,G,G,G,O,0.0
Y,G,G,G,G,O,0.0
Y,G,G,G,G,G,1.0
G,G,G,G,G,O,0
Y,Y,G,G,G,G,1.0
Y,G,G,G,G,G,0.5
G,G,G,G,G,G,2.0
G,G,G,G,G,G,2.5
G,G,G,G,G,G,3.0
G,G,G,G,G,G,3.5
G,G,G,G,G,G,4.0
G,G,G,G,G,G,4.5
G,G,G,G,G,Y,4.0
G,G,G,G,G,G,4.5
G,G,G,G,G,G,5.0
G,G,G,G,G,G,5.5
G,G,G,G,G,G,6.0
G,G,G,G,G,G,6.5
G,G,G,G,G,G,7.0
G,G,G,G,G,G,7.5
G,G,G,G,G,O,6.0
Y,Y,G,G,G,G,5.5
Y,G,G,G,G,G,5.0
Y,G,G,G,G,O,3.5
Y,G,G,G,G,G,3.0
G,G,G,G,G,G,3.5
G,G,G,G,G,G,4.0
G,G,G,G,G,G,4.5
G,G,G,G,G,G,5.0
G,G,G,G,G,Y,4.5
G,G,G,G,G,Y,4.0
G,G,G,G,G,G,4.5
G,G,G,G,G,Y,4.0
G,G,G,G,G,G,4.5
G,G,G,G,G,G,5.0
G,G,G,G,G,Y,4.5
G,G,G,G,G,G,5.0
G,G,G,G,G,Y,4.5
G,G,G,G,G,G,5.0
G,G,G,G,G,G,5.5
G,G,G,G,G,Y,5.0
G,G,G,G,G,Y,4.5
G,G,G,G,G,G,5.0
G,G,G,G,G,Y,4.5
G,G,G,G,G,Y,4.0
G,G,G,G,G,G,4.5
G,G,G,G,G,Y,4.0
G,G,G,G,G,G,4.5
G,G,G,G,G,Y,4.0
G,G,G,G,G,G,4.5
G,G,G,G,G,Y,4.0
G,G,G,G,G,Y,3.5
G,G,G,G,G,Y,3.0
G,G,G,G,G,Y,2.5
G,G,G,G,G,G,3.0
G,G,G,G,G,G,3.5
G,G,G,G,G,G,4.0
G,G,G,G,G,G,4.5
G,G,G,G,G,Y,4.0
G,G,G,G,G,G,4.5
G,G,G,G,G,Y,4.0
G,G,G,G,G,G,4.5
G,G,G,G,G,G,5.0
G,G,G,G,G,G,5.5
G,G,G,G,G,Y,5.0
G,G,G,G,G,G,5.5
G,G,G,G,G,G,6.0
G,G,G,G,G,Y,5.5
G,G,G,G,G,G,6.0
B,G,G,G,G,Y,4.5
G,G,G,G,G,G,5.0
G,G,G,G,G,G,5.5
G,G,G,G,G,G,6.0
G,G,G,G,G,G,6.5
G,G,G,G,G,G,7.0
Y,G,G,G,G,G,6.5
G,G,G,G,G,G,7.0
Y,G,G,G,G,Y,7.5
G,G,G,G,G,G,8.0
G,B,B,B,Y,Y,6.5
G,G,G,G,Y,Y,6.0
G,G,G,G,G,Y,5.5
G,G,G,G,G,Y,5.0
G,G,G,G,G,G,5.5
G,G,G,G,G,G,6.0
G,G,G,G,G,G,6.5
Y,G,G,G,G,G,6.0
G,G,G,G,G,G,6.5
G,G,G,G,G,G,7.0
Y,G,G,G,G,G,6.5
Y,G,G,G,G,G,6.0
G,G,G,G,G,G,6.5
G,G,G,G,G,Y,6.0
G,G,G,G,G,Y,5.5
G,G,G,G,G,G,6.0
G,G,G,G,G,Y,5.5
G,G,G,G,G,G,6.0
G,G,G,G,G,Y,5.5
G,G,G,G,G,G,6.0
G,G,G,G,G,Y,5.5
G,G,G,G,G,G,6.0
G,G,G,G,G,Y,5.5
G,G,G,G,G,G,6.0
G,G,G,G,G,Y,5.5
G,O,G,G,G,G,4.0
O,O,G,Y,Y,Y,2.5
O,O,Y,Y,Y,Y,1.0
O,G,Y,Y,Y,Y,0
O,G,Y,Y,Y,Y,0.0
O,Y,Y,Y,Y,Y,-1.0
Y,Y,Y,Y,Y,Y,0.0
Y,Y,Y,R,R,Y,2.0
Y,Y,Y,R,R,R,3.5
Y,Y,Y,Y,R,R,5.0
Y,Y,Y,Y,Y,Y,3.5
Y,G,G,Y,Y,Y,4.0
G,G,G,G,Y,Y,3.5
G,G,G,G,G,Y,3.0
G,G,G,G,G,Y,2.5
G,G,G,G,G,Y,2.0
G,G,G,G,G,G,2.5
G,G,G,G,G,G,3.0
G,G,G,G,G,G,3.5
G,G,G,G,G,G,4.0
G,G,G,G,G,G,4.5
G,G,G,G,G,G,5.0
G,G,G,G,G,G,5.5
G,G,G,G,G,G,6.0
G,Y,Y,Y,Y,Y,4.5
Y,Y,Y,Y,Y,Y,3.0
Y,Y,Y,Y,Y,Y,1.5
Y,Y,Y,R,Y,Y,2.0
Y,Y,Y,Y,Y,Y,0.5
Y,Y,Y,R,Y,Y,2.0
Y,Y,Y,Y,Y,Y,0.5
Y,Y,Y,Y,Y,Y,0.0
Y,Y,Y,R,Y,Y,2.0
Y,Y,Y,R,Y,Y,2.5
Y,Y,Y,Y,Y,Y,1.0
Y,Y,Y,Y,Y,Y,-0.5
Y,Y,Y,R,Y,Y,2.0
Y,Y,Y,R,Y,Y,2.5
Y,Y,Y,R,Y,Y,3.0
G,Y,Y,Y,Y,Y,1.5
G,Y,Y,R,Y,Y,2.0
G,Y,Y,R,Y,Y,2.5
G,Y,Y,R,Y,Y,3.0
G,Y,Y,Y,Y,Y,1.5
G,Y,Y,Y,Y,Y,0.0
Y,Y,Y,Y,Y,Y,0.0
Y,Y,Y,Y,Y,Y,0.0
Y,Y,Y,Y,Y,Y,0.0
Y,Y,Y,Y,Y,Y,0.0
Y,Y,Y,Y,Y,Y,0.0
R,Y,Y,Y,Y,Y,2.0
Y,Y,Y,G,G,Y,2.5
Y,Y,G,Y,G,Y,3.0
Y,G,G,G,G,G,2.5
G,G,G,G,G,G,3.0
G,G,G,G,G,G,3.5
G,G,G,G,G,G,4.0
G,G,G,G,G,G,4.5
G,G,G,G,G,G,5.0
G,G,G,G,G,G,5.5
G,G,G,G,G,G,6.0
G,Y,Y,Y,G,G,5.5
Y,Y,Y,Y,G,G,5.0
Y,Y,Y,Y,G,G,4.5
Y,Y,Y,Y,G,G,4.0
Y,Y,Y,Y,G,G,3.5
Y,Y,Y,G,G,G,3.0
Y,Y,G,G,G,G,2.5
G,G,G,G,G,G,3.0
G,G,G,G,G,G,3.5
O,O,G,G,G,G,2.0
O,G,G,G,G,G,0.5
G,G,G,G,G,G,2.0
G,G,G,G,G,G,2.5
G,G,G,G,G,G,3.0
G,G,G,G,G,G,3.5
G,G,G,G,G,G,4.0
G,G,G,G,G,G,4.5
G,G,G,G,G,G,5.0
G,Y,Y,Y,Y,G,4.5
Y,Y,Y,Y,Y,G,3.0
Y,Y,Y,Y,Y,G,1.5
Y,Y,Y,Y,Y,Y,0.0
Y,Y,Y,Y,G,G,1.0
Y,Y,Y,Y,G,G,0.5
Y,Y,Y,G,G,G,1.0
Y,Y,Y,G,G,G,0.5
Y,Y,G,G,G,G,1.0
Y,Y,G,G,G,G,0.5
Y,Y,G,G,G,G,1.0
Y,Y,G,G,G,G,0.5
Y,Y,G,G,G,G,1.0
Y,G,G,G,G,G,0.5
Y,G,G,G,G,G,1.0
Y,G,G,G,G,G,0.5
Y,G,G,G,G,G,1.0
G,G,G,G,G,G,1.5
G,G,G,G,G,G,2.0
G,G,G,G,G,G,2.5
G,G,G,G,G,G,3.0
G,G,G,G,G,G,3.5
G,G,G,G,G,G,4.0
G,G,G,G,G,G,4.5
G,G,G,G,G,Y,4.0
G,G,G,G,G,Y,3.5
G,G,G,G,G,G,4.0
G,G,G,G,G,G,4.5
G,G,G,G,G,G,5.0
G,G,G,G,G,G,5.5
G,G,G,G,G,G,6.0
G,G,G,G,G,G,6.5
G,G,G,G,G,G,7.0
G,G,G,G,G,G,7.5
G,G,G,G,G,Y,7.0
G,G,G,G,Y,Y,6.5
G,G,G,G,Y,Y,6.0
G,G,G,G,Y,Y,5.5
G,G,G,G,G,Y,5.0
G,G,G,G,G,Y,4.5
G,G,G,G,G,G,5.0
G,G,G,G,G,G,5.5
G,G,G,G,G,G,6.0
G,B,B,B,G,G,4.0
B,B,G,G,Y,Y,2.5
G,G,G,Y,Y,Y,2.0
G,G,G,Y,Y,Y,1.5
G,B,G,G,Y,Y,0.0
G,G,G,Y,Y,Y,1.0
G,G,G,G,G,Y,0.5
G,G,G,G,G,G,2.0
G,G,G,G,G,G,2.5
G,G,G,G,G,G,3.0
G,G,G,G,G,Y,2.5
G,G,G,G,G,Y,2.0
Y,G,G,G,G,G,1.5
G,G,G,G,G,G,2.0
G,G,G,G,G,G,2.5
G,G,G,G,G,G,3.0
G,G,G,G,G,G,3.5
G,G,G,G,G,G,4.0
G,G,G,G,G,Y,3.5
G,G,G,G,G,G,4.0
G,G,G,G,G,Y,3.5
G,G,G,G,G,G,4.0
G,G,G,G,Y,G,3.5
G,G,G,G,G,G,4.0
G,G,G,G,Y,Y,3.5
G,G,G,G,G,G,4.0
G,G,G,G,G,Y,3.5
G,G,G,G,G,Y,3.0
G,G,G,G,G,Y,2.5
G,G,G,G,G,G,3.0
G,G,G,G,G,Y,2.5
G,G,G,G,G,G,3.0
G,G,G,G,G,G,3.5
G,G,G,G,G,G,4.0
G,G,G,G,O,O,2.5
G,G,G,G,G,O,1.0
G,G,G,G,G,G,1.5
G,G,G,G,G,G,2.0
G,G,G,G,G,G,2.5
G,G,G,G,G,G,3.0
Y,G,G,G,G,G,2.5
Y,G,G,G,G,G,2.0
Y,G,G,G,G,G,1.5
Y,G,G,G,G,G,1.0
G,G,G,G,G,G,1.5
G,G,G,G,G,G,2.0
G,G,G,G,G,G,2.5
G,G,G,G,G,G,3.0
G,G,G,G,G,G,3.5
G,G,G,G,G,G,4.0
G,G,G,G,G,G,4.5
G,G,G,G,G,G,5.0
G,G,G,G,G,G,5.5
G,G,G,G,G,G,6.0
G,G,G,G,G,G,6.5
G,G,G,G,G,Y,6.0
G,G,G,G,G,Y,5.5
G,G,G,G,G,Y,5.0
G,G,G,G,G,G,5.5
G,G,G,G,G,G,6.0
G,G,G,G,G,Y,5.5
G,G,G,G,G,G,6.0
G,G,G,G,G,G,6.5
Y,G,G,G,G,G,6.0
Y,G,G,G,G,G,5.5
G,G,G,G,G,G,6.0
Y,G,G,G,G,G,5.5
G,G,G,G,G,G,6.0
G,G,G,G,G,G,6.5
G,G,G,G,G,G,7.0
Y,G,G,G,G,G,6.5
Y,G,G,G,G,G,6.0
Y,G,G,G,G,G,5.5
G,G,G,G,G,G,6.0
G,G,G,G,G,G,6.5
G,G,G,G,G,G,7.0
Y,G,G,G,G,G,6.5
G,G,G,G,G,G,7.0
Y,G,G,G,G,G,6.5
Y,G,G,G,G,G,6.0
G,G,G,G,G,G,6.5
G,G,G,G,G,Y,6.0
G,G,G,G,G,G,6.5
G,G,G,G,G,Y,6.0
G,G,G,G,G,G,6.5
G,G,G,G,G,G,7.0
G,G,G,G,G,Y,6.5
G,G,G,G,G,G,7.0
Y,G,G,G,G,G,6.5
G,G,G,G,G,G,7.0
Y,Y,G,G,G,G,6.5
G,G,G,G,G,G,7.0
Y,G,G,G,G,G,6.5
G,G,G,G,G,G,7.0
G,G,G,G,G,G,7.5
G,G,G,G,G,G,8.0
G,G,G,G,G,G,8.5
G,G,G,G,G,G,9.0
G,G,G,G,G,G,9.5
G,G,G,G,G,G,10.0
Y,G,G,G,G,G,9.5
Y,G,G,G,G,G,9.0
G,G,G,G,G,Y,8.5
G,G,G,G,G,G,9.0
G,G,G,G,G,Y,8.5
G,G,G,G,O,O,7.0
G,G,G,G,G,Y,6.5
G,G,G,G,G,Y,6.0
G,G,G,G,G,Y,5.5
G,G,G,G,G,Y,5.0
G,G,G,G,G,Y,4.5
G,G,G,G,Y,Y,4.0
G,G,G,G,G,Y,3.5
G,G,G,G,G,G,4.0
G,G,G,G,G,G,4.5
G,G,G,G,G,G,5.0
G,G,G,G,G,G,5.5
G,G,G,G,G,G,6.0
G,G,G,G,G,G,6.5
G,G,G,G,G,G,7.0
G,G,G,G,G,Y,6.5
G,G,G,G,G,Y,6.0
G,G,G,G,G,Y,5.5
G,G,G,G,G,G,6.0
G,G,G,G,G,Y,5.5
G,G,G,G,G,G,6.0
Y,G,G,G,G,G,5.5
G,G,G,G,G,Y,5.0
G,G,G,G,G,G,5.5
G,G,G,G,G,G,6.0
B,G,G,G,G,G,4.0
G,G,G,G,G,Y,3.5
G,G,G,G,G,G,4.0
G,G,G,G,G,G,4.5
G,G,G,G,G,Y,4.0
G,G,G,G,G,G,4.5
G,G,G,G,G,G,5.0
G,G,G,G,G,Y,4.5
G,G,G,G,G,G,5.0
G,G,G,G,G,G,5.5
G,G,G,G,G,Y,5.0
G,G,G,G,G,G,5.5
G,G,G,G,G,G,6.0
G,G,G,G,G,G,6.5
G,G,G,G,G,G,7.0
G,G,G,G,G,G,7.5
G,G,G,G,G,G,8.0
G,G,G,G,G,G,8.5
G,G,G,G,G,G,9.0
Y,G,G,G,B,G,7.5
Y,G,G,B,B,B,6.0
G,G,G,G,G,G,6.5
G,G,G,G,G,G,7.0
G,G,G,G,G,G,7.5
G,G,G,G,G,G,8.0
G,G,G,G,G,G,8.5
G,G,G,G,G,G,9.0
G,G,G,G,G,Y,8.5
G,G,G,G,G,Y,8.0
Y,G,G,G,G,G,7.5
Y,G,G,G,G,G,7.0
G,G,G,G,G,Y,6.5
G,G,G,G,G,G,7.0
G,G,G,G,G,Y,6.5
G,G,G,G,Y,G,6.0
G,G,G,G,G,G,6.5
G,G,G,G,G,Y,6.0
G,G,G,G,G,Y,5.5
G,G,G,G,G,Y,5.0
G,G,G,G,G,Y,4.5
G,G,G,G,G,Y,4.0
G,G,G,G,G,Y,3.5
G,G,G,G,G,Y,3.0
G,G,G,G,G,Y,2.5
G,G,G,G,G,G,3.0
G,G,G,G,G,G,3.5
G,G,G,G,G,G,4.0
G,G,G,G,G,Y,3.5
G,G,G,G,G,G,4.0
G,G,G,G,G,G,4.5
G,G,G,G,G,G,5.0
G,G,G,G,G,G,5.5
G,G,G,G,G,G,6.0
G,G,G,G,G,Y,5.5
G,G,G,G,G,G,6.0
G,G,G,G,G,G,6.5
G,G,G,G,G,G,7.0
G,G,G,G,G,G,7.5
G,G,G,G,G,G,8.0
G,G,G,G,G,G,8.5
Y,G,G,G,G,G,8.0
G,G,G,G,G,B,6.0
Y,G,G,G,G,G,5.5
Y,G,G,G,G,G,5.0
Y,G,G,G,G,G,4.5
G,G,G,G,G,G,5.0
G,G,G,G,G,G,5.5
Y,G,G,G,G,G,5.0
Y,G,G,G,G,G,4.5
G,G,G,G,G,G,5.0
Y,G,G,G,G,G,4.5
G,G,G,G,G,G,5.0
Y,Y,G,G,G,G,4.5
Y,G,G,G,G,G,4.0
G,G,G,G,G,G,4.5
G,G,G,G,G,G,5.0
G,G,G,G,G,G,5.5
Y,G,G,G,G,G,5.0
Y,G,G,G,G,G,4.5
G,G,G,G,G,G,5.0
G,G,G,G,G,G,5.5
Y,G,G,G,G,G,5.0
G,G,G,G,G,G,5.5
Y,G,G,G,G,G,5.0
G,G,G,G,G,G,5.5
Y,G,G,G,G,G,5.0
Y,G,G,G,G,G,4.5
G,Y,G,G,G,G,4.0
G,G,G,G,G,G,4.5
Y,G,G,G,G,G,4.0
G,G,G,G,G,G,4.5
G,G,G,G,G,G,5.0
Y,G,G,G,G,G,4.5
G,G,G,G,G,G,5.0
G,G,G,G,O,G,3.5
Y,G,G,G,G,O,2.0
Y,Y,G,G,G,G,1.5
Y,G,G,G,G,O,0.0
Y,G,G,G,G,O,0.0
Y,G,G,G,G,O,0.0
Y,G,G,G,G,O,0.0
Y,G,G,G,G,O,0.0
Y,G,G,G,G,O,0.0
Y,G,G,G,G,O,0.0
Y,G,G,G,G,O,0.0
Y,G,G,G,G,O,0.0
Y,G,G,G,G,O,0.0
Y,G,G,G,G,O,0.0
Y,G,G,G,G,O,0.0
Y,Y,G,G,G,O,0.0
Y,G,G,G,G,G,1.0
Y,G,G,G,G,O,0
Y,G,G,G,G,O,0.0
Y,G,G,G,G,O,0.0
Y,G,G,G,G,O,0.0
Y,G,G,G,G,G,1.0
G,G,G,G,G,O,0
Y,Y,G,G,G,G,1.0
Y,G,G,G,G,G,0.5
G,G,G,G,G,G,2.0
G,G,G,G,G,G,2.5
G,G,G,G,G,G,3.0
G,G,G,G,G,G,3.5
G,G,G,G,G,G,4.0
G,G,G,G,G,G,4.5
G,G,G,G,G,Y,4.0
G,G,G,G,G,G,4.5
G,G,G,G,G,G,5.0
G,G,G,G,G,G,5.5
G,G,G,G,G,G,6.0
G,G,G,G,G,G,6.5
G,G,G,G,G,G,7.0
G,G,G,G,G,G,7.5
G,G,G,G,G,O,6.0
Y,Y,G,G,G,G,5.5
Y,G,G,G,G,G,5.0
Y,G,G,G,G,O,3.5
Y,G,G,G,G,G,3.0
G,G,G,G,G,G,3.5
G,G,G,G,G,G,4.0
G,G,G,G,G,Y,3.5
G,G,G,G,G,G,4.0
G,G,G,G,G,G,4.5
G,G,G,G,G,G,5.0
G,G,G,G,Y,G,4.5
G,G,G,G,G,G,5.0
G,G,G,G,G,Y,4.5
G,G,G,G,G,G,5.0
G,G,G,G,G,Y,4.5
G,G,G,G,G,G,5.0
G,G,G,G,G,G,5.5
G,G,G,G,G,Y,5.0
G,G,G,G,G,Y,4.5
G,G,G,G,G,G,5.0
G,G,G,G,G,Y,4.5
G,G,G,G,G,G,5.0
G,G,G,G,G,Y,4.5
G,G,G,G,G,Y,4.0
G,G,G,G,G,G,4.5
G,G,G,G,Y,Y,4.0
G,G,G,G,G,G,4.5
G,G,G,G,G,Y,4.0
G,G,G,G,G,Y,3.5
G,G,G,G,G,G,4.0
G,G,G,G,G,Y,3.5
G,G,G,G,G,Y,3.0
G,G,G,G,G,G,3.5
G,G,G,G,G,G,4.0
G,G,G,G,G,Y,3.5
G,G,G,G,G,G,4.0
G,G,G,G,G,Y,3.5
G,G,G,G,G,G,4.0
G,G,G,G,G,G,4.5
G,G,G,G,G,Y,4.0
G,G,G,G,G,G,4.5
G,G,G,G,G,G,5.0
G,G,G,G,G,G,5.5
G,G,G,G,G,Y,5.0
G,G,G,G,G,G,5.5
G,G,G,G,G,Y,5.0
G,G,G,G,G,G,5.5
B,G,G,G,G,Y,4.0
B,G,G,G,G,G,2.0
G,G,G,G,G,G,2.5
G,G,G,G,G,G,3.0
G,G,G,G,G,G,3.5
G,G,G,G,G,G,4.0
G,G,G,G,G,Y,3.5
G,G,G,G,G,G,4.0
G,G,G,G,G,Y,3.5
G,G,G,G,G,G,4.0
Y,G,G,G,G,G,3.5
G,G,G,G,G,G,4.0
G,G,G,G,G,G,4.5
G,G,G,G,G,G,5.0
Y,G,G,G,G,G,4.5
G,G,G,G,G,G,5.0
G,G,G,G,G,G,5.5
G,G,B,G,G,G,3.5
G,B,B,B,G,Y,2.0
G,B,B,B,G,Y,0.5
G,G,G,B,G,Y,0.0
G,G,B,B,B,G,0
G,G,G,G,G,Y,1.0
G,G,G,G,B,G,0
G,G,B,B,B,G,0
G,G,G,G,B,G,0
G,G,B,G,G,G,0
G,G,G,G,G,Y,1.0
G,G,G,G,G,G,1.5
G,G,G,G,G,G,2.0
Y,G,G,G,G,G,1.5
G,G,G,G,G,G,2.0
G,G,G,G,G,G,2.5
G,G,G,G,G,G,3.0
G,G,G,G,G,G,3.5
G,G,G,G,G,G,4.0
G,G,G,G,G,G,4.5
G,G,G,G,G,G,5.0
Y,G,G,G,G,G,4.5
G,G,G,G,G,G,5.0
G,G,G,G,G,G,5.5
Y,G,G,G,G,G,5.0
G,G,G,G,G,G,5.5
G,G,G,G,G,Y,5.0
G,G,G,G,G,G,5.5
G,G,G,G,G,Y,5.0
G,G,G,G,G,G,5.5
G,G,G,G,Y,Y,5.0
G,G,G,G,G,G,5.5
G,G,G,G,G,Y,5.0
G,G,G,G,G,G,5.5
G,G,G,G,G,G,6.0
G,G,G,G,G,Y,5.5
G,G,G,G,G,G,6.0
G,G,G,G,G,Y,5.5
G,G,G,G,G,Y,5.0
G,G,G,G,G,G,5.5
G,O,G,G,G,G,4.0
O,O,G,Y,Y,Y,2.5
O,O,Y,Y,Y,Y,1.0
O,G,Y,Y,Y,Y,0
O,G,Y,Y,Y,Y,0.0
O,G,Y,Y,Y,Y,0.0
O,G,Y,Y,Y,Y,0.0
O,G,Y,Y,Y,Y,0.0
O,G,Y,Y,Y,Y,0.0
O,G,Y,Y,Y,Y,0.0
O,G,Y,Y,Y,Y,0.0
O,G,Y,Y,Y,Y,0.0
O,Y,Y,Y,Y,R,1.0
G,Y,Y,Y,Y,R,1.5
G,Y,Y,Y,Y,R,2.0
G,Y,Y,Y,Y,Y,0.5
Y,Y,Y,Y,Y,Y,0.0
Y,Y,Y,Y,Y,R,3.0
Y,Y,G,Y,Y,Y,2.5
G,G,G,G,Y,Y,2.0
G,G,G,G,Y,Y,1.5
G,G,G,G,G,Y,1.0
G,G,G,G,G,Y,0.5
G,G,G,G,G,G,2.0
G,G,G,G,G,G,2.5
G,G,G,G,G,G,3.0
G,G,G,G,G,G,3.5
G,G,G,G,G,G,4.0
G,G,G,G,G,G,4.5
G,G,G,G,G,G,5.0
G,G,G,G,G,G,5.5
G,G,G,G,G,G,6.0
G,G,Y,Y,Y,G,5.5
G,Y,Y,Y,Y,Y,4.0
Y,Y,Y,Y,Y,Y,2.5
Y,Y,Y,Y,Y,Y,1.0
Y,Y,Y,Y,Y,Y,-0.5
Y,Y,Y,Y,Y,Y,0.0
Y,Y,Y,Y,Y,Y,0.0
Y,Y,Y,Y,Y,G,0.0
Y,Y,R,Y,Y,G,3.0
Y,Y,R,Y,Y,G,4.5
Y,Y,Y,Y,Y,G,3.0
Y,Y,R,Y,Y,G,4.5
Y,Y,R,Y,Y,G,6.0
Y,Y,Y,Y,Y,G,4.5
Y,Y,Y,Y,G,G,4.0
Y,Y,Y,Y,G,G,3.5
Y,Y,Y,G,G,G,3.0
Y,Y,G,G,G,G,2.5
Y,Y,G,G,G,G,2.0
Y,G,G,G,G,G,1.5
G,G,G,G,G,G,2.0
G,G,G,G,G,G,2.5
G,G,G,G,G,G,3.0
G,G,G,G,G,G,3.5
G,G,G,G,G,G,4.0
G,G,G,G,G,G,4.5
G,G,G,G,G,G,5.0
G,G,G,Y,G,G,5.5
G,G,Y,Y,Y,G,5.0
G,G,Y,Y,Y,Y,4.5
G,G,Y,Y,Y,Y,4.0
G,G,Y,Y,Y,Y,3.5
G,G,Y,Y,Y,Y,3.0
G,G,Y,Y,Y,Y,2.5
G,G,Y,Y,Y,Y,2.0
G,G,G,Y,Y,Y,1.5
G,G,G,Y,Y,Y,1.0
G,G,G,Y,Y,Y,0.5
G,G,G,G,Y,Y,1.0
G,G,G,G,Y,Y,0.5
G,G,G,G,Y,Y,1.0
G,G,G,G,G,Y,0.5
G,G,G,G,G,Y,1.0
G,G,G,G,G,G,1.5
G,G,G,G,G,G,2.0
G,G,G,G,G,Y,1.5
G,G,G,G,G,G,2.0
G,G,G,G,G,G,2.5
G,G,G,G,G,G,3.0
G,G,G,G,G,G,3.5
G,G,G,G,G,G,4.0
G,G,G,G,G,G,4.5
G,Y,Y,G,G,G,4.0
Y,Y,Y,G,G,G,3.5
Y,Y,Y,G,G,G,3.0
Y,Y,G,G,G,G,2.5
Y,G,G,G,G,G,2.0
G,G,G,G,G,G,2.5
G,G,G,G,G,G,3.0
G,G,G,G,G,G,3.5
G,B,B,G,G,G,1.5
B,B,B,G,G,G,0
B,B,B,G,G,G,0
B,B,G,G,Y,G,0.0
B,B,G,Y,G,G,1.0
B,G,G,G,G,G,0
B,G,G,G,G,G,0
B,G,G,G,G,G,0
G,G,G,G,G,G,2.0
G,G,Y,G,G,G,2.5
G,G,G,G,G,G,3.0
Y,Y,Y,Y,G,G,2.5
Y,Y,Y,G,G,G,2.0
Y,Y,Y,G,G,G,1.5
Y,Y,G,G,G,G,1.0
Y,G,G,G,G,G,0.5
G,G,G,G,G,G,2.0
Y,G,G,G,G,G,1.5
Y,G,G,G,G,G,1.0
G,G,G,G,G,G,1.5
G,G,G,G,G,G,2.0
Y,G,G,G,G,G,1.5
Y,G,G,G,G,G,1.0
Y,G,G,G,G,G,0.5
Y,G,G,G,G,G,1.0
G,G,G,G,G,G,1.5
Y,G,G,G,G,G,1.0
G,G,G,G,G,G,1.5
G,G,G,G,G,G,2.0
G,G,G,G,G,G,2.5
Y,G,G,G,G,G,2.0
Y,G,G,G,G,G,1.5
G,G,G,G,G,G,2.0
G,G,G,G,G,G,2.5
G,G,G,G,G,G,3.0
G,G,G,G,G,G,3.5
Y,G,G,G,G,G,3.0
G,G,G,G,G,G,3.5
G,G,G,G,G,G,4.0
G,G,G,G,G,G,4.5
G,G,G,G,G,G,5.0
G,G,G,G,G,G,5.5
G,G,G,G,G,G,6.0
G,G,G,G,G,G,6.5
G,G,G,G,G,Y,6.0
G,G,G,G,G,G,6.5
G,G,G,G,G,Y,6.0
G,G,G,G,G,Y,5.5
G,G,G,G,G,Y,5.0
G,G,G,G,G,G,5.5
G,G,G,G,G,Y,5.0
G,G,G,G,G,G,5.5
G,G,G,G,G,Y,5.0
G,G,G,G,G,G,5.5
G,G,G,G,G,Y,5.0
G,G,G,G,G,G,5.5
G,G,G,G,G,G,6.0
O,O,G,G,G,Y,4.5
O,O,G,G,Y,Y,3.0
O,G,Y,Y,Y,Y,1.5
G,G,Y,Y,Y,Y,1.0
O,G,G,Y,Y,Y,0
O,G,G,Y,Y,Y,0.0
O,G,Y,Y,Y,Y,0.0
O,G,Y,Y,Y,Y,0.0
O,G,Y,Y,Y,Y,0.0
O,G,Y,Y,Y,Y,0.0
G,G,Y,Y,Y,Y,1.0
O,G,G,Y,Y,Y,0
O,G,G,Y,Y,Y,0.0
O,G,Y,Y,Y,Y,0.0
O,G,Y,Y,Y,Y,0.0
O,G,Y,Y,Y,Y,0.0
O,G,Y,Y,Y,Y,0.0
G,G,Y,Y,Y,Y,1.0
O,G,G,Y,Y,Y,0
O,G,G,Y,Y,Y,0.0
O,G,G,Y,Y,Y,0.0
O,G,G,Y,Y,Y,0.0
O,G,Y,Y,Y,Y,0.0
O,G,Y,Y,Y,Y,0.0
O,G,Y,Y,Y,Y,0.0
G,G,Y,Y,Y,Y,1.0
O,G,G,Y,Y,Y,0
O,G,G,Y,Y,Y,0.0
O,G,G,Y,Y,Y,0.0
O,G,G,Y,Y,Y,0.0
O,G,G,Y,Y,Y,0.0
G,G,Y,Y,Y,Y,1.0
G,G,G,Y,Y,Y,0.5
G,G,G,G,Y,Y,1.0
G,G,G,G,Y,Y,0.5
G,G,G,G,G,Y,1.0
G,G,G,G,G,G,1.5
G,G,G,G,G,G,2.0
G,G,G,G,G,G,2.5
G,G,G,G,G,Y,2.0
G,G,G,G,G,G,2.5
G,G,G,G,G,G,3.0
G,G,G,G,G,G,3.5
Y,G,G,G,G,G,3.0
G,G,G,G,G,G,3.5
Y,G,G,G,G,G,3.0
G,G,G,G,G,G,3.5
Y,G,G,G,G,G,3.0
G,G,G,G,G,G,3.5
G,G,G,G,G,G,4.0
Y,G,G,G,G,G,3.5
G,G,G,G,G,G,4.0
G,G,G,G,G,G,4.5
Y,G,G,G,G,G,4.0
G,G,G,G,G,G,4.5
Y,G,G,G,G,G,4.0
G,G,G,G,G,G,4.5
G,G,G,G,G,G,5.0
Y,G,G,G,G,G,4.5
Y,G,G,G,G,G,4.0
G,G,G,G,G,G,4.5
G,G,G,G,G,G,5.0
Y,G,G,G,G,G,4.5
Y,G,G,G,G,G,4.0
G,G,G,G,G,G,4.5
G,G,G,G,G,G,5.0
Y,G,G,G,G,G,4.5
G,G,G,G,G,G,5.0
G,G,G,G,G,G,5.5
Y,B,B,B,G,G,4.0
B,B,B,G,G,Y,2.5
G,G,G,G,G,Y,2.0
G,G,G,G,G,Y,1.5
B,G,G,G,G,Y,0.0
B,G,G,G,G,Y,0.0
G,G,G,G,G,Y,1.0
G,G,G,G,G,G,1.5
G,G,G,G,G,G,2.0
G,G,G,G,G,G,2.5
G,G,G,G,G,G,3.0
G,G,G,G,G,G,3.5
G,G,G,G,G,G,4.0
Y,G,G,G,G,Y,4.5
G,G,G,G,G,G,5.0
G,G,G,G,G,G,5.5
G,G,G,G,G,G,6.0
G,G,G,G,G,Y,5.5
G,G,G,G,G,G,6.0
G,G,G,G,G,G,6.5
G,G,G,G,G,Y,6.0
Y,G,G,G,G,G,5.5
G,G,G,G,G,G,6.0
G,G,G,G,G,G,6.5
G,G,G,G,G,G,7.0
Y,G,G,G,G,G,6.5
G,G,G,G,G,G,7.0
G,G,G,G,G,G,7.5
G,G,G,G,G,G,8.0
G,G,G,G,G,G,8.5
Y,G,G,G,G,G,8.0
Y,G,G,G,G,G,7.5
G,G,G,G,G,G,8.0
Y,G,G,G,G,G,7.5
Y,G,G,G,G,G,7.0
Y,G,G,G,G,G,6.5
Y,G,G,G,G,G,6.0
Y,Y,G,G,G,G,5.5
Y,G,G,G,G,G,5.0
G,G,G,G,G,G,5.5
G,G,G,G,G,G,6.0
G,G,G,G,G,Y,5.5
G,G,G,G,G,G,6.0
Y,G,G,G,G,G,5.5
G,G,G,G,G,G,6.0
Y,G,G,G,G,G,5.5
G,G,G,G,G,G,6.0
G,G,G,G,G,G,6.5
Y,G,G,G,G,G,6.0
G,G,G,G,G,G,6.5
Y,G,G,G,G,G,6.0
Y,G,G,G,G,G,5.5
G,G,G,G,G,G,6.0
G,G,G,G,G,G,6.5
Y,G,G,G,G,G,6.0
Y,G,G,G,G,G,5.5
G,G,G,G,G,G,6.0
Y,G,G,G,G,G,5.5
G,O,G,G,G,G,4.0
O,O,G,G,G,G,2.5
G,G,G,G,G,Y,2.0
O,G,G,G,G,Y,0.5
O,G,G,G,G,Y,0.0
G,G,G,G,G,Y,1.0
O,G,G,G,G,G,0
G,G,G,G,G,Y,1.0
G,G,G,G,G,Y,0.5
O,G,G,G,G,G,0.0
G,G,G,G,G,Y,1.0
G,G,G,G,Y,Y,0.5
O,G,G,G,G,G,0.0
G,G,G,G,G,Y,1.0
G,G,G,G,Y,Y,0.5
G,G,G,G,G,G,2.0
G,G,G,G,G,G,2.5
G,G,G,G,G,G,3.0
G,G,G,G,G,G,3.5
G,G,G,G,G,G,4.0
G,G,G,G,G,G,4.5
G,G,G,G,G,G,5.0
G,G,G,G,G,G,5.5
G,G,G,G,G,G,6.0
G,G,G,G,G,G,6.5
G,G,G,G,G,G,7.0
G,G,G,G,G,G,7.5
G,O,G,G,G,G,6.0
O,G,G,G,Y,Y,4.5
G,G,G,G,Y,Y,4.0
G,G,G,G,Y,Y,3.5
O,G,G,G,G,Y,2.0
G,G,G,G,G,Y,1.5
O,G,G,G,G,Y,0.0
O,G,G,G,G,Y,0.0
O,G,G,G,G,Y,0.0
G,G,G,G,G,Y,1.0
O,G,G,G,G,Y,0
O,G,G,G,G,Y,0.0
O,G,G,G,G,G,0.0
G,G,G,G,G,Y,1.0
G,G,G,G,G,G,1.5
G,G,G,G,G,G,2.0
G,G,G,G,G,G,2.5
G,G,G,G,G,G,3.0
G,G,G,G,G,G,3.5
G,G,G,G,G,G,4.0
G,G,G,G,G,Y,3.5
G,G,G,G,G,G,4.0
G,G,G,G,G,G,4.5
Y,G,G,G,G,G,4.0
G,G,G,G,G,G,4.5
Y,G,G,G,G,G,4.0
G,G,G,G,G,G,4.5
G,G,G,G,G,G,5.0
G,G,G,G,G,G,5.5
G,G,G,G,G,G,6.0
G,G,G,Y,Y,Y,5.5
G,G,G,G,G,Y,5.0
G,G,G,G,G,Y,4.5
G,G,G,G,G,G,5.0
G,G,G,G,G,Y,4.5
G,G,G,G,G,Y,4.0
G,G,G,G,G,G,4.5
G,G,G,G,G,Y,4.0
G,G,G,G,G,G,4.5
G,G,G,G,G,Y,4.0
G,G,G,G,G,Y,3.5
G,G,G,G,G,G,4.0
G,G,G,G,G,Y,3.5
G,G,G,G,G,Y,3.0
G,G,G,G,G,Y,2.5
G,G,G,G,G,Y,2.0
G,G,G,G,G,Y,1.5
G,G,G,G,G,Y,1.0
G,G,G,G,G,Y,0.5
G,G,G,G,G,G,2.0
G,G,G,G,G,G,2.5
G,G,G,G,G,G,3.0
G,G,G,G,G,G,3.5
B,G,G,G,G,G,1.5
G,G,G,G,G,Y,1.0
B,G,G,G,G,Y,0
B,G,G,G,G,Y,0.0
B,G,G,G,G,Y,0.0
G,G,G,G,G,Y,1.0
B,G,G,G,G,G,0
G,G,G,G,Y,Y,1.0
B,G,G,G,G,G,0
G,G,G,G,G,Y,1.0
B,G,G,G,G,Y,0
B,G,G,G,G,Y,0.0
B,G,G,G,G,Y,0.0
B,G,G,G,G,Y,0.0
B,G,G,G,G,Y,0.0
B,G,G,G,G,G,0
G,G,G,G,Y,Y,1.0
B,G,G,G,G,Y,0
B,G,G,G,G,Y,0.0
B,G,G,G,G,Y,0.0
G,G,G,G,G,Y,1.0
B,G,G,G,G,G,0
G,G,G,G,G,Y,1.0
B,G,G,G,G,G,0
G,G,G,G,G,Y,1.0
B,G,G,G,G,G,0
G,G,G,G,G,Y,1.0
B,G,G,G,G,G,0
G,G,G,G,G,Y,1.0
B,G,G,G,G,G,0
G,G,G,G,G,Y,1.0
B,G,G,G,G,G,0
G,G,G,G,G,Y,1.0
B,G,G,G,G,G,0
G,G,G,G,G,Y,1.0
B,G,G,G,G,G,0
G,G,G,G,G,Y,1.0
G,G,G,G,G,G,1.5
G,G,G,G,G,G,2.0
G,G,G,G,G,G,2.5
G,G,G,G,G,G,3.0
G,G,G,G,G,G,3.5
G,G,G,G,G,G,4.0
G,G,G,G,G,G,4.5
G,G,G,G,G,G,5.0
G,G,G,G,G,G,5.5
G,G,G,G,G,G,6.0
Y,G,G,G,G,G,5.5
G,G,G,G,G,G,6.0
G,G,G,G,G,G,6.5
G,G,G,G,G,G,7.0
G,G,G,G,G,G,7.5
G,G,G,G,G,G,8.0
G,G,G,G,G,G,8.5
G,G,G,G,G,G,9.0
Y,Y,G,G,G,G,8.5
Y,Y,G,G,G,G,8.0
Y,Y,Y,G,G,G,7.5
Y,Y,Y,G,G,G,7.0
Y,Y,Y,G,G,G,6.5
Y,Y,Y,G,G,G,6.0
Y,Y,G,G,G,G,5.5
Y,Y,G,G,G,G,5.0
Y,G,G,G,G,G,4.5
Y,G,G,G,G,G,4.0
Y,G,G,G,G,G,3.5
G,G,G,G,G,G,4.0
G,G,G,G,G,G,4.5
G,G,G,G,G,Y,4.0
G,G,G,G,G,Y,3.5
G,G,G,G,G,G,4.0
G,G,G,G,G,G,4.5
G,G,G,G,G,G,5.0
G,G,G,G,G,G,5.5
G,G,G,G,G,G,6.0
Y,G,G,G,G,G,5.5
Y,G,G,G,G,G,5.0
Y,G,G,G,G,G,4.5
G,G,G,G,G,Y,4.0
G,G,G,G,G,G,4.5
G,G,G,G,G,G,5.0
G,G,G,G,G,G,5.5
G,G,G,G,G,G,6.0
G,G,G,G,G,G,6.5
G,G,B,G,G,G,4.5
B,B,B,G,G,G,2.5
B,G,G,G,Y,Y,1.0
B,G,G,G,Y,Y,0
B,G,G,G,Y,Y,0.0
B,G,G,G,Y,Y,0.0
G,G,G,G,Y,Y,1.0
G,G,G,G,G,Y,0.5
G,G,G,G,G,G,2.0
G,G,G,G,G,G,2.5
G,G,G,G,G,G,3.0
G,G,G,G,G,G,3.5
G,G,G,G,G,G,4.0
G,G,G,G,G,G,4.5
G,G,G,G,G,G,5.0
G,G,G,G,G,G,5.5
Y,G,G,G,G,G,5.0
G,G,G,G,G,Y,4.5
G,G,G,G,G,Y,4.0
Y,G,G,G,G,G,3.5
G,G,G,G,G,G,4.0
G,G,G,G,G,G,4.5
G,G,G,G,G,G,5.0
G,G,G,G,G,G,5.5
G,G,G,G,G,G,6.0
G,G,G,G,G,G,6.5
G,G,G,G,G,G,7.0
G,G,G,G,G,G,7.5
Y,G,G,G,G,G,7.0
G,G,G,G,G,G,7.5
G,G,G,G,G,B,5.5
Y,G,G,G,G,G,5.0
G,G,G,G,G,G,5.5
G,G,G,G,G,G,6.0
Y,G,G,G,G,G,5.5
G,G,G,G,G,G,6.0
G,G,G,G,G,G,6.5
Y,G,G,G,G,G,6.0
G,G,G,G,G,G,6.5
Y,Y,G,G,G,G,6.0
Y,G,G,G,G,G,5.5
G,G,G,G,G,G,6.0
G,G,G,G,G,G,6.5
Y,G,G,G,G,G,6.0
G,G,G,G,G,G,6.5
Y,Y,G,G,G,G,6.0
Y,G,G,G,G,G,5.5
Y,G,G,G,G,G,5.0
Y,G,G,G,G,G,4.5
G,G,G,G,G,G,5.0
G,G,G,G,G,G,5.5
Y,G,G,G,G,G,5.0
Y,G,G,G,G,G,4.5
O,G,G,G,G,G,3.0
O,G,G,G,G,G,1.5
G,G,G,G,G,G,2.0
G,G,G,G,G,G,2.5
G,G,G,G,G,Y,2.0
G,G,G,G,G,Y,1.5
G,G,G,G,G,G,2.0
G,G,G,G,G,G,2.5
G,G,G,G,G,G,3.0
G,G,G,G,G,G,3.5
G,G,G,G,G,G,4.0
G,G,G,G,G,G,4.5
Y,G,G,G,G,G,4.0
G,G,G,G,G,G,4.5
G,G,G,G,G,G,5.0
G,G,G,G,G,G,5.5
G,G,G,G,G,G,6.0
Y,G,G,G,G,G,5.5
G,G,G,G,G,G,6.0
G,G,G,G,G,G,6.5
G,G,G,G,G,G,7.0
G,G,G,G,G,G,7.5
G,G,G,G,G,G,8.0
G,G,G,G,G,G,8.5
G,G,G,G,G,G,9.0
G,G,G,G,G,G,9.5
G,G,G,G,G,G,10.0
G,G,G,G,G,G,10
G,G,G,G,Y,Y,9.5
G,G,G,G,G,Y,9.0
G,G,G,G,G,G,9.5
G,G,G,G,G,G,10.0
G,G,G,G,G,G,10
G,G,G,G,G,Y,9.5
G,G,G,G,G,G,10.0
G,G,G,G,G,G,10
G,G,G,G,G,G,10
G,G,G,G,G,Y,9.5
G,G,G,G,G,Y,9.0
G,G,G,G,Y,Y,8.5
G,G,G,G,Y,Y,8.0
G,G,G,G,Y,Y,7.5
G,G,G,G,G,Y,7.0
G,G,G,G,G,Y,6.5
G,G,G,G,G,G,7.0
G,G,G,G,G,G,7.5
G,G,G,G,G,G,8.0
Y,Y,G,G,G,G,7.5
Y,Y,G,G,G,G,7.0
Y,Y,G,G,G,G,6.5
Y,Y,G,G,G,G,6.0
Y,G,G,G,G,G,5.5
Y,Y,G,G,G,G,5.0
Y,G,G,G,G,G,4.5
G,G,G,G,G,G,5.0
G,G,G,G,G,G,5.5
G,G,G,G,G,G,6.0
G,G,G,G,G,Y,5.5
G,G,G,G,G,Y,5.0
G,G,G,G,G,Y,4.5
G,G,G,G,G,Y,4.0
G,G,G,G,G,G,4.5
G,G,G,G,G,G,5.0
G,G,G,G,G,G,5.5
O,G,G,G,G,G,4.0
Y,G,G,G,G,G,3.5
G,G,G,G,G,G,4.0
G,G,G,G,G,G,4.5
G,G,G,G,G,G,5.0
G,G,G,G,G,Y,4.5
G,G,G,G,G,G,5.0
G,G,G,G,G,G,5.5
G,G,G,G,G,G,6.0
G,G,G,G,G,G,6.5
Y,G,G,G,G,G,6.0
Y,G,G,G,G,G,5.5
Y,G,G,G,G,G,5.0
Y,G,G,G,G,G,4.5
Y,G,G,G,G,G,4.0
Y,G,G,G,G,G,3.5
G,G,G,G,G,Y,3.0
G,G,G,G,G,G,3.5
G,G,G,G,G,G,4.0
G,G,G,B,G,G,2.0
Y,G,G,B,B,B,0.5
Y,G,G,B,B,G,0.0
Y,G,B,B,B,G,0.0
G,B,B,B,G,G,0
B,B,B,G,G,Y,0.0
B,B,B,G,G,Y,0.0
B,B,B,G,G,Y,0.0
B,B,G,G,G,Y,0.0
B,B,G,G,G,Y,0.0
B,B,G,G,G,Y,0.0
B,B,G,G,G,Y,0.0
B,B,G,G,G,Y,0.0
B,B,G,G,G,Y,0.0
B,B,G,G,G,G,0
B,G,G,G,Y,Y,0.0
B,G,G,G,G,Y,0.0
B,G,G,G,G,Y,0.0
B,G,G,G,G,Y,0.0
B,G,G,G,G,Y,0.0
G,G,G,G,G,Y,1.0
G,G,G,G,G,G,1.5
G,G,G,G,G,G,2.0
G,G,G,G,G,G,2.5
G,G,G,G,G,G,3.0
G,G,G,G,G,G,3.5
G,G,G,G,G,G,4.0
G,G,G,G,G,G,4.5
Y,Y,G,G,G,G,4.0
Y,Y,G,G,G,G,3.5
Y,G,G,G,G,G,3.0
Y,G,G,G,G,G,2.5
Y,G,G,G,G,G,2.0
Y,G,G,G,G,G,1.5
Y,G,G,G,G,G,1.0
G,G,G,G,G,G,1.5
G,G,G,G,G,G,2.0
Y,G,G,G,G,G,1.5
G,G,G,G,G,G,2.0
G,G,G,G,G,G,2.5
G,G,G,G,G,G,3.0
Y,G,G,G,G,G,2.5
G,G,G,G,G,G,3.0
Y,G,G,G,G,G,2.5
G,G,G,G,G,G,3.0
G,G,G,G,G,G,3.5
Y,G,G,G,G,G,3.0
G,G,G,G,G,G,3.5
G,G,G,G,G,G,4.0
G,G,G,G,G,G,4.5
Y,G,G,G,G,G,4.0
G,G,G,G,G,G,4.5
G,G,G,G,G,G,5.0
G,G,G,G,G,Y,4.5
G,G,G,G,G,Y,4.0
G,G,G,G,G,G,4.5
G,G,G,G,G,G,5.0
G,G,G,G,G,G,5.5
G,G,G,G,G,G,6.0
G,G,G,G,G,Y,5.5
G,G,G,G,G,Y,5.0
G,G,G,G,G,Y,4.5
G,G,G,G,G,Y,4.0
G,G,G,G,G,G,4.5
G,G,G,G,G,G,5.0
G,G,G,G,G,Y,4.5
G,G,G,G,G,G,5.0
G,G,G,G,G,G,5.5
G,G,G,G,G,Y,5.0
G,G,G,G,G,G,5.5
O,G,G,G,G,Y,4.0
O,G,G,G,Y,Y,2.5
O,G,G,Y,Y,Y,1.0
O,G,G,Y,Y,Y,0
O,G,G,Y,Y,Y,0.0
O,G,Y,Y,Y,Y,0.0
O,G,Y,Y,Y,Y,0.0
O,G,Y,Y,Y,Y,0.0
O,Y,Y,Y,Y,Y,-1.0
G,Y,Y,Y,Y,Y,0.0
Y,Y,Y,Y,Y,Y,0.0
Y,Y,Y,Y,Y,Y,0.0
Y,Y,Y,Y,Y,Y,0.0
Y,Y,Y,Y,Y,Y,0.0
Y,Y,Y,Y,Y,Y,0.0
Y,Y,Y,Y,Y,Y,0.0
Y,Y,Y,Y,Y,G,0.0
Y,Y,Y,Y,G,G,1.0
Y,Y,Y,Y,G,G,0.5
Y,Y,Y,G,G,G,1.0
Y,Y,G,G,G,G,0.5
Y,G,G,G,G,G,1.0
G,G,G,G,G,G,1.5
Y,G,G,G,G,G,1.0
G,G,G,G,G,Y,0.5
G,G,G,G,G,G,2.0
Y,G,G,G,G,G,1.5
G,G,G,G,G,G,2.0
G,G,G,G,G,G,2.5
G,G,G,G,G,G,3.0
G,G,G,G,G,G,3.5
G,G,G,G,G,G,4.0
Y,G,G,G,G,G,3.5
G,G,G,G,G,G,4.0
Y,G,G,G,G,G,3.5
G,G,G,G,G,G,4.0
Y,G,G,G,G,G,3.5
Y,G,G,G,G,G,3.0
Y,G,G,G,G,G,2.5
Y,G,G,G,G,G,2.0
Y,Y,G,G,G,G,1.5
Y,G,G,G,G,G,1.0
G,G,G,G,G,G,1.5
G,G,G,G,G,G,2.0
Y,G,G,G,G,G,1.5
G,G,G,G,G,G,2.0
G,G,G,G,G,G,2.5
G,G,G,G,G,G,3.0
G,G,G,G,G,G,3.5
G,G,G,G,G,Y,3.0
G,G,G,G,G,G,3.5
G,G,G,G,G,G,4.0
G,G,G,G,G,G,4.5
G,G,G,G,G,G,5.0
G,G,G,G,G,G,5.5
G,G,G,G,G,G,6.0
G,G,G,G,G,G,6.5
G,G,G,G,G,G,7.0
G,G,G,G,G,G,7.5
G,G,G,G,G,G,8.0
G,G,G,G,G,Y,7.5
G,G,G,G,G,Y,7.0
G,G,G,G,Y,Y,6.5
G,G,G,G,Y,Y,6.0
G,G,G,G,Y,Y,5.5
G,G,G,G,G,Y,5.0
G,G,G,G,G,Y,4.5
G,G,G,G,G,G,5.0
G,G,G,G,G,G,5.5
G,G,B,B,B,G,3.5
G,B,B,B,G,Y,2.0
G,G,G,G,Y,Y,1.5
G,G,G,G,G,Y,1.0
G,G,B,G,G,Y,0
G,G,B,G,G,G,0
G,G,G,G,G,Y,1.0
G,G,G,G,G,Y,0.5
G,G,G,G,G,G,2.0
G,G,G,G,G,G,2.5
G,G,G,G,G,G,3.0
G,G,G,G,G,G,3.5
G,G,G,G,G,G,4.0
G,G,G,G,Y,Y,3.5
G,G,G,G,G,G,4.0
G,G,G,G,G,G,4.5
G,G,G,G,G,Y,4.0
G,G,G,G,G,G,4.5
G,G,G,G,G,Y,4.0
G,G,G,G,G,Y,3.5
G,G,G,G,G,G,4.0
G,G,G,G,G,Y,3.5
G,G,G,G,G,G,4.0
G,G,G,G,G,Y,3.5
G,G,G,G,Y,Y,3.0
G,G,G,G,G,Y,2.5
G,G,G,G,G,G,3.0
G,G,G,G,G,Y,2.5
G,G,G,G,G,G,3.0
G,G,G,G,G,G,3.5
G,G,G,G,G,G,4.0
G,G,G,G,O,O,2.5
G,G,G,G,G,O,1.0
G,G,G,G,G,G,1.5
G,G,G,G,G,G,2.0
G,G,G,G,G,G,2.5
G,G,G,G,G,G,3.0
Y,G,G,G,G,G,2.5
Y,G,G,G,G,G,2.0
Y,G,G,G,G,G,1.5
Y,G,G,G,G,G,1.0
G,G,G,G,G,G,1.5
G,G,G,G,G,G,2.0
G,G,G,G,G,G,2.5
G,G,G,G,G,G,3.0
G,G,G,G,G,G,3.5
G,G,G,G,G,G,4.0
G,G,G,G,G,G,4.5
G,G,G,G,G,G,5.0
G,G,G,G,G,Y,4.5
G,G,G,G,G,G,5.0
G,G,G,G,G,Y,4.5
G,G,G,G,G,G,5.0
G,G,G,G,G,G,5.5
G,G,G,G,G,G,6.0
G,G,G,G,G,G,6.5
G,G,G,G,G,G,7.0
G,G,G,G,G,G,7.5
G,G,G,G,G,G,8.0
G,G,G,G,G,G,8.5
G,G,G,G,G,G,9.0
G,G,G,G,G,G,9.5
Y,G,G,G,G,G,9.0
Y,G,G,G,G,G,8.5
Y,G,G,G,G,G,8.0
Y,G,G,G,G,G,7.5
Y,G,G,G,G,G,7.0
Y,G,G,G,G,G,6.5
Y,G,G,G,G,G,6.0
G,G,G,G,G,G,6.5
G,G,G,G,G,Y,6.0
G,G,G,G,G,Y,5.5
G,G,G,G,G,G,6.0
G,G,G,G,G,G,6.5
G,G,G,G,G,Y,6.0
G,G,G,G,G,G,6.5
Y,G,G,G,G,G,6.0
G,G,G,G,G,G,6.5
G,G,G,G,G,G,7.0
G,G,G,G,G,G,7.5
G,G,G,G,G,G,8.0
Y,G,G,G,G,G,7.5
G,G,G,G,G,G,8.0
G,G,G,G,G,G,8.5
G,G,G,G,G,G,9.0
Y,Y,G,G,G,G,8.5
G,G,G,G,G,G,9.0
Y,G,G,G,G,G,8.5
G,G,G,G,G,G,9.0
G,G,G,G,G,G,9.5
G,G,G,G,G,G,10.0
G,G,G,G,G,Y,9.5
G,G,G,G,G,G,10.0
G,G,G,G,G,G,10
G,G,G,G,G,G,10
G,G,G,G,O,O,8.5
G,G,G,Y,Y,Y,8.0
G,G,G,G,Y,Y,7.5
G,G,G,G,Y,Y,7.0
G,G,G,G,Y,Y,6.5
G,G,G,G,Y,Y,6.0
G,G,G,G,Y,Y,5.5
G,G,G,G,Y,Y,5.0
G,G,G,G,G,Y,4.5
G,G,G,G,G,Y,4.0
G,G,G,G,G,G,4.5
G,G,G,G,G,G,5.0
G,G,G,G,G,G,5.5
G,G,G,G,G,G,6.0
G,G,G,G,G,G,6.5
G,G,G,G,G,G,7.0
G,G,G,G,G,G,7.5
G,G,G,G,G,G,8.0
G,G,G,G,G,G,8.5
G,G,G,G,G,G,9.0
G,G,G,G,Y,Y,8.5
G,G,G,G,G,Y,8.0
G,G,G,G,G,Y,7.5
B,G,G,G,G,G,5.5
G,G,G,G,Y,Y,5.0
G,G,G,G,G,Y,4.5
G,G,G,G,G,Y,4.0
G,G,G,G,G,G,4.5
Y,G,G,G,G,G,4.0
G,G,G,G,G,Y,3.5
G,G,G,G,G,G,4.0
G,G,G,G,G,G,4.5
G,G,G,G,G,G,5.0
G,G,G,G,G,G,5.5
G,G,G,G,G,G,6.0
G,G,G,G,G,G,6.5
G,G,G,G,G,G,7.0
G,G,G,G,G,G,7.5
Y,G,G,G,G,G,7.0
G,G,G,G,G,G,7.5
G,G,G,G,G,G,8.0
G,G,G,B,G,G,6.0
G,G,G,B,B,G,4.0
Y,G,G,G,G,G,3.5
G,G,G,G,G,G,4.0
G,G,G,G,G,G,4.5
G,G,G,G,G,G,5.0
G,G,G,G,G,G,5.5
Y,G,G,G,G,G,5.0
G,G,G,G,G,Y,4.5
Y,G,G,G,G,G,4.0
G,G,G,G,G,G,4.5
G,G,G,G,G,G,5.0
G,G,G,G,G,G,5.5
G,G,G,G,G,G,6.0
G,G,G,G,G,G,6.5
G,G,G,G,G,Y,6.0
G,G,G,G,G,G,6.5
G,G,G,G,G,G,7.0
G,G,G,G,G,Y,6.5
G,G,G,G,G,G,7.0
G,G,G,G,G,Y,6.5
G,G,G,G,G,Y,6.0
G,G,G,G,G,Y,5.5
G,G,G,G,G,Y,5.0
G,G,G,G,G,Y,4.5
G,G,G,G,G,Y,4.0
G,G,G,G,G,Y,3.5
G,G,G,G,G,G,4.0
G,G,G,G,G,G,4.5
G,G,G,G,G,Y,4.0
G,G,G,G,G,Y,3.5
G,G,G,G,G,G,4.0
G,G,G,G,G,Y,3.5
G,G,G,G,G,G,4.0
G,G,G,G,G,G,4.5
G,G,G,G,G,G,5.0
G,G,G,G,G,G,5.5
G,G,G,G,G,Y,5.0
G,G,G,G,G,G,5.5
G,G,G,G,G,G,6.0
Y,G,G,G,G,G,5.5
G,G,G,G,G,G,6.0
G,G,G,G,G,G,6.5
G,G,G,G,G,G,7.0
G,G,G,G,G,G,7.5
G,G,G,G,G,G,8.0
G,G,G,G,B,B,6.0
G,G,G,G,G,G,6.5
G,G,G,G,G,G,7.0
G,G,G,G,G,G,7.5
Y,Y,G,G,G,G,7.0
Y,Y,G,G,G,G,6.5
Y,Y,G,G,G,G,6.0
Y,Y,Y,G,G,G,5.5
Y,Y,Y,G,G,G,5.0
Y,Y,Y,G,G,G,4.5
Y,Y,G,G,G,G,4.0
Y,Y,G,G,G,G,3.5
Y,G,G,G,G,G,3.0
Y,G,G,G,G,G,2.5
G,G,G,G,G,G,3.0
G,G,G,G,G,G,3.5
G,G,G,G,G,G,4.0
G,G,G,G,G,G,4.5
G,G,G,G,G,G,5.0
G,G,G,G,G,G,5.5
G,G,G,G,G,G,6.0
G,G,G,G,G,G,6.5
Y,Y,G,G,G,G,6.0
G,G,G,G,G,G,6.5
Y,Y,G,G,G,G,6.0
Y,G,G,G,G,G,5.5
Y,G,G,G,G,G,5.0
G,G,G,G,G,G,5.5
Y,G,G,G,G,G,5.0
Y,G,G,G,G,G,4.5
G,G,G,G,G,G,5.0
Y,G,G,G,G,G,4.5
G,G,G,G,G,G,5.0
G,G,G,G,G,G,5.5
G,G,G,G,O,O,4.0
Y,Y,G,G,G,G,3.5
Y,G,G,G,G,O,2.0
Y,G,G,G,G,O,0.5
Y,G,G,G,G,O,0.0
Y,G,G,G,G,O,0.0
Y,G,G,G,G,O,0.0
Y,G,G,G,G,O,0.0
Y,G,G,G,G,O,0.0
Y,G,G,G,G,O,0.0
Y,G,G,G,G,O,0.0
Y,G,G,G,G,O,0.0
Y,G,G,G,G,G,1.0
Y,G,G,G,G,O,0
Y,G,G,G,G,O,0.0
Y,G,G,G,G,G,1.0
G,G,G,G,G,O,0
Y,Y,G,G,G,G,1.0
Y,G,G,G,G,G,0.5
G,G,G,G,G,G,2.0
G,G,G,G,G,G,2.5
G,G,G,G,G,G,3.0
G,G,G,G,G,G,3.5
G,G,G,G,G,G,4.0
G,G,G,G,G,G,4.5
G,G,G,G,G,Y,4.0
G,G,G,G,G,G,4.5
G,G,G,G,G,G,5.0
G,G,G,G,G,G,5.5
G,G,G,G,G,G,6.0
G,G,G,G,G,G,6.5
G,G,G,G,G,G,7.0
G,G,G,G,G,G,7.5
G,G,G,G,G,O,6.0
Y,Y,G,G,G,G,5.5
Y,G,G,G,G,G,5.0
Y,G,G,G,G,O,3.5
Y,G,G,G,G,G,3.0
G,G,G,G,G,G,3.5
G,G,G,G,G,G,4.0
G,G,G,G,G,G,4.5
G,G,G,G,G,G,5.0
G,G,G,G,G,Y,4.5
G,G,G,G,G,Y,4.0
G,G,G,G,G,G,4.5
G,G,G,G,G,Y,4.0
G,G,G,G,G,G,4.5
G,G,G,G,G,G,5.0
G,G,G,G,G,Y,4.5
G,G,G,G,G,G,5.0
G,G,G,G,G,Y,4.5
G,G,G,G,G,G,5.0
G,G,G,G,G,Y,4.5
G,G,G,G,G,G,5.0
G,G,G,G,Y,Y,4.5
G,G,G,G,G,G,5.0
G,G,G,G,G,Y,4.5
G,G,G,G,G,G,5.0
G,G,G,G,G,Y,4.5
G,G,G,G,G,Y,4.0
G,G,G,G,G,G,4.5
G,G,G,G,G,Y,4.0
G,G,G,G,G,Y,3.5
G,G,G,G,G,G,4.0
G,G,G,G,G,Y,3.5
G,G,G,G,G,Y,3.0
G,G,G,G,G,G,3.5
G,G,G,G,G,G,4.0
G,G,G,G,G,Y,3.5
G,G,G,G,G,G,4.0
G,G,G,G,G,Y,3.5
G,G,G,G,G,G,4.0
G,G,G,G,G,Y,3.5
G,G,G,G,G,G,4.0
G,G,G,G,G,G,4.5
G,G,G,G,G,G,5.0
G,G,G,G,G,G,5.5
G,G,G,G,G,Y,5.0
G,G,G,G,G,G,5.5
G,G,G,G,G,G,6.0
G,G,G,G,G,Y,5.5
B,G,G,G,G,G,3.5
G,G,G,G,G,G,4.0
G,G,G,G,G,Y,3.5
G,G,G,G,G,G,4.0
G,G,G,G,G,G,4.5
Y,G,G,G,G,G,4.0
G,G,G,G,G,G,4.5
G,G,G,G,G,G,5.0
G,G,G,G,G,Y,4.5
G,G,G,G,G,G,5.0
G,G,G,G,G,Y,4.5
G,G,G,G,G,G,5.0
Y,G,G,G,G,G,4.5
G,G,G,G,G,G,5.0
G,G,G,G,G,G,5.5
G,G,G,G,G,G,6.0
Y,G,G,B,B,G,4.5
Y,G,G,B,B,B,3.0
Y,G,G,G,B,B,1.5
G,G,G,G,G,G,2.0
G,G,G,G,G,G,2.5
G,G,G,G,G,G,3.0
G,G,G,G,G,G,3.5
G,G,G,G,G,G,4.0
G,G,G,G,G,G,4.5
G,G,G,G,G,Y,4.0
G,G,G,G,G,G,4.5
G,G,G,G,G,G,5.0
G,G,G,G,G,G,5.5
G,G,G,G,G,G,6.0
G,G,G,G,G,Y,5.5
G,G,G,G,G,G,6.0
G,G,G,G,G,G,6.5
G,G,G,G,G,G,7.0
G,G,G,G,G,Y,6.5
G,G,G,G,G,G,7.0
G,G,G,G,Y,Y,6.5
G,G,G,G,G,G,7.0
G,G,G,G,G,Y,6.5
G,G,G,G,G,Y,6.0
G,G,G,G,G,G,6.5
G,G,G,G,G,G,7.0
O,G,G,G,G,Y,5.5
O,O,O,Y,Y,Y,4.0
O,O,G,Y,Y,Y,2.5
O,G,Y,Y,Y,Y,1.0
O,G,Y,Y,Y,Y,0
O,G,G,Y,Y,Y,0.0
O,G,G,Y,Y,Y,0.0
O,G,G,Y,Y,Y,0.0
O,G,G,Y,Y,Y,0.0
O,G,G,Y,Y,Y,0.0
G,G,G,Y,Y,Y,1.0
O,G,G,G,Y,Y,0
O,G,G,G,Y,Y,0.0
G,G,G,G,Y,Y,1.0
G,G,G,G,G,Y,0.5
G,G,G,G,G,G,2.0
G,G,G,G,G,G,2.5
G,G,G,G,G,G,3.0
G,G,G,G,G,G,3.5
G,G,G,G,G,G,4.0
G,G,G,G,G,G,4.5
G,G,G,G,G,G,5.0
G,G,G,G,G,G,5.5
Y,Y,Y,Y,G,G,5.0
Y,Y,Y,Y,G,G,4.5
Y,Y,Y,G,G,G,4.0
Y,Y,Y,G,G,G,3.5
Y,Y,Y,G,G,G,3.0
Y,Y,Y,G,G,G,2.5
Y,Y,Y,G,G,G,2.0
Y,Y,G,G,G,G,1.5
Y,Y,G,G,G,G,1.0
Y,Y,G,G,G,G,0.5
Y,Y,G,G,G,G,1.0
Y,Y,G,G,G,G,0.5
Y,G,G,G,G,G,1.0
Y,Y,G,G,G,G,0.5
Y,G,G,G,G,G,1.0
G,G,G,G,G,G,1.5
G,G,G,G,G,G,2.0
G,G,G,G,G,G,2.5
Y,G,G,G,G,G,2.0
G,G,G,G,G,G,2.5
G,G,G,G,G,G,3.0
G,G,G,G,G,G,3.5
G,G,G,G,G,Y,3.0
G,G,G,G,G,Y,2.5
G,G,G,G,G,G,3.0
G,G,G,G,G,Y,2.5
G,G,G,G,G,G,3.0
G,G,G,G,G,G,3.5
G,G,G,G,G,G,4.0
G,G,G,G,G,G,4.5
G,G,G,G,G,G,5.0
G,G,G,G,G,G,5.5
G,G,G,G,G,G,6.0
G,G,G,G,G,G,6.5
G,G,G,G,G,G,7.0
G,G,G,G,G,G,7.5
G,G,G,G,G,Y,7.0
G,G,G,G,Y,Y,6.5
G,G,G,G,Y,Y,6.0
G,G,G,G,Y,Y,5.5
G,G,G,G,G,Y,5.0
G,G,G,G,G,Y,4.5
G,G,G,G,G,Y,4.0
G,G,G,G,G,G,4.5
G,G,G,G,G,G,5.0
G,G,G,G,G,G,5.5
G,G,B,B,B,G,3.5
G,B,B,B,G,Y,2.0
G,B,G,G,G,Y,0.5
G,G,G,G,G,Y,1.0
G,G,G,G,G,Y,0.5
G,G,G,G,G,G,2.0
G,G,G,G,G,G,2.5
G,G,G,G,G,G,3.0
G,G,G,G,G,G,3.5
G,G,G,G,G,Y,3.0
G,G,G,G,G,G,3.5
G,G,G,G,G,G,4.0
G,G,G,G,G,Y,3.5
G,G,G,G,G,G,4.0
G,G,G,G,G,Y,3.5
G,G,G,G,G,G,4.0
G,G,G,G,G,Y,3.5
G,G,G,G,G,G,4.0
G,G,G,G,G,Y,3.5
G,G,G,G,G,G,4.0
G,G,G,G,G,Y,3.5
G,G,G,G,Y,Y,3.0
G,G,G,G,G,G,3.5
G,G,G,G,G,Y,3.0
G,G,G,G,G,Y,2.5
G,G,G,G,G,Y,2.0
G,G,G,G,G,G,2.5
G,G,G,G,G,G,3.0
G,G,G,G,G,G,3.5
G,G,G,G,G,G,4.0
G,G,G,G,O,O,2.5
G,G,G,G,G,G,3.0
G,G,G,G,G,G,3.5
G,G,G,G,G,G,4.0
G,G,G,G,G,G,4.5
G,G,G,G,G,G,5.0
Y,G,G,G,G,G,4.5
Y,G,G,G,G,G,4.0
G,G,G,G,G,G,4.5
G,G,G,G,G,G,5.0
G,G,G,G,G,G,5.5
G,G,G,G,G,G,6.0
G,G,G,G,G,G,6.5
G,G,G,G,G,Y,6.0
G,G,G,G,G,Y,5.5
G,G,G,G,G,G,6.0
G,G,G,G,G,G,6.5
G,G,G,G,G,G,7.0
G,G,G,G,G,G,7.5
G,G,G,G,G,G,8.0
G,G,G,G,G,G,8.5
G,G,G,G,G,Y,8.0
G,G,G,G,G,G,8.5
G,G,G,G,G,G,9.0
Y,G,G,G,G,G,8.5
Y,Y,G,G,G,G,8.0
Y,Y,G,G,G,G,7.5
Y,Y,G,G,G,G,7.0
Y,Y,G,G,G,G,6.5
Y,Y,G,G,G,G,6.0
Y,G,G,G,G,G,5.5
Y,G,G,G,G,G,5.0
G,G,G,G,G,G,5.5
G,G,G,G,G,Y,5.0
G,G,G,G,G,G,5.5
Y,G,G,G,G,G,5.0
G,G,G,G,G,G,5.5
G,G,G,G,G,Y,5.0
G,G,G,G,G,G,5.5
G,G,G,G,G,G,6.0
G,G,G,G,G,Y,5.5
G,G,G,G,G,G,6.0
G,G,G,G,G,G,6.5
G,G,G,G,G,G,7.0
G,G,G,G,G,Y,6.5
G,G,G,G,G,G,7.0
Y,Y,G,G,G,G,6.5
Y,G,G,G,G,G,6.0
G,G,G,G,G,G,6.5
G,G,G,G,G,G,7.0
G,G,G,G,G,G,7.5
Y,G,G,G,G,G,7.0
G,G,G,G,G,G,7.5
G,G,G,G,G,G,8.0
G,G,G,G,G,G,8.5
Y,G,G,G,G,G,8.0
G,G,G,G,G,G,8.5
G,G,G,G,G,G,9.0
G,G,G,G,G,G,9.5
G,G,G,G,G,Y,9.0
G,G,G,G,G,G,9.5
G,G,G,G,G,G,10.0
G,G,G,G,O,O,8.5
G,G,G,G,Y,Y,8.0
G,G,G,G,Y,Y,7.5
G,G,G,G,Y,Y,7.0
G,G,G,G,Y,Y,6.5
G,G,G,G,Y,Y,6.0
G,G,G,G,Y,Y,5.5
G,G,G,G,Y,Y,5.0
G,G,G,G,Y,Y,4.5
G,G,G,G,G,Y,4.0
G,G,G,G,G,Y,3.5
G,G,G,G,G,G,4.0
G,G,G,G,G,G,4.5
G,G,G,G,G,G,5.0
G,Y,G,G,G,G,4.5
G,G,G,G,G,G,5.0
Y,G,G,G,G,G,4.5
G,G,G,G,G,G,5.0
G,G,G,G,G,G,5.5
G,G,G,G,G,Y,5.0
G,G,G,G,G,G,5.5
G,G,G,G,G,G,6.0
G,G,G,G,G,G,6.5
G,G,G,G,G,G,7.0
G,G,G,G,G,Y,6.5
G,G,G,G,G,Y,6.0
G,G,G,G,G,G,6.5
B,G,G,G,G,G,4.5
G,G,G,G,Y,Y,4.0
G,G,G,G,G,Y,3.5
G,G,G,G,G,Y,3.0
G,G,G,G,G,G,3.5
G,G,G,G,G,G,4.0
G,G,G,G,G,G,4.5
G,G,G,G,G,G,5.0
G,G,G,G,G,G,5.5
G,G,G,G,G,G,6.0
G,G,G,G,G,Y,5.5
G,G,G,G,G,G,6.0
Y,G,G,G,G,G,5.5
G,G,G,G,G,Y,5.0
G,G,G,G,G,G,5.5
G,G,G,G,G,G,6.0
G,G,G,G,G,G,6.5
G,G,G,G,G,G,7.0
G,G,G,G,G,G,7.5
G,G,G,G,G,G,8.0
G,G,G,G,B,G,6.0
Y,Y,G,G,B,B,4.5
Y,G,G,G,G,G,4.0
G,G,G,G,G,G,4.5
G,G,G,G,G,G,5.0
G,G,G,G,G,G,5.5
G,G,G,G,G,G,6.0
G,G,G,G,G,G,6.5
G,G,G,G,G,G,7.0
G,G,G,G,G,G,7.5
G,G,G,G,G,G,8.0
G,G,G,G,G,Y,7.5
Y,G,G,G,G,G,7.0
G,G,G,G,G,Y,6.5
G,G,G,G,G,G,7.0
G,G,G,G,G,G,7.5
G,G,G,G,G,Y,7.0
G,G,G,G,G,Y,6.5
G,G,G,G,G,Y,6.0
G,G,G,G,G,G,6.5
G,G,G,G,G,Y,6.0
G,G,G,G,G,Y,5.5
G,G,G,G,Y,Y,5.0
G,G,G,G,G,Y,4.5
G,G,G,G,G,Y,4.0
G,G,G,G,G,Y,3.5
G,G,G,G,G,Y,3.0
G,G,G,G,G,Y,2.5
G,G,G,G,G,G,3.0
G,G,G,G,G,G,3.5
G,G,G,G,G,G,4.0
G,G,G,G,G,G,4.5
G,G,G,G,G,G,5.0
G,G,G,G,G,G,5.5
G,G,G,G,G,G,6.0
G,G,G,G,G,G,6.5
G,G,G,G,G,Y,6.0
G,G,G,G,G,G,6.5
G,G,G,G,G,Y,6.0
G,G,G,G,G,G,6.5
Y,G,G,G,G,G,6.0
G,G,G,G,G,G,6.5
Y,G,G,G,G,G,6.0
G,G,G,G,G,G,6.5
G,G,G,G,G,G,7.0
G,G,G,G,G,B,5.0
Y,G,G,G,G,G,4.5
G,G,G,G,G,G,5.0
G,G,G,G,G,G,5.5
Y,G,G,G,G,G,5.0
Y,G,G,G,G,G,4.5
Y,G,G,G,G,G,4.0
G,G,G,G,G,G,4.5
G,G,G,G,G,G,5.0
Y,G,G,G,G,G,4.5
Y,G,G,G,G,G,4.0
Y,G,G,G,G,G,3.5
G,G,G,G,G,G,4.0
G,G,G,G,G,G,4.5
G,G,G,G,G,G,5.0
Y,G,G,G,G,G,4.5
Y,G,G,G,G,G,4.0
G,G,G,G,G,G,4.5
G,G,G,G,G,G,5.0
G,G,G,G,G,G,5.5
Y,G,G,G,G,G,5.0
Y,G,G,G,G,G,4.5
G,G,G,G,G,G,5.0
G,G,G,G,G,G,5.5
Y,G,G,G,G,G,5.0
Y,G,G,G,G,G,4.5
G,G,G,G,G,G,5.0
Y,G,G,G,G,G,4.5
G,G,G,G,G,G,5.0
Y,G,G,G,G,G,4.5
Y,Y,G,G,G,G,4.0
G,G,G,G,G,G,4.5
Y,G,G,G,G,G,4.0
G,G,G,G,G,G,4.5
G,G,G,G,G,G,5.0
G,G,G,G,O,G,3.5
Y,G,G,G,G,O,2.0
Y,Y,G,G,G,G,1.5
Y,G,G,G,G,O,0.0
Y,G,G,G,G,O,0.0
Y,G,G,G,G,O,0.0
Y,G,G,G,G,O,0.0
Y,G,G,G,G,O,0.0
Y,G,G,G,G,O,0.0
Y,G,G,G,G,O,0.0
Y,G,G,G,G,O,0.0
Y,G,G,G,G,O,0.0
Y,G,G,G,G,O,0.0
Y,G,G,G,G,O,0.0
Y,G,G,G,G,O,0.0
Y,G,G,G,G,O,0.0
Y,G,G,G,G,G,1.0
Y,G,G,G,G,O,0
Y,G,G,G,G,O,0.0
Y,G,G,G,G,O,0.0
Y,G,G,G,G,O,0.0
Y,G,G,G,G,G,1.0
G,G,G,G,G,O,0
Y,G,G,G,G,G,1.0
Y,G,G,G,G,G,0.5
G,G,G,G,G,G,2.0
G,G,G,G,G,G,2.5
G,G,G,G,G,G,3.0
G,G,G,G,G,G,3.5
G,G,G,G,G,G,4.0
G,G,G,G,G,G,4.5
G,G,G,G,G,Y,4.0
G,G,G,G,G,G,4.5
G,G,G,G,G,G,5.0
G,G,G,G,G,G,5.5
G,G,G,G,G,G,6.0
G,G,G,G,G,G,6.5
G,G,G,G,G,G,7.0
G,G,G,G,G,G,7.5
G,G,G,G,G,O,6.0
Y,Y,G,G,G,G,5.5
Y,G,G,G,G,G,5.0
Y,G,G,G,G,O,3.5
Y,G,G,G,G,G,3.0
G,G,G,G,G,G,3.5
G,G,G,G,G,G,4.0
G,G,G,G,G,G,4.5
G,G,G,G,G,G,5.0
G,G,G,G,G,Y,4.5
G,G,G,G,G,Y,4.0
G,G,G,G,G,G,4.5
G,G,G,G,G,Y,4.0
G,G,G,G,G,G,4.5
G,G,G,G,G,G,5.0
G,G,G,G,G,Y,4.5
G,G,G,G,G,G,5.0
G,G,G,G,G,Y,4.5
G,G,G,G,G,G,5.0
G,G,G,G,G,Y,4.5
G,G,G,G,G,G,5.0
G,G,G,G,Y,Y,4.5
G,G,G,G,G,G,5.0
G,G,G,G,G,Y,4.5
G,G,G,G,G,G,5.0
G,G,G,G,G,Y,4.5
G,G,G,G,Y,Y,4.0
G,G,G,G,G,G,4.5
G,G,G,G,G,Y,4.0
G,G,G,G,G,Y,3.5
G,G,G,G,G,G,4.0
G,G,G,G,G,Y,3.5
G,G,G,G,G,Y,3.0
G,G,G,G,G,G,3.5
G,G,G,G,G,Y,3.0
G,G,G,G,G,G,3.5
G,G,G,G,G,G,4.0
G,G,G,G,G,G,4.5
G,G,G,G,G,Y,4.0
G,G,G,G,G,Y,3.5
G,G,G,G,G,G,4.0
G,G,G,G,G,G,4.5
G,G,G,G,G,G,5.0
G,G,G,G,G,G,5.5
G,G,G,G,G,Y,5.0
G,G,G,G,G,G,5.5
G,G,G,G,G,G,6.0
G,G,G,G,G,Y,5.5
B,G,G,G,G,G,3.5
G,G,G,G,G,G,4.0
G,G,G,G,G,Y,3.5
G,G,G,G,G,G,4.0
G,G,G,G,G,Y,3.5
G,G,G,G,G,G,4.0
Y,G,G,G,G,G,3.5
G,G,G,G,G,G,4.0
G,G,G,G,G,G,4.5
G,G,G,G,G,G,5.0
G,G,G,G,G,G,5.5
Y,G,G,G,G,G,5.0
G,G,G,G,G,G,5.5
G,G,G,G,G,G,6.0
G,G,G,G,G,G,6.5
G,G,B,B,G,G,4.5
G,B,B,B,G,Y,3.0
G,G,G,G,G,Y,2.5
G,G,G,G,G,Y,2.0
G,G,G,G,G,G,2.5
G,G,G,G,G,G,3.0
G,G,G,G,G,G,3.5
G,G,G,G,G,G,4.0
G,G,G,G,G,G,4.5
Y,G,G,G,G,G,4.0
G,G,G,G,G,G,4.5
G,G,G,G,G,G,5.0
G,G,G,G,G,Y,4.5
G,G,G,G,G,G,5.0
Y,G,G,G,G,G,4.5
G,G,G,G,G,G,5.0
G,G,G,G,G,G,5.5
G,G,G,G,G,Y,5.0
G,G,G,G,G,G,5.5
G,G,G,G,G,G,6.0
G,G,G,G,G,Y,5.5
G,G,G,G,G,G,6.0
G,G,G,G,G,Y,5.5
G,G,G,G,G,G,6.0
G,G,G,G,G,G,6.5
G,G,G,G,G,Y,6.0
G,G,G,G,G,Y,5.5
G,G,G,G,G,G,6.0
G,G,G,G,G,Y,5.5
G,G,G,G,G,G,6.0
G,O,O,G,G,G,4.5
O,O,G,Y,Y,Y,3.0
O,G,Y,Y,Y,Y,1.5
O,G,Y,Y,Y,Y,0.0
O,G,Y,Y,Y,Y,0.0
O,G,Y,Y,Y,Y,0.0
O,G,Y,Y,Y,Y,0.0
G,G,Y,Y,Y,Y,1.0
O,G,Y,Y,Y,Y,0
O,G,G,Y,Y,Y,0.0
O,G,G,Y,Y,Y,0.0
O,G,G,Y,Y,Y,0.0
O,G,G,Y,Y,Y,0.0
O,G,G,Y,Y,Y,0.0
O,G,G,Y,Y,Y,0.0
O,G,G,Y,Y,Y,0.0
G,G,Y,Y,Y,Y,1.0
O,G,G,G,Y,Y,0
O,G,G,G,Y,Y,0.0
G,G,G,G,Y,Y,1.0
G,G,G,G,G,Y,0.5
G,G,G,G,G,G,2.0
G,G,G,G,G,G,2.5
G,G,G,G,G,G,3.0
G,G,G,G,G,G,3.5
G,G,G,G,G,G,4.0
G,G,G,G,G,G,4.5
G,G,G,G,G,G,5.0
G,G,G,G,G,G,5.5
Y,Y,Y,Y,G,G,5.0
Y,Y,Y,Y,Y,G,3.5
Y,Y,Y,Y,G,G,3.0
Y,Y,Y,Y,G,G,2.5
Y,Y,Y,G,G,G,2.0
Y,Y,Y,G,G,G,1.5
Y,Y,Y,G,G,G,1.0
Y,Y,G,G,G,G,0.5
Y,Y,G,G,G,G,1.0
Y,Y,G,G,G,G,0.5
Y,Y,G,G,G,G,1.0
Y,G,G,G,G,G,0.5
Y,G,G,G,G,G,1.0
Y,G,G,G,G,G,0.5
G,G,G,G,G,G,2.0
G,G,G,G,G,G,2.5
G,G,G,G,G,G,3.0
G,G,G,G,G,G,3.5
G,G,G,G,G,G,4.0
G,G,G,G,G,G,4.5
G,G,G,G,G,G,5.0
G,G,G,G,G,G,5.5
G,G,G,G,G,G,6.0
G,G,G,G,G,G,6.5
G,G,G,G,G,G,7.0
G,G,G,G,G,Y,6.5
G,G,G,G,G,G,7.0
G,G,G,G,G,G,7.5
G,G,G,G,G,Y,7.0
G,G,G,G,G,Y,6.5
G,G,G,G,G,Y,6.0
G,G,G,G,G,Y,5.5
G,G,G,G,G,Y,5.0
G,G,G,G,G,G,5.5
G,G,G,G,G,G,6.0
G,G,G,G,G,G,6.5
G,G,G,G,G,G,7.0
G,B,B,B,G,Y,5.5
B,B,G,G,Y,Y,4.0
G,G,Y,Y,Y,Y,3.5
G,G,G,Y,Y,Y,3.0
G,G,G,G,Y,Y,2.5
G,G,G,G,Y,Y,2.0
G,G,G,G,G,Y,1.5
G,G,G,G,G,G,2.0
G,G,G,G,G,G,2.5
G,G,G,G,G,G,3.0
G,G,G,G,G,G,3.5
G,G,G,G,G,Y,3.0
G,G,G,G,G,G,3.5
G,G,G,G,G,G,4.0
G,G,G,G,G,G,4.5
G,G,G,G,G,G,5.0
G,G,G,G,G,Y,4.5
G,G,G,G,G,Y,4.0
G,G,G,G,G,G,4.5
G,G,G,G,G,Y,4.0
G,G,G,G,Y,Y,3.5
G,G,G,G,G,G,4.0
G,G,G,G,G,Y,3.5
G,G,G,G,G,Y,3.0
G,G,G,G,G,Y,2.5
G,G,G,G,G,G,3.0
G,G,G,G,G,G,3.5
G,G,G,G,G,G,4.0
G,G,G,G,O,G,2.5
G,G,G,G,G,O,1.0
G,G,G,G,G,G,1.5
G,G,G,G,G,G,2.0
G,G,G,G,G,G,2.5
G,G,G,G,G,G,3.0
Y,G,G,G,G,G,2.5
Y,G,G,G,G,G,2.0
Y,G,G,G,G,G,1.5
Y,G,G,G,G,G,1.0
Y,G,G,G,G,G,0.5
G,G,G,G,G,G,2.0
G,G,G,G,G,G,2.5
G,G,G,G,G,G,3.0
G,G,G,G,G,G,3.5
G,G,G,G,G,G,4.0
G,G,G,G,G,G,4.5
G,G,G,G,G,G,5.0
G,G,G,G,G,Y,4.5
G,G,G,G,Y,Y,4.0
G,G,G,G,G,Y,3.5
G,G,G,G,G,G,4.0
G,G,G,G,G,G,4.5
G,G,G,G,G,G,5.0
G,G,G,G,G,G,5.5
G,G,G,G,G,G,6.0
G,G,G,G,G,G,6.5
G,G,G,G,G,G,7.0
G,G,G,G,G,G,7.5
G,G,G,G,G,G,8.0
G,G,G,G,G,G,8.5
G,G,G,G,G,G,9.0
G,G,G,G,G,Y,8.5
G,G,G,G,G,G,9.0
Y,G,G,G,G,G,8.5
Y,Y,G,G,G,G,8.0
Y,Y,G,G,G,G,7.5
Y,Y,G,G,G,G,7.0
Y,Y,G,G,G,G,6.5
Y,Y,G,G,G,G,6.0
Y,G,G,G,G,G,5.5
Y,G,G,G,G,G,5.0
G,G,G,G,G,G,5.5
G,G,G,G,G,G,6.0
G,G,G,G,G,G,6.5
G,G,G,G,G,G,7.0
G,G,G,G,G,Y,6.5
G,G,G,G,G,Y,6.0
G,G,G,G,G,G,6.5
G,G,G,G,G,G,7.0
G,G,G,G,G,G,7.5
G,G,G,G,G,Y,7.0
G,G,G,G,G,G,7.5
Y,G,G,G,G,G,7.0
G,G,G,G,G,G,7.5
Y,Y,G,G,G,G,7.0
G,G,G,G,G,G,7.5
Y,G,G,G,G,G,7.0
G,G,G,G,G,G,7.5
G,G,G,G,G,G,8.0
G,G,G,G,G,G,8.5
G,G,G,G,G,G,9.0
G,G,G,G,G,G,9.5
G,G,G,G,G,G,10.0
Y,G,G,G,G,G,9.5
G,G,G,G,G,G,10.0
G,G,G,G,G,G,10
G,G,G,G,G,Y,9.5
G,G,G,G,O,O,8.0
G,G,G,G,G,Y,7.5
G,G,G,G,G,Y,7.0
G,G,G,G,G,Y,6.5
G,G,G,G,G,Y,6.0
G,G,G,G,G,Y,5.5
G,G,G,G,G,Y,5.0
G,G,G,G,G,Y,4.5
G,G,G,G,G,G,5.0
G,G,G,G,G,G,5.5
G,G,G,G,G,G,6.0
G,G,G,G,G,G,6.5
G,G,G,G,G,Y,6.0
G,G,G,G,G,G,6.5
G,G,G,G,G,G,7.0
G,G,G,G,G,Y,6.5
G,G,G,G,G,G,7.0
G,G,G,G,G,Y,6.5
G,G,G,G,G,G,7.0
G,G,G,G,G,G,7.5
G,G,G,G,G,Y,7.0
G,G,G,G,G,G,7.5
G,G,G,G,G,G,8.0
G,G,G,G,Y,Y,7.5
G,G,G,G,G,G,8.0
G,G,G,G,G,Y,7.5
G,G,G,G,G,G,8.0
G,G,G,G,G,G,8.5
G,G,G,G,G,Y,8.0
G,G,G,G,G,G,8.5
G,G,G,G,G,G,9.0
G,G,G,G,G,G,9.5
G,G,G,G,G,G,10.0
G,G,G,G,G,G,10
G,G,G,G,G,G,10
Y,G,G,B,B,G,8.5
Y,G,G,G,B,B,7.0
G,G,G,G,G,G,7.5
G,G,G,G,G,G,8.0
G,G,G,G,G,G,8.5
G,G,G,G,G,G,9.0
G,G,G,G,G,G,9.5
G,G,G,G,G,G,10.0
G,G,G,G,Y,Y,9.5
G,G,G,G,G,G,10.0
G,G,G,G,G,Y,9.5
G,G,G,G,G,Y,9.0
G,G,G,G,G,Y,8.5
G,G,G,G,G,Y,8.0
G,G,G,G,G,Y,7.5
G,G,G,G,Y,Y,7.0
G,G,G,G,Y,Y,6.5
G,G,G,G,Y,Y,6.0
G,G,G,G,G,Y,5.5
G,G,G,G,G,Y,5.0
G,G,G,G,G,Y,4.5
G,G,G,G,G,Y,4.0
G,G,G,G,G,G,4.5
G,G,G,G,G,G,5.0
G,G,G,G,G,G,5.5
G,G,G,G,G,G,6.0
Y,G,G,G,G,G,5.5
G,G,G,G,G,G,6.0
G,G,G,G,G,G,6.5
G,G,G,G,G,G,7.0
G,G,G,G,G,G,7.5
G,G,G,G,G,G,8.0
G,G,G,G,G,G,8.5
G,G,G,G,G,Y,8.0
G,G,G,G,G,G,8.5
G,G,G,G,G,B,6.5
Y,G,G,G,G,G,6.0
Y,G,G,G,G,G,5.5
Y,G,G,G,G,G,5.0
Y,G,G,G,G,G,4.5
Y,G,G,G,G,G,4.0
G,G,G,G,G,G,4.5
G,G,G,G,G,G,5.0
Y,G,G,G,G,G,4.5
Y,G,G,G,G,G,4.0
Y,G,G,G,G,G,3.5
G,G,G,G,G,G,4.0
G,G,G,G,G,G,4.5
G,G,G,G,G,G,5.0
Y,G,G,G,G,G,4.5
G,G,G,G,G,G,5.0
Y,G,G,G,G,G,4.5
G,G,G,G,G,G,5.0
Y,G,G,G,G,G,4.5
G,G,G,G,G,G,5.0
G,G,G,G,G,G,5.5
Y,G,G,G,G,G,5.0
G,G,G,G,G,G,5.5
Y,G,G,G,G,G,5.0
Y,G,G,G,G,G,4.5
G,G,G,G,G,G,5.0
Y,G,G,G,G,G,4.5
G,Y,G,G,G,G,4.0
G,G,G,G,G,G,4.5
Y,G,G,G,G,G,4.0
G,G,G,G,G,G,4.5
G,G,G,G,G,G,5.0
Y,G,G,G,G,G,4.5
G,G,G,G,G,G,5.0
G,G,G,G,O,G,3.5
Y,G,G,G,G,O,2.0
Y,Y,G,G,G,G,1.5
Y,G,G,G,G,O,0.0
Y,G,G,G,G,O,0.0
Y,G,G,G,G,O,0.0
Y,G,G,G,G,O,0.0
Y,G,G,G,G,O,0.0
Y,G,G,G,G,O,0.0
Y,G,G,G,G,O,0.0
Y,G,G,G,G,O,0.0
Y,G,G,G,G,O,0.0
Y,G,G,G,G,O,0.0
Y,G,G,G,G,O,0.0
Y,Y,G,G,G,O,0.0
Y,G,G,G,G,G,1.0
Y,G,G,G,G,O,0
Y,G,G,G,G,O,0.0
Y,G,G,G,G,O,0.0
Y,G,G,G,G,O,0.0
Y,G,G,G,G,G,1.0
G,G,G,G,G,O,0
Y,G,G,G,G,G,1.0
Y,G,G,G,G,G,0.5
G,G,G,G,G,G,2.0
G,G,G,G,G,G,2.5
G,G,G,G,G,G,3.0
G,G,G,G,G,G,3.5
G,G,G,G,G,G,4.0
G,G,G,G,G,G,4.5
G,G,G,G,G,Y,4.0
G,G,G,G,G,G,4.5
G,G,G,G,G,G,5.0
G,G,G,G,G,G,5.5
G,G,G,G,G,G,6.0
G,G,G,G,G,G,6.5
G,G,G,G,G,G,7.0
G,G,G,G,G,G,7.5
G,G,G,G,G,O,6.0
Y,Y,G,G,G,G,5.5
Y,G,G,G,G,G,5.0
Y,G,G,G,G,O,3.5
Y,G,G,G,G,G,3.0
G,G,G,G,G,G,3.5
G,G,G,G,G,G,4.0
G,G,G,G,G,Y,3.5
G,G,G,G,G,G,4.0
G,G,G,G,G,G,4.5
G,G,G,G,G,G,5.0
G,G,G,G,Y,G,4.5
G,G,G,G,G,G,5.0
G,G,G,G,G,Y,4.5
G,G,G,G,G,G,5.0
G,G,G,G,G,Y,4.5
G,G,G,G,G,G,5.0
G,G,G,G,G,G,5.5
G,G,G,G,G,Y,5.0
G,G,G,G,G,Y,4.5
G,G,G,G,G,G,5.0
G,G,G,G,G,Y,4.5
G,G,G,G,G,G,5.0
G,G,G,G,G,Y,4.5
G,G,G,G,G,Y,4.0
G,G,G,G,G,G,4.5
G,G,G,G,G,Y,4.0
G,G,G,G,G,G,4.5
G,G,G,G,G,Y,4.0
G,G,G,G,G,G,4.5
G,G,G,G,G,Y,4.0
G,G,G,G,G,Y,3.5
G,G,G,G,G,Y,3.0
G,G,G,G,G,Y,2.5
G,G,G,G,G,G,3.0
G,G,G,G,G,G,3.5
G,G,G,G,G,G,4.0
G,G,G,G,G,G,4.5
G,G,G,G,G,Y,4.0
G,G,G,G,G,G,4.5
G,G,G,G,G,Y,4.0
G,G,G,G,G,G,4.5
G,G,G,G,G,G,5.0
G,G,G,G,G,G,5.5
G,G,G,G,G,Y,5.0
G,G,G,G,G,G,5.5
G,G,G,G,G,Y,5.0
G,G,G,G,G,G,5.5
B,G,G,G,G,Y,4.0
B,G,G,G,G,G,2.0
G,G,G,G,G,G,2.5
G,G,G,G,G,G,3.0
G,G,G,G,G,G,3.5
G,G,G,G,G,G,4.0
G,G,G,G,G,Y,3.5
G,G,G,G,G,G,4.0
G,G,G,G,G,Y,3.5
G,G,G,G,G,G,4.0
Y,G,G,G,G,G,3.5
G,G,G,G,G,G,4.0
G,G,G,G,G,G,4.5
G,G,G,G,G,G,5.0
Y,G,G,G,G,G,4.5
G,G,G,G,G,G,5.0
G,G,G,G,G,G,5.5
G,G,G,G,G,G,6.0
G,G,B,B,B,G,4.0
G,G,G,G,G,Y,3.5
G,G,G,G,G,Y,3.0
G,G,G,G,G,Y,2.5
G,G,G,G,G,G,3.0
Y,G,G,G,G,G,2.5
G,G,G,G,G,G,3.0
G,G,G,G,G,G,3.5
G,G,G,G,G,G,4.0
G,G,G,G,G,G,4.5
G,G,G,G,G,G,5.0
Y,G,G,G,G,G,4.5
G,G,G,G,G,G,5.0
G,G,G,G,G,G,5.5
G,G,G,G,G,G,6.0
G,G,G,G,G,G,6.5
G,G,G,G,G,G,7.0
G,G,G,G,G,Y,6.5
G,G,G,G,G,G,7.0
G,G,G,G,G,Y,6.5
G,G,G,G,G,Y,6.0
G,G,G,G,G,G,6.5
G,G,G,G,G,G,7.0
G,G,G,G,G,Y,6.5
G,G,G,G,G,Y,6.0
G,G,G,G,G,G,6.5
G,G,G,G,G,Y,6.0
G,G,G,G,G,G,6.5
G,O,O,G,G,Y,5.0
O,O,O,G,Y,Y,3.5
O,O,O,G,Y,Y,2.0
O,O,G,G,Y,Y,0.5
G,O,G,G,Y,Y,0.0
G,G,G,G,Y,Y,1.0
G,G,G,G,G,Y,0.5
G,G,G,G,G,G,2.0
G,G,G,G,G,Y,1.5
G,G,G,G,G,G,2.0
G,G,G,G,G,G,2.5
G,G,G,G,G,G,3.0
G,G,G,G,G,G,3.5
G,G,G,G,G,G,4.0
Y,G,G,G,G,G,3.5
G,G,G,G,G,G,4.0
Y,Y,G,G,G,G,3.5
Y,Y,G,G,G,G,3.0
Y,G,G,G,G,G,2.5
G,G,G,G,G,G,3.0
Y,G,G,G,G,G,2.5
Y,G,G,G,G,G,2.0
G,G,G,G,G,G,2.5
G,G,G,G,G,G,3.0
Y,G,G,G,G,G,2.5
Y,G,G,G,G,G,2.0
G,G,G,G,G,G,2.5
Y,G,G,G,G,G,2.0
Y,G,G,G,G,G,1.5
Y,G,G,G,G,G,1.0
G,G,G,G,G,G,1.5
Y,G,G,G,G,G,1.0
G,G,G,G,G,G,1.5
G,G,G,G,G,G,2.0
Y,G,G,G,G,G,1.5
Y,G,G,G,G,G,1.0
G,G,G,G,G,G,1.5
G,G,G,G,G,G,2.0
G,G,G,G,G,G,2.5
G,G,G,G,G,G,3.0
G,G,G,G,G,G,3.5
Y,G,G,G,G,G,3.0
G,G,G,G,G,G,3.5
G,G,G,G,G,G,4.0
G,G,G,G,G,G,4.5
G,G,G,G,G,G,5.0
G,G,G,G,G,G,5.5
G,G,G,G,G,G,6.0
G,G,G,G,G,G,6.5
G,G,G,G,G,G,7.0
G,G,G,G,G,Y,6.5
G,G,G,G,G,Y,6.0
G,G,G,G,G,Y,5.5
G,G,G,G,G,Y,5.0
G,G,G,G,G,Y,4.5
G,G,G,G,G,G,5.0
G,G,G,G,G,G,5.5
G,G,G,G,G,G,6.0
G,G,G,G,G,Y,5.5
G,G,G,G,G,G,6.0
G,G,G,G,G,Y,5.5
G,G,B,B,G,G,3.5
B,B,B,G,Y,Y,2.0
B,B,G,G,Y,Y,0.5
B,G,G,Y,Y,Y,0.0
B,G,G,Y,Y,Y,0.0
B,G,G,Y,Y,Y,0.0
B,G,Y,Y,Y,Y,0.0
G,G,G,Y,Y,Y,1.0
G,G,G,G,Y,Y,0.5
G,B,G,G,Y,Y,0.0
G,B,G,G,Y,Y,0.0
G,B,G,G,Y,Y,0.0
G,G,G,G,Y,Y,1.0
G,G,G,G,G,Y,0.5
G,G,G,G,G,G,2.0
G,G,G,G,G,G,2.5
G,G,G,G,G,G,3.0
G,G,G,G,G,Y,2.5
G,G,G,G,G,G,3.0
G,G,G,G,G,G,3.5
G,G,G,G,G,G,4.0
G,G,G,G,G,G,4.5
G,G,G,G,G,Y,4.0
G,G,G,G,G,G,4.5
G,G,G,G,G,Y,4.0
G,G,G,G,G,G,4.5
G,G,G,G,G,Y,4.0
G,G,G,G,G,Y,3.5
G,G,G,G,G,G,4.0
G,G,G,G,G,G,4.5
G,G,G,G,G,Y,4.0
G,G,G,G,G,Y,3.5
G,G,G,G,G,Y,3.0
G,G,G,G,G,Y,2.5
G,G,G,G,G,Y,2.0
G,G,G,G,G,G,2.5
G,G,G,G,G,G,3.0
G,G,G,G,G,G,3.5
G,G,G,G,G,O,2.0
G,G,G,G,G,G,2.5
Y,G,G,G,G,G,2.0
G,G,G,G,G,G,2.5
G,G,G,G,G,G,3.0
G,G,G,G,G,G,3.5
G,G,G,G,G,G,4.0
Y,G,G,G,G,G,3.5
Y,G,G,G,G,G,3.0
G,G,G,G,G,G,3.5
G,G,G,G,G,G,4.0
G,G,G,G,G,G,4.5
Y,G,G,G,G,G,4.0
G,G,G,G,G,G,4.5
G,G,G,G,G,G,5.0
G,G,G,G,G,Y,4.5
G,G,G,G,G,Y,4.0
G,G,G,G,G,Y,3.5
G,G,G,G,G,G,4.0
G,G,G,G,G,G,4.5
G,G,G,G,G,G,5.0
G,G,G,G,G,G,5.5
G,G,G,G,G,G,6.0
G,G,G,G,G,G,6.5
G,G,G,G,G,G,7.0
G,G,G,G,G,G,7.5
G,G,G,G,G,G,8.0
G,G,G,G,G,G,8.5
G,G,G,G,G,G,9.0
G,G,G,G,G,G,9.5
Y,G,G,G,G,G,9.0
Y,Y,G,G,G,G,8.5
Y,Y,G,G,G,G,8.0
Y,Y,G,G,G,G,7.5
Y,G,G,G,G,G,7.0
Y,Y,G,G,G,G,6.5
Y,G,G,G,G,G,6.0
G,G,G,G,G,G,6.5
G,G,G,G,G,G,7.0
G,G,G,G,G,G,7.5
G,G,G,G,G,Y,7.0
G,G,G,G,G,Y,6.5
G,G,G,G,G,G,7.0
G,G,G,G,G,G,7.5
G,G,G,G,G,G,8.0
G,G,G,G,G,G,8.5
G,G,G,G,G,G,9.0
G,G,G,G,G,G,9.5
Y,G,G,G,G,G,9.0
G,G,G,G,G,G,9.5
Y,G,G,G,G,G,9.0
G,G,G,G,G,G,9.5
Y,G,G,G,G,G,9.0
G,G,G,G,G,G,9.5
G,G,G,G,G,G,10.0
G,G,G,G,G,G,10
G,G,G,G,G,Y,9.5
G,G,G,G,G,G,10.0
G,G,G,G,G,G,10
G,G,G,G,O,G,8.5
G,G,G,G,G,Y,8.0
G,G,G,G,G,Y,7.5
G,G,G,G,G,Y,7.0
G,G,G,G,G,Y,6.5
G,G,G,G,G,Y,6.0
G,G,G,G,G,Y,5.5
G,G,G,G,G,Y,5.0
G,G,G,G,G,G,5.5
G,G,G,G,G,G,6.0
G,G,G,G,G,G,6.5
G,G,G,G,G,G,7.0
G,G,G,G,G,Y,6.5
G,G,G,G,G,Y,6.0
G,G,G,G,G,G,6.5
G,G,G,G,G,G,7.0
G,G,G,G,G,G,7.5
G,G,G,G,G,Y,7.0
G,G,G,G,G,G,7.5
G,G,G,G,G,Y,7.0
G,G,G,G,G,G,7.5
G,G,G,G,G,G,8.0
B,G,G,G,G,Y,6.5
G,G,G,G,G,Y,6.0
G,G,G,G,Y,Y,5.5
G,G,G,G,G,G,6.0
G,G,G,G,G,G,6.5
G,G,G,G,G,Y,6.0
G,G,G,G,G,G,6.5
G,G,G,G,G,G,7.0
G,G,G,G,G,G,7.5
G,G,G,G,G,G,8.0
G,G,G,G,G,G,8.5
G,G,G,G,G,G,9.0
G,G,G,G,G,G,9.5
Y,G,G,G,G,G,9.0
G,G,G,B,G,G,7.0
G,G,G,B,B,B,5.0
Y,Y,G,G,G,G,4.5
Y,G,G,G,G,G,4.0
G,G,G,G,G,G,4.5
G,G,G,G,G,G,5.0
G,G,G,G,G,G,5.5
G,G,G,G,G,Y,5.0
Y,G,G,G,G,G,4.5
G,G,G,G,G,G,5.0
G,G,G,G,G,G,5.5
G,G,G,G,G,G,6.0
G,G,G,G,G,G,6.5
G,G,G,G,G,Y,6.0
Y,G,G,G,G,G,5.5
G,G,G,G,G,Y,5.0
G,G,G,G,G,G,5.5
G,G,G,G,G,G,6.0
G,G,G,G,G,G,6.5
G,G,G,G,G,Y,6.0
G,G,G,G,G,Y,5.5
G,G,G,G,G,Y,5.0
G,G,G,G,G,Y,4.5
G,G,G,G,G,G,5.0
G,G,G,G,G,Y,4.5
G,G,G,G,G,Y,4.0
G,G,G,G,Y,Y,3.5
G,G,G,G,G,Y,3.0
G,G,G,G,G,G,3.5
G,G,G,G,G,Y,3.0
G,G,G,G,G,G,3.5
G,G,G,G,G,G,4.0
G,G,G,G,G,Y,3.5
G,G,G,G,G,Y,3.0
G,G,G,G,G,G,3.5
G,G,G,G,G,G,4.0
G,G,G,G,G,G,4.5
G,G,G,G,G,G,5.0
G,G,G,G,G,Y,4.5
G,G,G,G,G,G,5.0
G,G,G,G,G,Y,4.5
G,G,G,G,G,G,5.0
Y,G,G,G,G,G,4.5
G,G,G,G,G,G,5.0
G,G,G,G,G,G,5.5
Y,G,G,G,G,G,5.0
G,G,G,G,G,G,5.5
G,G,G,G,G,G,6.0
G,G,G,G,G,G,6.5
G,G,G,G,G,G,7.0
G,G,G,G,G,B,5.0
Y,G,G,G,G,G,4.5
G,G,G,G,G,G,5.0
G,G,G,G,G,G,5.5
G,G,G,G,G,G,6.0
Y,Y,G,G,G,G,5.5
Y,Y,G,G,G,G,5.0
Y,Y,G,G,G,G,4.5
Y,G,G,G,G,G,4.0
Y,G,G,G,G,G,3.5
G,G,G,G,G,G,4.0
G,G,G,G,G,G,4.5
G,G,G,G,G,G,5.0
Y,Y,G,G,G,G,4.5
Y,G,G,G,G,G,4.0
G,G,G,G,G,G,4.5
G,G,G,G,G,G,5.0
Y,G,G,G,G,G,4.5
G,G,G,G,G,G,5.0
Y,G,G,G,G,G,4.5
G,G,G,G,G,G,5.0
G,G,G,G,G,G,5.5
Y,G,G,G,G,G,5.0
G,G,G,G,G,G,5.5
Y,G,G,G,G,G,5.0
Y,G,G,G,G,G,4.5
G,G,G,G,G,G,5.0
Y,G,G,G,G,G,4.5
G,G,G,G,G,G,5.0
Y,G,G,G,G,G,4.5
Y,Y,G,G,G,G,4.0
G,G,G,G,G,G,4.5
Y,G,G,G,G,G,4.0
G,G,G,G,G,G,4.5
G,G,G,G,G,G,5.0
G,G,G,G,O,G,3.5
Y,G,G,G,G,O,2.0
Y,Y,G,G,G,G,1.5
Y,G,G,G,G,O,0.0
Y,G,G,G,G,O,0.0
Y,G,G,G,G,O,0.0
Y,G,G,G,G,O,0.0
Y,G,G,G,G,O,0.0
Y,G,G,G,G,O,0.0
Y,G,G,G,G,O,0.0
Y,G,G,G,G,O,0.0
Y,G,G,G,G,O,0.0
Y,G,G,G,G,O,0.0
Y,G,G,G,G,O,0.0
Y,G,G,G,G,O,0.0
Y,G,G,G,G,O,0.0
Y,G,G,G,G,O,0.0
Y,G,G,G,G,O,0.0
Y,G,G,G,G,G,1.0
Y,G,G,G,G,O,0
Y,G,G,G,G,O,0.0
Y,G,G,G,G,G,1.0
G,G,G,G,G,O,0
Y,G,G,G,G,G,1.0
Y,G,G,G,G,G,0.5
G,G,G,G,G,G,2.0
G,G,G,G,G,G,2.5
G,G,G,G,G,G,3.0
G,G,G,G,G,G,3.5
G,G,G,G,G,G,4.0
G,G,G,G,G,G,4.5
G,G,G,G,G,Y,4.0
G,G,G,G,G,G,4.5
G,G,G,G,G,G,5.0
G,G,G,G,G,G,5.5
G,G,G,G,G,G,6.0
G,G,G,G,G,G,6.5
G,G,G,G,G,G,7.0
G,G,G,G,G,G,7.5
G,G,G,G,G,O,6.0
Y,Y,G,G,G,G,5.5
Y,G,G,G,G,G,5.0
Y,G,G,G,G,O,3.5
Y,G,G,G,G,G,3.0
G,G,G,G,G,G,3.5
G,G,G,G,G,G,4.0
G,G,G,G,G,G,4.5
G,G,G,G,G,G,5.0
G,G,G,G,G,Y,4.5
G,G,G,G,G,Y,4.0
G,G,G,G,G,G,4.5
G,G,G,G,G,Y,4.0
G,G,G,G,G,G,4.5
G,G,G,G,G,G,5.0
G,G,G,G,G,Y,4.5
G,G,G,G,G,G,5.0
G,G,G,G,G,Y,4.5
G,G,G,G,G,G,5.0
G,G,G,G,G,Y,4.5
G,G,G,G,G,G,5.0
G,G,G,G,Y,Y,4.5
G,G,G,G,G,G,5.0
G,G,G,G,G,Y,4.5
G,G,G,G,G,G,5.0
G,G,G,G,G,Y,4.5
G,G,G,G,G,Y,4.0
G,G,G,G,G,G,4.5
G,G,G,G,G,Y,4.0
G,G,G,G,G,Y,3.5
G,G,G,G,G,G,4.0
G,G,G,G,G,Y,3.5
G,G,G,G,G,Y,3.0
G,G,G,G,G,G,3.5
G,G,G,G,G,G,4.0
G,G,G,G,G,Y,3.5
G,G,G,G,G,G,4.0
G,G,G,G,G,Y,3.5
G,G,G,G,G,G,4.0
G,G,G,G,G,Y,3.5
G,G,G,G,G,G,4.0
G,G,G,G,G,G,4.5
G,G,G,G,G,G,5.0
G,G,G,G,G,G,5.5
G,G,G,G,G,Y,5.0
G,G,G,G,G,G,5.5
G,G,G,G,G,G,6.0
G,G,G,G,G,Y,5.5
B,G,G,G,G,G,3.5
G,G,G,G,G,G,4.0
G,G,G,G,G,Y,3.5
G,G,G,G,G,G,4.0
G,G,G,G,G,Y,3.5
G,G,G,G,G,G,4.0
Y,G,G,G,G,G,3.5
G,G,G,G,G,G,4.0
G,G,G,G,G,G,4.5
G,G,G,G,G,G,5.0
G,G,G,G,G,G,5.5
Y,G,G,G,G,G,5.0
G,G,G,G,G,G,5.5
G,G,G,G,G,G,6.0
G,G,G,G,G,G,6.5
G,G,B,B,G,G,4.5
G,B,B,B,G,Y,3.0
G,G,G,G,G,Y,2.5
G,G,G,G,G,Y,2.0
G,G,G,G,G,G,2.5
G,G,G,G,G,G,3.0
G,G,G,G,G,G,3.5
G,G,G,G,G,G,4.0
G,G,G,G,G,G,4.5
Y,G,G,G,G,G,4.0
G,G,G,G,G,G,4.5
G,G,G,G,G,G,5.0
G,G,G,G,G,Y,4.5
G,G,G,G,G,G,5.0
Y,G,G,G,G,G,4.5
G,G,G,G,G,G,5.0
G,G,G,G,G,G,5.5
G,G,G,G,G,Y,5.0
G,G,G,G,G,G,5.5
G,G,G,G,G,G,6.0
G,G,G,G,G,Y,5.5
G,G,G,G,G,G,6.0
G,G,G,G,G,Y,5.5
G,G,G,G,G,G,6.0
G,G,G,G,G,G,6.5
G,G,G,G,G,Y,6.0
G,G,G,G,G,Y,5.5
G,G,G,G,G,G,6.0
G,G,G,G,G,Y,5.5
G,G,G,G,G,G,6.0
G,O,O,G,G,G,4.5
O,O,G,Y,Y,Y,3.0
O,G,Y,Y,Y,Y,1.5
O,G,Y,Y,Y,Y,0.0
O,G,Y,Y,Y,Y,0.0
O,G,Y,Y,Y,Y,0.0
O,G,Y,Y,Y,Y,0.0
G,G,Y,Y,Y,Y,1.0
O,G,Y,Y,Y,Y,0
O,G,Y,Y,Y,Y,0.0
O,G,G,Y,Y,Y,0.0
O,G,G,Y,Y,Y,0.0
O,G,G,Y,Y,Y,0.0
O,G,G,Y,Y,Y,0.0
O,G,G,Y,Y,Y,0.0
G,G,G,Y,Y,Y,1.0
O,G,G,G,Y,Y,0
O,G,G,G,Y,Y,0.0
G,G,G,G,Y,Y,1.0
G,G,G,G,G,Y,0.5
G,G,G,G,G,G,2.0
G,G,G,G,G,G,2.5
G,G,G,G,G,G,3.0
G,G,G,G,G,G,3.5
G,G,G,G,G,G,4.0
G,G,G,G,G,G,4.5
G,G,G,G,G,G,5.0
G,G,G,G,G,G,5.5
Y,Y,Y,Y,G,G,5.0
Y,Y,Y,Y,G,G,4.5
Y,Y,Y,G,G,G,4.0
Y,Y,Y,G,G,G,3.5
Y,Y,Y,G,G,G,3.0
Y,Y,Y,G,G,G,2.5
Y,Y,Y,G,G,G,2.0
Y,Y,G,G,G,G,1.5
Y,Y,G,G,G,G,1.0
Y,Y,G,G,G,G,0.5
Y,Y,G,G,G,G,1.0
Y,Y,G,G,G,G,0.5
Y,G,G,G,G,G,1.0
Y,G,G,G,G,G,0.5
Y,G,G,G,G,G,1.0
G,G,G,G,G,G,1.5
G,G,G,G,G,G,2.0
Y,G,G,G,G,G,1.5
G,G,G,G,G,G,2.0
G,G,G,G,G,G,2.5
G,G,G,G,G,G,3.0
G,G,G,G,G,Y,2.5
G,G,G,G,G,G,3.0
G,G,G,G,G,Y,2.5
G,G,G,G,G,G,3.0
G,G,G,G,G,Y,2.5
G,G,G,G,G,G,3.0
G,G,G,G,G,G,3.5
G,G,G,G,G,G,4.0
G,G,G,G,G,G,4.5
G,G,G,G,G,G,5.0
G,G,G,G,G,G,5.5
G,G,G,G,G,G,6.0
Y,G,G,G,G,Y,6.5
G,G,G,G,G,G,7.0
G,G,G,G,G,Y,6.5
G,G,G,G,G,Y,6.0
G,G,G,G,G,Y,5.5
G,G,G,G,G,Y,5.0
G,G,G,G,G,Y,4.5
G,G,G,G,G,Y,4.0
G,G,G,G,G,G,4.5
G,G,G,G,G,G,5.0
G,G,G,G,G,G,5.5
G,G,G,G,G,G,6.0
G,G,B,G,G,G,4.0
B,B,B,G,Y,Y,2.5
B,G,G,Y,Y,Y,1.0
G,G,Y,Y,Y,Y,0.5
B,G,G,Y,Y,Y,0.0
B,G,G,Y,Y,Y,0.0
G,G,G,Y,Y,Y,1.0
B,G,G,Y,Y,Y,0
B,G,G,Y,Y,Y,0.0
B,G,G,Y,Y,Y,0.0
B,G,G,Y,Y,Y,0.0
B,G,Y,Y,Y,Y,0.0
G,G,G,Y,Y,Y,1.0
G,G,G,G,Y,Y,0.5
G,G,G,G,Y,Y,1.0
G,G,B,G,G,Y,0
G,G,B,G,G,Y,0.0
G,G,G,G,G,Y,1.0
G,G,G,G,G,G,1.5
G,G,G,G,G,G,2.0
G,G,G,G,G,G,2.5
G,G,G,G,G,G,3.0
G,G,G,G,G,G,3.5
G,G,G,G,G,G,4.0
G,G,G,G,G,G,4.5
G,G,G,G,Y,Y,4.0
G,G,G,G,G,G,4.5
G,G,G,G,G,Y,4.0
G,G,G,G,G,G,4.5
G,G,G,G,G,Y,4.0
G,G,G,G,G,G,4.5
G,G,G,G,G,Y,4.0
G,G,G,G,G,G,4.5
G,G,G,G,G,Y,4.0
G,G,G,G,G,Y,3.5
G,G,G,G,Y,Y,3.0
G,G,G,G,G,Y,2.5
G,G,G,G,G,G,3.0
G,G,G,G,G,G,3.5
G,G,G,G,G,Y,3.0
G,G,G,G,G,O,1.5
G,G,G,G,G,O,0.0
G,G,G,G,G,G,2.0
G,G,G,G,G,G,2.5
Y,G,G,G,G,G,2.0
G,G,G,G,G,G,2.5
Y,G,G,G,G,G,2.0
Y,G,G,G,G,G,1.5
Y,G,G,G,G,G,1.0
Y,G,G,G,G,G,0.5
Y,G,G,G,G,G,1.0
G,G,G,G,G,O,0
Y,G,G,G,G,G,1.0
G,G,G,G,G,G,1.5
G,G,G,G,G,G,2.0
G,G,G,G,G,G,2.5
G,G,G,G,G,G,3.0
G,G,G,G,G,G,3.5
G,G,G,G,G,G,4.0
G,G,G,G,G,G,4.5
G,G,G,G,G,G,5.0
G,G,G,G,G,G,5.5
G,G,G,G,G,G,6.0
G,G,G,G,G,G,6.5
G,G,G,G,G,G,7.0
G,G,G,G,G,Y,6.5
G,G,G,G,Y,Y,6.0
G,G,G,G,G,Y,5.5
G,G,G,G,G,G,6.0
G,G,G,G,G,G,6.5
G,G,G,G,G,G,7.0
G,G,G,G,G,G,7.5
G,G,G,G,G,G,8.0
G,G,G,G,G,G,8.5
Y,G,G,G,G,G,8.0
Y,G,G,G,G,G,7.5
Y,G,G,G,G,G,7.0
Y,G,G,G,G,G,6.5
G,G,G,G,G,G,7.0
G,G,G,G,G,G,7.5
Y,G,G,G,G,G,7.0
G,G,G,G,G,G,7.5
G,G,G,G,G,G,8.0
Y,Y,G,G,G,G,7.5
Y,G,G,G,G,G,7.0
G,G,G,G,G,G,7.5
G,G,G,G,G,G,8.0
G,G,G,G,G,G,8.5
G,G,G,G,G,G,9.0
G,G,G,G,G,G,9.5
G,G,G,G,G,Y,9.0
G,G,G,G,G,G,9.5
G,G,G,G,G,G,10.0
G,G,G,G,G,G,10
Y,G,G,G,G,G,9.5
Y,G,G,G,G,G,9.0
Y,G,G,G,G,G,8.5
G,G,G,G,G,G,9.0
G,G,G,G,G,G,9.5
G,G,G,G,G,G,10.0
G,G,G,G,G,Y,9.5
G,G,G,G,G,G,10.0
G,G,G,G,G,G,10
G,G,G,G,G,G,10
G,G,G,G,G,G,10
G,G,G,G,O,O,8.5
G,G,G,Y,Y,Y,8.0
G,G,G,Y,Y,Y,7.5
G,G,G,Y,Y,Y,7.0
G,G,G,Y,Y,Y,6.5
G,G,G,Y,Y,Y,6.0
G,G,G,Y,Y,Y,5.5
G,G,G,Y,Y,Y,5.0
G,G,G,G,Y,Y,4.5
G,G,G,G,Y,Y,4.0
G,G,G,G,G,Y,3.5
G,G,G,G,G,Y,3.0
G,G,G,G,G,G,3.5
G,G,G,G,G,G,4.0
G,G,G,G,G,G,4.5
G,G,G,G,G,G,5.0
Y,G,G,G,G,G,4.5
Y,G,G,G,G,G,4.0
Y,G,G,G,G,G,3.5
G,G,G,G,G,G,4.0
G,G,G,G,G,G,4.5
G,G,G,G,G,G,5.0
G,G,G,G,G,G,5.5
G,G,G,G,G,G,6.0
G,G,G,G,G,Y,5.5
G,G,G,G,G,Y,5.0
G,G,G,G,G,G,5.5
G,G,G,G,G,G,6.0
G,G,G,G,G,Y,5.5
G,G,G,G,G,G,6.0
G,G,G,G,G,G,6.5
G,G,G,G,G,Y,6.0
B,G,G,G,G,G,4.0
G,G,G,G,G,Y,3.5
G,G,G,G,G,Y,3.0
G,G,G,G,G,G,3.5
G,G,G,G,G,G,4.0
G,G,G,G,G,G,4.5
G,G,G,G,G,G,5.0
G,G,G,G,G,G,5.5
G,G,G,G,G,Y,5.0
G,G,G,G,G,Y,4.5
Y,G,G,G,G,G,4.0
Y,G,G,G,G,G,3.5
G,G,G,G,G,Y,3.0
G,G,G,G,G,G,3.5
G,G,G,G,G,G,4.0
G,G,G,G,G,G,4.5
G,G,G,G,G,G,5.0
G,G,G,G,G,G,5.5
G,G,G,G,G,G,6.0
G,G,G,G,G,G,6.5
G,G,G,G,G,G,7.0
G,G,G,G,G,G,7.5
Y,G,G,B,B,G,6.0
Y,G,G,B,B,B,4.5
G,G,G,G,G,G,5.0
G,G,G,G,G,G,5.5
G,G,G,G,G,G,6.0
G,G,G,G,G,G,6.5
G,G,G,G,G,G,7.0
G,G,G,G,G,G,7.5
G,G,G,G,G,Y,7.0
G,G,G,G,G,G,7.5
G,G,G,G,G,G,8.0
G,G,G,G,G,G,8.5
G,G,G,G,G,G,9.0
G,G,G,G,G,G,9.5
G,G,G,G,Y,Y,9.0
G,G,G,G,Y,Y,8.5
G,G,G,G,Y,Y,8.0
G,G,G,G,Y,Y,7.5
G,G,G,G,Y,Y,7.0
G,G,G,Y,Y,Y,6.5
G,G,G,Y,Y,Y,6.0
G,G,G,Y,Y,Y,5.5
G,G,G,G,Y,Y,5.0
G,G,G,G,Y,Y,4.5
G,G,G,G,Y,Y,4.0
G,G,G,G,Y,Y,3.5
G,G,G,G,G,Y,3.0
G,G,G,G,G,Y,2.5
G,G,G,G,G,G,3.0
G,G,G,G,G,G,3.5
G,G,G,G,G,G,4.0
G,G,G,G,G,G,4.5
G,G,G,G,G,G,5.0
Y,G,G,G,G,G,4.5
Y,G,G,G,G,G,4.0
Y,G,G,G,G,G,3.5
G,G,G,G,G,G,4.0
G,G,G,G,G,G,4.5
G,G,G,G,G,G,5.0
G,G,G,G,G,G,5.5
G,G,G,G,G,G,6.0
G,G,G,G,G,G,6.5
G,G,G,G,G,G,7.0
Y,G,G,G,G,G,6.5
G,G,G,G,G,G,7.0
G,G,G,G,B,G,5.0
G,G,G,G,G,B,3.0
G,G,G,G,G,G,3.5
G,G,G,G,G,G,4.0
G,G,G,G,G,G,4.5
G,G,G,G,G,G,5.0
Y,G,G,G,G,G,4.5
Y,G,G,G,G,G,4.0
Y,G,G,G,G,G,3.5
Y,G,G,G,G,G,3.0
Y,G,G,G,G,G,2.5
Y,G,G,G,G,G,2.0
Y,G,G,G,G,G,1.5
G,G,G,G,G,G,2.0
G,G,G,G,G,G,2.5
G,G,G,G,G,G,3.0
G,G,G,G,G,G,3.5
G,G,G,G,G,G,4.0
G,G,G,G,G,G,4.5
Y,G,G,G,G,G,4.0
G,G,G,G,G,G,4.5
Y,G,G,G,G,G,4.0
G,G,G,G,G,G,4.5
G,G,G,G,G,G,5.0
Y,G,G,G,G,G,4.5
G,G,G,G,G,G,5.0
Y,Y,G,G,G,G,4.5
G,G,G,G,G,G,5.0
Y,Y,G,G,G,G,4.5
G,G,G,G,G,G,5.0
Y,G,G,G,G,G,4.5
G,G,G,G,G,G,5.0
Y,G,G,G,G,G,4.5
Y,G,G,G,G,G,4.0
G,G,G,G,G,G,4.5
Y,Y,G,G,G,G,4.0
G,G,G,G,G,G,4.5
Y,G,G,G,G,G,4.0
G,G,G,G,G,G,4.5
G,G,G,G,G,G,5.0
G,G,G,G,O,G,3.5
Y,G,G,G,G,O,2.0
Y,Y,G,G,G,G,1.5
Y,G,G,G,G,O,0.0
Y,G,G,G,G,O,0.0
Y,G,G,G,G,O,0.0
Y,G,G,G,G,O,0.0
Y,G,G,G,G,O,0.0
Y,G,G,G,G,O,0.0
Y,G,G,G,G,O,0.0
Y,G,G,G,G,O,0.0
Y,G,G,G,G,O,0.0
Y,G,G,G,G,O,0.0
Y,G,G,G,G,O,0.0
Y,G,G,G,G,O,0.0
Y,G,G,G,G,O,0.0
Y,G,G,G,G,G,1.0
Y,G,G,G,G,O,0
Y,G,G,G,G,O,0.0
Y,G,G,G,G,O,0.0
Y,G,G,G,G,G,1.0
G,G,G,G,G,O,0
Y,G,G,G,G,G,1.0
Y,G,G,G,G,G,0.5
G,G,G,G,G,G,2.0
G,G,G,G,G,G,2.5
G,G,G,G,G,G,3.0
G,G,G,G,G,G,3.5
G,G,G,G,G,G,4.0
G,G,G,G,G,G,4.5
G,G,G,G,G,Y,4.0
G,G,G,G,G,G,4.5
G,G,G,G,G,G,5.0
G,G,G,G,G,G,5.5
G,G,G,G,G,G,6.0
G,G,G,G,G,G,6.5
G,G,G,G,G,G,7.0
G,G,G,G,G,G,7.5
G,G,G,G,G,O,6.0
Y,Y,G,G,G,G,5.5
Y,G,G,G,G,G,5.0
Y,G,G,G,G,O,3.5
Y,G,G,G,G,G,3.0
G,G,G,G,G,G,3.5
G,G,G,G,G,G,4.0
G,G,G,G,G,G,4.5
G,G,G,G,G,G,5.0
G,G,G,G,G,Y,4.5
G,G,G,G,G,Y,4.0
G,G,G,G,G,G,4.5
G,G,G,G,G,Y,4.0
G,G,G,G,G,G,4.5
G,G,G,G,G,G,5.0
G,G,G,G,G,Y,4.5
G,G,G,G,G,G,5.0
G,G,G,G,G,Y,4.5
G,G,G,G,G,G,5.0
G,G,G,G,G,Y,4.5
G,G,G,G,G,G,5.0
G,G,G,G,Y,Y,4.5
G,G,G,G,G,G,5.0
G,G,G,G,G,Y,4.5
G,G,G,G,G,G,5.0
G,G,G,G,G,Y,4.5
G,G,G,G,Y,Y,4.0
G,G,G,G,G,G,4.5
G,G,G,G,G,Y,4.0
G,G,G,G,G,Y,3.5
G,G,G,G,G,G,4.0
G,G,G,G,G,Y,3.5
G,G,G,G,G,Y,3.0
G,G,G,G,G,G,3.5
G,G,G,G,G,Y,3.0
G,G,G,G,G,G,3.5
G,G,G,G,G,G,4.0
G,G,G,G,G,G,4.5
G,G,G,G,G,Y,4.0
G,G,G,G,G,Y,3.5
G,G,G,G,G,G,4.0
G,G,G,G,G,G,4.5
G,G,G,G,G,G,5.0
G,G,G,G,G,G,5.5
G,G,G,G,G,Y,5.0
G,G,G,G,G,G,5.5
G,G,G,G,G,G,6.0
G,G,G,G,G,Y,5.5
B,G,G,G,G,G,3.5
G,G,G,G,G,G,4.0
G,G,G,G,G,Y,3.5
G,G,G,G,G,G,4.0
G,G,G,G,G,Y,3.5
G,G,G,G,G,G,4.0
Y,G,G,G,G,G,3.5
G,G,G,G,G,G,4.0
G,G,G,G,G,G,4.5
G,G,G,G,G,G,5.0
G,G,G,G,G,G,5.5
Y,G,G,G,G,G,5.0
G,G,G,G,G,G,5.5
G,G,G,G,G,G,6.0
G,G,G,G,G,G,6.5
G,G,B,B,G,G,4.5
G,B,B,B,G,Y,3.0
G,G,G,G,G,Y,2.5
G,G,G,G,G,Y,2.0
G,G,G,G,G,G,2.5
G,G,G,G,G,G,3.0
G,G,G,G,G,G,3.5
G,G,G,G,G,G,4.0
G,G,G,G,G,G,4.5
Y,G,G,G,G,G,4.0
G,G,G,G,G,G,4.5
G,G,G,G,G,G,5.0
G,G,G,G,G,Y,4.5
G,G,G,G,G,G,5.0
Y,G,G,G,G,G,4.5
G,G,G,G,G,G,5.0
G,G,G,G,G,G,5.5
G,G,G,G,G,Y,5.0
G,G,G,G,G,G,5.5
G,G,G,G,G,G,6.0
G,G,G,G,G,Y,5.5
G,G,G,G,G,G,6.0
G,G,G,G,G,Y,5.5
G,G,G,G,G,G,6.0
G,G,G,G,G,G,6.5
G,G,G,G,G,Y,6.0
G,G,G,G,G,Y,5.5
G,G,G,G,G,G,6.0
G,G,G,G,G,Y,5.5
G,G,G,G,G,G,6.0
G,O,O,G,G,G,4.5
O,O,G,Y,Y,Y,3.0
O,G,Y,Y,Y,Y,1.5
O,G,Y,Y,Y,Y,0.0
O,G,Y,Y,Y,Y,0.0
O,G,Y,Y,Y,Y,0.0
O,G,Y,Y,Y,Y,0.0
G,G,Y,Y,Y,Y,1.0
O,G,Y,Y,Y,Y,0
O,G,Y,Y,Y,Y,0.0
O,G,G,Y,Y,Y,0.0
O,G,G,Y,Y,Y,0.0
O,G,G,Y,Y,Y,0.0
O,G,G,Y,Y,Y,0.0
O,G,G,Y,Y,Y,0.0
O,G,G,Y,Y,Y,0.0
G,G,Y,Y,Y,Y,1.0
O,G,G,G,Y,Y,0
O,G,G,G,Y,Y,0.0
G,G,G,G,Y,Y,1.0
G,G,G,G,G,Y,0.5
G,G,G,G,G,G,2.0
G,G,G,G,G,G,2.5
G,G,G,G,G,G,3.0
G,G,G,G,G,G,3.5
G,G,G,G,G,G,4.0
G,G,G,G,G,G,4.5
G,G,G,G,G,G,5.0
G,G,G,G,G,G,5.5
Y,Y,Y,Y,G,G,5.0
Y,Y,Y,Y,G,G,4.5
Y,Y,Y,Y,G,G,4.0
Y,Y,Y,G,G,G,3.5
Y,Y,Y,G,G,G,3.0
Y,Y,Y,G,G,G,2.5
Y,Y,Y,G,G,G,2.0
Y,Y,G,G,G,G,1.5
Y,Y,G,G,G,G,1.0
Y,Y,G,G,G,G,0.5
Y,Y,G,G,G,G,1.0
Y,Y,G,G,G,G,0.5
Y,G,G,G,G,G,1.0
Y,G,G,G,G,G,0.5
Y,G,G,G,G,G,1.0
G,G,G,G,G,G,1.5
G,G,G,G,G,G,2.0
G,G,G,G,G,G,2.5
G,G,G,G,G,G,3.0
G,G,G,G,G,G,3.5
G,G,G,G,G,G,4.0
G,G,G,G,G,G,4.5
G,G,G,G,G,G,5.0
G,G,G,G,Y,Y,4.5
G,G,G,G,G,Y,4.0
G,G,G,G,G,G,4.5
G,G,G,G,G,G,5.0
G,G,G,G,G,G,5.5
G,G,G,G,G,G,6.0
G,G,G,G,G,G,6.5
G,G,G,G,G,G,7.0
G,G,G,G,G,G,7.5
G,G,G,G,G,Y,7.0
G,G,G,G,G,Y,6.5
G,G,G,G,G,Y,6.0
G,G,G,G,G,Y,5.5
G,G,G,G,G,Y,5.0
G,G,G,G,G,Y,4.5
G,G,G,G,G,G,5.0
G,G,G,G,G,G,5.5
G,G,G,G,G,G,6.0
G,G,B,B,G,G,4.0
G,B,B,B,Y,Y,2.5
B,G,G,Y,Y,Y,1.0
G,G,G,Y,Y,Y,0.5
G,G,G,G,Y,Y,1.0
G,B,G,G,Y,Y,0
G,B,G,G,Y,Y,0.0
G,B,G,G,Y,Y,0.0
G,G,G,G,Y,Y,1.0
G,G,G,G,G,Y,0.5
G,G,G,G,G,G,2.0
G,G,G,G,G,G,2.5
G,G,G,G,G,G,3.0
G,G,G,G,G,G,3.5
G,G,G,G,G,Y,3.0
G,G,G,G,G,G,3.5
G,G,G,G,G,G,4.0
G,G,G,G,G,G,4.5
G,G,G,G,G,Y,4.0
G,G,G,G,G,G,4.5
G,G,G,G,G,Y,4.0
G,G,G,G,G,G,4.5
G,G,G,G,G,Y,4.0
G,G,G,G,G,Y,3.5
G,G,G,G,G,G,4.0
G,G,G,G,G,Y,3.5
G,G,G,G,G,Y,3.0
G,G,G,G,G,Y,2.5
G,G,G,G,G,G,3.0
G,G,G,G,G,Y,2.5
G,G,G,G,G,G,3.0
G,G,G,G,G,G,3.5
G,G,G,G,G,G,4.0
G,G,G,G,O,G,2.5
G,G,G,G,G,O,1.0
G,G,G,G,G,G,1.5
Y,G,G,G,G,G,1.0
G,G,G,G,G,G,1.5
G,G,G,G,G,G,2.0
G,G,G,G,G,G,2.5
Y,G,G,G,G,G,2.0
G,G,G,G,G,G,2.5
Y,G,G,G,G,G,2.0
Y,G,G,G,G,G,1.5
G,G,G,G,G,G,2.0
G,G,G,G,G,G,2.5
G,G,G,G,G,G,3.0
G,G,G,G,G,G,3.5
G,G,G,G,G,G,4.0
G,G,G,G,G,G,4.5
G,G,G,G,G,Y,4.0
G,G,G,G,G,G,4.5
G,G,G,G,G,G,5.0
Y,G,G,G,G,Y,5.5
G,G,G,G,G,G,6.0
G,G,G,G,G,G,6.5
G,G,G,G,Y,Y,6.0
G,G,G,G,G,Y,5.5
G,G,G,G,G,Y,5.0
G,G,G,G,G,G,5.5
G,G,G,G,G,G,6.0
G,G,G,G,G,Y,5.5
G,G,G,G,G,G,6.0
G,G,G,G,G,G,6.5
Y,Y,G,G,G,G,6.0
Y,G,G,G,G,G,5.5
Y,G,G,G,G,G,5.0
G,G,G,G,G,G,5.5
G,G,G,G,G,G,6.0
G,G,G,G,G,G,6.5
Y,G,G,G,G,G,6.0
G,G,G,G,G,G,6.5
Y,G,G,G,G,G,6.0
Y,G,G,G,G,G,5.5
G,G,G,G,G,G,6.0
G,G,G,G,G,G,6.5
Y,G,G,G,G,G,6.0
G,G,G,G,G,G,6.5
G,G,G,G,G,G,7.0
Y,G,G,G,G,G,6.5
Y,G,G,G,G,G,6.0
G,G,G,G,G,G,6.5
G,G,G,G,G,Y,6.0
G,G,G,G,G,G,6.5
G,G,G,G,G,Y,6.0
G,G,G,G,G,G,6.5
G,G,G,G,G,G,7.0
G,G,G,G,G,G,7.5
G,G,G,G,G,G,8.0
G,G,G,G,G,G,8.5
Y,G,G,G,G,G,8.0
G,G,G,G,G,G,8.5
Y,G,G,G,G,G,8.0
G,G,G,G,G,G,8.5
G,G,G,G,G,G,9.0
G,G,G,G,G,G,9.5
Y,G,G,G,G,G,9.0
G,G,G,G,G,G,9.5
G,G,G,G,G,G,10.0
G,G,G,G,G,G,10
G,G,G,G,Y,Y,9.5
G,G,G,G,G,G,10.0
G,G,G,G,O,O,8.5
G,G,G,G,Y,Y,8.0
G,G,G,G,Y,Y,7.5
G,G,G,G,Y,Y,7.0
G,G,G,G,Y,Y,6.5
G,G,G,G,Y,Y,6.0
G,G,G,G,Y,Y,5.5
G,G,G,G,G,Y,5.0
G,G,G,G,G,Y,4.5
G,G,G,G,G,Y,4.0
G,G,G,G,G,G,4.5
G,G,G,G,G,G,5.0
G,G,G,G,G,G,5.5
Y,G,G,G,G,G,5.0
G,G,G,G,G,G,5.5
G,G,G,G,G,G,6.0
G,G,G,G,G,G,6.5
G,G,G,G,G,G,7.0
G,G,G,G,G,G,7.5
G,G,G,G,G,Y,7.0
G,G,G,G,G,Y,6.5
G,G,G,G,G,G,7.0
G,G,G,G,Y,Y,6.5
G,G,G,G,G,G,7.0
G,G,G,G,G,Y,6.5
B,G,G,G,G,G,4.5
G,G,G,G,G,Y,4.0
G,G,G,G,G,G,4.5
G,G,G,G,G,Y,4.0
G,G,G,G,G,G,4.5
G,G,G,G,G,G,5.0
G,G,G,G,G,G,5.5
G,G,G,G,G,Y,5.0
G,G,G,G,G,G,5.5
G,G,G,G,G,G,6.0
G,G,G,G,G,G,6.5
G,G,G,G,G,G,7.0
G,G,G,G,G,G,7.5
G,G,G,G,G,G,8.0
G,G,G,G,G,G,8.5
Y,G,G,G,G,G,8.0
G,G,G,G,G,Y,7.5
Y,G,G,G,G,G,7.0
G,G,G,B,G,G,5.0
G,G,G,B,B,B,3.0
Y,Y,G,G,G,G,2.5
Y,G,G,G,G,G,2.0
Y,G,G,G,G,G,1.5
G,G,G,G,G,G,2.0
G,G,G,G,G,Y,1.5
G,G,G,G,G,Y,1.0
Y,G,G,G,G,G,0.5
G,G,G,G,G,G,2.0
G,G,G,G,G,G,2.5
G,G,G,G,G,G,3.0
G,G,G,G,G,G,3.5
G,G,G,G,G,G,4.0
G,G,G,G,G,G,4.5
G,G,G,G,G,G,5.0
G,G,G,G,G,Y,4.5
G,G,G,G,G,G,5.0
G,G,G,G,G,G,5.5
G,G,G,G,G,G,6.0
G,G,G,G,G,G,6.5
G,G,G,G,G,G,7.0
G,G,G,G,G,G,7.5
G,G,G,G,G,G,8.0
G,G,G,G,G,G,8.5
G,G,G,G,Y,Y,8.0
G,G,G,G,Y,Y,7.5
G,G,G,G,Y,Y,7.0
G,G,G,G,Y,Y,6.5
G,G,G,G,Y,Y,6.0
G,G,G,G,Y,Y,5.5
G,G,G,G,Y,Y,5.0
G,G,G,G,Y,Y,4.5
G,G,G,G,Y,Y,4.0
G,G,G,G,Y,Y,3.5
G,G,G,G,Y,Y,3.0
G,G,G,G,G,Y,2.5
G,G,G,G,G,Y,2.0
G,G,G,G,G,G,2.5
G,G,G,G,G,G,3.0
G,G,G,G,G,G,3.5
G,G,G,G,G,G,4.0
G,G,G,G,G,G,4.5
G,G,G,G,G,G,5.0
Y,G,G,G,G,G,4.5
Y,G,G,G,G,G,4.0
G,G,G,G,G,G,4.5
G,G,G,G,G,G,5.0
G,G,G,G,G,G,5.5
G,G,G,G,G,G,6.0
G,G,G,G,G,G,6.5
Y,G,G,G,G,G,6.0
G,G,G,G,G,G,6.5
G,G,G,G,G,G,7.0
G,G,G,G,G,Y,6.5
G,G,G,G,G,Y,6.0
G,G,G,G,G,G,6.5
G,G,G,G,B,B,4.5
G,G,G,G,G,G,5.0
Y,G,G,G,G,G,4.5
Y,G,G,G,G,G,4.0
G,G,G,G,G,G,4.5
Y,G,G,G,G,G,4.0
Y,G,G,G,G,G,3.5
Y,G,G,G,G,G,3.0
G,G,G,G,G,G,3.5
G,G,G,G,G,G,4.0
G,G,G,G,G,G,4.5
Y,G,G,G,G,G,4.0
Y,G,G,G,G,G,3.5
G,G,G,G,G,G,4.0
Y,G,G,G,G,G,3.5
Y,G,G,G,G,G,3.0
G,G,G,G,G,G,3.5
G,G,G,G,G,G,4.0
G,G,G,G,G,G,4.5
G,G,G,G,G,G,5.0
Y,Y,G,G,G,G,4.5
G,G,G,G,G,G,5.0
Y,G,G,G,G,G,4.5
G,G,G,G,G,G,5.0
Y,G,G,G,G,G,4.5
G,G,G,G,G,G,5.0
Y,Y,G,G,G,G,4.5
G,G,G,G,G,G,5.0
Y,G,G,G,G,G,4.5
G,G,G,G,G,G,5.0
Y,G,G,G,G,G,4.5
Y,G,G,G,G,G,4.0
G,G,G,G,G,G,4.5
Y,Y,G,G,G,G,4.0
G,G,G,G,G,G,4.5
Y,G,G,G,G,G,4.0
G,G,G,G,G,G,4.5
G,G,G,G,G,G,5.0
G,G,G,G,O,G,3.5
Y,G,G,G,G,O,2.0
Y,Y,G,G,G,G,1.5
Y,G,G,G,G,O,0.0
Y,G,G,G,G,O,0.0
Y,G,G,G,G,O,0.0
Y,G,G,G,G,O,0.0
Y,G,G,G,G,O,0.0
Y,G,G,G,G,O,0.0
Y,G,G,G,G,O,0.0
Y,G,G,G,G,O,0.0
Y,G,G,G,G,O,0.0
Y,G,G,G,G,O,0.0
Y,G,G,G,G,O,0.0
Y,G,G,G,G,O,0.0
Y,G,G,G,G,O,0.0
Y,G,G,G,G,O,0.0
Y,G,G,G,G,G,1.0
Y,G,G,G,G,O,0
Y,G,G,G,G,O,0.0
Y,G,G,G,G,G,1.0
G,G,G,G,G,O,0
Y,G,G,G,G,G,1.0
Y,G,G,G,G,G,0.5
G,G,G,G,G,G,2.0
G,G,G,G,G,G,2.5
G,G,G,G,G,G,3.0
G,G,G,G,G,G,3.5
G,G,G,G,G,G,4.0
G,G,G,G,G,G,4.5
G,G,G,G,G,Y,4.0
G,G,G,G,G,G,4.5
G,G,G,G,G,G,5.0
G,G,G,G,G,G,5.5
G,G,G,G,G,G,6.0
G,G,G,G,G,G,6.5
G,G,G,G,G,G,7.0
G,G,G,G,G,G,7.5
G,G,G,G,G,O,6.0
Y,Y,G,G,G,G,5.5
Y,G,G,G,G,G,5.0
Y,G,G,G,G,O,3.5
Y,G,G,G,G,G,3.0
G,G,G,G,G,G,3.5
G,G,G,G,G,G,4.0
G,G,G,G,G,G,4.5
G,G,G,G,G,G,5.0
G,G,G,G,G,Y,4.5
G,G,G,G,G,Y,4.0
G,G,G,G,G,G,4.5
G,G,G,G,G,Y,4.0
G,G,G,G,G,G,4.5
G,G,G,G,G,G,5.0
G,G,G,G,G,Y,4.5
G,G,G,G,G,G,5.0
G,G,G,G,G,Y,4.5
G,G,G,G,G,G,5.0
G,G,G,G,G,Y,4.5
G,G,G,G,G,G,5.0
G,G,G,G,Y,Y,4.5
G,G,G,G,G,G,5.0
G,G,G,G,G,Y,4.5
G,G,G,G,G,G,5.0
G,G,G,G,G,Y,4.5
G,G,G,G,Y,Y,4.0
G,G,G,G,G,G,4.5
G,G,G,G,G,Y,4.0
G,G,G,G,G,Y,3.5
G,G,G,G,G,G,4.0
G,G,G,G,G,Y,3.5
G,G,G,G,G,Y,3.0
G,G,G,G,G,G,3.5
G,G,G,G,G,Y,3.0
G,G,G,G,G,G,3.5
G,G,G,G,G,G,4.0
G,G,G,G,G,G,4.5
G,G,G,G,G,Y,4.0
G,G,G,G,G,Y,3.5
G,G,G,G,G,G,4.0
G,G,G,G,G,G,4.5
G,G,G,G,G,G,5.0
G,G,G,G,G,G,5.5
G,G,G,G,G,Y,5.0
G,G,G,G,G,G,5.5
G,G,G,G,G,G,6.0
G,G,G,G,G,Y,5.5
B,G,G,G,G,G,3.5
G,G,G,G,G,G,4.0
G,G,G,G,G,Y,3.5
G,G,G,G,G,G,4.0
G,G,G,G,G,Y,3.5
G,G,G,G,G,G,4.0
Y,G,G,G,G,G,3.5
G,G,G,G,G,G,4.0
G,G,G,G,G,G,4.5
G,G,G,G,G,G,5.0
G,G,G,G,G,G,5.5
Y,G,G,G,G,G,5.0
G,G,G,G,G,G,5.5
G,G,G,G,G,G,6.0
G,G,G,G,G,G,6.5
G,G,B,B,G,G,4.5
G,B,B,B,G,Y,3.0
G,G,G,G,G,Y,2.5
G,G,G,G,G,Y,2.0
G,G,G,G,G,G,2.5
G,G,G,G,G,G,3.0
G,G,G,G,G,G,3.5
G,G,G,G,G,G,4.0
G,G,G,G,G,G,4.5
Y,G,G,G,G,G,4.0
G,G,G,G,G,G,4.5
G,G,G,G,G,G,5.0
G,G,G,G,G,Y,4.5
G,G,G,G,G,G,5.0
Y,G,G,G,G,Y,5.5
G,G,G,G,G,G,6.0
G,G,G,G,G,G,6.5
G,G,G,G,Y,Y,6.0
G,G,G,G,G,Y,5.5
G,G,G,G,G,G,6.0
G,G,G,G,G,G,6.5
G,G,G,G,G,G,7.0
G,G,G,G,G,Y,6.5
G,G,G,G,G,Y,6.0
G,G,G,G,G,G,6.5
G,G,G,G,G,Y,6.0
G,G,G,G,G,G,6.5
G,G,G,G,G,Y,6.0
G,O,G,G,G,G,4.5
O,O,G,Y,Y,Y,3.0
O,G,Y,Y,Y,Y,1.5
O,G,Y,Y,Y,Y,0.0
O,G,Y,Y,Y,Y,0.0
O,G,Y,Y,Y,Y,0.0
O,Y,Y,Y,Y,Y,-1.0
Y,Y,Y,Y,R,R,3.0
G,Y,Y,Y,Y,R,3.5
Y,Y,Y,Y,Y,Y,2.0
Y,Y,Y,Y,Y,Y,0.5
G,G,G,Y,Y,Y,1.0
Y,G,G,Y,Y,Y,1.5
G,G,G,Y,Y,Y,1.0
G,G,G,G,Y,Y,0.5
G,G,G,G,Y,Y,1.0
Y,G,G,G,Y,Y,1.5
G,G,G,G,Y,Y,1.0
G,G,G,Y,G,Y,0.5
G,G,G,G,G,Y,1.0
G,G,G,G,Y,G,0.5
O,G,G,G,G,Y,0.0
G,G,G,G,G,G,2.0
G,G,G,G,G,G,2.5
G,G,G,G,G,G,3.0
G,G,G,G,G,G,3.5
G,G,G,G,G,G,4.0
G,G,G,G,G,G,4.5
G,G,G,G,G,G,5.0
G,G,G,G,G,G,5.5
G,G,G,G,G,G,6.0
Y,Y,Y,Y,Y,G,4.5
Y,Y,Y,Y,Y,Y,3.0
Y,Y,Y,Y,Y,Y,1.5
Y,Y,Y,Y,Y,Y,0.0
Y,Y,Y,Y,Y,Y,0.0
Y,Y,Y,Y,Y,G,0.0
Y,Y,Y,Y,Y,G,0.0
Y,Y,Y,Y,Y,G,0.0
Y,Y,Y,Y,G,G,1.0
Y,Y,Y,Y,G,G,0.5
Y,Y,Y,Y,G,G,1.0
Y,Y,Y,G,G,G,0.5
Y,Y,Y,G,G,G,1.0
Y,Y,Y,G,G,G,0.5
Y,Y,G,G,G,G,1.0
Y,Y,G,G,G,G,0.5
Y,G,G,G,G,G,1.0
Y,G,G,G,G,G,0.5
G,G,G,G,G,G,2.0
Y,G,G,G,G,G,1.5
G,G,G,G,G,G,2.0
G,G,G,G,G,G,2.5
G,G,G,G,G,G,3.0
G,G,G,G,G,G,3.5
G,G,G,G,G,G,4.0
G,G,G,G,G,G,4.5
G,G,G,G,G,G,5.0
G,G,Y,Y,Y,G,4.5
G,G,Y,Y,Y,G,4.0
G,G,Y,Y,Y,Y,3.5
G,G,Y,Y,Y,Y,3.0
G,G,G,Y,Y,Y,2.5
G,G,G,Y,Y,Y,2.0
G,G,G,Y,Y,Y,1.5
G,G,G,G,Y,Y,1.0
G,G,G,G,Y,Y,0.5
G,G,G,G,G,Y,1.0
G,G,G,G,G,Y,0.5
G,G,G,G,G,Y,1.0
G,G,G,G,G,G,1.5
G,G,G,G,G,G,2.0
G,G,G,G,G,G,2.5
G,G,G,G,G,G,3.0
G,G,G,G,G,G,3.5
G,G,G,G,G,G,4.0
G,G,G,G,G,G,4.5
G,G,G,G,G,G,5.0
Y,Y,Y,G,G,G,4.5
Y,Y,Y,G,G,G,4.0
Y,Y,Y,G,G,G,3.5
Y,Y,Y,G,G,G,3.0
Y,Y,G,G,G,G,2.5
Y,Y,G,G,G,G,2.0
Y,Y,G,G,G,G,1.5
Y,Y,G,G,G,G,1.0
Y,G,G,G,G,G,0.5
G,G,G,G,G,G,2.0
G,G,G,G,G,G,2.5
G,G,G,G,G,G,3.0
G,G,G,G,G,G,3.5
G,G,G,G,G,G,4.0
G,G,G,G,G,G,4.5
G,G,G,G,G,G,5.0
G,G,G,G,Y,Y,4.5
G,G,Y,Y,Y,Y,4.0
G,G,G,Y,Y,Y,3.5
G,G,G,Y,Y,Y,3.0
G,G,G,Y,Y,Y,2.5
G,G,G,Y,Y,Y,2.0
G,G,G,Y,Y,Y,1.5
G,G,G,G,Y,Y,1.0
G,G,G,G,Y,Y,0.5
G,G,G,G,G,Y,1.0
G,G,G,G,G,Y,0.5
G,G,G,G,G,G,2.0
G,G,G,G,G,G,2.5
G,G,G,G,G,G,3.0
G,G,G,G,G,G,3.5
G,G,G,G,G,G,4.0
Y,G,G,G,G,G,3.5
G,G,G,G,G,G,4.0
G,G,G,G,G,G,4.5
G,G,G,G,G,G,5.0
G,G,B,B,G,G,3.0
G,B,B,B,G,Y,1.5
G,B,G,B,Y,Y,0.0
G,B,G,G,Y,Y,0.0
G,G,G,G,Y,Y,1.0
G,B,G,G,Y,Y,0
G,B,G,G,Y,Y,0.0
G,B,G,G,Y,Y,0.0
G,G,G,G,Y,Y,1.0
G,G,G,G,G,Y,0.5
G,G,B,G,G,G,0
G,G,G,G,G,Y,1.0
G,G,B,G,G,G,0
G,G,G,G,G,Y,1.0
G,G,G,G,G,G,1.5
G,G,G,G,G,G,2.0
G,G,G,G,G,Y,1.5
G,G,G,G,G,G,2.0
G,G,G,G,G,G,2.5
G,G,G,G,G,G,3.0
G,G,G,G,G,G,3.5
G,G,G,G,G,G,4.0
G,G,G,G,G,Y,3.5
G,G,G,G,G,G,4.0
G,G,G,G,G,Y,3.5
G,G,G,G,G,G,4.0
G,G,G,G,G,G,4.5
G,G,G,G,G,Y,4.0
G,G,G,G,G,Y,3.5
G,G,G,G,G,G,4.0
G,G,G,G,G,Y,3.5
G,G,G,G,G,Y,3.0
G,G,G,G,G,G,3.5
G,G,G,G,G,Y,3.0
G,G,G,G,G,Y,2.5
G,G,G,G,G,Y,2.0
G,G,G,G,G,G,2.5
G,G,G,G,G,G,3.0
G,G,G,G,G,G,3.5
G,G,G,G,G,G,4.0
G,G,G,G,O,O,2.5
G,G,G,G,G,O,1.0
G,G,G,G,G,G,1.5
G,G,G,G,G,G,2.0
G,G,G,G,G,G,2.5
G,G,G,G,G,G,3.0
Y,G,G,G,G,G,2.5
Y,G,G,G,G,G,2.0
Y,G,G,G,G,G,1.5
Y,G,G,G,G,G,1.0
Y,G,G,G,G,G,0.5
G,G,G,G,G,G,2.0
G,G,G,G,G,G,2.5
G,G,G,G,G,G,3.0
G,G,G,G,G,G,3.5
G,G,G,G,G,G,4.0
G,G,G,G,G,G,4.5
G,G,G,G,G,G,5.0
G,G,G,G,G,Y,4.5
G,G,G,G,Y,Y,4.0
G,G,G,G,G,Y,3.5
G,G,G,G,G,G,4.0
G,G,G,G,G,G,4.5
G,G,G,G,G,G,5.0
G,G,G,G,G,G,5.5
G,G,G,G,G,G,6.0
G,G,G,G,G,G,6.5
G,G,G,G,G,G,7.0
G,G,G,G,G,G,7.5
G,G,G,G,G,G,8.0
G,G,G,G,G,G,8.5
G,G,G,G,G,G,9.0
G,G,G,G,G,G,9.5
G,G,G,G,G,G,10.0
Y,Y,G,G,G,G,9.5
Y,Y,G,G,G,G,9.0
Y,Y,G,G,G,G,8.5
Y,Y,G,G,G,G,8.0
Y,Y,G,G,G,G,7.5
Y,Y,G,G,G,G,7.0
Y,G,G,G,G,G,6.5
Y,G,G,G,G,G,6.0
G,G,G,G,G,G,6.5
G,G,G,G,G,Y,6.0
G,G,G,G,G,G,6.5
G,G,G,G,G,G,7.0
G,G,G,G,G,Y,6.5
G,G,G,G,G,G,7.0
G,G,G,G,G,Y,6.5
G,G,G,G,G,G,7.0
G,G,G,G,G,G,7.5
G,G,G,G,G,Y,7.0
G,G,G,G,G,G,7.5
Y,G,G,G,G,G,7.0
Y,Y,G,G,G,G,6.5
G,G,G,G,G,G,7.0
Y,G,G,G,G,G,6.5
G,G,G,G,G,G,7.0
G,G,G,G,G,G,7.5
G,G,G,G,G,G,8.0
G,G,G,G,G,G,8.5
G,G,G,G,G,G,9.0
Y,G,G,G,G,G,8.5
G,G,G,G,G,G,9.0
G,G,G,G,G,G,9.5
G,G,G,G,G,G,10.0
G,G,G,G,Y,Y,9.5
G,G,G,G,O,Y,8.0
G,G,G,G,G,O,6.5
G,G,G,G,G,Y,6.0
G,G,G,G,G,Y,5.5
G,G,G,G,G,Y,5.0
G,G,G,G,G,Y,4.5
G,G,G,G,G,Y,4.0
G,G,G,G,G,G,4.5
G,G,G,G,G,G,5.0
G,G,G,G,G,G,5.5
G,G,G,G,G,G,6.0
G,G,G,G,G,G,6.5
G,G,G,G,G,Y,6.0
G,G,G,G,G,G,6.5
G,G,G,G,G,Y,6.0
G,G,G,G,G,G,6.5
G,G,G,G,G,G,7.0
G,G,G,G,G,Y,6.5
G,G,G,G,G,G,7.0
G,G,G,G,G,G,7.5
G,G,G,G,G,Y,7.0
G,G,G,G,G,G,7.5
B,G,G,G,G,Y,6.0
G,G,G,G,G,Y,5.5
G,G,G,G,G,Y,5.0
G,G,G,G,G,G,5.5
G,G,G,G,G,G,6.0
G,G,G,G,G,G,6.5
G,G,G,G,G,Y,6.0
G,G,G,G,G,G,6.5
G,G,G,G,G,G,7.0
G,G,G,G,G,G,7.5
G,G,G,G,G,G,8.0
G,G,G,G,G,G,8.5
G,G,G,G,G,G,9.0
Y,G,G,G,G,G,8.5
G,G,G,G,G,G,9.0
G,G,G,B,G,G,7.0
G,G,G,B,B,G,5.0
Y,G,G,G,G,G,4.5
Y,G,G,G,G,G,4.0
G,G,G,G,G,Y,3.5
Y,G,G,G,G,G,3.0
G,G,G,G,G,G,3.5
G,G,G,G,G,G,4.0
G,G,G,G,G,G,4.5
G,G,G,G,G,G,5.0
G,G,G,G,G,G,5.5
G,G,G,G,G,G,6.0
G,G,G,G,G,Y,5.5
G,G,G,G,G,G,6.0
G,G,G,G,G,G,6.5
G,G,G,G,G,G,7.0
G,G,G,G,G,G,7.5
G,G,G,G,G,G,8.0
G,G,G,G,G,Y,7.5
G,G,G,G,G,Y,7.0
G,G,G,G,G,Y,6.5
G,G,G,G,G,Y,6.0
G,G,G,G,G,Y,5.5
G,G,G,G,G,Y,5.0
G,G,G,G,G,Y,4.5
G,G,G,G,G,Y,4.0
G,G,G,G,G,Y,3.5
G,G,G,G,G,Y,3.0
G,G,G,G,G,G,3.5
G,G,G,G,G,G,4.0
G,G,G,G,G,G,4.5
G,G,G,G,G,G,5.0
G,G,G,G,G,Y,4.5
G,G,G,G,G,Y,4.0
G,G,G,G,G,G,4.5
G,G,G,G,G,Y,4.0
G,G,G,G,G,G,4.5
G,G,G,G,G,G,5.0
Y,Y,G,G,G,G,4.5
Y,G,G,G,G,G,4.0
G,G,G,G,G,G,4.5
G,G,G,G,G,G,5.0
G,G,G,G,G,G,5.5
G,G,G,G,G,G,6.0
G,G,G,G,G,G,6.5
G,G,G,G,G,G,7.0
G,G,G,G,G,G,7.5
G,G,G,G,G,B,5.5
G,G,G,G,G,G,6.0
Y,G,G,G,G,G,5.5
G,G,G,G,G,G,6.0
Y,G,G,G,G,G,5.5
Y,G,G,G,G,G,5.0
G,G,G,G,G,G,5.5
Y,G,G,G,G,G,5.0
Y,G,G,G,G,G,4.5
Y,G,G,G,G,G,4.0
Y,G,G,G,G,G,3.5
G,G,G,G,G,G,4.0
G,G,G,G,G,G,4.5
G,G,G,G,G,G,5.0
Y,G,G,G,G,G,4.5
G,G,G,G,G,G,5.0
G,G,G,G,G,G,5.5
Y,G,G,G,G,G,5.0
Y,G,G,G,G,G,4.5
G,G,G,G,G,G,5.0
G,G,G,G,G,G,5.5
Y,G,G,G,G,G,5.0
G,G,G,G,G,G,5.5
Y,G,G,G,G,G,5.0
Y,Y,G,G,G,G,4.5
G,G,G,G,G,G,5.0
Y,G,G,G,G,G,4.5
G,G,G,G,G,G,5.0
Y,G,G,G,G,G,4.5
Y,Y,G,G,G,G,4.0
G,G,G,G,G,G,4.5
Y,G,G,G,G,G,4.0
G,G,G,G,G,G,4.5
G,G,G,G,G,G,5.0
G,G,G,G,O,G,3.5
Y,G,G,G,G,O,2.0
Y,Y,G,G,G,G,1.5
Y,G,G,G,G,O,0.0
Y,G,G,G,G,O,0.0
Y,G,G,G,G,O,0.0
Y,G,G,G,G,O,0.0
Y,G,G,G,G,O,0.0
Y,G,G,G,G,O,0.0
Y,G,G,G,G,O,0.0
Y,G,G,G,G,O,0.0
Y,G,G,G,G,O,0.0
Y,G,G,G,G,O,0.0
Y,G,G,G,G,O,0.0
Y,G,G,G,G,O,0.0
Y,G,G,G,G,O,0.0
Y,G,G,G,G,O,0.0
Y,G,G,G,G,O,0.0
Y,G,G,G,G,G,1.0
Y,G,G,G,G,O,0
Y,G,G,G,G,O,0.0
Y,G,G,G,G,O,0.0
Y,G,G,G,G,G,1.0
G,G,G,G,G,O,0
Y,G,G,G,G,G,1.0
Y,G,G,G,G,G,0.5
G,G,G,G,G,G,2.0
G,G,G,G,G,G,2.5
G,G,G,G,G,G,3.0
G,G,G,G,G,G,3.5
G,G,G,G,G,G,4.0
G,G,G,G,G,G,4.5
G,G,G,G,G,Y,4.0
G,G,G,G,G,G,4.5
G,G,G,G,G,G,5.0
G,G,G,G,G,G,5.5
G,G,G,G,G,G,6.0
G,G,G,G,G,G,6.5
G,G,G,G,G,G,7.0
G,G,G,G,G,G,7.5
G,G,G,G,G,O,6.0
Y,Y,G,G,G,G,5.5
Y,G,G,G,G,G,5.0
Y,G,G,G,G,O,3.5
Y,G,G,G,G,G,3.0
G,G,G,G,G,G,3.5
G,G,G,G,G,G,4.0
G,G,G,G,G,G,4.5
G,G,G,G,G,G,5.0
G,G,G,G,G,Y,4.5
G,G,G,G,G,Y,4.0
G,G,G,G,G,G,4.5
G,G,G,G,G,Y,4.0
G,G,G,G,G,G,4.5
G,G,G,G,G,G,5.0
G,G,G,G,G,Y,4.5
G,G,G,G,G,G,5.0
G,G,G,G,G,Y,4.5
G,G,G,G,G,G,5.0
G,G,G,G,G,Y,4.5
G,G,G,G,G,G,5.0
G,G,G,G,Y,Y,4.5
G,G,G,G,G,G,5.0
G,G,G,G,G,Y,4.5
G,G,G,G,G,G,5.0
G,G,G,G,G,Y,4.5
G,G,G,G,G,Y,4.0
G,G,G,G,G,G,4.5
G,G,G,G,G,Y,4.0
G,G,G,G,G,Y,3.5
G,G,G,G,G,G,4.0
G,G,G,G,G,Y,3.5
G,G,G,G,G,Y,3.0
G,G,G,G,G,G,3.5
G,G,G,G,G,Y,3.0
G,G,G,G,G,G,3.5
G,G,G,G,G,G,4.0
G,G,G,G,G,G,4.5
G,G,G,G,G,Y,4.0
G,G,G,G,G,Y,3.5
G,G,G,G,G,G,4.0
G,G,G,G,G,G,4.5
G,G,G,G,G,G,5.0
G,G,G,G,G,G,5.5
G,G,G,G,G,Y,5.0
G,G,G,G,G,G,5.5
G,G,G,G,G,G,6.0
G,G,G,G,G,Y,5.5
B,G,G,G,G,G,3.5
G,G,G,G,G,G,4.0
G,G,G,G,G,Y,3.5
G,G,G,G,G,G,4.0
G,G,G,G,G,Y,3.5
G,G,G,G,G,G,4.0
Y,G,G,G,G,G,3.5
G,G,G,G,G,G,4.0
G,G,G,G,G,G,4.5
G,G,G,G,G,G,5.0
G,G,G,G,G,G,5.5
Y,G,G,G,G,G,5.0
G,G,G,G,G,G,5.5
G,G,G,G,G,G,6.0
G,G,G,G,G,G,6.5
G,G,B,B,G,G,4.5
G,B,B,B,G,Y,3.0
G,G,G,G,G,Y,2.5
G,G,G,G,G,Y,2.0
G,G,G,G,G,G,2.5
G,G,G,G,G,G,3.0
G,G,G,G,G,G,3.5
G,G,G,G,G,G,4.0
G,G,G,G,G,G,4.5
Y,G,G,G,G,G,4.0
G,G,G,G,G,G,4.5
G,G,G,G,G,G,5.0
G,G,G,G,G,Y,4.5
G,G,G,G,G,G,5.0
Y,G,G,G,G,G,4.5
G,G,G,G,G,G,5.0
G,G,G,G,G,G,5.5
G,G,G,G,G,Y,5.0
G,G,G,G,G,G,5.5
G,G,G,G,G,G,6.0
G,G,G,G,G,Y,5.5
G,G,G,G,G,G,6.0
G,G,G,G,G,Y,5.5
G,G,G,G,G,G,6.0
G,G,G,G,G,G,6.5
G,G,G,G,G,Y,6.0
G,G,G,G,G,Y,5.5
G,G,G,G,G,G,6.0
G,G,G,G,G,Y,5.5
G,G,G,G,G,G,6.0
G,O,O,G,G,G,4.5
O,O,G,Y,Y,Y,3.0
O,G,Y,Y,Y,Y,1.5
O,G,Y,Y,Y,Y,0.0
O,G,Y,Y,Y,Y,0.0
O,G,Y,Y,Y,Y,0.0
O,G,Y,Y,Y,Y,0.0
G,G,Y,Y,Y,Y,1.0
O,G,Y,Y,Y,Y,0
O,G,Y,Y,Y,Y,0.0
O,G,G,Y,Y,Y,0.0
O,G,G,Y,Y,Y,0.0
O,G,G,Y,Y,Y,0.0
O,G,G,Y,Y,Y,0.0
O,G,G,Y,Y,Y,0.0
G,G,G,Y,Y,Y,1.0
O,G,G,G,Y,Y,0
O,G,G,G,Y,Y,0.0
G,G,G,G,Y,Y,1.0
G,G,G,G,G,Y,0.5
G,G,G,G,G,G,2.0
G,G,G,G,G,G,2.5
G,G,G,G,G,G,3.0
G,G,G,G,G,G,3.5
G,G,G,G,G,G,4.0
G,G,G,G,G,G,4.5
G,G,G,G,G,G,5.0
G,G,G,G,G,G,5.5
Y,Y,Y,Y,G,G,5.0
Y,Y,Y,Y,G,G,4.5
Y,Y,Y,G,G,G,4.0
Y,Y,Y,G,G,G,3.5
Y,Y,Y,G,G,G,3.0
Y,Y,Y,G,G,G,2.5
Y,Y,Y,G,G,G,2.0
Y,Y,G,G,G,G,1.5
Y,Y,G,G,G,G,1.0
Y,Y,G,G,G,G,0.5
Y,Y,G,G,G,G,1.0
Y,Y,G,G,G,G,0.5
Y,G,G,G,G,G,1.0
Y,G,G,G,G,G,0.5
Y,G,G,G,G,G,1.0
G,G,G,G,G,G,1.5
G,G,G,G,G,G,2.0
Y,G,G,G,G,G,1.5
G,G,G,G,G,G,2.0
G,G,G,G,G,G,2.5
G,G,G,G,G,G,3.0
G,G,G,G,G,Y,2.5
G,G,G,G,G,G,3.0
G,G,G,G,G,Y,2.5
G,G,G,G,G,G,3.0
G,G,G,G,G,Y,2.5
G,G,G,G,G,G,3.0
G,G,G,G,G,G,3.5
G,G,G,G,G,G,4.0
G,G,G,G,G,G,4.5
G,G,G,G,G,G,5.0
G,G,G,G,G,G,5.5
G,G,G,G,G,G,6.0
Y,G,G,G,G,G,5.5
G,G,G,G,G,G,6.0
G,G,G,G,G,G,6.5
G,G,G,G,G,Y,6.0
G,G,G,G,G,Y,5.5
G,G,G,G,G,Y,5.0
G,G,G,G,G,Y,4.5
G,G,G,G,G,Y,4.0
G,G,G,G,G,Y,3.5
G,G,G,G,G,G,4.0
G,G,G,G,G,G,4.5
G,G,G,G,G,G,5.0
G,G,G,G,G,G,5.5
G,G,G,G,G,G,6.0
G,B,B,B,Y,Y,4.5
B,B,B,G,Y,Y,3.0
B,G,G,Y,Y,Y,1.5
G,G,G,Y,Y,Y,1.0
B,G,G,Y,Y,Y,0
B,G,G,Y,Y,Y,0.0
B,G,G,Y,Y,Y,0.0
B,G,G,Y,Y,Y,0.0
G,G,G,Y,Y,Y,1.0
G,G,G,G,Y,Y,0.5
G,G,G,G,Y,Y,1.0
G,G,B,G,G,Y,0
G,G,B,G,G,Y,0.0
G,G,G,G,G,Y,1.0
G,G,G,G,G,G,1.5
G,G,G,G,G,G,2.0
G,G,G,G,G,G,2.5
G,G,G,G,G,G,3.0
G,G,G,G,G,G,3.5
G,G,G,G,G,G,4.0
G,G,G,G,G,G,4.5
G,G,G,G,Y,Y,4.0
G,G,G,G,G,G,4.5
G,G,G,G,G,Y,4.0
G,G,G,G,G,G,4.5
G,G,G,G,G,Y,4.0
G,G,G,G,G,G,4.5
G,G,G,G,Y,Y,4.0
G,G,G,G,G,G,4.5
G,G,G,G,G,Y,4.0
G,G,G,G,G,Y,3.5
G,G,G,G,G,Y,3.0
G,G,G,G,G,Y,2.5
G,G,G,G,G,Y,2.0
G,G,G,G,G,G,2.5
G,G,G,G,G,G,3.0
G,G,G,G,G,G,3.5
G,G,G,G,G,O,2.0
Y,G,G,G,G,G,1.5
G,G,G,G,G,G,2.0
G,G,G,G,G,G,2.5
G,G,G,G,G,G,3.0
G,G,G,G,G,G,3.5
G,G,G,G,G,G,4.0
Y,G,G,G,G,G,3.5
Y,G,G,G,G,G,3.0
G,G,G,G,G,G,3.5
G,G,G,G,G,G,4.0
G,G,G,G,G,G,4.5
G,G,G,G,G,G,5.0
G,G,G,G,G,G,5.5
G,G,G,G,G,G,6.0
G,G,G,G,G,G,6.5
G,G,G,G,G,Y,6.0
G,G,G,G,G,Y,5.5
G,G,G,G,G,Y,5.0
G,G,G,G,G,G,5.5
G,G,G,G,G,G,6.0
G,G,G,G,G,G,6.5
G,G,G,G,G,G,7.0
Y,G,G,G,G,G,6.5
G,G,G,G,G,G,7.0
G,G,G,G,G,G,7.5
G,G,G,G,G,G,8.0
G,G,G,G,G,G,8.5
Y,G,G,G,G,G,8.0
Y,G,G,G,G,G,7.5
Y,G,G,G,G,G,7.0
Y,Y,G,G,G,G,6.5
Y,G,G,G,G,G,6.0
G,G,G,G,G,G,6.5
G,G,G,G,G,G,7.0
Y,G,G,G,G,G,6.5
G,G,G,G,G,G,7.0
G,G,G,G,G,G,7.5
G,G,G,G,G,Y,7.0
G,G,G,G,G,G,7.5
G,G,G,G,G,G,8.0
G,G,G,G,G,G,8.5
G,G,G,G,G,G,9.0
G,G,G,G,G,Y,8.5
G,G,G,G,G,G,9.0
Y,G,G,G,G,G,8.5
Y,G,G,G,G,G,8.0
Y,G,G,G,G,G,7.5
G,G,G,G,G,G,8.0
G,G,G,G,G,G,8.5
G,G,G,G,G,G,9.0
G,G,G,G,G,G,9.5
G,G,G,G,G,G,10.0
G,G,G,G,G,G,10
G,G,G,G,G,G,10
G,G,G,G,G,G,10
Y,G,G,G,G,G,9.5
G,G,G,G,G,Y,9.0
G,G,G,G,G,G,9.5
G,G,G,G,G,O,8.0
G,G,G,G,Y,Y,7.5
G,G,G,G,Y,Y,7.0
G,G,G,G,Y,Y,6.5
G,G,G,G,Y,Y,6.0
G,G,G,G,Y,Y,5.5
G,G,G,G,Y,Y,5.0
G,G,G,G,Y,Y,4.5
G,G,G,G,G,Y,4.0
G,G,G,G,G,Y,3.5
G,G,G,G,G,G,4.0
G,G,G,G,G,G,4.5
G,G,G,G,G,G,5.0
G,G,G,G,G,G,5.5
G,G,G,G,G,G,6.0
G,G,G,G,G,G,6.5
G,G,G,G,G,G,7.0
G,G,G,G,G,G,7.5
G,G,G,G,G,Y,7.0
G,G,G,G,G,G,7.5
G,G,G,G,G,G,8.0
G,G,G,G,G,G,8.5
G,G,G,G,G,Y,8.0
G,G,G,G,G,G,8.5
G,G,G,G,G,Y,8.0
G,G,G,G,G,Y,7.5
G,G,G,G,G,G,8.0
G,G,G,G,G,G,8.5
G,G,G,G,G,G,9.0
G,G,G,G,G,Y,8.5
G,G,G,G,G,Y,8.0
Y,G,G,G,G,G,7.5
G,G,G,G,G,G,8.0
G,G,G,G,G,G,8.5
G,G,G,G,G,G,9.0
G,G,G,G,G,G,9.5
G,G,G,G,G,G,10.0
Y,G,G,B,B,B,8.5
G,G,G,G,G,G,9.0
G,G,G,G,G,Y,8.5
Y,G,G,G,G,G,8.0
G,G,G,G,G,G,8.5
G,G,G,G,G,G,9.0
G,G,G,G,G,G,9.5
G,G,G,G,G,Y,9.0
G,G,G,G,G,G,9.5
G,G,G,G,G,G,10.0
G,G,G,G,G,G,10
G,G,G,G,G,Y,9.5
G,G,G,G,Y,Y,9.0
G,G,G,G,Y,Y,8.5
G,G,G,G,Y,Y,8.0
G,G,G,G,Y,Y,7.5
G,G,G,G,Y,Y,7.0
G,G,G,G,Y,Y,6.5
G,G,G,G,Y,Y,6.0
G,G,G,G,Y,Y,5.5
G,G,G,Y,Y,Y,5.0
G,G,G,G,Y,Y,4.5
G,G,G,G,Y,Y,4.0
G,G,G,G,G,Y,3.5
G,G,G,G,G,Y,3.0
G,G,G,G,G,G,3.5
G,G,G,G,G,G,4.0
G,G,G,G,G,G,4.5
G,G,G,G,G,G,5.0
Y,G,G,G,G,G,4.5
Y,G,G,G,G,G,4.0
Y,G,G,G,G,G,3.5
G,G,G,G,G,G,4.0
G,G,G,G,G,G,4.5
G,G,G,G,G,G,5.0
G,G,G,G,G,G,5.5
G,G,G,G,G,G,6.0
G,G,G,G,G,G,6.5
G,G,G,G,G,G,7.0
Y,G,G,G,G,G,6.5
G,G,G,G,G,G,7.0
G,G,G,G,B,G,5.0
G,G,G,G,G,B,3.0
G,G,G,G,G,G,3.5
G,G,G,G,G,G,4.0
G,G,G,G,G,G,4.5
G,G,G,G,G,G,5.0
Y,G,G,G,G,G,4.5
Y,G,G,G,G,G,4.0
Y,G,G,G,G,G,3.5
Y,G,G,G,G,G,3.0
Y,G,G,G,G,G,2.5
Y,Y,G,G,G,G,2.0
Y,G,G,G,G,G,1.5
G,G,G,G,G,G,2.0
G,G,G,G,G,G,2.5
G,G,G,G,G,G,3.0
G,G,G,G,G,G,3.5
G,G,G,G,G,G,4.0
G,G,G,G,G,G,4.5
Y,G,G,G,G,G,4.0
G,G,G,G,G,G,4.5
Y,G,G,G,G,G,4.0
G,G,G,G,G,G,4.5
G,G,G,G,G,G,5.0
Y,G,G,G,G,G,4.5
G,G,G,G,G,G,5.0
Y,Y,G,G,G,G,4.5
G,G,G,G,G,G,5.0
Y,Y,G,G,G,G,4.5
G,G,G,G,G,G,5.0
Y,G,G,G,G,G,4.5
G,G,G,G,G,G,5.0
Y,G,G,G,G,G,4.5
Y,G,G,G,G,G,4.0
G,G,G,G,G,G,4.5
Y,Y,G,G,G,G,4.0
G,G,G,G,G,G,4.5
Y,G,G,G,G,G,4.0
G,G,G,G,G,G,4.5
G,G,G,G,G,G,5.0
G,G,G,G,O,O,3.5
Y,G,G,G,G,O,2.0
Y,Y,G,G,G,G,1.5
Y,G,G,G,G,O,0.0
Y,G,G,G,G,O,0.0
Y,G,G,G,G,O,0.0
Y,G,G,G,G,O,0.0
Y,G,G,G,G,O,0.0
Y,G,G,G,G,O,0.0
Y,G,G,G,G,O,0.0
Y,G,G,G,G,O,0.0
Y,G,G,G,G,O,0.0
Y,G,G,G,G,O,0.0
Y,G,G,G,G,O,0.0
Y,G,G,G,G,O,0.0
Y,G,G,G,G,O,0.0
Y,G,G,G,G,G,1.0
Y,G,G,G,G,O,0
Y,G,G,G,G,O,0.0
Y,G,G,G,G,G,1.0
G,G,G,G,G,O,0
Y,G,G,G,G,G,1.0
Y,G,G,G,G,G,0.5
G,G,G,G,G,G,2.0
G,G,G,G,G,G,2.5
G,G,G,G,G,G,3.0
G,G,G,G,G,G,3.5
G,G,G,G,G,G,4.0
G,G,G,G,G,G,4.5
G,G,G,G,G,Y,4.0
G,G,G,G,G,G,4.5
G,G,G,G,G,G,5.0
G,G,G,G,G,G,5.5
G,G,G,G,G,G,6.0
G,G,G,G,G,G,6.5
G,G,G,G,G,G,7.0
G,G,G,G,G,G,7.5
G,G,G,G,G,O,6.0
Y,Y,G,G,G,G,5.5
Y,G,G,G,G,G,5.0
Y,G,G,G,G,O,3.5
Y,G,G,G,G,G,3.0
G,G,G,G,G,G,3.5
G,G,G,G,G,G,4.0
G,G,G,G,G,Y,3.5
G,G,G,G,G,G,4.0
G,G,G,G,G,G,4.5
G,G,G,G,G,G,5.0
G,G,G,G,Y,Y,4.5
G,G,G,G,G,G,5.0
G,G,G,G,G,Y,4.5
G,G,G,G,G,G,5.0
G,G,G,G,G,Y,4.5
G,G,G,G,G,G,5.0
G,G,G,G,G,G,5.5
G,G,G,G,G,Y,5.0
G,G,G,G,G,Y,4.5
G,G,G,G,G,G,5.0
G,G,G,G,G,Y,4.5
G,G,G,G,G,G,5.0
G,G,G,G,G,Y,4.5
G,G,G,G,G,Y,4.0
G,G,G,G,G,G,4.5
G,G,G,G,Y,Y,4.0
G,G,G,G,G,G,4.5
G,G,G,G,Y,Y,4.0
G,G,G,G,G,Y,3.5
G,G,G,G,G,G,4.0
G,G,G,G,G,Y,3.5
G,G,G,G,G,Y,3.0
G,G,G,G,G,G,3.5
G,G,G,G,G,G,4.0
G,G,G,G,G,Y,3.5
G,G,G,G,G,G,4.0
G,G,G,G,G,Y,3.5
G,G,G,G,G,G,4.0
G,G,G,G,G,G,4.5
G,G,G,G,G,Y,4.0
G,G,G,G,G,G,4.5
G,G,G,G,G,G,5.0
G,G,G,G,G,G,5.5
G,G,G,G,G,Y,5.0
G,G,G,G,G,G,5.5
G,G,G,G,G,G,6.0
G,G,G,G,G,Y,5.5
G,G,G,G,G,G,6.0
B,G,G,G,G,Y,4.5
G,G,G,G,G,G,5.0
G,G,G,G,G,G,5.5
G,G,G,G,G,G,6.0
G,G,G,G,G,G,6.5
G,G,G,G,G,G,7.0
Y,G,G,G,G,G,6.5
G,G,G,G,G,G,7.0
G,G,G,G,G,G,7.5
G,G,G,G,G,Y,7.0
G,G,B,B,G,G,5.0
G,G,G,B,B,G,3.0
G,G,G,G,G,G,3.5
G,G,G,G,G,G,4.0
Y,G,G,G,G,G,3.5
G,G,G,G,G,G,4.0
G,G,G,G,G,G,4.5
Y,G,G,G,G,G,4.0
G,G,G,G,G,G,4.5
G,G,G,G,G,Y,4.0
G,G,G,G,G,G,4.5
G,G,G,G,G,G,5.0
G,G,G,G,G,G,5.5
G,G,G,G,G,G,6.0
G,G,G,G,G,Y,5.5
G,G,G,G,G,G,6.0
G,G,G,G,G,Y,5.5
G,G,G,G,G,G,6.0
G,G,G,G,G,G,6.5
G,G,G,G,G,Y,6.0
G,G,G,G,G,G,6.5
G,G,G,G,G,Y,6.0
G,G,G,G,G,G,6.5
G,G,G,G,G,Y,6.0
G,G,G,G,G,G,6.5
G,G,G,G,G,Y,6.0
G,O,G,G,G,G,4.5
O,O,G,Y,Y,Y,3.0
O,G,Y,Y,Y,Y,1.5
O,G,Y,Y,Y,Y,0.0
O,G,Y,Y,Y,Y,0.0
O,G,Y,Y,Y,Y,0.0
O,G,Y,Y,Y,Y,0.0
G,Y,Y,Y,Y,R,2.0
G,Y,Y,Y,Y,Y,0.5
G,Y,Y,Y,Y,R,2.0
G,Y,Y,Y,Y,Y,0.5
Y,Y,Y,Y,Y,Y,0.0
Y,Y,Y,Y,Y,R,3.0
G,G,G,Y,Y,Y,2.5
G,G,G,G,Y,Y,2.0
G,G,G,G,Y,Y,1.5
G,G,G,G,G,Y,1.0
G,G,G,G,G,G,1.5
G,G,G,G,G,G,2.0
G,G,G,G,G,Y,1.5
G,G,G,G,G,G,2.0
G,G,G,G,G,G,2.5
G,G,G,G,G,G,3.0
G,G,G,G,G,G,3.5
G,G,G,G,G,G,4.0
G,G,G,G,G,G,4.5
G,G,G,G,G,G,5.0
G,G,G,G,G,G,5.5
G,Y,Y,G,G,G,5.0
Y,Y,Y,Y,G,G,4.5
Y,Y,Y,Y,G,G,4.0
Y,Y,Y,Y,G,G,3.5
Y,Y,Y,Y,G,G,3.0
Y,Y,Y,Y,G,G,2.5
Y,Y,Y,Y,G,G,2.0
Y,Y,Y,Y,G,G,1.5
Y,Y,Y,Y,G,G,1.0
Y,Y,Y,Y,G,G,0.5
Y,Y,Y,G,G,G,1.0
Y,Y,Y,G,G,G,0.5
Y,Y,Y,G,G,G,1.0
Y,Y,G,G,G,G,0.5
Y,Y,G,G,G,G,1.0
Y,G,G,G,G,G,0.5
Y,G,G,G,G,G,1.0
G,G,G,G,G,G,1.5
G,G,G,G,G,G,2.0
G,G,G,G,G,G,2.5
G,G,G,G,G,G,3.0
G,G,G,G,G,G,3.5
G,G,G,G,G,G,4.0
G,G,G,G,G,G,4.5
G,G,G,G,G,G,5.0
G,G,G,G,Y,Y,4.5
G,G,G,G,Y,Y,4.0
G,G,G,G,Y,Y,3.5
G,G,G,G,Y,Y,3.0
G,G,G,G,Y,Y,2.5
G,G,G,G,G,Y,2.0
G,G,G,G,G,Y,1.5
G,G,G,G,G,Y,1.0
G,G,G,G,G,G,1.5
G,G,G,G,G,G,2.0
G,G,G,G,G,G,2.5
G,G,G,G,G,G,3.0
G,G,G,G,G,G,3.5
G,G,G,G,G,G,4.0
G,G,G,G,G,G,4.5
Y,G,G,G,G,G,4.0
Y,G,G,G,G,G,3.5
Y,G,G,G,G,G,3.0
G,G,G,G,G,G,3.5
G,G,G,G,G,G,4.0
G,G,G,G,G,G,4.5
G,G,G,G,G,G,5.0
G,G,G,G,G,G,5.5
G,G,G,G,Y,Y,5.0
G,G,G,G,Y,Y,4.5
G,G,G,G,Y,Y,4.0
G,G,G,G,Y,Y,3.5
G,G,G,G,Y,Y,3.0
G,G,G,G,G,Y,2.5
G,G,G,G,G,Y,2.0
G,G,G,G,G,G,2.5
G,G,G,G,G,G,3.0
G,G,G,G,G,G,3.5
G,G,G,G,G,G,4.0
G,G,B,B,B,Y,2.5
G,G,B,B,B,G,0.5
G,B,B,B,G,Y,0.0
G,B,B,B,G,Y,0.0
G,B,B,B,G,Y,0.0
G,B,B,B,G,Y,0.0
G,B,B,G,G,Y,0.0
G,B,G,G,Y,Y,0.0
G,B,G,G,Y,Y,0.0
G,B,G,G,Y,Y,0.0
G,G,G,G,Y,Y,1.0
G,G,G,G,G,Y,0.5
G,G,B,G,G,G,0
G,G,G,G,G,Y,1.0
G,G,B,G,G,G,0
G,G,G,G,G,Y,1.0
G,G,G,G,G,G,1.5
G,G,G,G,G,Y,1.0
G,G,G,G,G,G,1.5
G,G,G,G,G,Y,1.0
Y,G,G,G,G,G,0.5
G,G,G,G,G,Y,1.0
Y,G,G,G,G,G,0.5
G,G,G,G,G,Y,1.0
G,G,G,G,G,G,1.5
G,G,G,G,G,G,2.0
G,G,G,G,G,G,2.5
G,G,G,G,G,G,3.0
G,G,G,G,G,G,3.5
G,G,G,G,G,G,4.0
G,G,G,G,G,G,4.5
G,G,G,G,G,G,5.0
G,G,G,G,G,Y,4.5
G,G,G,G,G,Y,4.0
G,G,G,G,G,G,4.5
G,G,G,G,G,Y,4.0
G,G,G,G,G,Y,3.5
G,G,G,G,G,Y,3.0
G,G,G,G,G,G,3.5
G,G,G,G,G,Y,3.0
G,G,G,G,G,Y,2.5
G,G,G,G,G,Y,2.0
G,G,G,G,G,G,2.5
G,G,G,G,G,G,3.0
G,G,G,G,G,G,3.5
G,G,G,G,G,G,4.0
G,G,G,G,O,O,2.5
G,G,G,G,G,G,3.0
G,G,G,G,G,G,3.5
G,G,G,G,G,G,4.0
G,G,G,G,G,G,4.5
G,G,G,G,G,G,5.0
Y,G,G,G,G,G,4.5
G,G,G,G,G,G,5.0
Y,G,G,G,G,G,4.5
G,G,G,G,G,G,5.0
G,G,G,G,G,G,5.5
G,G,G,G,G,G,6.0
G,G,G,G,G,G,6.5
G,G,G,G,G,G,7.0
G,G,G,G,G,Y,6.5
G,G,G,G,G,Y,6.0
G,G,G,G,G,Y,5.5
G,G,G,G,G,G,6.0
G,G,G,G,G,G,6.5
G,G,G,G,G,G,7.0
G,G,G,G,G,G,7.5
G,G,G,G,G,G,8.0
G,G,G,G,G,G,8.5
Y,G,G,G,G,G,8.0
Y,G,G,G,G,G,7.5
Y,G,G,G,G,G,7.0
Y,G,G,G,G,G,6.5
Y,G,G,G,G,G,6.0
Y,G,G,G,G,G,5.5
Y,G,G,G,G,G,5.0
G,G,G,G,G,G,5.5
G,G,G,G,G,Y,5.0
G,G,G,G,G,G,5.5
G,G,G,G,G,G,6.0
G,G,G,G,G,G,6.5
G,G,G,G,G,G,7.0
G,G,G,G,G,G,7.5
G,G,G,G,G,G,8.0
G,G,G,G,G,G,8.5
G,G,G,G,G,Y,8.0
G,G,G,G,G,G,8.5
Y,G,G,G,G,G,8.0
G,G,G,G,G,G,8.5
Y,G,G,G,G,G,8.0
G,G,G,G,G,G,8.5
Y,G,G,G,G,G,8.0
Y,G,G,G,G,G,7.5
G,G,G,G,G,G,8.0
G,G,G,G,G,Y,7.5
G,G,G,G,G,G,8.0
G,G,G,G,G,G,8.5
G,G,G,G,G,Y,8.0
Y,G,G,G,G,G,7.5
G,G,G,G,G,G,8.0
G,G,G,G,G,G,8.5
G,G,G,G,G,G,9.0
G,G,G,G,G,G,9.5
G,G,G,G,G,G,10.0
G,G,G,G,G,O,8.5
G,G,G,G,G,G,9.0
G,G,G,G,Y,Y,8.5
G,G,G,G,Y,Y,8.0
G,G,G,Y,Y,Y,7.5
G,G,G,Y,Y,Y,7.0
G,G,G,Y,Y,Y,6.5
G,G,G,Y,Y,Y,6.0
G,G,G,Y,Y,Y,5.5
G,G,G,G,Y,Y,5.0
G,G,G,G,Y,Y,4.5
G,G,G,G,G,Y,4.0
G,G,G,G,G,Y,3.5
G,G,G,G,G,G,4.0
G,G,G,G,G,G,4.5
G,G,G,G,G,G,5.0
G,G,G,G,G,G,5.5
Y,G,G,G,G,G,5.0
Y,Y,G,G,G,G,4.5
G,G,G,G,G,G,5.0
G,G,G,G,G,G,5.5
G,G,G,G,G,G,6.0
G,G,G,G,G,G,6.5
G,G,G,G,G,G,7.0
G,G,G,G,G,Y,6.5
G,G,G,G,G,G,7.0
G,G,G,G,G,Y,6.5
G,G,G,G,G,Y,6.0
B,G,G,G,G,G,4.0
G,G,G,G,G,Y,3.5
G,G,G,G,G,G,4.0
G,G,G,G,G,Y,3.5
G,G,G,G,G,G,4.0
G,G,G,G,G,G,4.5
G,G,G,G,G,G,5.0
G,G,G,G,G,G,5.5
G,G,G,G,G,Y,5.0
G,G,G,G,G,G,5.5
G,G,G,G,G,G,6.0
G,G,G,G,G,G,6.5
G,G,G,G,G,G,7.0
G,G,G,G,G,G,7.5
G,G,G,G,G,G,8.0
G,G,G,G,G,G,8.5
Y,G,G,G,G,G,8.0
G,G,G,G,G,G,8.5
G,G,B,B,B,G,6.5
G,G,G,G,Y,Y,6.0
G,G,G,G,G,Y,5.5
G,G,G,G,G,G,6.0
G,G,G,G,G,G,6.5
G,G,G,G,G,G,7.0
G,G,G,G,G,G,7.5
G,G,G,G,G,G,8.0
G,G,G,G,G,G,8.5
G,G,G,G,G,G,9.0
G,G,G,G,G,G,9.5
G,G,G,G,G,G,10.0
G,G,G,G,G,Y,9.5
G,G,G,G,G,Y,9.0
G,G,G,G,G,Y,8.5
G,G,G,G,G,Y,8.0
G,G,G,G,Y,Y,7.5
G,G,G,G,Y,Y,7.0
G,G,G,G,Y,Y,6.5
G,G,G,G,Y,Y,6.0
G,G,G,G,Y,Y,5.5
G,G,G,G,Y,Y,5.0
G,G,G,G,G,Y,4.5
G,G,G,G,G,Y,4.0
G,G,G,G,G,Y,3.5
G,G,G,G,G,G,4.0
G,G,G,G,G,G,4.5
G,G,G,G,G,G,5.0
G,G,G,G,G,G,5.5
Y,G,G,G,G,G,5.0
G,G,G,G,G,G,5.5
G,G,G,G,G,G,6.0
Y,G,G,G,G,G,5.5
G,G,G,G,G,G,6.0
G,G,G,G,G,G,6.5
G,G,G,G,G,G,7.0
G,G,G,G,G,G,7.5
G,G,G,G,G,G,8.0
G,G,G,G,G,G,8.5
G,G,G,G,B,B,6.5
G,G,G,G,G,G,7.0
Y,G,G,G,G,G,6.5
Y,G,G,G,G,G,6.0
Y,G,G,G,G,G,5.5
Y,G,G,G,G,G,5.0
Y,G,G,G,G,G,4.5
Y,G,G,G,G,G,4.0
Y,G,G,G,G,G,3.5
Y,G,G,G,G,G,3.0
G,G,G,G,G,G,3.5
G,G,G,G,G,G,4.0
G,G,G,G,G,G,4.5
G,G,G,G,G,G,5.0
G,G,G,G,G,G,5.5
G,G,G,G,G,G,6.0
Y,G,G,G,G,G,5.5
Y,G,G,G,G,G,5.0
G,G,G,G,G,G,5.5
G,G,G,G,G,G,6.0
Y,G,G,G,G,G,5.5
Y,G,G,G,G,G,5.0
G,G,G,G,G,G,5.5
Y,G,G,G,G,G,5.0
Y,G,G,G,G,G,4.5
G,G,G,G,G,G,5.0
Y,G,G,G,G,G,4.5
Y,G,G,G,G,G,4.0
G,G,G,G,G,G,4.5
G,G,G,G,G,G,5.0
Y,G,G,G,G,G,4.5
G,G,G,G,G,G,5.0
G,G,G,G,O,G,3.5
Y,G,G,G,G,O,2.0
Y,Y,G,G,G,G,1.5
Y,G,G,G,G,O,0.0
Y,G,G,G,G,O,0.0
Y,G,G,G,G,O,0.0
Y,G,G,G,G,O,0.0
Y,G,G,G,G,O,0.0
Y,G,G,G,G,O,0.0
Y,G,G,G,G,O,0.0
Y,G,G,G,G,O,0.0
Y,G,G,G,G,O,0.0
Y,G,G,G,G,O,0.0
Y,G,G,G,G,O,0.0
Y,G,G,G,G,O,0.0
Y,G,G,G,G,O,0.0
Y,Y,G,G,G,O,0.0
Y,Y,G,G,G,G,1.0
Y,G,G,G,G,O,0
Y,G,G,G,G,O,0.0
Y,G,G,G,G,O,0.0
Y,G,G,G,G,O,0.0
Y,G,G,G,G,O,0.0
Y,G,G,G,G,G,1.0
G,G,G,G,G,O,0
Y,Y,G,G,G,G,1.0
Y,G,G,G,G,G,0.5
G,G,G,G,G,G,2.0
G,G,G,G,G,G,2.5
G,G,G,G,G,G,3.0
G,G,G,G,G,G,3.5
G,G,G,G,G,G,4.0
G,G,G,G,G,G,4.5
G,G,G,G,G,Y,4.0
G,G,G,G,G,G,4.5
G,G,G,G,G,G,5.0
G,G,G,G,G,G,5.5
G,G,G,G,G,G,6.0
G,G,G,G,G,G,6.5
G,G,G,G,G,G,7.0
G,G,G,G,G,G,7.5
G,G,G,G,G,O,6.0
Y,Y,G,G,G,G,5.5
Y,G,G,G,G,G,5.0
Y,G,G,G,G,O,3.5
Y,G,G,G,G,G,3.0
G,G,G,G,G,G,3.5
G,G,G,G,G,G,4.0
G,G,G,G,G,G,4.5
G,G,G,G,G,G,5.0
G,G,G,G,G,Y,4.5
G,G,G,G,G,Y,4.0
G,G,G,G,G,G,4.5
G,G,G,G,G,Y,4.0
G,G,G,G,G,G,4.5
G,G,G,G,G,G,5.0
G,G,G,G,G,Y,4.5
G,G,G,G,G,G,5.0
G,G,G,G,G,Y,4.5
G,G,G,G,G,G,5.0
G,G,G,G,G,Y,4.5
G,G,G,G,G,G,5.0
G,G,G,G,Y,Y,4.5
G,G,G,G,G,G,5.0
G,G,G,G,G,Y,4.5
G,G,G,G,G,G,5.0
G,G,G,G,G,Y,4.5
G,G,G,G,Y,Y,4.0
G,G,G,G,G,G,4.5
G,G,G,G,G,Y,4.0
G,G,G,G,G,Y,3.5
G,G,G,G,G,G,4.0
G,G,G,G,G,Y,3.5
G,G,G,G,G,Y,3.0
G,G,G,G,G,Y,2.5
G,G,G,G,G,G,3.0
G,G,G,G,G,G,3.5
G,G,G,G,G,G,4.0
G,G,G,G,G,G,4.5
G,G,G,G,G,G,5.0
G,G,G,G,G,Y,4.5
G,G,G,G,G,Y,4.0
G,G,G,G,G,G,4.5
G,G,G,G,G,G,5.0
G,G,G,G,G,Y,4.5
G,G,G,G,G,G,5.0
G,G,G,G,G,G,5.5
G,G,G,G,G,G,6.0
G,G,G,G,G,Y,5.5
B,G,G,G,G,G,3.5
G,G,G,G,G,Y,3.0
G,G,G,G,G,G,3.5
G,G,G,G,G,G,4.0
Y,G,G,G,G,Y,4.5
G,G,G,G,G,G,5.0
G,G,G,G,G,G,5.5
G,G,G,G,G,G,6.0
G,G,G,G,G,Y,5.5
G,G,G,G,G,G,6.0
G,G,G,G,G,G,6.5
G,G,G,G,G,Y,6.0
Y,G,G,G,G,G,5.5
G,G,G,G,G,G,6.0
G,G,B,B,G,G,4.0
G,G,B,B,B,G,2.0
G,G,G,G,G,Y,1.5
G,G,G,G,G,G,2.0
G,G,G,G,G,G,2.5
G,G,G,G,G,G,3.0
G,G,G,G,G,G,3.5
G,G,G,G,G,G,4.0
G,G,G,G,G,G,4.5
G,G,G,G,G,G,5.0
G,G,G,G,G,Y,4.5
G,G,G,G,G,G,5.0
G,G,G,G,G,G,5.5
G,G,G,G,G,Y,5.0
Y,G,G,G,G,G,4.5
G,G,G,G,G,G,5.0
G,G,G,G,G,G,5.5
G,G,G,G,G,G,6.0
G,G,G,G,G,G,6.5
G,G,G,G,G,G,7.0
G,G,G,G,G,Y,6.5
G,G,G,G,G,G,7.0
G,G,G,G,G,Y,6.5
G,G,G,G,G,Y,6.0
G,G,G,G,G,G,6.5
G,G,G,G,G,Y,6.0
G,G,G,G,G,Y,5.5
G,G,G,G,G,G,6.0
G,O,O,G,G,G,4.5
O,O,G,Y,Y,Y,3.0
O,G,Y,Y,Y,Y,1.5
O,G,Y,Y,Y,Y,0.0
O,G,Y,Y,Y,Y,0.0
O,G,Y,Y,Y,Y,0.0
O,G,Y,Y,Y,Y,0.0
O,G,Y,Y,Y,Y,0.0
G,G,Y,Y,Y,Y,1.0
O,G,Y,Y,Y,Y,0
O,G,Y,Y,Y,Y,0.0
O,G,Y,Y,Y,Y,0.0
O,G,Y,Y,Y,Y,0.0
O,G,Y,Y,Y,Y,0.0
O,G,G,Y,Y,Y,0.0
O,G,G,Y,Y,Y,0.0
G,G,G,Y,Y,Y,1.0
O,G,G,G,Y,Y,0
O,G,G,G,Y,Y,0.0
O,G,G,G,Y,Y,0.0
G,G,G,G,Y,Y,1.0
G,G,G,G,G,Y,0.5
G,G,G,G,G,G,2.0
G,G,G,G,G,G,2.5
G,G,G,G,G,G,3.0
G,G,G,G,G,G,3.5
G,G,G,G,G,G,4.0
G,G,G,G,G,G,4.5
G,G,G,G,G,G,5.0
G,G,G,G,G,G,5.5
Y,Y,Y,Y,G,G,5.0
Y,Y,Y,Y,G,G,4.5
Y,Y,Y,G,G,G,4.0
Y,Y,Y,G,G,G,3.5
Y,Y,Y,G,G,G,3.0
Y,Y,Y,G,G,G,2.5
Y,Y,Y,G,G,G,2.0
Y,Y,G,G,G,G,1.5
Y,Y,G,G,G,G,1.0
Y,Y,G,G,G,G,0.5
Y,Y,G,G,G,G,1.0
Y,Y,G,G,G,G,0.5
Y,G,G,G,G,G,1.0
Y,Y,G,G,G,G,0.5
Y,G,G,G,G,G,1.0
G,G,G,G,G,G,1.5
G,G,G,G,G,G,2.0
G,G,G,G,G,G,2.5
Y,G,G,G,G,G,2.0
G,G,G,G,G,G,2.5
G,G,G,G,G,G,3.0
G,G,G,G,G,G,3.5
G,G,G,G,Y,Y,3.0
G,G,G,G,G,Y,2.5
G,G,G,G,G,G,3.0
G,G,G,G,G,Y,2.5
G,G,G,G,G,G,3.0
G,G,G,G,G,G,3.5
G,G,G,G,G,G,4.0
G,G,G,G,G,G,4.5
G,G,G,G,G,G,5.0
G,G,G,G,G,G,5.5
G,G,G,G,G,G,6.0
G,G,G,G,G,G,6.5
G,G,G,G,G,G,7.0
G,G,G,G,G,G,7.5
G,G,G,G,G,Y,7.0
G,G,G,G,Y,Y,6.5
G,G,G,G,Y,Y,6.0
G,G,G,G,Y,Y,5.5
G,G,G,G,G,Y,5.0
G,G,G,G,G,Y,4.5
G,G,G,G,G,Y,4.0
G,G,G,G,G,G,4.5
G,G,G,G,G,G,5.0
G,G,G,G,G,G,5.5
G,G,B,B,B,G,3.5
G,B,B,B,G,Y,2.0
G,B,G,G,G,Y,0.5
G,G,G,G,Y,Y,1.0
G,G,G,G,G,Y,0.5
G,G,G,G,G,G,2.0
G,G,G,G,G,G,2.5
G,G,G,G,G,G,3.0
G,G,G,G,G,G,3.5
G,G,G,G,G,Y,3.0
G,G,G,G,G,G,3.5
G,G,G,G,G,G,4.0
G,G,G,G,G,Y,3.5
G,G,G,G,G,G,4.0
G,G,G,G,G,Y,3.5
G,G,G,G,G,G,4.0
G,G,G,G,G,Y,3.5
G,G,G,G,G,G,4.0
G,G,G,G,G,Y,3.5
G,G,G,G,G,G,4.0
G,G,G,G,G,Y,3.5
G,G,G,G,Y,Y,3.0
G,G,G,G,G,Y,2.5
G,G,G,G,G,G,3.0
G,G,G,G,G,Y,2.5
G,G,G,G,G,G,3.0
G,G,G,G,G,G,3.5
G,G,G,G,G,Y,3.0
G,G,G,G,G,G,3.5
G,G,G,G,G,G,4.0
G,G,G,G,O,O,2.5
G,G,G,G,G,Y,2.0
G,G,G,G,G,G,2.5
G,G,G,G,G,G,3.0
G,G,G,G,G,G,3.5
G,G,G,G,G,G,4.0
Y,G,G,G,G,G,3.5
Y,Y,G,G,G,G,3.0
Y,G,G,G,G,G,2.5
G,G,G,G,G,G,3.0
G,G,G,G,G,G,3.5
G,G,G,G,G,G,4.0
G,G,G,G,G,G,4.5
G,G,G,G,G,G,5.0
G,G,G,G,G,Y,4.5
G,G,G,G,G,G,5.0
G,G,G,G,G,G,5.5
G,G,G,G,G,G,6.0
G,G,G,G,G,G,6.5
G,G,G,G,G,G,7.0
G,G,G,G,G,G,7.5
G,G,G,G,G,Y,7.0
G,G,G,G,G,Y,6.5
G,G,G,G,G,G,7.0
G,G,G,G,G,G,7.5
G,G,G,G,G,G,8.0
G,G,G,G,G,G,8.5
Y,G,G,G,G,G,8.0
Y,G,G,G,G,G,7.5
Y,G,G,G,G,G,7.0
Y,G,G,G,G,G,6.5
Y,G,G,G,G,G,6.0
Y,G,G,G,G,G,5.5
G,G,G,G,G,G,6.0
G,G,G,G,G,G,6.5
G,G,G,G,G,G,7.0
G,G,G,G,G,G,7.5
G,G,G,G,G,G,8.0
G,G,G,G,G,G,8.5
G,G,G,G,G,G,9.0
G,G,G,G,G,G,9.5
Y,G,G,G,G,G,9.0
Y,G,G,G,G,G,8.5
G,G,G,G,G,G,9.0
G,G,G,G,G,Y,8.5
G,G,G,G,G,G,9.0
G,G,G,G,G,G,9.5
G,G,G,G,G,G,10.0
G,G,G,G,G,G,10
Y,G,G,G,G,G,9.5
G,G,G,G,G,G,10.0
Y,G,G,G,G,G,9.5
G,G,G,G,G,G,10.0
G,G,G,G,G,G,10
G,G,G,G,G,G,10
G,G,G,G,Y,Y,9.5
G,G,G,G,O,Y,8.0
G,G,G,G,G,O,6.5
G,G,G,G,G,Y,6.0
G,G,G,G,G,Y,5.5
G,G,G,G,G,Y,5.0
G,G,G,G,G,Y,4.5
G,G,G,G,G,Y,4.0
G,G,G,G,G,G,4.5
G,G,G,G,G,G,5.0
G,G,G,G,G,G,5.5
G,G,G,G,G,G,6.0
G,G,G,G,G,G,6.5
G,G,G,G,G,G,7.0
G,G,G,G,Y,Y,6.5
G,G,G,G,G,Y,6.0
G,G,G,G,G,G,6.5
G,G,G,G,G,G,7.0
G,G,G,G,G,Y,6.5
G,G,G,G,G,G,7.0
G,G,G,G,G,Y,6.5
G,G,G,G,G,G,7.0
G,G,G,G,G,G,7.5
B,G,G,G,G,G,5.5
G,G,G,G,Y,Y,5.0
G,G,G,G,Y,Y,4.5
G,G,G,G,G,Y,4.0
G,G,G,G,G,Y,3.5
G,G,G,G,G,G,4.0
G,G,G,G,G,G,4.5
G,G,G,G,G,G,5.0
G,G,G,G,G,G,5.5
G,G,G,G,G,G,6.0
G,G,G,G,G,G,6.5
G,G,G,G,G,G,7.0
G,G,G,G,G,G,7.5
G,G,G,G,G,G,8.0
Y,G,G,G,G,G,7.5
G,G,G,G,G,G,8.0
G,G,G,G,G,G,8.5
G,G,G,G,G,G,9.0
G,G,B,B,G,Y,7.5
G,G,B,G,G,Y,6.0
G,G,G,G,G,Y,5.5
G,G,G,G,G,Y,5.0
G,G,G,G,G,G,5.5
G,G,G,G,G,G,6.0
G,G,G,G,G,G,6.5
Y,G,G,G,G,G,6.0
G,G,G,G,G,G,6.5
G,G,G,G,G,G,7.0
G,G,G,G,G,G,7.5
G,G,G,G,G,G,8.0
G,G,G,G,G,G,8.5
G,G,G,G,G,G,9.0
G,G,G,G,G,Y,8.5
G,G,G,G,G,Y,8.0
G,G,G,G,G,Y,7.5
G,G,G,G,G,Y,7.0
G,G,G,G,Y,Y,6.5
G,G,G,G,Y,Y,6.0
G,G,G,G,Y,Y,5.5
G,G,G,G,Y,Y,5.0
G,G,G,G,Y,Y,4.5
G,G,G,G,G,Y,4.0
G,G,G,G,G,Y,3.5
G,G,G,G,G,Y,3.0
G,G,G,G,G,Y,2.5
G,G,G,G,G,G,3.0
G,G,G,G,G,G,3.5
G,G,G,G,G,G,4.0
G,G,G,G,G,G,4.5
Y,G,G,G,G,G,4.0
G,G,G,G,G,G,4.5
G,G,G,G,G,G,5.0
Y,G,G,G,G,G,4.5
G,G,G,G,G,G,5.0
G,G,G,G,G,G,5.5
G,G,G,G,G,G,6.0
G,G,G,G,G,G,6.5
G,G,G,G,G,G,7.0
Y,G,G,G,G,G,6.5
G,G,G,G,G,G,7.0
G,G,G,G,G,G,7.5
G,G,G,G,B,Y,6.0
G,G,G,G,G,B,4.0
G,G,G,G,G,G,4.5
G,G,G,G,G,G,5.0
Y,G,G,G,G,G,4.5
Y,G,G,G,G,G,4.0
Y,G,G,G,G,G,3.5
Y,G,G,G,G,G,3.0
Y,G,G,G,G,G,2.5
Y,G,G,G,G,G,2.0
Y,G,G,G,G,G,1.5
G,G,G,G,G,G,2.0
G,G,G,G,G,G,2.5
G,G,G,G,G,G,3.0
G,G,G,G,G,G,3.5
G,G,G,G,G,G,4.0
Y,G,G,G,G,G,3.5
G,G,G,G,G,G,4.0
G,G,G,G,G,G,4.5
Y,G,G,G,G,G,4.0
Y,G,G,G,G,G,3.5
G,G,G,G,G,G,4.0
G,G,G,G,G,G,4.5
G,G,G,G,G,G,5.0
Y,Y,G,G,G,G,4.5
G,G,G,G,G,G,5.0
Y,Y,G,G,G,G,4.5
G,G,G,G,G,G,5.0
Y,G,G,G,G,G,4.5
G,G,G,G,G,G,5.0
Y,G,G,G,G,G,4.5
G,G,G,G,G,G,5.0
Y,G,G,G,G,G,4.5
Y,G,G,G,G,G,4.0
G,G,G,G,G,G,4.5
Y,G,G,G,G,G,4.0
G,G,G,G,G,G,4.5
Y,G,G,G,G,G,4.0
G,G,G,G,G,G,4.5
G,G,G,G,G,G,5.0
G,G,G,G,O,O,3.5
Y,G,G,G,G,O,2.0
Y,Y,G,G,G,G,1.5
Y,G,G,G,G,O,0.0
Y,G,G,G,G,O,0.0
Y,G,G,G,G,O,0.0
Y,G,G,G,G,O,0.0
Y,G,G,G,G,O,0.0
Y,G,G,G,G,O,0.0
Y,G,G,G,G,O,0.0
Y,G,G,G,G,O,0.0
Y,G,G,G,G,O,0.0
Y,G,G,G,G,O,0.0
Y,G,G,G,G,O,0.0
Y,G,G,G,G,O,0.0
Y,G,G,G,G,O,0.0
Y,G,G,G,G,G,1.0
Y,G,G,G,G,O,0
Y,G,G,G,G,O,0.0
Y,G,G,G,G,G,1.0
G,G,G,G,G,O,0
Y,Y,G,G,G,G,1.0
Y,G,G,G,G,G,0.5
G,G,G,G,G,G,2.0
G,G,G,G,G,G,2.5
G,G,G,G,G,G,3.0
G,G,G,G,G,G,3.5
G,G,G,G,G,G,4.0
G,G,G,G,G,G,4.5
G,G,G,G,G,Y,4.0
G,G,G,G,G,G,4.5
G,G,G,G,G,G,5.0
G,G,G,G,G,G,5.5
G,G,G,G,G,G,6.0
G,G,G,G,G,G,6.5
G,G,G,G,G,G,7.0
G,G,G,G,G,G,7.5
G,G,G,G,G,O,6.0
Y,Y,G,G,G,G,5.5
Y,G,G,G,G,G,5.0
Y,G,G,G,G,O,3.5
Y,G,G,G,G,G,3.0
G,G,G,G,G,G,3.5
G,G,G,G,G,G,4.0
G,G,G,G,G,G,4.5
G,G,G,G,G,G,5.0
G,G,G,G,G,Y,4.5
G,G,G,G,G,Y,4.0
G,G,G,G,G,G,4.5
G,G,G,G,G,Y,4.0
G,G,G,G,G,G,4.5
G,G,G,G,G,G,5.0
G,G,G,G,G,Y,4.5
G,G,G,G,G,G,5.0
G,G,G,G,G,Y,4.5
G,G,G,G,G,G,5.0
G,G,G,G,G,G,5.5
G,G,G,G,G,Y,5.0
G,G,G,G,G,Y,4.5
G,G,G,G,G,G,5.0
G,G,G,G,G,Y,4.5
G,G,G,G,G,Y,4.0
G,G,G,G,G,G,4.5
G,G,G,G,G,Y,4.0
G,G,G,G,G,G,4.5
G,G,G,G,G,Y,4.0
G,G,G,G,G,G,4.5
G,G,G,G,G,Y,4.0
G,G,G,G,G,Y,3.5
G,G,G,G,G,Y,3.0
G,G,G,G,G,Y,2.5
G,G,G,G,G,G,3.0
G,G,G,G,G,G,3.5
G,G,G,G,G,G,4.0
G,G,G,G,G,G,4.5
G,G,G,G,G,Y,4.0
G,G,G,G,G,G,4.5
G,G,G,G,G,Y,4.0
G,G,G,G,G,G,4.5
G,G,G,G,G,G,5.0
G,G,G,G,G,G,5.5
G,G,G,G,G,Y,5.0
G,G,G,G,G,G,5.5
G,G,G,G,G,G,6.0
G,G,G,G,G,Y,5.5
G,G,G,G,G,G,6.0
B,G,G,G,G,Y,4.5
G,G,G,G,G,G,5.0
G,G,G,G,G,G,5.5
G,G,G,G,G,G,6.0
G,G,G,G,G,G,6.5
G,G,G,G,G,G,7.0
Y,G,G,G,G,G,6.5
G,G,G,G,G,G,7.0
Y,G,G,G,G,Y,7.5
G,G,G,G,G,G,8.0
G,B,B,B,Y,Y,6.5
G,G,G,G,Y,Y,6.0
G,G,G,G,G,Y,5.5
G,G,G,G,G,Y,5.0
G,G,G,G,G,G,5.5
G,G,G,G,G,G,6.0
G,G,G,G,G,G,6.5
Y,G,G,G,G,G,6.0
G,G,G,G,G,G,6.5
G,G,G,G,G,G,7.0
Y,G,G,G,G,G,6.5
Y,G,G,G,G,G,6.0
G,G,G,G,G,G,6.5
G,G,G,G,G,Y,6.0
G,G,G,G,G,Y,5.5
G,G,G,G,G,G,6.0
G,G,G,G,G,Y,5.5
G,G,G,G,G,G,6.0
G,G,G,G,G,Y,5.5
G,G,G,G,G,G,6.0
G,G,G,G,G,Y,5.5
G,G,G,G,G,G,6.0
G,G,G,G,G,Y,5.5
G,G,G,G,G,G,6.0
G,G,G,G,G,Y,5.5
G,O,G,G,G,G,4.0
O,O,G,Y,Y,Y,2.5
O,O,Y,Y,Y,Y,1.0
O,G,Y,Y,Y,Y,0
O,G,Y,Y,Y,Y,0.0
O,Y,Y,Y,Y,Y,-1.0
Y,Y,Y,Y,Y,Y,0.0
Y,Y,Y,R,R,Y,2.0
Y,Y,Y,R,R,R,3.5
Y,Y,Y,Y,R,R,5.0
Y,Y,Y,Y,Y,Y,3.5
Y,G,G,Y,Y,Y,4.0
G,G,G,G,Y,Y,3.5
G,G,G,G,G,Y,3.0
G,G,G,G,G,Y,2.5
G,G,G,G,G,Y,2.0
G,G,G,G,G,G,2.5
G,G,G,G,G,G,3.0
G,G,G,G,G,G,3.5
G,G,G,G,G,G,4.0
G,G,G,G,G,G,4.5
G,G,G,G,G,G,5.0
G,G,G,G,G,G,5.5
G,G,G,G,G,G,6.0
G,Y,Y,Y,Y,Y,4.5
Y,Y,Y,Y,Y,Y,3.0
Y,Y,Y,Y,Y,Y,1.5
Y,Y,Y,R,Y,Y,2.0
Y,Y,Y,Y,Y,Y,0.5
Y,Y,Y,R,Y,Y,2.0
Y,Y,Y,Y,Y,Y,0.5
Y,Y,Y,Y,Y,Y,0.0
Y,Y,Y,R,Y,Y,2.0
Y,Y,Y,R,Y,Y,2.5
Y,Y,Y,Y,Y,Y,1.0
Y,Y,Y,Y,Y,Y,-0.5
Y,Y,Y,R,Y,Y,2.0
Y,Y,Y,R,Y,Y,2.5
Y,Y,Y,R,Y,Y,3.0
G,Y,Y,Y,Y,Y,1.5
G,Y,Y,R,Y,Y,2.0
G,Y,Y,R,Y,Y,2.5
G,Y,Y,R,Y,Y,3.0
G,Y,Y,Y,Y,Y,1.5
G,Y,Y,Y,Y,Y,0.0
Y,Y,Y,Y,Y,Y,0.0
Y,Y,Y,Y,Y,Y,0.0
Y,Y,Y,Y,Y,Y,0.0
Y,Y,Y,Y,Y,Y,0.0
Y,Y,Y,Y,Y,Y,0.0
R,Y,Y,Y,Y,Y,2.0
Y,Y,Y,G,G,Y,2.5
Y,Y,G,Y,G,Y,3.0
Y,G,G,G,G,G,2.5
G,G,G,G,G,G,3.0
G,G,G,G,G,G,3.5
G,G,G,G,G,G,4.0
G,G,G,G,G,G,4.5
G,G,G,G,G,G,5.0
G,G,G,G,G,G,5.5
G,G,G,G,G,G,6.0
G,Y,Y,Y,G,G,5.5
Y,Y,Y,Y,G,G,5.0
Y,Y,Y,Y,G,G,4.5
Y,Y,Y,Y,G,G,4.0
Y,Y,Y,Y,G,G,3.5
Y,Y,Y,G,G,G,3.0
Y,Y,G,G,G,G,2.5
G,G,G,G,G,G,3.0
G,G,G,G,G,G,3.5
O,O,G,G,G,G,2.0
O,G,G,G,G,G,0.5
G,G,G,G,G,G,2.0
G,G,G,G,G,G,2.5
G,G,G,G,G,G,3.0
G,G,G,G,G,G,3.5
G,G,G,G,G,G,4.0
G,G,G,G,G,G,4.5
G,G,G,G,G,G,5.0
G,Y,Y,Y,Y,G,4.5
Y,Y,Y,Y,Y,G,3.0
Y,Y,Y,Y,Y,G,1.5
Y,Y,Y,Y,Y,Y,0.0
Y,Y,Y,Y,G,G,1.0
Y,Y,Y,Y,G,G,0.5
Y,Y,Y,G,G,G,1.0
Y,Y,Y,G,G,G,0.5
Y,Y,G,G,G,G,1.0
Y,Y,G,G,G,G,0.5
Y,Y,G,G,G,G,1.0
Y,Y,G,G,G,G,0.5
Y,Y,G,G,G,G,1.0
Y,G,G,G,G,G,0.5
Y,G,G,G,G,G,1.0
Y,G,G,G,G,G,0.5
Y,G,G,G,G,G,1.0
G,G,G,G,G,G,1.5
G,G,G,G,G,G,2.0
G,G,G,G,G,G,2.5
G,G,G,G,G,G,3.0
G,G,G,G,G,G,3.5
G,G,G,G,G,G,4.0
G,G,G,G,G,G,4.5
G,G,G,G,G,Y,4.0
G,G,G,G,G,Y,3.5
G,G,G,G,G,G,4.0
G,G,G,G,G,G,4.5
G,G,G,G,G,G,5.0
G,G,G,G,G,G,5.5
G,G,G,G,G,G,6.0
G,G,G,G,G,G,6.5
G,G,G,G,G,G,7.0
G,G,G,G,G,G,7.5
G,G,G,G,G,Y,7.0
G,G,G,G,Y,Y,6.5
G,G,G,G,Y,Y,6.0
G,G,G,G,Y,Y,5.5
G,G,G,G,G,Y,5.0
G,G,G,G,G,Y,4.5
G,G,G,G,G,G,5.0
G,G,G,G,G,G,5.5
G,G,G,G,G,G,6.0
G,B,B,B,G,G,4.0
B,B,G,G,Y,Y,2.5
G,G,G,Y,Y,Y,2.0
G,G,G,Y,Y,Y,1.5
G,B,G,G,Y,Y,0.0
G,B,G,Y,Y,Y,0.0
G,G,G,G,Y,Y,1.0
G,G,G,G,G,Y,0.5
G,G,G,G,G,Y,1.0
G,G,G,B,G,G,0
Y,G,G,G,G,G,1.0
G,G,G,G,G,G,1.5
G,G,G,G,G,G,2.0
G,G,G,G,G,G,2.5
G,G,G,G,G,G,3.0
G,G,G,G,G,G,3.5
G,G,G,G,G,G,4.0
G,G,G,G,G,G,4.5
G,G,G,G,G,G,5.0
G,G,G,G,G,Y,4.5
G,G,G,G,G,Y,4.0
G,G,G,G,G,G,4.5
G,G,G,G,G,G,5.0
G,G,G,G,G,Y,4.5
G,G,G,G,G,Y,4.0
G,G,G,G,G,Y,3.5
G,G,G,G,G,Y,3.0
G,G,G,G,G,Y,2.5
G,G,G,G,G,G,3.0
G,G,G,G,G,Y,2.5
G,G,G,G,G,G,3.0
G,G,G,G,G,G,3.5
G,G,G,G,G,G,4.0
G,G,G,G,O,G,2.5
G,G,G,G,G,O,1.0
G,G,G,G,G,G,1.5
G,G,G,G,G,G,2.0
G,G,G,G,G,G,2.5
G,G,G,G,G,G,3.0
Y,G,G,G,G,G,2.5
Y,G,G,G,G,G,2.0
Y,G,G,G,G,G,1.5
Y,G,G,G,G,G,1.0
Y,G,G,G,G,G,0.5
G,G,G,G,G,G,2.0
G,G,G,G,G,G,2.5
G,G,G,G,G,G,3.0
G,G,G,G,G,G,3.5
G,G,G,G,G,G,4.0
G,G,G,G,G,G,4.5
G,G,G,G,G,G,5.0
G,G,G,G,G,Y,4.5
G,G,G,G,G,Y,4.0
G,G,G,G,G,Y,3.5
G,G,G,G,G,G,4.0
G,G,G,G,G,G,4.5
G,G,G,G,G,G,5.0
G,G,G,G,G,G,5.5
G,G,G,G,G,G,6.0
G,G,G,G,G,G,6.5
G,G,G,G,G,G,7.0
G,G,G,G,G,G,7.5
G,G,G,G,G,G,8.0
G,G,G,G,G,G,8.5
G,G,G,G,G,G,9.0
G,G,G,G,G,G,9.5
G,G,G,G,G,G,10.0
Y,Y,G,G,G,G,9.5
Y,Y,G,G,G,G,9.0
Y,Y,G,G,G,G,8.5
Y,Y,G,G,G,G,8.0
Y,Y,G,G,G,G,7.5
Y,Y,G,G,G,G,7.0
Y,G,G,G,G,G,6.5
Y,G,G,G,G,G,6.0
G,G,G,G,G,G,6.5
G,G,G,G,G,G,7.0
G,G,G,G,G,Y,6.5
G,G,G,G,G,Y,6.0
G,G,G,G,G,G,6.5
G,G,G,G,G,Y,6.0
G,G,G,G,G,G,6.5
G,G,G,G,G,G,7.0
G,G,G,G,G,Y,6.5
G,G,G,G,G,G,7.0
Y,G,G,G,G,G,6.5
G,G,G,G,G,G,7.0
Y,G,G,G,G,G,6.5
G,G,G,G,G,G,7.0
Y,G,G,G,G,G,6.5
G,G,G,G,G,G,7.0
G,G,G,G,G,G,7.5
G,G,G,G,G,G,8.0
G,G,G,G,G,G,8.5
G,G,G,G,G,G,9.0
G,G,G,G,G,G,9.5
G,G,G,G,G,G,10.0
Y,G,G,G,G,G,9.5
G,G,G,G,G,Y,9.0
G,G,G,G,G,G,9.5
Y,G,G,G,G,G,9.0
G,G,G,G,O,G,7.5
G,G,G,G,G,O,6.0
G,G,G,G,Y,Y,5.5
G,G,G,G,Y,Y,5.0
G,G,G,G,Y,Y,4.5
G,G,G,G,Y,Y,4.0
G,G,G,G,G,Y,3.5
G,G,G,G,G,Y,3.0
G,G,G,G,G,Y,2.5
G,G,G,G,G,G,3.0
G,G,G,G,G,G,3.5
G,G,G,G,G,G,4.0
G,G,G,G,G,G,4.5
Y,G,G,G,G,G,4.0
G,G,G,G,G,G,4.5
G,G,G,G,G,G,5.0
G,G,G,G,G,Y,4.5
G,G,G,G,G,G,5.0
G,G,G,G,G,G,5.5
G,G,G,G,G,Y,5.0
G,G,G,G,G,G,5.5
G,G,G,G,G,G,6.0
G,G,G,G,G,G,6.5
G,G,G,G,G,Y,6.0
G,G,G,G,G,G,6.5
G,G,G,G,G,Y,6.0
G,G,G,G,G,G,6.5
G,G,G,G,G,G,7.0
G,G,G,G,G,Y,6.5
B,G,G,G,G,G,4.5
G,G,G,G,Y,Y,4.0
G,G,G,G,G,Y,3.5
G,G,G,G,G,G,4.0
G,G,G,G,G,G,4.5
G,G,G,G,G,G,5.0
G,G,G,G,G,Y,4.5
G,G,G,G,G,G,5.0
G,G,G,G,G,G,5.5
G,G,G,G,G,G,6.0
G,G,G,G,G,G,6.5
G,G,G,G,G,G,7.0
G,G,G,G,G,G,7.5
G,G,G,G,G,G,8.0
G,G,G,G,G,G,8.5
G,G,G,G,G,G,9.0
Y,G,G,G,B,G,7.5
Y,Y,G,B,B,B,6.0
G,G,G,G,G,G,6.5
G,G,G,G,G,G,7.0
G,G,G,G,G,G,7.5
G,G,G,G,G,G,8.0
G,G,G,G,G,G,8.5
G,G,G,G,G,G,9.0
G,G,G,G,G,Y,8.5
G,G,G,G,G,Y,8.0
Y,G,G,G,G,G,7.5
G,G,G,G,G,G,8.0
G,G,G,G,G,G,8.5
G,G,G,G,G,Y,8.0
G,G,G,G,G,Y,7.5
G,G,G,G,G,Y,7.0
G,G,G,G,G,Y,6.5
G,G,G,G,G,Y,6.0
G,G,G,G,G,Y,5.5
G,G,G,G,G,Y,5.0
G,G,G,G,G,Y,4.5
G,G,G,G,G,Y,4.0
G,G,G,G,G,Y,3.5
G,G,G,G,G,G,4.0
G,G,G,G,G,G,4.5
G,G,G,G,G,Y,4.0
G,G,G,G,G,G,4.5
G,G,G,G,G,G,5.0
G,G,G,G,G,Y,4.5
G,G,G,G,G,G,5.0
G,G,G,G,G,Y,4.5
G,G,G,G,G,G,5.0
Y,G,G,G,G,G,4.5
G,G,G,G,G,G,5.0
G,G,G,G,G,G,5.5
Y,G,G,G,G,G,5.0
G,G,G,G,G,G,5.5
G,G,G,G,G,G,6.0
G,G,G,G,G,G,6.5
G,G,G,G,G,G,7.0
G,G,G,G,G,G,7.5
Y,G,G,G,G,B,6.0
G,G,G,G,G,B,4.0
G,G,G,G,G,G,4.5
G,G,G,G,G,G,5.0
G,G,G,G,G,G,5.5
Y,Y,G,G,G,G,5.0
Y,G,G,G,G,G,4.5
Y,G,G,G,G,G,4.0
Y,G,G,G,G,G,3.5
Y,G,G,G,G,G,3.0
Y,G,G,G,G,G,2.5
G,G,G,G,G,G,3.0
G,G,G,G,G,G,3.5
G,G,G,G,G,G,4.0
Y,G,G,G,G,G,3.5
G,G,G,G,G,G,4.0
G,G,G,G,G,G,4.5
G,G,G,G,G,G,5.0
Y,G,G,G,G,G,4.5
G,G,G,G,G,G,5.0
Y,G,G,G,G,G,4.5
G,G,G,G,G,G,5.0
Y,G,G,G,G,G,4.5
G,G,G,G,G,G,5.0
Y,Y,G,G,G,G,4.5
G,G,G,G,G,G,5.0
Y,Y,G,G,G,G,4.5
G,G,G,G,G,G,5.0
Y,G,G,G,G,G,4.5
G,G,G,G,G,G,5.0
Y,G,G,G,G,G,4.5
Y,G,G,G,G,G,4.0
G,G,G,G,G,G,4.5
Y,G,G,G,G,G,4.0
G,G,G,G,G,G,4.5
G,G,G,G,G,G,5.0
G,G,G,G,O,G,3.5
Y,G,G,G,G,O,2.0
Y,Y,G,G,G,G,1.5
Y,G,G,G,G,O,0.0
Y,G,G,G,G,O,0.0
Y,G,G,G,G,O,0.0
Y,G,G,G,G,O,0.0
Y,G,G,G,G,O,0.0
Y,G,G,G,G,O,0.0
Y,G,G,G,G,O,0.0
Y,G,G,G,G,O,0.0
Y,G,G,G,G,O,0.0
Y,G,G,G,G,O,0.0
Y,Y,G,G,G,O,0.0
Y,Y,G,G,G,G,1.0
Y,G,G,G,G,O,0
Y,G,G,G,G,O,0.0
Y,G,G,G,G,O,0.0
Y,G,G,G,G,O,0.0
Y,G,G,G,G,O,0.0
Y,G,G,G,G,G,1.0
G,G,G,G,G,O,0
Y,G,G,G,G,G,1.0
Y,G,G,G,G,G,0.5
G,G,G,G,G,G,2.0
G,G,G,G,G,G,2.5
G,G,G,G,G,G,3.0
G,G,G,G,G,G,3.5
G,G,G,G,G,G,4.0
G,G,G,G,G,G,4.5
G,G,G,G,G,Y,4.0
G,G,G,G,G,G,4.5
G,G,G,G,G,G,5.0
G,G,G,G,G,G,5.5
G,G,G,G,G,G,6.0
G,G,G,G,G,G,6.5
G,G,G,G,G,G,7.0
G,G,G,G,G,G,7.5
G,G,G,G,G,O,6.0
Y,Y,G,G,G,G,5.5
Y,G,G,G,G,G,5.0
Y,G,G,G,G,O,3.5
Y,G,G,G,G,G,3.0
G,G,G,G,G,G,3.5
G,G,G,G,G,G,4.0
G,G,G,G,G,G,4.5
G,G,G,G,G,G,5.0
G,G,G,G,G,Y,4.5
G,G,G,G,G,Y,4.0
G,G,G,G,G,G,4.5
G,G,G,G,G,Y,4.0
G,G,G,G,G,G,4.5
G,G,G,G,G,G,5.0
G,G,G,G,G,Y,4.5
G,G,G,G,G,G,5.0
G,G,G,G,G,Y,4.5
G,G,G,G,G,G,5.0
G,G,G,G,G,Y,4.5
G,G,G,G,G,G,5.0
G,G,G,G,Y,Y,4.5
G,G,G,G,G,G,5.0
G,G,G,G,G,Y,4.5
G,G,G,G,G,G,5.0
G,G,G,G,G,Y,4.5
G,G,G,G,G,Y,4.0
G,G,G,G,G,G,4.5
G,G,G,G,G,Y,4.0
G,G,G,G,G,Y,3.5
G,G,G,G,G,G,4.0
G,G,G,G,G,Y,3.5
G,G,G,G,G,Y,3.0
G,G,G,G,G,G,3.5
G,G,G,G,G,Y,3.0
G,G,G,G,G,G,3.5
G,G,G,G,G,G,4.0
G,G,G,G,G,G,4.5
G,G,G,G,G,Y,4.0
G,G,G,G,G,Y,3.5
G,G,G,G,G,G,4.0
G,G,G,G,G,G,4.5
G,G,G,G,G,G,5.0
G,G,G,G,G,G,5.5
G,G,G,G,G,Y,5.0
G,G,G,G,G,G,5.5
G,G,G,G,G,G,6.0
G,G,G,G,G,Y,5.5
B,G,G,G,G,G,3.5
G,G,G,G,G,G,4.0
G,G,G,G,G,Y,3.5
G,G,G,G,G,G,4.0
G,G,G,G,G,Y,3.5
G,G,G,G,G,G,4.0
Y,G,G,G,G,G,3.5
G,G,G,G,G,G,4.0
G,G,G,G,G,G,4.5
G,G,G,G,G,G,5.0
G,G,G,G,G,G,5.5
Y,G,G,G,G,G,5.0
G,G,G,G,G,G,5.5
G,G,G,G,G,G,6.0
G,G,G,G,G,G,6.5
G,G,B,B,G,G,4.5
G,B,B,B,G,Y,3.0
G,G,G,G,G,Y,2.5
G,G,G,G,G,Y,2.0
G,G,G,G,G,G,2.5
G,G,G,G,G,G,3.0
G,G,G,G,G,G,3.5
G,G,G,G,G,G,4.0
G,G,G,G,G,G,4.5
Y,G,G,G,G,G,4.0
G,G,G,G,G,G,4.5
G,G,G,G,G,G,5.0
G,G,G,G,G,Y,4.5
G,G,G,G,G,G,5.0
Y,G,G,G,G,G,4.5
G,G,G,G,G,G,5.0
G,G,G,G,G,G,5.5
G,G,G,G,G,Y,5.0
G,G,G,G,G,G,5.5
G,G,G,G,G,G,6.0
G,G,G,G,G,Y,5.5
G,G,G,G,G,G,6.0
G,G,G,G,G,Y,5.5
G,G,G,G,G,G,6.0
G,G,G,G,G,G,6.5
G,G,G,G,G,Y,6.0
G,G,G,G,G,Y,5.5
G,G,G,G,G,G,6.0
G,G,G,G,G,Y,5.5
G,G,G,G,G,G,6.0
G,O,O,G,G,G,4.5
O,O,G,Y,Y,Y,3.0
O,G,Y,Y,Y,Y,1.5
O,G,Y,Y,Y,Y,0.0
O,G,Y,Y,Y,Y,0.0
O,G,Y,Y,Y,Y,0.0
O,G,Y,Y,Y,Y,0.0
G,G,Y,Y,Y,Y,1.0
O,G,Y,Y,Y,Y,0
O,G,Y,Y,Y,Y,0.0
O,G,G,Y,Y,Y,0.0
O,G,G,Y,Y,Y,0.0
O,G,G,Y,Y,Y,0.0
O,G,G,Y,Y,Y,0.0
O,G,G,Y,Y,Y,0.0
G,G,G,Y,Y,Y,1.0
O,G,G,G,Y,Y,0
O,G,G,G,Y,Y,0.0
G,G,G,G,Y,Y,1.0
G,G,G,G,G,Y,0.5
G,G,G,G,G,G,2.0
G,G,G,G,G,G,2.5
G,G,G,G,G,G,3.0
G,G,G,G,G,G,3.5
G,G,G,G,G,G,4.0
G,G,G,G,G,G,4.5
G,G,G,G,G,G,5.0
G,G,G,G,G,G,5.5
Y,Y,Y,Y,G,G,5.0
Y,Y,Y,Y,G,G,4.5
Y,Y,Y,G,G,G,4.0
Y,Y,Y,G,G,G,3.5
Y,Y,Y,G,G,G,3.0
Y,Y,Y,G,G,G,2.5
Y,Y,Y,G,G,G,2.0
Y,Y,G,G,G,G,1.5
Y,Y,G,G,G,G,1.0
Y,Y,G,G,G,G,0.5
Y,Y,G,G,G,G,1.0
Y,Y,G,G,G,G,0.5
Y,G,G,G,G,G,1.0
Y,G,G,G,G,G,0.5
Y,G,G,G,G,G,1.0
G,G,G,G,G,G,1.5
G,G,G,G,G,G,2.0
Y,G,G,G,G,G,1.5
G,G,G,G,G,G,2.0
G,G,G,G,G,G,2.5
G,G,G,G,G,G,3.0
G,G,G,G,G,Y,2.5
G,G,G,G,G,G,3.0
G,G,G,G,G,Y,2.5
G,G,G,G,G,G,3.0
G,G,G,G,G,Y,2.5
G,G,G,G,G,G,3.0
G,G,G,G,G,G,3.5
G,G,G,G,G,G,4.0
G,G,G,G,G,G,4.5
G,G,G,G,G,G,5.0
G,G,G,G,G,G,5.5
G,G,G,G,G,G,6.0
Y,G,G,G,G,Y,6.5
G,G,G,G,G,G,7.0
G,G,G,G,G,Y,6.5
G,G,G,G,G,Y,6.0
G,G,G,G,G,Y,5.5
G,G,G,G,G,Y,5.0
G,G,G,G,G,Y,4.5
G,G,G,G,G,Y,4.0
G,G,G,G,G,G,4.5
G,G,G,G,G,G,5.0
G,G,G,G,G,G,5.5
G,G,G,G,G,G,6.0
G,G,B,G,G,G,4.0
B,B,B,G,Y,Y,2.5
B,G,G,Y,Y,Y,1.0
G,G,Y,Y,Y,Y,0.5
B,G,G,Y,Y,Y,0.0
B,G,G,Y,Y,Y,0.0
G,G,G,Y,Y,Y,1.0
B,G,G,Y,Y,Y,0
B,G,G,Y,Y,Y,0.0
B,G,G,Y,Y,Y,0.0
B,G,G,Y,Y,Y,0.0
B,G,Y,Y,Y,Y,0.0
G,G,G,Y,Y,Y,1.0
G,G,G,G,Y,Y,0.5
G,G,G,G,Y,Y,1.0
G,G,B,G,G,Y,0
G,G,B,G,G,Y,0.0
G,G,G,G,G,Y,1.0
G,G,G,G,G,G,1.5
G,G,G,G,G,G,2.0
G,G,G,G,G,G,2.5
G,G,G,G,G,G,3.0
G,G,G,G,G,G,3.5
G,G,G,G,G,G,4.0
G,G,G,G,G,G,4.5
G,G,G,G,Y,Y,4.0
G,G,G,G,G,G,4.5
G,G,G,G,G,Y,4.0
G,G,G,G,G,G,4.5
G,G,G,G,G,Y,4.0
G,G,G,G,G,G,4.5
G,G,G,G,G,Y,4.0
G,G,G,G,G,G,4.5
G,G,G,G,G,Y,4.0
G,G,G,G,G,Y,3.5
G,G,G,G,Y,Y,3.0
G,G,G,G,G,Y,2.5
G,G,G,G,G,G,3.0
G,G,G,G,G,G,3.5
G,G,G,G,G,Y,3.0
G,G,G,G,G,G,3.5
G,G,G,G,G,G,4.0
G,G,G,G,G,G,4.5
G,G,G,G,G,G,5.0
G,G,G,G,G,Y,4.5
G,G,G,G,G,G,5.0
G,G,G,G,G,G,5.5
G,G,G,G,G,G,6.0
Y,G,G,G,G,G,5.5
Y,G,G,G,G,G,5.0
G,G,G,G,G,G,5.5
G,G,G,G,G,G,6.0
G,G,G,G,G,G,6.5
G,G,G,G,G,G,7.0
G,G,G,G,G,Y,6.5
G,G,G,G,G,Y,6.0
G,G,G,G,G,G,6.5
G,G,G,G,G,G,7.0
G,G,G,G,G,G,7.5
G,G,G,G,G,G,8.0
G,G,G,G,G,Y,7.5
G,G,G,G,G,G,8.0
G,G,G,G,G,G,8.5
G,G,G,G,G,G,9.0
Y,G,G,G,G,G,8.5
Y,Y,G,G,G,G,8.0
Y,Y,G,G,G,G,7.5
Y,Y,G,G,G,G,7.0
Y,Y,G,G,G,G,6.5
Y,Y,G,G,G,G,6.0
Y,G,G,G,G,G,5.5
Y,G,G,G,G,G,5.0
Y,G,G,G,G,G,4.5
G,G,G,G,G,G,5.0
G,G,G,G,G,G,5.5
G,G,G,G,G,Y,5.0
G,G,G,G,G,Y,4.5
G,G,G,G,G,G,5.0
G,G,G,G,G,Y,4.5
G,G,G,G,G,G,5.0
G,G,G,G,G,G,5.5
G,G,G,G,G,G,6.0
G,G,G,G,G,G,6.5
G,G,G,G,G,Y,6.0
G,G,G,G,G,G,6.5
Y,G,G,G,G,G,6.0
G,G,G,G,G,G,6.5
G,G,G,G,G,G,7.0
Y,G,G,G,G,G,6.5
G,G,G,G,G,G,7.0
G,G,G,G,G,G,7.5
Y,G,G,G,G,G,7.0
G,G,G,G,G,G,7.5
G,G,G,G,G,G,8.0
G,G,G,G,G,G,8.5
G,G,G,G,G,G,9.0
G,G,G,G,G,G,9.5
Y,G,G,G,G,G,9.0
Y,G,G,G,G,G,8.5
G,G,G,G,G,Y,8.0
G,G,G,G,G,G,8.5
G,G,G,G,G,G,9.0
G,G,G,G,G,Y,8.5
G,G,G,G,G,Y,8.0
G,G,G,G,G,G,8.5
G,G,G,G,G,Y,8.0
G,G,G,G,G,Y,7.5
G,G,G,G,G,Y,7.0
G,G,G,G,G,Y,6.5
G,G,G,G,G,Y,6.0
G,G,G,G,G,Y,5.5
G,G,G,G,G,Y,5.0
G,G,G,G,G,Y,4.5
G,G,G,G,G,Y,4.0
G,G,G,G,G,G,4.5
G,G,G,G,G,G,5.0
G,G,G,G,G,G,5.5
G,G,G,G,G,G,6.0
G,G,G,G,G,G,6.5
Y,G,G,G,G,G,6.0
G,G,G,G,G,G,6.5
G,G,G,G,G,Y,6.0
G,G,G,G,G,Y,5.5
G,G,G,G,G,G,6.0
G,G,G,G,G,Y,5.5
G,G,G,G,G,G,6.0
G,G,G,G,G,G,6.5
G,G,G,G,G,G,7.0
G,G,G,G,G,Y,6.5
G,G,G,G,G,G,7.0
G,G,G,G,G,Y,6.5
G,G,G,G,G,G,7.0
G,G,G,G,G,G,7.5
G,G,G,G,G,Y,7.0
G,G,G,G,G,G,7.5
G,G,G,G,G,G,8.0
G,G,G,G,G,Y,7.5
G,G,G,G,G,G,8.0
G,G,G,G,G,G,8.5
G,G,G,G,G,G,9.0
G,G,G,G,G,G,9.5
G,G,G,G,G,G,10.0
G,G,G,G,G,G,10
G,G,G,G,G,G,10
Y,G,G,G,G,G,9.5
G,G,G,G,G,G,10.0
G,G,G,G,G,G,10
G,G,G,G,G,G,10
G,G,G,G,G,Y,9.5
G,G,G,G,G,G,10.0
G,G,G,G,G,Y,9.5
Y,G,G,G,G,G,9.0
G,G,G,G,G,G,9.5
G,G,G,G,G,G,10.0
G,G,G,G,G,G,10
G,G,G,G,G,Y,9.5
G,G,G,G,Y,Y,9.0
G,G,G,G,Y,Y,8.5
G,G,G,G,Y,Y,8.0
G,G,G,Y,Y,Y,7.5
G,G,G,Y,Y,Y,7.0
G,G,G,Y,Y,Y,6.5
G,G,G,Y,Y,Y,6.0
G,G,G,Y,Y,Y,5.5
G,G,G,Y,Y,Y,5.0
G,G,G,G,Y,Y,4.5
G,G,G,G,Y,Y,4.0
G,G,G,G,Y,Y,3.5
G,G,G,G,G,Y,3.0
G,G,G,G,G,G,3.5
G,G,G,G,G,G,4.0
G,G,G,G,G,G,4.5
G,G,G,G,G,G,5.0
G,G,G,G,G,G,5.5
Y,G,G,G,G,G,5.0
Y,G,G,G,G,G,4.5
Y,G,G,G,G,G,4.0
G,G,G,G,G,G,4.5
G,G,G,G,G,G,5.0
G,G,G,G,G,G,5.5
G,G,G,G,G,G,6.0
G,G,G,G,G,G,6.5
G,G,G,G,G,G,7.0
Y,G,G,G,G,G,6.5
G,G,G,G,G,G,7.0
G,G,G,G,G,G,7.5
G,G,G,G,G,Y,7.0
G,G,G,G,G,Y,6.5
G,G,G,G,G,G,7.0
G,G,G,G,G,G,7.5
G,G,G,G,G,G,8.0
Y,G,G,G,G,G,7.5
Y,Y,G,G,G,G,7.0
Y,Y,G,G,G,G,6.5
Y,Y,Y,G,G,G,6.0
Y,Y,Y,G,G,G,5.5
Y,Y,Y,G,G,G,5.0
Y,Y,G,G,G,G,4.5
Y,Y,G,G,G,G,4.0
Y,Y,G,G,G,G,3.5
Y,G,G,G,G,G,3.0
G,G,G,G,G,G,3.5
G,G,G,G,G,G,4.0
G,G,G,G,G,G,4.5
G,G,G,G,G,G,5.0
G,G,G,G,G,G,5.5
G,G,G,G,G,G,6.0
Y,G,G,G,G,G,5.5
G,G,G,G,G,G,6.0
G,G,G,G,G,G,6.5
Y,Y,G,G,G,G,6.0
Y,G,G,G,G,G,5.5
Y,G,G,G,G,G,5.0
G,G,G,G,G,G,5.5
Y,G,G,G,G,G,5.0
Y,G,G,G,G,G,4.5
G,G,G,G,G,G,5.0
Y,G,G,G,G,G,4.5
G,G,G,G,G,G,5.0
G,G,G,G,G,G,5.5
G,G,G,G,G,G,6.0
G,G,G,G,G,G,6.5
G,G,G,G,G,G,7.0
G,G,G,G,G,G,7.5
G,G,G,G,G,G,8.0
G,G,G,G,G,G,8.5
G,G,G,G,G,G,9.0
G,G,G,G,G,G,9.5
G,G,G,G,G,G,10.0
G,G,G,G,G,G,10
G,G,G,G,G,G,10
G,G,G,G,G,G,10
G,G,G,G,G,G,10
G,G,G,G,G,G,10
G,G,G,G,G,G,10
G,G,G,G,Y,Y,9.5
G,G,G,G,G,Y,9.0
G,G,G,G,G,Y,8.5
G,G,G,G,G,Y,8.0
G,G,G,G,G,G,8.5
G,G,G,G,G,Y,8.0
G,G,G,G,G,Y,7.5
G,G,G,G,G,Y,7.0
G,G,G,G,G,G,7.5
G,G,G,G,G,Y,7.0
G,G,G,G,G,Y,6.5
G,G,G,G,G,Y,6.0
G,G,G,G,G,Y,5.5
G,G,G,G,G,G,6.0
G,G,G,G,G,Y,5.5
G,G,G,G,G,Y,5.0
G,G,G,G,G,G,5.5
G,G,G,G,G,Y,5.0
G,G,G,G,G,Y,4.5
G,G,G,G,G,Y,4.0
G,G,G,G,G,G,4.5
G,G,G,G,G,G,5.0
G,G,G,G,G,G,5.5
G,G,G,G,G,G,6.0
G,G,G,G,G,G,6.5
G,G,G,G,G,Y,6.0
G,G,G,G,G,G,6.5
G,G,G,G,G,G,7.0
G,G,G,G,G,G,7.5
G,G,G,G,G,Y,7.0
G,G,G,G,G,G,7.5
G,G,G,G,G,G,8.0
G,G,G,G,G,G,8.5
G,G,G,G,G,G,9.0
G,G,G,G,G,G,9.5
Y,G,G,G,G,G,9.0
G,G,G,G,G,G,9.5
G,G,G,G,G,G,10.0
Y,G,G,G,G,G,9.5
G,G,G,G,G,G,10.0
G,G,G,G,G,Y,9.5
G,G,G,G,G,Y,9.0
G,G,G,G,G,G,9.5
G,G,G,G,G,G,10.0
G,G,G,G,G,G,10
G,G,G,G,G,G,10
G,G,G,G,G,Y,9.5
G,G,G,G,G,G,10.0
G,G,G,G,Y,Y,9.5
G,G,G,G,G,Y,9.0
G,G,G,G,G,Y,8.5
G,G,G,G,G,Y,8.0
G,G,G,G,G,G,8.5
G,G,G,G,G,Y,8.0
G,G,G,G,G,G,8.5
G,G,G,G,G,Y,8.0
G,G,G,G,G,G,8.5
G,G,G,G,G,G,9.0
G,G,G,G,G,G,9.5
Y,Y,G,G,G,G,9.0
Y,Y,Y,G,G,G,8.5
Y,Y,Y,G,G,G,8.0
Y,Y,Y,G,G,G,7.5
Y,Y,Y,G,G,G,7.0
Y,Y,Y,G,G,G,6.5
Y,Y,Y,G,G,G,6.0
Y,Y,Y,G,G,G,5.5
Y,Y,Y,G,G,G,5.0
Y,Y,Y,G,G,G,4.5
Y,Y,Y,G,G,G,4.0
Y,Y,Y,G,G,G,3.5
Y,Y,G,G,G,G,3.0
Y,Y,G,G,G,G,2.5
Y,Y,G,G,G,G,2.0
Y,G,G,G,G,G,1.5
Y,G,G,G,G,G,1.0
G,G,G,G,G,G,1.5
G,G,G,G,G,G,2.0
G,G,G,G,G,G,2.5
G,G,G,G,G,G,3.0
G,G,G,G,G,G,3.5
G,G,G,G,G,G,4.0
G,G,G,G,G,G,4.5
G,G,G,G,G,G,5.0
G,G,G,Y,Y,Y,4.5
G,G,G,G,Y,Y,4.0
G,G,G,G,Y,Y,3.5
G,G,G,G,G,Y,3.0
G,G,G,G,G,Y,2.5
G,G,G,G,G,Y,2.0
G,G,G,G,G,G,2.5
G,G,G,G,G,G,3.0
G,G,G,G,G,G,3.5
G,G,G,G,G,G,4.0
G,G,G,G,G,G,4.5
G,G,G,G,G,G,5.0
Y,G,G,G,G,G,4.5
Y,G,G,G,G,G,4.0
G,G,G,G,G,G,4.5
G,G,G,G,G,G,5.0
G,G,G,G,G,G,5.5
G,G,G,G,G,G,6.0
G,G,G,G,Y,Y,5.5
G,G,G,G,Y,Y,5.0
G,G,G,G,Y,Y,4.5
G,G,G,G,Y,Y,4.0
G,G,G,G,Y,Y,3.5
G,G,G,G,G,Y,3.0
G,G,G,G,G,Y,2.5
G,G,G,G,G,G,3.0
G,G,G,G,G,G,3.5
G,G,G,G,G,G,4.0
G,G,G,G,G,Y,3.5
G,G,G,G,G,G,4.0
G,G,G,G,G,G,4.5
G,G,G,G,G,G,5.0
G,G,G,G,G,G,5.5
G,G,G,G,G,G,6.0
G,G,G,G,G,G,6.5
G,G,G,G,G,Y,6.0
G,G,G,G,G,Y,5.5
G,G,G,G,G,G,6.0
G,G,G,G,G,Y,5.5
G,G,G,G,G,Y,5.0
G,G,G,G,G,Y,4.5
G,G,G,G,G,G,5.0
G,G,G,G,G,Y,4.5
G,G,G,G,G,Y,4.0
G,G,G,G,G,G,4.5
G,G,G,G,G,Y,4.0
G,G,G,G,G,Y,3.5
G,G,G,G,G,Y,3.0
G,G,G,G,G,Y,2.5
G,G,G,G,G,G,3.0
G,G,G,G,G,G,3.5
G,G,G,G,G,G,4.0
G,G,G,G,G,G,4.5
G,G,G,G,G,G,5.0
G,G,G,G,G,Y,4.5
G,G,G,G,G,G,5.0
G,G,G,G,G,G,5.5
G,G,G,G,G,G,6.0
Y,G,G,G,G,G,5.5
Y,G,G,G,G,G,5.0
G,G,G,G,G,G,5.5
G,G,G,G,G,G,6.0
G,G,G,G,G,Y,5.5
G,G,G,G,G,G,6.0
G,G,G,G,G,G,6.5
G,G,G,G,G,G,7.0
G,G,G,G,G,G,7.5
G,G,G,G,G,G,8.0
G,G,G,G,G,Y,7.5
G,G,G,G,G,Y,7.0
G,G,G,G,G,G,7.5
G,G,G,G,G,G,8.0
G,G,G,G,G,G,8.5
G,G,G,G,G,G,9.0
Y,G,G,G,G,G,8.5
Y,Y,G,G,G,G,8.0
Y,Y,G,G,G,G,7.5
Y,Y,G,G,G,G,7.0
Y,Y,G,G,G,G,6.5
Y,Y,G,G,G,G,6.0
Y,G,G,G,G,G,5.5
Y,G,G,G,G,G,5.0
G,G,G,G,G,G,5.5
G,G,G,G,G,G,6.0
G,G,G,G,G,G,6.5
G,G,G,G,Y,Y,6.0
G,G,G,G,G,G,6.5
G,G,G,G,G,Y,6.0
G,G,G,G,G,G,6.5
G,G,G,G,G,G,7.0
G,G,G,G,G,G,7.5
G,G,G,G,G,Y,7.0
G,G,G,G,G,G,7.5
Y,G,G,G,G,G,7.0
G,G,G,G,G,G,7.5
Y,G,G,G,G,G,7.0
G,G,G,G,G,G,7.5
G,G,G,G,G,G,8.0
Y,G,G,G,G,G,7.5
G,G,G,G,G,G,8.0
G,G,G,G,G,G,8.5
G,G,G,G,G,G,9.0
Y,G,G,G,G,G,8.5
G,G,G,G,G,G,9.0
G,G,G,G,G,G,9.5
G,G,G,G,G,G,10.0
G,G,G,G,G,Y,9.5
G,G,G,G,G,G,10.0
G,G,G,G,G,G,10
G,G,G,G,G,Y,9.5
G,G,G,G,G,Y,9.0
G,G,G,G,G,Y,8.5
G,G,G,G,Y,Y,8.0
G,G,G,G,Y,Y,7.5
G,G,G,Y,Y,Y,7.0
G,G,G,G,Y,Y,6.5
G,G,G,G,Y,Y,6.0
G,G,G,G,G,Y,5.5
G,G,G,G,G,Y,5.0
G,G,G,G,G,Y,4.5
G,G,G,G,G,G,5.0
G,G,G,G,G,G,5.5
G,G,G,G,G,G,6.0
G,G,G,G,G,G,6.5
G,G,G,G,G,G,7.0
Y,G,G,G,G,G,6.5
G,G,G,G,G,G,7.0
G,G,G,G,G,G,7.5
G,G,G,G,G,Y,7.0
G,G,G,G,G,Y,6.5
G,G,G,G,G,G,7.0
G,G,G,G,G,Y,6.5
G,G,G,G,G,G,7.0
G,G,G,G,G,G,7.5
G,G,G,G,Y,Y,7.0
G,G,G,G,G,G,7.5
G,G,G,G,G,Y,7.0
G,G,G,G,G,G,7.5
G,G,G,G,G,G,8.0
G,G,G,G,G,G,8.5
G,G,G,G,G,Y,8.0
Y,G,G,G,G,G,7.5
G,G,G,G,G,Y,7.0
G,G,G,G,G,G,7.5
G,G,G,G,G,G,8.0
G,G,G,G,G,G,8.5
G,G,G,G,G,G,9.0
G,G,G,G,G,G,9.5
G,G,G,G,G,G,10.0
G,G,G,G,G,G,10
Y,G,G,G,G,G,9.5
G,G,G,G,G,G,10.0
G,G,G,G,G,G,10
G,G,G,G,G,G,10
G,G,G,G,G,Y,9.5
G,G,G,G,G,G,10.0
G,G,G,G,G,Y,9.5
Y,G,G,G,G,G,9.0
G,G,G,G,G,G,9.5
G,G,G,G,G,G,10.0
G,G,G,G,Y,Y,9.5
G,G,G,G,Y,Y,9.0
G,G,G,G,Y,Y,8.5
G,G,G,G,Y,Y,8.0
G,G,G,G,Y,Y,7.5
G,G,G,Y,Y,Y,7.0
G,G,G,Y,Y,Y,6.5
G,G,G,Y,Y,Y,6.0
G,G,G,Y,Y,Y,5.5
G,G,G,G,Y,Y,5.0
G,G,G,G,Y,Y,4.5
G,G,G,G,Y,Y,4.0
G,G,G,G,G,Y,3.5
G,G,G,G,G,Y,3.0
G,G,G,G,G,G,3.5
G,G,G,G,G,G,4.0
G,G,G,G,G,G,4.5
G,G,G,G,G,G,5.0
G,G,G,G,G,G,5.5
Y,G,G,G,G,G,5.0
Y,G,G,G,G,G,4.5
Y,G,G,G,G,G,4.0
G,G,G,G,G,G,4.5
G,G,G,G,G,G,5.0
G,G,G,G,G,G,5.5
G,G,G,G,G,G,6.0
G,G,G,G,G,G,6.5
G,G,G,G,G,G,7.0
G,G,G,G,G,G,7.5
G,G,G,G,G,G,8.0
G,G,G,G,G,G,8.5
G,G,G,G,G,Y,8.0
G,G,G,G,G,G,8.5
Y,G,G,G,G,G,8.0
Y,G,G,G,G,G,7.5
Y,G,G,G,G,G,7.0
Y,G,G,G,G,G,6.5
Y,G,G,G,G,G,6.0
Y,G,G,G,G,G,5.5
Y,G,G,G,G,G,5.0
Y,G,G,G,G,G,4.5
G,G,G,G,G,G,5.0
G,G,G,G,G,G,5.5
G,G,G,G,G,G,6.0
G,G,G,G,G,G,6.5
Y,G,G,G,G,G,6.0
Y,G,G,G,G,G,5.5
G,G,G,G,G,G,6.0
G,G,G,G,G,G,6.5
Y,Y,G,G,G,G,6.0
Y,G,G,G,G,G,5.5
Y,G,G,G,G,G,5.0
G,G,G,G,G,G,5.5
Y,G,G,G,G,G,5.0
G,G,G,G,G,G,5.5
Y,G,G,G,G,G,5.0
Y,G,G,G,G,G,4.5
G,G,G,G,G,G,5.0
Y,G,G,G,G,G,4.5
G,G,G,G,G,G,5.0
G,G,G,G,G,G,5.5
G,G,G,G,G,G,6.0
G,G,G,G,G,G,6.5
G,G,G,G,G,G,7.0
G,G,G,G,G,G,7.5
G,G,G,G,G,G,8.0
G,G,G,G,G,G,8.5
G,G,G,G,G,G,9.0
G,G,G,G,G,G,9.5
G,G,G,G,G,G,10.0
G,G,G,G,G,G,10
G,G,G,G,G,G,10
G,G,G,G,G,G,10
G,G,G,G,G,G,10
G,G,G,G,G,G,10
G,G,G,G,G,G,10
G,G,G,G,Y,Y,9.5
G,G,G,G,Y,Y,9.0
G,G,G,G,G,Y,8.5
G,G,G,G,G,Y,8.0
G,G,G,G,G,Y,7.5
G,G,G,G,G,G,8.0
G,G,G,G,G,Y,7.5
G,G,G,G,G,Y,7.0
G,G,G,G,G,G,7.5
G,G,G,G,G,Y,7.0
G,G,G,G,G,Y,6.5
G,G,G,G,G,Y,6.0
G,G,G,G,G,G,6.5
G,G,G,G,G,Y,6.0
G,G,G,G,G,Y,5.5
G,G,G,G,G,Y,5.0
G,G,G,G,G,Y,4.5
G,G,G,G,G,Y,4.0
G,G,G,G,G,G,4.5
G,G,G,G,G,G,5.0
G,G,G,G,G,G,5.5
G,G,G,G,G,G,6.0
G,G,G,G,G,Y,5.5
G,G,G,G,G,Y,5.0
G,G,G,G,G,G,5.5
G,G,G,G,G,G,6.0
G,G,G,G,G,G,6.5
G,G,G,G,G,G,7.0
G,G,G,G,G,Y,6.5
G,G,G,G,G,G,7.0
G,G,G,G,G,G,7.5
G,G,G,G,G,G,8.0
G,G,G,G,G,G,8.5
G,G,G,G,G,G,9.0
Y,G,G,G,G,G,8.5
G,G,G,G,G,G,9.0
G,G,G,G,G,G,9.5
Y,G,G,G,G,G,9.0
G,G,G,G,G,G,9.5
G,G,G,G,G,Y,9.0
G,G,G,G,G,Y,8.5
G,G,G,G,G,G,9.0
G,G,G,G,G,G,9.5
G,G,G,G,G,G,10.0
G,G,G,G,G,G,10
G,G,G,G,G,G,10
G,G,G,G,G,G,10
G,G,G,G,G,Y,9.5
G,G,G,G,G,Y,9.0
G,G,G,G,G,Y,8.5
G,G,G,G,G,G,9.0
G,G,G,G,G,Y,8.5
G,G,G,G,G,Y,8.0
G,G,G,G,G,G,8.5
G,G,G,G,G,Y,8.0
G,G,G,G,G,Y,7.5
G,G,G,G,G,Y,7.0
G,G,G,G,G,G,7.5
G,G,G,G,G,G,8.0
Y,G,G,G,G,G,7.5
Y,G,G,G,G,G,7.0
Y,G,G,G,G,G,6.5
Y,G,G,G,G,G,6.0
G,G,G,G,G,G,6.5
Y,Y,G,G,G,G,6.0
Y,Y,G,G,G,G,5.5
Y,G,G,G,G,G,5.0
Y,G,G,G,G,G,4.5
Y,G,G,G,G,G,4.0
Y,G,G,G,G,G,3.5
Y,G,G,G,G,G,3.0
Y,Y,G,G,G,G,2.5
Y,G,G,G,G,G,2.0
Y,G,G,G,G,G,1.5
G,G,G,G,G,G,2.0
G,G,G,G,G,G,2.5
G,G,G,G,G,G,3.0
G,G,G,G,G,G,3.5
G,G,G,G,G,G,4.0
G,G,G,G,G,G,4.5
Y,G,G,G,G,G,4.0
G,G,G,G,G,G,4.5
G,G,G,G,G,G,5.0
G,G,G,G,G,G,5.5
G,G,G,G,G,G,6.0
G,G,G,G,G,G,6.5
G,G,G,G,G,G,7.0
G,G,G,G,G,G,7.5
G,G,G,G,G,Y,7.0
G,G,G,G,G,Y,6.5
G,G,G,G,Y,Y,6.0
G,G,G,G,G,Y,5.5
G,G,G,G,G,Y,5.0
G,G,G,G,G,Y,4.5
G,G,G,G,G,Y,4.0
G,G,G,G,G,G,4.5
G,G,G,G,G,G,5.0
G,G,G,G,G,G,5.5
G,G,G,G,G,G,6.0
G,G,G,G,G,G,6.5
G,G,G,G,G,G,7.0
G,G,G,G,G,Y,6.5
G,G,G,G,G,Y,6.0
G,G,G,G,G,G,6.5
G,G,G,G,G,Y,6.0
G,G,G,G,G,G,6.5
G,G,G,G,G,Y,6.0
G,G,G,G,G,Y,5.5
G,G,G,G,G,G,6.0
G,G,G,G,G,Y,5.5
G,G,G,G,Y,Y,5.0
G,G,G,G,G,G,5.5
G,G,G,G,G,Y,5.0
G,G,G,G,G,Y,4.5
G,G,G,G,G,Y,4.0
G,G,G,G,Y,Y,3.5
G,G,G,G,G,Y,3.0
G,G,G,G,G,Y,2.5
G,G,G,G,G,G,3.0
G,G,G,G,G,G,3.5
G,G,G,G,G,G,4.0
G,G,G,G,G,G,4.5
G,G,G,G,G,G,5.0
G,G,G,G,G,G,5.5
G,G,G,G,G,G,6.0
G,G,G,G,G,G,6.5
G,G,G,G,G,G,7.0
G,G,G,G,G,G,7.5
G,G,G,G,G,G,8.0
G,G,G,G,G,G,8.5
G,G,G,G,G,G,9.0
G,G,G,G,G,G,9.5
G,G,G,G,G,G,10.0
G,G,G,G,G,Y,9.5
G,G,G,G,G,Y,9.0
G,G,G,G,G,Y,8.5
G,G,G,G,G,G,9.0
G,G,G,G,G,G,9.5
Y,G,G,G,G,G,9.0
Y,Y,G,G,G,G,8.5
Y,Y,G,G,G,G,8.0
Y,Y,G,G,G,G,7.5
Y,Y,G,G,G,G,7.0
Y,Y,Y,G,G,G,6.5
Y,Y,G,G,G,G,6.0
Y,G,G,G,G,G,5.5
Y,G,G,G,G,G,5.0
G,G,G,G,G,G,5.5
G,G,G,G,G,G,6.0
G,G,G,G,G,G,6.5
G,G,G,G,G,Y,6.0
G,G,G,G,G,G,6.5
G,G,G,G,G,Y,6.0
G,G,G,G,G,G,6.5
G,G,G,G,G,G,7.0
G,G,G,G,G,G,7.5
G,G,G,G,G,Y,7.0
G,G,G,G,G,G,7.5
Y,G,G,G,G,G,7.0
G,G,G,G,G,G,7.5
Y,G,G,G,G,G,7.0
G,G,G,G,G,G,7.5
G,G,G,G,G,G,8.0
Y,G,G,G,G,G,7.5
G,G,G,G,G,G,8.0
G,G,G,G,G,G,8.5
G,G,G,G,G,G,9.0
G,G,G,G,G,G,9.5
G,G,G,G,G,G,10.0
G,G,G,G,G,G,10
Y,G,G,G,G,G,9.5
G,G,G,G,G,G,10.0
G,G,G,G,G,G,10
G,G,G,G,G,Y,9.5
G,G,G,G,G,Y,9.0
G,G,G,G,G,Y,8.5
G,G,G,G,G,Y,8.0
G,G,G,G,G,Y,7.5
G,G,G,G,G,Y,7.0
G,G,G,G,G,Y,6.5
G,G,G,G,G,Y,6.0
G,G,G,G,G,Y,5.5
G,G,G,G,G,Y,5.0
G,G,G,G,G,Y,4.5
G,G,G,G,G,G,5.0
G,G,G,G,G,G,5.5
G,G,G,G,G,G,6.0
G,G,G,G,G,G,6.5
G,G,G,G,G,G,7.0
G,G,G,G,G,G,7.5
G,G,G,G,G,G,8.0
G,G,G,G,G,Y,7.5
G,G,G,G,Y,Y,7.0
G,G,G,G,G,G,7.5
G,G,G,G,G,Y,7.0
G,G,G,G,G,G,7.5
G,G,G,G,G,G,8.0
G,G,G,G,G,Y,7.5
G,G,G,G,G,G,8.0
G,G,G,G,G,G,8.5
G,G,G,G,Y,Y,8.0
G,G,G,G,G,G,8.5
G,G,G,G,G,Y,8.0
G,G,G,G,G,G,8.5
G,G,G,G,G,G,9.0
G,G,G,G,G,G,9.5
G,G,G,G,G,G,10.0
G,G,G,G,G,G,10
G,G,G,G,G,G,10
Y,G,G,G,G,G,9.5
G,G,G,G,G,G,10.0
G,G,G,G,G,G,10
G,G,G,G,G,G,10
G,G,G,G,G,Y,9.5
G,G,G,G,G,G,10.0
G,G,G,G,G,G,10
G,G,G,G,G,G,10
G,G,G,G,G,G,10
G,G,G,G,G,G,10
G,G,G,G,G,G,10
G,G,G,G,Y,Y,9.5
G,G,G,Y,Y,Y,9.0
G,G,G,G,Y,Y,8.5
G,G,G,G,Y,Y,8.0
G,G,G,Y,Y,Y,7.5
G,G,G,Y,Y,Y,7.0
G,G,G,Y,Y,Y,6.5
G,G,G,Y,Y,Y,6.0
G,G,G,Y,Y,Y,5.5
G,G,G,Y,Y,Y,5.0
G,G,G,G,Y,Y,4.5
G,G,G,G,Y,Y,4.0
G,G,G,G,Y,Y,3.5
G,G,G,G,G,Y,3.0
G,G,G,G,G,G,3.5
G,G,G,G,G,G,4.0
G,G,G,G,G,G,4.5
G,G,G,G,G,G,5.0
G,G,G,G,G,G,5.5
Y,G,G,G,G,G,5.0
Y,G,G,G,G,G,4.5
Y,G,G,G,G,G,4.0
G,G,G,G,G,G,4.5
G,G,G,G,G,G,5.0
G,G,G,G,G,G,5.5
G,G,G,G,G,G,6.0
G,G,G,G,G,G,6.5
G,G,G,G,G,G,7.0
G,G,G,G,G,G,7.5
G,G,G,G,G,G,8.0
G,G,G,G,G,G,8.5
G,G,G,G,G,G,9.0
G,G,G,G,G,G,9.5
G,G,G,G,G,G,10.0
Y,Y,G,G,G,G,9.5
Y,Y,Y,G,G,G,9.0
Y,Y,Y,G,G,G,8.5
Y,Y,Y,G,G,G,8.0
Y,Y,Y,Y,G,G,7.5
Y,Y,Y,Y,G,G,7.0
Y,Y,Y,G,G,G,6.5
Y,Y,Y,G,G,G,6.0
Y,Y,Y,G,G,G,5.5
Y,Y,G,G,G,G,5.0
Y,G,G,G,G,G,4.5
Y,G,G,G,G,G,4.0
G,G,G,G,G,G,4.5
G,G,G,G,G,G,5.0
G,G,G,G,G,Y,4.5
G,G,G,G,G,G,5.0
G,G,G,G,G,G,5.5
Y,G,G,G,G,G,5.0
G,G,G,G,G,G,5.5
G,G,G,G,G,G,6.0
G,G,G,G,G,G,6.5
Y,G,G,G,G,G,6.0
Y,G,G,G,G,G,5.5
Y,G,G,G,G,G,5.0
Y,G,G,G,G,G,4.5
G,G,G,G,G,G,5.0
G,G,G,G,G,G,5.5
G,G,G,G,G,G,6.0
G,G,G,G,G,G,6.5
G,G,G,G,G,G,7.0
G,G,G,G,G,G,7.5
G,G,G,G,G,G,8.0
G,G,G,G,G,G,8.5
G,G,G,G,G,G,9.0
G,G,G,G,G,G,9.5
G,G,G,G,G,G,10.0
G,G,G,G,G,G,10
G,G,G,G,G,G,10
G,G,G,G,G,G,10
G,G,G,G,G,G,10
G,G,G,G,G,G,10
G,G,G,G,G,G,10
G,G,G,G,Y,Y,9.5
G,G,G,G,Y,Y,9.0
G,G,G,G,G,Y,8.5
G,G,G,G,G,Y,8.0
G,G,G,G,G,G,8.5
G,G,G,G,G,Y,8.0
G,G,G,G,G,Y,7.5
G,G,G,G,G,Y,7.0
G,G,G,G,G,G,7.5
G,G,G,G,G,Y,7.0
G,G,G,G,G,Y,6.5
G,G,G,G,G,Y,6.0
G,G,G,G,G,G,6.5
G,G,G,G,G,Y,6.0
G,G,G,G,G,Y,5.5
G,G,G,G,G,Y,5.0
G,G,G,G,G,Y,4.5
G,G,G,G,G,G,5.0
G,G,G,G,G,G,5.5
G,G,G,G,G,Y,5.0
G,G,G,G,G,Y,4.5
G,G,G,G,G,G,5.0
G,G,G,G,G,G,5.5
G,G,G,G,G,G,6.0
G,G,G,G,G,G,6.5
G,G,G,G,Y,Y,6.0
G,G,G,G,G,Y,5.5
G,G,G,G,G,G,6.0
G,G,G,G,G,G,6.5
G,G,G,G,G,G,7.0
G,G,G,G,G,G,7.5
G,G,G,G,G,G,8.0
G,G,G,G,G,G,8.5
Y,G,G,G,G,G,8.0
G,G,G,G,G,G,8.5
G,G,G,G,G,G,9.0
G,G,G,G,G,Y,8.5
G,G,G,G,G,G,9.0
G,G,G,G,G,G,9.5
Y,G,G,G,G,G,9.0
G,G,G,G,G,G,9.5
G,G,G,G,G,G,10.0
G,G,G,G,G,G,10
G,G,G,G,G,G,10
G,G,G,G,G,G,10
G,G,G,G,G,Y,9.5
G,G,G,G,G,Y,9.0
G,G,G,G,G,G,9.5
G,G,G,G,G,Y,9.0
G,G,G,G,G,Y,8.5
G,G,G,G,G,G,9.0
G,G,G,G,G,Y,8.5
G,G,G,G,G,Y,8.0
G,G,G,G,G,G,8.5
G,G,G,G,G,Y,8.0
G,G,G,G,G,Y,7.5
G,G,G,G,G,G,8.0
G,G,G,G,G,G,8.5
G,G,G,G,G,G,9.0
Y,G,G,G,G,G,8.5
Y,G,G,G,G,G,8.0
Y,G,G,G,G,G,7.5
Y,G,G,G,G,G,7.0
Y,G,G,G,G,G,6.5
Y,G,G,G,G,G,6.0
Y,G,G,G,G,G,5.5
Y,G,G,G,G,G,5.0
Y,G,G,G,G,G,4.5
Y,G,G,G,G,G,4.0
Y,G,G,G,G,G,3.5
Y,G,G,G,G,G,3.0
Y,G,G,G,G,G,2.5
Y,G,G,G,G,G,2.0
Y,G,G,G,G,G,1.5
G,G,G,G,G,G,2.0
G,G,G,G,G,G,2.5
G,G,G,G,G,G,3.0
G,G,G,G,G,G,3.5
G,G,G,G,G,G,4.0
G,G,G,G,G,G,4.5
G,G,G,G,G,Y,4.0
G,G,G,G,G,Y,3.5
G,G,G,G,G,G,4.0
G,G,G,G,G,G,4.5
G,G,G,G,G,G,5.0
G,G,G,G,G,G,5.5
G,G,G,G,G,G,6.0
G,G,G,G,G,G,6.5
G,G,G,G,G,G,7.0
G,G,G,G,G,Y,6.5
G,G,G,G,G,Y,6.0
G,G,G,G,G,Y,5.5
G,G,G,G,G,Y,5.0
G,G,G,G,G,Y,4.5
G,G,G,G,G,G,5.0
G,G,G,G,G,G,5.5
G,G,G,G,G,G,6.0
G,G,G,G,G,G,6.5
G,G,G,G,G,Y,6.0
G,G,G,G,G,G,6.5
G,G,G,G,G,Y,6.0
G,G,G,G,G,Y,5.5
G,G,G,G,G,G,6.0
G,G,G,G,G,Y,5.5
G,G,G,G,G,G,6.0
G,G,G,G,G,Y,5.5
G,G,G,G,G,G,6.0
G,G,G,G,G,Y,5.5
G,G,G,G,G,G,6.0
G,G,G,G,G,Y,5.5
G,G,G,G,G,Y,5.0
G,G,G,G,G,Y,4.5
G,G,G,G,G,G,5.0
G,G,G,G,G,Y,4.5
G,G,G,G,Y,Y,4.0
G,G,G,G,G,Y,3.5
G,G,G,G,G,Y,3.0
G,G,G,G,G,G,3.5
G,G,G,G,G,G,4.0
G,G,G,G,G,G,4.5
G,G,G,G,G,G,5.0
G,G,G,G,G,G,5.5
G,G,G,G,G,Y,5.0
G,G,G,G,G,G,5.5
G,G,G,G,G,G,6.0
G,G,G,G,G,G,6.5
G,G,G,G,G,G,7.0
G,G,G,G,G,G,7.5
G,G,G,G,G,G,8.0
G,G,G,G,G,Y,7.5
G,G,G,G,G,G,8.0
G,G,G,G,G,G,8.5
G,G,G,G,G,G,9.0
G,G,G,G,G,G,9.5
G,G,G,G,G,G,10.0
G,G,G,G,G,Y,9.5
G,G,G,G,G,G,10.0
G,G,G,G,G,G,10
Y,Y,G,G,G,G,9.5
Y,Y,G,G,G,G,9.0
Y,Y,Y,G,G,G,8.5
Y,Y,Y,G,G,G,8.0
Y,Y,Y,G,G,G,7.5
Y,Y,G,G,G,G,7.0
Y,Y,G,G,G,G,6.5
Y,G,G,G,G,G,6.0
Y,G,G,G,G,G,5.5
G,G,G,G,G,G,6.0
G,G,G,G,G,Y,5.5
G,G,G,G,G,G,6.0
G,G,G,G,G,G,6.5
G,G,G,G,G,G,7.0
G,G,G,G,G,Y,6.5
G,G,G,G,G,Y,6.0
G,G,G,G,G,G,6.5
G,G,G,G,G,G,7.0
G,G,G,G,G,G,7.5
G,G,G,G,G,G,8.0
G,G,G,G,G,G,8.5
G,G,G,G,G,G,9.0
Y,G,G,G,G,G,8.5
Y,G,G,G,G,G,8.0
G,G,G,G,G,G,8.5
G,G,G,G,G,G,9.0
G,G,G,G,G,G,9.5
Y,G,G,G,G,G,9.0
G,G,G,G,G,G,9.5
G,G,G,G,G,G,10.0
G,G,G,G,G,G,10
G,G,G,G,G,Y,9.5
G,G,G,G,G,G,10.0
G,G,G,G,G,Y,9.5
G,G,G,G,G,Y,9.0
G,G,G,G,G,G,9.5
G,G,G,G,G,Y,9.0
G,G,G,G,Y,Y,8.5
G,G,G,G,Y,Y,8.0
G,G,G,G,Y,Y,7.5
G,G,G,G,Y,Y,7.0
G,G,G,G,Y,Y,6.5
G,G,G,G,Y,Y,6.0
G,G,G,G,Y,Y,5.5
G,G,G,G,G,Y,5.0
G,G,G,G,G,Y,4.5
G,G,G,G,G,G,5.0
G,G,G,G,G,G,5.5
G,G,G,G,G,G,6.0
G,G,G,G,G,G,6.5
Y,G,G,G,G,G,6.0
G,G,G,G,G,G,6.5
G,G,G,G,G,G,7.0
G,G,G,G,G,G,7.5
G,G,G,G,G,G,8.0
G,G,G,G,G,Y,7.5
G,G,G,G,G,Y,7.0
G,G,G,G,G,G,7.5
G,G,G,G,G,Y,7.0
G,G,G,G,G,G,7.5
G,G,G,G,G,G,8.0
G,G,G,G,G,G,8.5
G,G,G,G,G,Y,8.0
G,G,G,G,G,Y,7.5
G,G,G,G,G,G,8.0
G,G,G,G,G,G,8.5
G,G,G,G,G,G,9.0
G,G,G,G,G,G,9.5
G,G,G,G,G,G,10.0
G,G,G,G,G,G,10
G,G,G,G,G,G,10
Y,G,G,G,G,G,9.5
G,G,G,G,G,G,10.0
G,G,G,G,G,G,10
G,G,G,G,G,G,10
G,G,G,G,G,Y,9.5
G,G,G,G,G,G,10.0
G,G,G,G,G,G,10
G,G,G,G,G,G,10
G,G,G,G,G,G,10
G,G,G,G,G,G,10
G,G,G,G,G,Y,9.5
G,G,G,G,G,Y,9.0
G,G,G,G,G,Y,8.5
G,G,G,G,G,Y,8.0
G,G,G,G,Y,Y,7.5
G,G,G,G,Y,Y,7.0
G,G,G,G,Y,Y,6.5
G,G,G,G,Y,Y,6.0
G,G,G,G,Y,Y,5.5
G,G,G,G,Y,Y,5.0
G,G,G,G,Y,Y,4.5
G,G,G,G,G,Y,4.0
G,G,G,G,G,Y,3.5
G,G,G,G,G,G,4.0
G,G,G,G,G,G,4.5
G,G,G,G,G,G,5.0
G,G,G,G,G,G,5.5
G,G,G,G,G,G,6.0
Y,G,G,G,G,G,5.5
G,G,G,G,G,G,6.0
Y,G,G,G,G,G,5.5
G,G,G,G,G,G,6.0
G,G,G,G,G,G,6.5
G,G,G,G,G,G,7.0
G,G,G,G,G,G,7.5
G,G,G,G,G,G,8.0
G,G,G,G,G,G,8.5
G,G,G,G,G,G,9.0
G,G,G,G,G,G,9.5
G,G,G,G,G,G,10.0
Y,G,G,G,G,G,9.5
Y,Y,G,G,G,G,9.0
Y,Y,G,G,G,G,8.5
Y,Y,G,G,G,G,8.0
Y,Y,Y,G,G,G,7.5
Y,Y,Y,G,G,G,7.0
Y,Y,G,G,G,G,6.5
Y,Y,G,G,G,G,6.0
Y,Y,G,G,G,G,5.5
Y,G,G,G,G,G,5.0
G,G,G,G,G,G,5.5
G,G,G,G,G,G,6.0
G,G,G,G,G,G,6.5
G,G,G,G,G,G,7.0
G,G,G,G,G,G,7.5
Y,Y,G,G,G,G,7.0
Y,G,G,G,G,G,6.5
Y,G,G,G,G,G,6.0
Y,Y,G,G,G,G,5.5
G,G,G,G,G,G,6.0
Y,G,G,G,G,G,5.5
Y,G,G,G,G,G,5.0
G,G,G,G,G,G,5.5
G,G,G,G,G,G,6.0
G,G,G,G,G,G,6.5
G,G,G,G,G,G,7.0
G,G,G,G,G,G,7.5
G,G,G,G,G,G,8.0
G,G,G,G,G,G,8.5
G,G,G,G,G,G,9.0
G,G,G,G,G,G,9.5
G,G,G,G,G,G,10.0
G,G,G,G,G,G,10
G,G,G,G,G,G,10
G,G,G,G,G,G,10
G,G,G,G,G,G,10
G,G,G,G,G,G,10
G,G,G,G,G,G,10
G,G,G,G,G,Y,9.5
G,G,G,G,G,G,10.0
G,G,G,G,Y,Y,9.5
G,G,G,G,G,Y,9.0
G,G,G,G,G,Y,8.5
G,G,G,G,G,Y,8.0
G,G,G,G,G,Y,7.5
G,G,G,G,G,G,8.0
G,G,G,G,G,Y,7.5
G,G,G,G,G,Y,7.0
G,G,G,G,G,G,7.5
G,G,G,G,G,Y,7.0
G,G,G,G,G,Y,6.5
G,G,G,G,G,Y,6.0
G,G,G,G,G,Y,5.5
G,G,G,G,G,Y,5.0
G,G,G,G,G,Y,4.5
G,G,G,G,G,G,5.0
G,G,G,G,G,Y,4.5
G,G,G,G,G,G,5.0
G,G,G,G,G,G,5.5
G,G,G,G,G,G,6.0
G,G,G,G,G,Y,5.5
G,G,G,G,G,G,6.0
G,G,G,G,G,Y,5.5
G,G,G,G,G,G,6.0
G,G,G,G,G,G,6.5
G,G,G,G,G,G,7.0
G,G,G,G,G,Y,6.5
G,G,G,G,G,G,7.0
G,G,G,G,G,G,7.5
G,G,G,G,G,G,8.0
G,G,G,G,G,G,8.5
G,G,G,G,G,G,9.0
Y,G,G,G,G,G,8.5
G,G,G,G,G,G,9.0
G,G,G,G,G,G,9.5
G,G,G,G,G,G,10.0
G,G,G,G,G,G,10
G,G,G,G,G,G,10
G,G,G,G,G,G,10
G,G,G,G,G,Y,9.5
G,G,G,G,G,G,10.0
G,G,G,G,G,Y,9.5
G,G,G,G,G,G,10.0
G,G,G,G,G,G,10
G,G,G,G,G,G,10
G,G,G,G,G,G,10
G,G,G,G,Y,Y,9.5
G,G,G,G,Y,Y,9.0
G,G,G,G,Y,Y,8.5
G,G,G,Y,Y,Y,8.0
G,G,G,G,Y,Y,7.5
G,G,G,G,G,Y,7.0
G,G,G,G,Y,Y,6.5
G,G,G,G,G,G,7.0
G,G,G,G,G,G,7.5
G,G,G,G,G,G,8.0
Y,G,G,G,G,G,7.5
Y,G,G,G,G,G,7.0
Y,G,G,G,G,G,6.5
Y,G,G,G,G,G,6.0
G,G,G,G,G,G,6.5
Y,Y,G,G,G,G,6.0
Y,Y,G,G,G,G,5.5
Y,Y,G,G,G,G,5.0
Y,G,G,G,G,G,4.5
Y,G,G,G,G,G,4.0
Y,G,G,G,G,G,3.5
Y,G,G,G,G,G,3.0
Y,G,G,G,G,G,2.5
Y,G,G,G,G,G,2.0
Y,G,G,G,G,G,1.5
Y,G,G,G,G,G,1.0
G,G,G,G,G,G,1.5
G,G,G,G,G,G,2.0
G,G,G,G,G,G,2.5
G,G,G,G,G,G,3.0
G,G,G,G,G,G,3.5
G,G,G,G,G,G,4.0
G,G,G,G,G,G,4.5
G,G,G,G,G,G,5.0
G,G,G,G,G,G,5.5
G,G,G,G,G,G,6.0
G,G,G,G,G,G,6.5
G,G,G,G,G,Y,6.0
G,G,G,G,G,G,6.5
G,G,G,G,G,G,7.0
G,G,G,G,G,Y,6.5
G,G,G,G,G,Y,6.0
G,G,G,G,G,Y,5.5
G,G,G,G,G,G,6.0
G,G,G,G,G,G,6.5
G,G,G,G,G,Y,6.0
G,G,G,G,G,G,6.5
G,G,G,G,G,Y,6.0
G,G,G,G,G,Y,5.5
G,G,G,G,G,G,6.0
G,G,G,G,G,G,6.5
G,G,G,G,G,Y,6.0
G,G,G,G,G,G,6.5
G,G,G,G,G,Y,6.0
G,G,G,G,G,Y,5.5
G,G,G,G,G,G,6.0
G,G,G,G,G,G,6.5
G,G,G,G,G,Y,6.0
G,G,G,G,G,Y,5.5
G,G,G,G,G,G,6.0
G,G,G,G,G,Y,5.5
G,G,G,G,Y,Y,5.0
G,G,G,G,G,G,5.5
G,G,G,G,G,Y,5.0
G,G,G,G,G,Y,4.5
G,G,G,G,G,Y,4.0
G,G,G,G,G,Y,3.5
G,G,G,G,G,Y,3.0
G,G,G,G,G,G,3.5
G,G,G,G,G,G,4.0
G,G,G,G,G,G,4.5
G,G,G,G,G,G,5.0
G,G,G,G,G,Y,4.5
G,G,G,G,G,G,5.0
G,G,G,G,G,G,5.5
G,G,G,G,G,G,6.0
G,G,G,G,G,G,6.5
G,G,G,G,G,G,7.0
G,G,G,G,G,G,7.5
G,G,G,G,G,G,8.0
G,G,G,G,G,G,8.5
G,G,G,G,G,Y,8.0
G,G,G,G,G,G,8.5
G,G,G,G,G,G,9.0
G,G,G,G,G,G,9.5
G,G,G,G,G,G,10.0
G,G,G,G,G,Y,9.5
G,G,G,G,G,G,10.0
G,G,G,G,G,G,10
Y,G,G,G,G,G,9.5
Y,Y,G,G,G,G,9.0
Y,Y,G,G,G,G,8.5
Y,Y,Y,G,G,G,8.0
Y,Y,G,G,G,G,7.5
Y,Y,G,G,G,G,7.0
Y,Y,G,G,G,G,6.5
Y,G,G,G,G,G,6.0
Y,G,G,G,G,G,5.5
G,G,G,G,G,G,6.0
G,G,G,G,G,G,6.5
G,G,G,G,G,Y,6.0
G,G,G,G,G,Y,5.5
G,G,G,G,G,G,6.0
G,G,G,G,G,G,6.5
G,G,G,G,G,Y,6.0
G,G,G,G,G,G,6.5
G,G,G,G,G,G,7.0
G,G,G,G,G,G,7.5
G,G,G,G,G,G,8.0
G,G,G,G,G,G,8.5
G,G,G,G,G,G,9.0
Y,G,G,G,G,G,8.5
Y,G,G,G,G,G,8.0
G,G,G,G,G,G,8.5
G,G,G,G,G,G,9.0
G,G,G,G,G,G,9.5
Y,G,G,G,G,G,9.0
G,G,G,G,G,Y,8.5
G,G,G,G,G,G,9.0
Y,G,G,G,G,G,8.5
G,G,G,G,G,G,9.0
G,G,G,G,G,G,9.5
G,G,G,G,G,G,10.0
G,G,G,G,G,Y,9.5
G,G,G,G,G,Y,9.0
G,G,G,G,G,Y,8.5
G,G,G,G,G,Y,8.0
G,G,G,G,G,Y,7.5
G,G,G,G,Y,Y,7.0
G,G,G,G,Y,Y,6.5
G,G,G,G,Y,Y,6.0
G,G,G,G,G,Y,5.5
G,G,G,G,G,Y,5.0
G,G,G,G,G,Y,4.5
G,G,G,G,G,G,5.0
G,G,G,G,G,G,5.5
Y,G,G,G,G,G,5.0
G,G,G,G,G,G,5.5
G,G,G,G,G,G,6.0
G,G,G,G,G,Y,5.5
G,G,G,G,G,G,6.0
G,G,G,G,G,Y,5.5
G,G,G,G,G,G,6.0
G,G,G,G,G,G,6.5
G,G,G,G,G,Y,6.0
G,G,G,G,G,G,6.5
G,G,G,G,G,G,7.0
G,G,G,G,G,Y,6.5
G,G,G,G,G,G,7.0
G,G,G,G,G,G,7.5
G,G,G,G,G,Y,7.0
G,G,G,G,G,G,7.5
G,G,G,G,G,G,8.0
G,G,G,G,G,Y,7.5
G,G,G,G,G,G,8.0
G,G,G,G,G,Y,7.5
G,G,G,G,G,Y,7.0
Y,G,G,G,G,G,6.5
G,G,G,G,G,G,7.0
G,G,G,G,G,G,7.5
G,G,G,G,G,G,8.0
G,G,G,G,G,G,8.5
G,G,G,G,G,G,9.0
Y,G,G,G,G,G,8.5
G,G,G,G,G,G,9.0
G,G,G,G,G,G,9.5
G,G,G,G,G,G,10.0
G,G,G,G,G,Y,9.5
G,G,G,G,G,Y,9.0
Y,G,G,G,G,G,8.5
G,G,G,G,G,G,9.0
G,G,G,G,G,G,9.5
G,G,G,G,G,G,10.0
G,G,G,G,G,G,10
G,G,G,G,G,G,10
G,G,G,G,G,G,10
G,G,G,G,G,G,10
G,G,G,G,Y,Y,9.5
G,G,G,G,Y,Y,9.0
G,G,G,Y,Y,Y,8.5
G,G,G,Y,Y,Y,8.0
G,G,G,Y,Y,Y,7.5
G,G,G,Y,Y,Y,7.0
G,G,G,Y,Y,Y,6.5
G,G,G,Y,Y,Y,6.0
G,G,G,Y,Y,Y,5.5
G,G,G,Y,Y,Y,5.0
G,G,G,Y,Y,Y,4.5
G,G,G,Y,Y,Y,4.0
G,G,G,G,Y,Y,3.5
G,G,G,G,Y,Y,3.0
G,G,G,G,G,Y,2.5
G,G,G,G,G,G,3.0
G,G,G,G,G,Y,2.5
G,G,G,G,G,G,3.0
G,G,G,G,G,G,3.5
G,G,G,G,G,G,4.0
G,G,G,G,G,G,4.5
G,Y,G,G,G,G,4.0
Y,Y,G,G,G,G,3.5
Y,Y,G,G,G,G,3.0
Y,G,G,G,G,G,2.5
Y,G,G,G,G,G,2.0
G,G,G,G,G,G,2.5
G,G,G,G,G,G,3.0
G,G,G,G,G,G,3.5
G,G,G,G,G,G,4.0
G,G,G,G,G,G,4.5
G,G,G,G,G,G,5.0
G,G,G,G,G,G,5.5
G,G,G,G,G,G,6.0
G,G,G,G,G,G,6.5
G,G,G,G,G,G,7.0
G,G,G,G,G,G,7.5
G,G,G,G,G,G,8.0
G,G,G,G,G,G,8.5
G,G,G,G,G,G,9.0
G,G,G,G,G,G,9.5
Y,G,G,G,G,G,9.0
Y,Y,G,G,G,G,8.5
Y,Y,G,G,G,G,8.0
Y,Y,Y,G,G,G,7.5
Y,Y,Y,G,G,G,7.0
Y,Y,Y,G,G,G,6.5
Y,Y,Y,G,G,G,6.0
Y,Y,G,G,G,G,5.5
Y,Y,G,G,G,G,5.0
Y,G,G,G,G,G,4.5
G,G,G,G,G,G,5.0
G,G,G,G,G,G,5.5
G,G,G,G,G,G,6.0
G,G,G,G,G,G,6.5
G,G,G,G,G,G,7.0
Y,G,G,G,G,G,6.5
Y,G,G,G,G,G,6.0
G,G,G,G,G,G,6.5
Y,G,G,G,G,G,6.0
Y,G,G,G,G,G,5.5
G,G,G,G,G,G,6.0
Y,G,G,G,G,G,5.5
Y,G,G,G,G,G,5.0
G,G,G,G,G,G,5.5
G,G,G,G,G,G,6.0
G,G,G,G,G,G,6.5
G,G,G,G,G,G,7.0
G,G,G,G,G,G,7.5
G,G,G,G,G,G,8.0
G,G,G,G,G,G,8.5
G,G,G,G,G,G,9.0
G,G,G,G,G,G,9.5
G,G,G,G,G,G,10.0
G,G,G,G,G,G,10
G,G,G,G,G,G,10
G,G,G,G,G,G,10
G,G,G,G,G,G,10
G,G,G,G,G,G,10
G,G,G,G,G,Y,9.5
G,G,G,G,G,G,10.0
G,G,G,G,G,G,10
G,G,G,G,Y,Y,9.5
G,G,G,G,Y,Y,9.0
G,G,G,G,G,Y,8.5
G,G,G,G,G,Y,8.0
G,G,G,G,G,Y,7.5
G,G,G,G,G,G,8.0
G,G,G,G,G,Y,7.5
G,G,G,G,G,Y,7.0
G,G,G,G,G,Y,6.5
G,G,G,G,G,Y,6.0
G,G,G,G,G,G,6.5
G,G,G,G,G,Y,6.0
G,G,G,G,G,Y,5.5
G,G,G,G,G,Y,5.0
G,G,G,G,G,Y,4.5
G,G,G,G,G,G,5.0
G,G,G,G,G,G,5.5
G,G,G,G,G,Y,5.0
G,G,G,G,G,G,5.5
G,G,G,G,G,Y,5.0
G,G,G,G,G,G,5.5
G,G,G,G,G,G,6.0
G,G,G,G,G,Y,5.5
G,G,G,G,G,G,6.0
G,G,G,G,G,G,6.5
G,G,G,G,G,Y,6.0
G,G,G,G,G,G,6.5
G,G,G,G,G,G,7.0
G,G,G,G,G,G,7.5
G,G,G,G,G,G,8.0
G,G,G,G,G,G,8.5
Y,G,G,G,G,G,8.0
G,G,G,G,G,G,8.5
G,G,G,G,G,G,9.0
G,G,G,G,G,G,9.5
G,G,G,G,G,G,10.0
G,G,G,G,G,G,10
G,G,G,G,G,G,10
G,G,G,G,G,Y,9.5
G,G,G,G,G,G,10.0
G,G,G,G,G,G,10
G,G,G,G,G,G,10
G,G,G,G,G,G,10
G,G,G,G,G,G,10
G,G,G,G,G,Y,9.5
G,G,G,G,G,Y,9.0
G,G,G,G,G,Y,8.5
G,G,G,G,G,Y,8.0
G,G,G,G,G,G,8.5
G,G,G,G,G,Y,8.0
G,G,G,G,G,Y,7.5
G,G,G,G,G,G,8.0
G,G,G,G,G,Y,7.5
G,G,G,G,G,Y,7.0
G,G,G,G,G,G,7.5
G,G,G,G,G,G,8.0
Y,Y,Y,G,G,G,7.5
Y,Y,G,G,G,G,7.0
Y,G,G,G,G,G,6.5
Y,G,G,G,G,G,6.0
Y,G,G,G,G,G,5.5
G,G,G,G,G,G,6.0
Y,G,G,G,G,G,5.5
Y,G,G,G,G,G,5.0
Y,G,G,G,G,G,4.5
Y,G,G,G,G,G,4.0
Y,G,G,G,G,G,3.5
Y,G,G,G,G,G,3.0
Y,G,G,G,G,G,2.5
Y,G,G,G,G,G,2.0
G,G,G,G,G,G,2.5
G,G,G,G,G,G,3.0
Y,G,G,G,G,G,2.5
G,G,G,G,G,G,3.0
G,G,G,G,G,G,3.5
G,G,G,G,G,G,4.0
Y,G,G,G,G,G,3.5
G,G,G,G,G,G,4.0
G,G,G,G,G,G,4.5
G,G,G,G,G,G,5.0
G,G,G,G,G,G,5.5
G,G,G,G,G,G,6.0
G,G,G,G,G,G,6.5
G,G,G,G,G,G,7.0
G,G,G,G,G,Y,6.5
G,G,G,G,G,Y,6.0
G,G,G,G,G,Y,5.5
G,G,G,G,G,Y,5.0
G,G,G,G,G,G,5.5
G,G,G,G,G,G,6.0
G,G,G,G,G,Y,5.5
G,G,G,G,G,G,6.0
G,G,G,G,G,Y,5.5
G,G,G,G,G,G,6.0
G,G,G,G,G,Y,5.5
G,G,G,G,G,G,6.0
G,G,G,G,G,G,6.5
G,G,G,G,G,Y,6.0
G,G,G,G,G,Y,5.5
G,G,G,G,G,G,6.0
G,G,G,G,Y,Y,5.5
G,G,G,G,G,G,6.0
G,G,G,G,G,Y,5.5
G,G,G,G,G,G,6.0
G,G,G,G,G,Y,5.5
G,G,G,G,G,G,6.0
G,G,G,G,G,Y,5.5
G,G,G,G,G,Y,5.0
G,G,G,G,G,Y,4.5
G,G,G,G,G,G,5.0
G,G,G,G,G,Y,4.5
G,G,G,G,G,Y,4.0
G,G,G,G,G,Y,3.5
G,G,G,G,G,Y,3.0
G,G,G,G,G,G,3.5
G,G,G,G,G,G,4.0
G,G,G,G,G,G,4.5
G,G,G,G,G,Y,4.0
G,G,G,G,G,G,4.5
G,G,G,G,G,G,5.0
G,G,G,G,G,G,5.5
G,G,G,G,G,G,6.0
G,G,G,G,G,G,6.5
G,G,G,G,G,G,7.0
G,G,G,G,G,G,7.5
G,G,G,G,G,G,8.0
G,G,G,G,G,G,8.5
G,G,G,G,G,G,9.0
G,G,G,G,G,Y,8.5
G,G,G,G,G,G,9.0
G,G,G,G,G,Y,8.5
G,G,G,G,G,G,9.0
G,G,G,G,G,G,9.5
G,G,G,G,G,G,10.0
G,G,G,G,G,G,10
Y,Y,G,G,G,G,9.5
Y,Y,G,G,G,G,9.0
Y,Y,Y,G,G,G,8.5
Y,Y,Y,G,G,G,8.0
Y,Y,Y,G,G,G,7.5
Y,Y,G,G,G,G,7.0
Y,Y,G,G,G,G,6.5
Y,G,G,G,G,G,6.0
Y,G,G,G,G,G,5.5
G,G,G,G,G,G,6.0
G,G,G,G,G,Y,5.5
G,G,G,G,G,G,6.0
G,G,G,G,G,G,6.5
G,G,G,G,G,Y,6.0
G,G,G,G,G,G,6.5
G,G,G,G,G,G,7.0
G,G,G,G,G,Y,6.5
G,G,G,G,G,G,7.0
G,G,G,G,G,G,7.5
G,G,G,G,G,G,8.0
Y,G,G,G,G,G,7.5
G,G,G,G,G,G,8.0
G,G,G,G,G,G,8.5
Y,G,G,G,G,G,8.0
G,G,G,G,G,G,8.5
G,G,G,G,G,G,9.0
G,G,G,G,G,G,9.5
G,G,G,G,G,G,10.0
G,G,G,G,G,G,10
G,G,G,G,G,G,10
G,G,G,G,G,G,10
Y,G,G,G,G,G,9.5
G,G,G,G,G,G,10.0
G,G,G,G,Y,Y,9.5
G,G,G,G,Y,Y,9.0
G,G,G,Y,Y,Y,8.5
G,G,G,G,Y,Y,8.0
G,G,G,G,Y,Y,7.5
G,G,G,G,Y,Y,7.0
G,G,G,G,Y,Y,6.5
G,G,G,G,Y,Y,6.0
G,G,G,G,Y,Y,5.5
G,G,G,G,Y,Y,5.0
G,G,G,G,G,Y,4.5
G,G,G,G,G,Y,4.0
G,G,G,G,G,G,4.5
G,G,G,G,G,G,5.0
G,G,G,G,G,G,5.5
G,G,G,G,G,G,6.0
Y,G,G,G,G,G,5.5
G,G,G,G,G,G,6.0
G,G,G,G,G,G,6.5
G,G,G,G,G,G,7.0
G,G,G,G,G,Y,6.5
G,G,G,G,G,G,7.0
G,G,G,G,G,Y,6.5
G,G,G,G,G,G,7.0
G,G,G,G,G,Y,6.5
G,G,G,G,G,G,7.0
G,G,G,G,G,G,7.5
G,G,G,G,G,Y,7.0
G,G,G,G,G,G,7.5
G,G,G,G,G,G,8.0
G,G,G,G,G,Y,7.5
G,G,G,G,G,G,8.0
G,G,G,G,G,Y,7.5
G,G,G,G,G,G,8.0
G,G,G,G,G,G,8.5
G,G,G,G,G,G,9.0
G,G,G,G,G,G,9.5
G,G,G,G,G,G,10.0
G,G,G,G,G,G,10
Y,G,G,G,G,G,9.5
G,G,G,G,G,Y,9.0
G,G,G,G,G,G,9.5
Y,G,G,G,G,G,9.0
G,G,G,G,G,G,9.5
G,G,G,G,G,G,10.0
G,G,G,G,G,G,10
G,G,G,G,G,Y,9.5
G,G,G,G,G,G,10.0
G,G,G,G,G,G,10
G,G,G,G,G,G,10
G,G,G,G,G,G,10
G,G,G,G,G,Y,9.5
G,G,G,G,G,Y,9.0
G,G,G,G,G,Y,8.5
G,G,G,G,G,Y,8.0
G,G,G,G,Y,Y,7.5
G,G,G,G,Y,Y,7.0
G,G,G,G,Y,Y,6.5
G,G,G,G,Y,Y,6.0
G,G,G,G,Y,Y,5.5
G,G,G,G,Y,Y,5.0
G,G,G,G,G,Y,4.5
G,G,G,G,G,Y,4.0
G,G,G,G,G,Y,3.5
G,G,G,G,G,G,4.0
G,G,G,G,G,Y,3.5
G,G,G,G,G,G,4.0
G,G,G,G,G,G,4.5
Y,G,G,G,G,G,4.0
Y,Y,G,G,G,G,3.5
G,G,G,G,G,G,4.0
Y,G,G,G,G,G,3.5
G,G,G,G,G,G,4.0
G,G,G,G,G,G,4.5
G,G,G,G,G,G,5.0
G,G,G,G,G,G,5.5
G,G,G,G,G,G,6.0
G,G,G,G,G,G,6.5
G,G,G,G,G,G,7.0
G,G,G,G,G,G,7.5
G,G,G,G,G,Y,7.0
G,G,G,G,G,G,7.5
G,G,G,G,G,G,8.0
Y,G,G,G,G,G,7.5
G,G,G,G,G,G,8.0
Y,G,G,G,G,G,7.5
Y,G,G,G,G,G,7.0
Y,G,G,G,G,G,6.5
Y,G,G,G,G,G,6.0
Y,G,G,G,G,G,5.5
G,G,G,G,G,G,6.0
Y,G,G,G,G,G,5.5
G,G,G,G,G,G,6.0
Y,G,G,G,G,G,5.5
G,G,G,G,G,G,6.0
Y,G,G,G,G,G,5.5
G,G,G,G,G,G,6.0
Y,G,G,G,G,G,5.5
G,G,G,G,G,G,6.0
G,G,G,G,G,G,6.5
Y,G,G,G,G,G,6.0
Y,G,G,G,G,G,5.5
Y,G,G,G,G,G,5.0
G,G,G,G,G,G,5.5
Y,G,G,G,G,G,5.0
G,G,G,G,G,G,5.5
Y,G,G,G,G,G,5.0
Y,G,G,G,G,G,4.5
G,G,G,G,G,G,5.0
Y,G,G,G,G,G,4.5
G,G,G,G,G,G,5.0
G,G,G,G,G,G,5.5
G,G,G,G,G,G,6.0
G,G,G,G,G,G,6.5
G,G,G,G,G,G,7.0
G,G,G,G,G,G,7.5
G,G,G,G,G,G,8.0
G,G,G,G,G,G,8.5
G,G,G,G,G,G,9.0
G,G,G,G,G,G,9.5
G,G,G,G,G,G,10.0
G,G,G,G,G,G,10
G,G,G,G,G,G,10
G,G,G,G,G,G,10
G,G,G,G,G,G,10
G,G,G,G,G,G,10
G,G,G,G,G,G,10
G,G,G,G,Y,Y,9.5
G,G,G,G,Y,Y,9.0
G,G,G,G,G,Y,8.5
G,G,G,G,G,Y,8.0
G,G,G,G,G,Y,7.5
G,G,G,G,G,G,8.0
G,G,G,G,G,Y,7.5
G,G,G,G,G,Y,7.0
G,G,G,G,G,G,7.5
G,G,G,G,G,Y,7.0
G,G,G,G,G,Y,6.5
G,G,G,G,G,Y,6.0
G,G,G,G,G,Y,5.5
G,G,G,G,G,G,6.0
G,G,G,G,G,Y,5.5
G,G,G,G,G,Y,5.0
G,G,G,G,G,Y,4.5
G,G,G,G,G,G,5.0
G,G,G,G,G,G,5.5
G,G,G,G,G,Y,5.0
G,G,G,G,G,Y,4.5
G,G,G,G,G,G,5.0
G,G,G,G,G,G,5.5
G,G,G,G,G,G,6.0
G,G,G,G,G,G,6.5
G,G,G,G,Y,Y,6.0
G,G,G,G,G,Y,5.5
G,G,G,G,G,G,6.0
G,G,G,G,G,G,6.5
G,G,G,G,G,G,7.0
G,G,G,G,G,G,7.5
G,G,G,G,G,G,8.0
G,G,G,G,G,G,8.5
Y,G,G,G,G,G,8.0
G,G,G,G,G,G,8.5
G,G,G,G,G,G,9.0
G,G,G,G,G,G,9.5
G,G,G,G,G,G,10.0
G,G,G,G,G,G,10
G,G,G,G,G,G,10
G,G,G,G,G,Y,9.5
G,G,G,G,G,G,10.0
G,G,G,G,G,G,10
G,G,G,G,G,G,10
G,G,G,G,G,G,10
G,G,G,G,G,G,10
G,G,G,G,G,Y,9.5
G,G,G,G,G,Y,9.0
G,G,G,G,G,Y,8.5
G,G,G,G,G,Y,8.0
G,G,G,G,G,G,8.5
G,G,G,G,G,Y,8.0
G,G,G,G,G,Y,7.5
G,G,G,G,G,G,8.0
G,G,G,G,G,Y,7.5
G,G,G,G,G,Y,7.0
G,G,G,G,G,G,7.5
G,G,G,G,G,G,8.0
Y,Y,G,G,G,G,7.5
Y,Y,G,G,G,G,7.0
Y,G,G,G,G,G,6.5
Y,G,G,G,G,G,6.0
Y,G,G,G,G,G,5.5
G,G,G,G,G,G,6.0
Y,G,G,G,G,G,5.5
Y,G,G,G,G,G,5.0
Y,G,G,G,G,G,4.5
Y,G,G,G,G,G,4.0
Y,G,G,G,G,G,3.5
Y,G,G,G,G,G,3.0
Y,G,G,G,G,G,2.5
Y,G,G,G,G,G,2.0
Y,G,G,G,G,G,1.5
G,G,G,G,G,G,2.0
G,G,G,G,G,G,2.5
G,G,G,G,G,G,3.0
G,G,G,G,G,G,3.5
G,G,G,G,G,G,4.0
G,G,G,G,G,G,4.5
G,G,G,G,G,G,5.0
G,G,G,G,G,G,5.5
Y,G,G,G,G,G,5.0
G,G,G,G,G,G,5.5
G,G,G,G,G,G,6.0
G,G,G,G,G,G,6.5
G,G,G,G,G,G,7.0
G,G,G,G,G,G,7.5
G,G,G,G,G,Y,7.0
G,G,G,G,G,Y,6.5
G,G,G,G,G,Y,6.0
G,G,G,G,Y,Y,5.5
G,G,G,G,G,Y,5.0
G,G,G,G,G,Y,4.5
G,G,G,G,G,Y,4.0
G,G,G,G,G,G,4.5
G,G,G,G,G,G,5.0
G,G,G,G,G,G,5.5
G,G,G,G,G,G,6.0
G,G,G,G,G,G,6.5
G,G,G,G,G,G,7.0
G,G,G,G,G,Y,6.5
G,G,G,G,G,Y,6.0
G,G,G,G,G,Y,5.5
G,G,G,G,G,G,6.0
G,G,G,G,G,Y,5.5
G,G,G,G,G,G,6.0
G,G,G,G,G,Y,5.5
G,G,G,G,G,G,6.0
G,G,G,G,G,Y,5.5
G,G,G,G,G,Y,5.0
G,G,G,G,G,G,5.5
G,G,G,G,G,Y,5.0
G,G,G,G,G,Y,4.5
G,G,G,G,G,Y,4.0
G,G,G,G,Y,Y,3.5
G,G,G,G,G,Y,3.0
G,G,G,G,G,G,3.5
G,G,G,G,G,G,4.0
G,G,G,G,G,G,4.5
G,G,G,G,G,Y,4.0
G,G,G,G,G,G,4.5
G,G,G,G,G,G,5.0
G,G,G,G,G,G,5.5
G,G,G,G,G,G,6.0
G,G,G,G,G,G,6.5
G,G,G,G,G,Y,6.0
G,G,G,G,G,G,6.5
G,G,G,G,G,G,7.0
G,G,G,G,G,G,7.5
Y,G,G,G,G,G,7.0
G,G,G,G,G,G,7.5
G,G,G,G,G,G,8.0
G,G,G,G,G,G,8.5
G,G,G,G,G,G,9.0
G,G,G,G,G,G,9.5
G,G,G,G,G,Y,9.0
G,G,G,G,G,Y,8.5
G,G,G,G,G,G,9.0
G,G,G,G,G,G,9.5
G,G,G,G,G,G,10.0
Y,Y,Y,G,G,G,9.5
Y,Y,Y,G,G,G,9.0
Y,Y,Y,Y,G,G,8.5
Y,Y,Y,Y,G,G,8.0
R,Y,Y,Y,G,G,9.5
R,R,Y,Y,G,G,10
R,R,Y,Y,G,G,10
R,Y,Y,G,G,G,10
Y,Y,Y,G,G,G,9.5
Y,Y,G,G,G,G,9.0
Y,G,G,G,G,G,8.5
G,G,G,G,G,G,9.0
G,G,G,G,G,G,9.5
G,G,G,G,Y,Y,9.0
G,G,G,G,Y,Y,8.5
G,G,G,G,G,Y,8.0
G,G,G,G,G,Y,7.5
G,G,G,G,G,G,8.0
Y,G,G,G,G,G,7.5
G,G,G,G,G,G,8.0
G,G,G,G,G,G,8.5
G,G,G,G,G,G,9.0
G,G,G,G,G,G,9.5
G,G,G,G,G,G,10.0
G,G,G,G,G,Y,9.5
Y,G,G,G,G,G,9.0
G,G,G,G,G,G,9.5
G,G,G,G,G,G,10.0
G,G,G,G,Y,Y,9.5
G,G,G,Y,Y,Y,9.0
G,G,G,G,Y,Y,8.5
G,G,G,Y,Y,Y,8.0
G,G,G,Y,Y,Y,7.5
G,G,G,Y,Y,Y,7.0
G,G,G,Y,Y,Y,6.5
G,G,G,Y,Y,Y,6.0
G,G,G,G,Y,Y,5.5
G,G,G,Y,Y,Y,5.0
G,G,G,G,Y,Y,4.5
G,G,G,G,G,Y,4.0
G,G,G,G,G,G,4.5
G,G,G,G,G,G,5.0
G,G,G,G,G,G,5.5
Y,G,G,G,G,G,5.0
G,G,G,G,G,G,5.5
G,G,G,G,G,G,6.0
G,G,G,G,G,G,6.5
G,G,G,G,G,G,7.0
G,G,G,G,G,G,7.5
G,G,G,G,G,Y,7.0
G,G,G,G,G,G,7.5
G,G,G,G,G,Y,7.0
G,G,G,G,G,G,7.5
G,G,G,G,G,Y,7.0
G,G,G,G,G,G,7.5
G,G,G,G,G,G,8.0
G,G,G,G,G,Y,7.5
G,G,G,G,G,G,8.0
G,G,G,G,G,G,8.5
G,G,G,G,G,Y,8.0
G,G,G,G,G,G,8.5
G,G,G,G,G,G,9.0
G,G,G,G,G,G,9.5
G,G,G,G,G,G,10.0
G,G,G,G,G,G,10
Y,G,G,G,G,G,9.5
G,G,G,G,G,G,10.0
G,G,G,G,G,G,10
G,G,G,G,G,G,10
G,G,G,G,G,Y,9.5
G,G,G,G,G,G,10.0
G,G,G,G,G,G,10
G,G,G,G,G,G,10
G,G,G,G,G,G,10
G,G,G,G,G,G,10
G,G,G,G,G,G,10
G,G,G,G,G,G,10
G,G,G,G,Y,Y,9.5
G,G,G,Y,Y,Y,9.0
G,G,G,Y,Y,Y,8.5
G,G,G,Y,Y,Y,8.0
G,G,G,Y,Y,Y,7.5
G,G,G,Y,Y,Y,7.0
G,G,G,Y,Y,Y,6.5
G,G,G,Y,Y,Y,6.0
G,G,G,Y,Y,R,6.5
G,G,Y,Y,Y,R,7.0
G,G,Y,Y,R,R,7.5
G,Y,Y,R,R,R,8.0
Y,Y,Y,R,R,R,9.5
Y,Y,R,Y,Y,Y,10.0
Y,Y,Y,Y,Y,Y,8.5
Y,Y,Y,Y,G,G,8.0
Y,Y,Y,Y,G,G,7.5
Y,Y,G,G,G,G,7.0
Y,G,G,G,G,G,6.5
G,G,G,G,G,G,7.0
G,G,G,G,G,G,7.5
G,G,G,G,G,G,8.0
G,G,G,G,G,G,8.5
G,Y,Y,Y,Y,G,8.0
Y,Y,Y,Y,Y,G,6.5
Y,Y,Y,Y,Y,Y,5.0
R,R,R,Y,Y,Y,5.5
R,R,R,Y,Y,Y,6.0
R,R,R,R,Y,Y,7.5
R,R,R,R,R,Y,9.0
Y,R,R,R,R,R,2
Y,Y,Y,R,R,R,3.98
Y,Y,Y,Y,Y,R,5.47
G,G,G,G,Y,Y,4.97
G,G,G,G,G,Y,4.47
G,G,G,G,G,G,4.97
G,G,G,G,G,G,5.47
G,G,G,G,G,G,5.97
G,G,G,G,G,G,6.47
G,G,G,G,G,G,6.97
G,Y,Y,Y,Y,G,6.47
Y,Y,Y,Y,Y,G,4.97
Y,Y,Y,Y,Y,G,3.47
Y,R,Y,Y,Y,G,4.97
R,R,R,Y,Y,G,6.47
R,R,R,R,Y,Y,7.97
R,R,R,R,R,Y,9.47
R,R,R,R,R,R,2
R,R,R,R,R,R,2
R,R,R,R,R,R,2
R,R,R,R,R,R,2
R,R,R,R,R,R,2
R,R,R,R,R,R,2
R,R,R,R,R,R,2
R,R,R,R,R,R,2
R,R,R,R,R,R,2
R,R,R,R,R,R,2
R,R,R,R,R,R,2
R,R,R,R,R,R,2
R,R,R,R,R,R,2
R,R,R,R,R,R,2
R,R,R,R,R,R,2
R,R,R,R,R,R,2
R,R,R,R,R,R,2
R,R,R,R,R,R,2
R,R,R,R,R,R,2
R,R,R,R,R,R,2
R,R,R,R,R,R,2
R,R,R,R,R,R,2
R,R,R,R,R,R,2
R,R,R,R,R,R,2
R,R,R,R,R,R,2
R,R,R,R,R,R,2
R,R,R,R,R,R,2
R,R,R,R,R,R,2
R,R,R,R,R,R,2
R,R,R,R,R,R,2
R,R,R,R,R,R,2
R,R,R,R,R,R,2
R,R,R,R,R,R,2
R,R,R,R,R,R,2
R,R,R,R,R,R,2
R,R,R,R,R,R,2
R,R,R,R,R,R,2
R,R,R,R,R,R,2
R,R,R,R,R,R,2
R,R,R,R,R,R,2
R,R,R,R,R,R,2
R,R,R,R,R,R,2
R,R,R,R,R,R,2
R,R,R,R,R,R,2
R,R,R,R,R,R,2
R,R,R,R,R,R,2
R,R,R,R,R,R,2
R,R,R,R,R,R,2
R,R,R,R,R,R,2
R,R,R,R,R,R,2
R,R,R,R,R,R,2
R,R,R,R,R,R,2
R,R,R,R,R,R,2
R,R,R,R,R,R,2
R,R,R,R,R,R,2
R,R,R,R,R,R,2
R,R,R,R,R,R,2
R,R,R,R,R,R,2
R,R,R,R,R,R,2
R,R,R,R,R,R,2
R,R,R,R,R,R,2
R,R,R,R,R,R,2
R,R,R,R,R,R,2
R,R,R,R,R,R,2
R,R,R,R,R,R,2
R,R,R,R,R,R,2
R,R,R,R,R,R,2
R,R,R,R,R,R,2
R,R,R,R,R,R,2
R,R,R,R,R,R,2
R,R,R,R,R,R,2
R,R,R,R,R,R,2
R,R,R,R,R,R,2
Y,R,R,R,R,R,2
Y,R,R,R,R,R,4.97
Y,Y,Y,R,R,R,6.47
G,Y,Y,Y,R,R,6.97
G,G,Y,Y,Y,R,7.47
G,G,G,Y,Y,Y,6.97
G,G,G,G,Y,Y,6.47
G,G,G,G,G,G,6.97
G,G,G,G,G,G,7.47
G,G,G,G,G,G,7.97
G,G,G,G,G,G,8.47
Y,Y,Y,Y,G,G,7.97
Y,Y,Y,Y,G,G,7.47
Y,Y,Y,Y,G,G,6.97
Y,Y,Y,G,G,G,6.47
Y,Y,Y,G,G,G,5.97
Y,Y,G,G,G,G,5.47
Y,G,G,G,G,G,4.97
Y,G,G,G,G,G,4.47
G,G,G,G,G,G,4.97
G,G,G,G,G,G,5.47
G,G,G,G,G,G,5.97
G,G,G,Y,G,G,6.47
G,G,G,Y,Y,Y,5.97
G,G,Y,Y,Y,Y,5.47
G,G,G,Y,Y,Y,4.97
G,G,G,Y,Y,Y,4.47
G,G,G,Y,Y,Y,3.97
G,G,G,G,Y,Y,3.47
G,G,G,G,G,Y,2.97
G,G,G,G,G,Y,2.47
G,G,G,G,G,G,2.97
G,G,G,G,G,G,3.47
G,G,G,G,G,G,3.97
G,G,G,G,G,G,4.47
G,G,G,G,G,G,4.97
G,G,G,G,Y,Y,4.47
G,G,G,G,G,G,4.97
G,G,G,G,G,Y,4.47
G,G,G,G,G,G,4.97
G,G,G,G,G,G,5.47
G,G,G,G,G,G,5.97
G,G,G,G,G,G,6.47
Y,G,G,G,G,G,5.97
Y,G,G,G,G,G,5.47
Y,G,G,G,G,G,4.97
G,G,G,G,G,G,5.47
Y,G,G,G,G,G,4.97
Y,G,G,G,G,G,4.47
Y,G,G,G,G,G,3.97
G,G,G,G,G,G,4.47
Y,G,G,G,G,G,3.97
Y,G,G,G,G,G,3.47
Y,G,G,G,G,G,2.97
Y,G,G,G,G,G,2.47
Y,G,G,G,G,G,1.97
G,G,G,G,G,G,2.47
Y,G,G,G,G,G,1.97
Y,G,G,G,G,G,1.47
G,G,G,G,G,G,1.97
G,G,G,G,G,G,2.47
Y,G,G,G,G,G,1.97
G,G,G,G,G,G,2.47
G,G,G,G,G,G,2.97
G,G,G,G,G,G,3.47
G,G,G,G,G,G,3.97
G,G,G,G,G,G,4.47
G,G,G,G,G,G,4.97
G,G,G,G,G,G,5.47
G,G,G,G,G,G,5.97
G,G,G,G,G,G,6.47
G,G,G,G,G,G,6.97
G,G,G,G,G,G,7.47
G,G,G,G,G,G,7.97
G,G,G,G,Y,Y,7.47
G,G,G,G,Y,Y,6.97
G,G,G,G,Y,Y,6.47
G,G,G,G,Y,Y,5.97
G,G,G,G,Y,Y,5.47
G,G,G,G,Y,Y,4.97
G,G,G,G,G,Y,4.47
G,G,G,G,G,Y,3.97
G,G,G,G,G,G,4.47
G,G,G,G,G,G,4.97
G,G,G,G,G,G,5.47
G,G,G,G,G,G,5.97
G,G,G,G,G,G,6.47
G,G,G,G,G,G,6.97
G,G,G,G,G,G,7.47
G,G,G,G,G,Y,6.97
G,G,G,G,G,Y,6.47
G,G,G,G,G,Y,5.97
G,G,G,G,G,G,6.47
G,G,G,G,G,Y,5.97
G,G,G,G,G,Y,5.47
G,G,G,G,G,Y,4.97
G,G,G,G,G,G,5.47
G,G,G,G,G,Y,4.97
G,G,G,G,G,Y,4.47
G,G,G,G,G,Y,3.97
G,G,G,G,G,Y,3.47
G,G,G,G,G,Y,2.97
G,G,G,G,G,G,3.47
G,G,G,G,G,G,3.97
G,G,G,G,G,G,4.47
G,G,G,G,G,G,4.97
G,G,G,G,G,G,5.47
G,G,G,G,G,G,5.97
G,G,G,G,G,G,6.47
G,G,G,G,G,G,6.97
G,G,G,G,G,Y,6.47
G,G,G,G,G,G,6.97
G,G,G,G,G,G,7.47
G,G,G,G,G,G,7.97
G,G,G,G,G,G,8.47
G,G,G,G,G,G,8.97
G,G,G,G,G,Y,8.47
G,G,G,G,G,G,8.97
G,G,G,G,G,G,9.47
G,G,G,G,G,G,9.97
G,G,G,G,G,G,10
G,G,G,G,G,G,10
Y,G,G,G,G,G,9.5
Y,Y,G,G,G,G,9.0
Y,Y,G,G,G,G,8.5
Y,Y,G,G,G,G,8.0
Y,Y,G,G,G,G,7.5
Y,G,G,G,G,G,7.0
Y,G,G,G,G,G,6.5
G,G,G,G,G,G,7.0
Y,G,G,G,G,G,6.5
G,G,G,G,G,G,7.0
G,G,G,G,G,Y,6.5
G,G,G,G,G,Y,6.0
G,G,G,G,G,G,6.5
G,G,G,G,G,G,7.0
G,G,G,G,G,G,7.5
G,G,G,G,G,Y,7.0
G,G,G,G,G,G,7.5
G,G,G,G,G,G,8.0
G,G,G,G,G,G,8.5
Y,G,G,G,G,G,8.0
G,G,G,G,G,G,8.5
Y,G,G,G,G,G,8.0
G,G,G,G,G,G,8.5
Y,G,G,G,G,G,8.0
G,G,G,G,G,G,8.5
G,G,G,G,G,G,9.0
G,G,G,G,G,G,9.5
G,G,G,G,G,G,10.0
G,G,G,G,G,G,10
G,G,G,G,G,G,10
G,G,G,G,G,Y,9.5
G,G,G,G,G,G,10.0
G,G,G,G,G,Y,9.5
G,G,G,G,G,Y,9.0
G,G,G,G,G,Y,8.5
G,G,G,G,G,Y,8.0
G,G,G,G,G,Y,7.5
G,G,G,G,G,Y,7.0
G,G,G,G,G,Y,6.5
G,G,G,G,G,Y,6.0
G,G,G,G,G,Y,5.5
G,G,G,G,G,Y,5.0
G,G,G,G,G,G,5.5
G,G,G,G,G,G,6.0
G,G,G,G,G,G,6.5
G,G,G,G,G,G,7.0
G,G,G,G,G,G,7.5
G,G,G,G,G,G,8.0
G,G,G,G,G,G,8.5
G,G,G,G,G,Y,8.0
G,G,G,G,G,Y,7.5
G,G,G,G,G,G,8.0
G,G,G,G,G,Y,7.5
G,G,G,G,G,G,8.0
G,G,G,G,G,G,8.5
G,G,G,G,G,Y,8.0
G,G,G,G,G,G,8.5
G,G,G,G,G,Y,8.0
G,G,G,G,G,G,8.5
G,G,G,G,G,G,9.0
G,G,G,G,G,G,9.5
G,G,G,G,G,G,10.0
G,G,G,G,G,G,10
G,G,G,G,G,Y,9.5
G,G,G,G,G,G,10.0
G,G,G,G,G,G,10
Y,G,G,G,G,G,9.5
G,G,G,G,G,Y,9.0
Y,G,G,G,G,G,8.5
G,G,G,G,G,Y,8.0
Y,G,G,G,G,G,7.5
G,G,G,G,G,G,8.0
G,G,G,G,G,G,8.5
G,G,G,G,G,G,9.0
G,G,G,G,G,G,9.5
G,G,G,G,G,G,10.0
G,G,G,G,G,G,10
G,G,G,G,G,Y,9.5
G,G,G,G,G,G,10.0
G,G,G,G,G,Y,9.5
G,G,G,G,G,Y,9.0
G,G,G,G,G,Y,8.5
G,G,G,G,G,Y,8.0
G,G,G,G,G,Y,7.5
G,G,G,G,G,Y,7.0
G,G,G,G,G,Y,6.5
G,G,G,G,G,Y,6.0
G,G,G,G,G,Y,5.5
G,G,G,G,G,Y,5.0
G,G,G,G,G,Y,4.5
G,G,G,G,G,Y,4.0
G,G,G,G,G,G,4.5
G,G,G,G,G,G,5.0
G,G,G,G,G,G,5.5
G,G,G,G,G,G,6.0
G,G,G,G,G,G,6.5
Y,G,G,G,G,G,6.0
G,G,G,G,G,G,6.5
G,G,G,G,G,G,7.0
G,G,G,G,G,G,7.5
G,G,G,G,G,G,8.0
G,G,G,G,G,G,8.5
G,G,G,G,G,G,9.0
G,G,G,G,G,G,9.5
G,G,G,G,G,G,10.0
Y,G,G,G,G,G,9.5
Y,G,G,G,G,G,9.0
Y,G,G,G,G,G,8.5
Y,G,G,G,G,G,8.0
Y,G,G,G,G,G,7.5
Y,G,G,G,G,G,7.0
Y,G,G,G,G,G,6.5
Y,G,G,G,G,G,6.0
G,G,G,G,G,G,6.5
G,G,G,G,G,G,7.0
G,G,G,G,G,G,7.5
Y,Y,G,G,G,G,7.0
G,G,G,G,G,G,7.5
Y,G,G,G,G,G,7.0
Y,G,G,G,G,G,6.5
G,G,G,G,G,G,7.0
Y,G,G,G,G,G,6.5
Y,G,G,G,G,G,6.0
Y,G,G,G,G,G,5.5
Y,G,G,G,G,G,5.0
G,G,G,G,G,G,5.5
Y,G,G,G,G,G,5.0
G,G,G,G,G,G,5.5
G,G,G,G,G,G,6.0
G,G,G,G,G,G,6.5
G,G,G,G,G,G,7.0
Y,G,G,G,G,G,6.5
G,G,G,G,G,G,7.0
Y,G,G,G,G,G,6.5
G,G,G,G,G,G,7.0
G,G,G,G,G,Y,6.5
G,G,G,G,G,G,7.0
G,G,G,G,G,Y,6.5
G,G,G,G,G,G,7.0
G,G,G,G,G,G,7.5
G,G,G,G,G,G,8.0
G,G,G,G,G,G,8.5
G,G,G,G,G,G,9.0
G,G,G,G,G,G,9.5
G,G,G,G,G,G,10.0
G,G,G,G,G,G,10
G,G,G,G,G,G,10
G,G,G,G,G,G,10
G,G,G,G,G,Y,9.5
G,G,G,G,G,Y,9.0
G,G,G,G,G,G,9.5
G,G,G,G,Y,Y,9.0
G,G,G,Y,Y,Y,8.5
G,G,G,G,Y,Y,8.0
G,G,G,G,G,Y,7.5
G,G,G,G,G,Y,7.0
G,G,G,G,G,Y,6.5
G,G,G,G,G,Y,6.0
G,G,G,G,G,G,6.5
G,G,G,G,G,Y,6.0
G,G,G,G,G,G,6.5
G,G,G,G,Y,Y,6.0
G,G,G,G,G,Y,5.5
G,G,G,G,G,Y,5.0
G,G,G,G,G,Y,4.5
G,G,G,G,G,Y,4.0
G,G,G,G,G,G,4.5
G,G,G,G,G,G,5.0
G,G,G,G,G,G,5.5
G,G,G,G,G,G,6.0
G,G,G,G,G,G,6.5
G,G,G,G,G,Y,6.0
G,G,G,G,G,Y,5.5
G,G,G,G,G,G,6.0
G,G,G,G,G,G,6.5
G,G,G,G,G,G,7.0
G,G,G,G,G,G,7.5
G,G,G,G,G,G,8.0
G,G,G,G,G,G,8.5
G,G,G,G,G,G,9.0
G,G,G,G,G,G,9.5
G,G,G,G,G,G,10.0
G,G,G,G,G,G,10
G,G,G,G,G,G,10
G,G,G,G,G,G,10
G,G,G,G,G,G,10
G,G,G,G,G,G,10
G,G,G,G,G,G,10
G,G,G,G,G,G,10
G,G,G,G,G,G,10
G,G,G,G,G,Y,9.5
G,G,G,G,G,Y,9.0
G,G,G,G,G,Y,8.5
G,G,G,G,G,G,9.0
G,G,G,G,G,Y,8.5
G,G,G,G,G,G,9.0
G,G,G,G,G,Y,8.5
G,G,G,G,Y,Y,8.0
G,G,G,G,G,G,8.5
G,G,G,G,G,Y,8.0
G,G,G,G,G,Y,7.5
G,G,G,G,G,G,8.0
G,G,G,G,G,G,8.5
G,G,G,G,G,G,9.0
Y,Y,G,G,G,G,8.5
Y,Y,Y,G,G,G,8.0
Y,Y,Y,G,G,G,7.5
Y,Y,Y,G,G,G,7.0
Y,Y,Y,G,G,G,6.5
Y,Y,G,G,G,G,6.0
Y,Y,G,G,G,G,5.5
Y,Y,G,G,G,G,5.0
Y,Y,G,G,G,G,4.5
Y,Y,G,G,G,G,4.0
Y,Y,G,G,G,G,3.5
Y,Y,G,G,G,G,3.0
Y,Y,G,G,G,G,2.5
Y,G,G,G,G,G,2.0
Y,Y,G,G,G,G,1.5
Y,G,G,G,G,G,1.0
G,G,G,G,G,G,1.5
G,G,G,G,G,G,2.0
Y,G,G,G,G,G,1.5
G,G,G,G,G,G,2.0
G,G,G,G,G,G,2.5
G,G,G,G,G,G,3.0
G,G,G,G,G,G,3.5
G,G,G,G,G,G,4.0
G,G,G,G,Y,Y,3.5
G,G,G,G,G,Y,3.0
G,G,G,G,G,Y,2.5
G,G,G,G,G,Y,2.0
G,G,G,G,G,Y,1.5
G,G,G,G,G,G,2.0
G,G,G,G,G,G,2.5
G,G,G,G,G,G,3.0
G,G,G,G,G,Y,2.5
G,G,G,G,G,G,3.0
G,G,G,G,G,G,3.5
G,G,G,G,G,G,4.0
Y,G,G,G,G,G,3.5
Y,G,G,G,G,G,3.0
Y,G,G,G,G,G,2.5
G,G,G,G,G,G,3.0
G,G,G,G,G,G,3.5
G,G,G,G,G,G,4.0
G,G,G,G,G,G,4.5
G,G,G,G,G,G,5.0
G,G,G,G,G,G,5.5
G,G,G,G,G,G,6.0
G,G,G,G,G,Y,5.5
G,G,G,G,Y,Y,5.0
G,G,G,G,Y,Y,4.5
G,G,G,G,Y,Y,4.0
G,G,G,G,Y,Y,3.5
G,G,G,G,G,Y,3.0
G,G,G,G,G,Y,2.5
G,G,G,G,G,G,3.0
G,G,G,G,G,G,3.5
G,G,G,G,G,G,4.0
G,G,G,G,G,G,4.5
G,G,G,G,G,G,5.0
G,G,G,G,G,G,5.5
G,G,G,G,G,Y,5.0
G,G,G,G,G,G,5.5
G,G,G,G,G,Y,5.0
G,G,G,G,G,G,5.5
G,G,G,G,G,G,6.0
G,G,G,G,G,Y,5.5
G,G,G,G,G,G,6.0
G,G,G,G,G,Y,5.5
G,G,G,G,G,Y,5.0
G,G,G,G,G,G,5.5
G,G,G,G,G,Y,5.0
G,G,G,G,G,Y,4.5
G,G,G,G,G,G,5.0
G,G,G,G,G,Y,4.5
G,G,G,G,G,Y,4.0
G,G,G,G,G,Y,3.5
G,G,G,G,Y,Y,3.0
G,G,G,G,G,Y,2.5
G,G,G,G,G,G,3.0
G,G,G,G,G,G,3.5
G,G,G,G,G,G,4.0
G,G,G,G,G,G,4.5
G,G,G,G,G,G,5.0
G,G,G,G,G,G,5.5
G,G,G,G,G,G,6.0
G,G,G,G,G,G,6.5
G,G,G,G,G,G,7.0
G,G,G,G,G,Y,6.5
G,G,G,G,G,G,7.0
G,G,G,G,G,G,7.5
G,G,G,G,G,G,8.0
G,G,G,G,G,G,8.5
G,G,G,G,G,Y,8.0
G,G,G,G,G,G,8.5
G,G,G,G,G,G,9.0
G,G,G,G,G,G,9.5
G,G,G,G,G,G,10.0
G,G,G,G,G,G,10
G,G,G,G,G,G,10
Y,Y,G,G,G,G,9.5
Y,Y,G,G,G,G,9.0
Y,Y,G,G,G,G,8.5
Y,Y,G,G,G,G,8.0
Y,Y,Y,G,G,G,7.5
Y,Y,G,G,G,G,7.0
Y,G,G,G,G,G,6.5
Y,G,G,G,G,G,6.0
G,G,G,G,G,G,6.5
G,G,G,G,G,G,7.0
G,G,G,G,G,Y,6.5
G,G,G,G,G,G,7.0
G,G,G,G,G,Y,6.5
G,G,G,G,G,G,7.0
G,G,G,G,G,G,7.5
G,G,G,G,G,Y,7.0
G,G,G,G,G,G,7.5
G,G,G,G,G,G,8.0
G,G,G,G,G,G,8.5
Y,G,G,G,G,G,8.0
G,G,G,G,G,G,8.5
Y,G,G,G,G,G,8.0
G,G,G,G,G,G,8.5
Y,G,G,G,G,G,8.0
G,G,G,G,G,G,8.5
G,G,G,G,G,Y,8.0
Y,G,G,G,G,G,7.5
G,G,G,G,G,Y,7.0
Y,G,G,G,G,G,6.5
G,G,G,G,G,G,7.0
G,G,G,G,G,G,7.5
G,G,G,G,G,G,8.0
G,G,G,G,G,G,8.5
G,G,G,G,G,G,9.0
G,G,G,G,G,Y,8.5
G,G,G,G,G,G,9.0
G,G,G,G,G,Y,8.5
G,G,G,G,G,Y,8.0
G,G,G,G,Y,Y,7.5
G,G,G,G,Y,Y,7.0
G,G,G,G,Y,Y,6.5
G,G,G,G,Y,Y,6.0
G,G,G,G,Y,Y,5.5
G,G,G,G,G,Y,5.0
G,G,G,G,G,Y,4.5
G,G,G,G,G,Y,4.0
G,G,G,G,G,G,4.5
G,G,G,G,G,G,5.0
G,G,G,G,G,G,5.5
G,G,G,G,G,G,6.0
G,G,G,G,G,G,6.5
G,G,G,G,G,G,7.0
G,G,G,G,G,G,7.5
G,G,G,G,G,G,8.0
G,G,G,G,G,Y,7.5
G,G,G,G,G,G,8.0
G,G,G,G,G,Y,7.5
G,G,G,G,G,G,8.0
G,G,G,G,G,Y,7.5
G,G,G,G,G,G,8.0
G,G,G,G,G,Y,7.5
G,G,G,G,G,G,8.0
G,G,G,G,G,G,8.5
G,G,G,G,G,Y,8.0
G,G,G,G,G,G,8.5
G,G,G,G,G,G,9.0
G,G,G,G,G,Y,8.5
G,G,G,G,G,G,9.0
G,G,G,G,G,G,9.5
G,G,G,G,G,G,10.0
Y,G,G,G,G,G,9.5
G,G,G,G,G,G,10.0
G,G,G,G,G,G,10
G,G,G,G,G,G,10
G,G,G,G,G,G,10
G,G,G,G,G,G,10
G,G,G,G,G,G,10
G,G,G,G,G,G,10
G,G,G,G,G,G,10
G,G,G,G,G,Y,9.5
Y,G,G,G,G,G,9.0
G,G,G,G,G,Y,8.5
G,G,G,G,G,G,9.0
G,G,G,G,G,Y,8.5
G,G,G,G,Y,Y,8.0
G,G,G,G,G,Y,7.5
G,G,G,G,G,Y,7.0
G,G,G,G,Y,Y,6.5
G,G,G,G,Y,Y,6.0
G,G,G,G,Y,Y,5.5
G,G,G,G,G,Y,5.0
G,G,G,G,G,Y,4.5
G,G,G,G,G,G,5.0
G,G,G,G,G,G,5.5
G,G,G,G,G,Y,5.0
G,G,G,G,G,Y,4.5
G,G,G,G,G,G,5.0
G,G,G,G,G,G,5.5
G,G,G,G,G,G,6.0
G,G,G,G,G,G,6.5
G,G,G,G,G,G,7.0
G,G,G,G,G,G,7.5
G,G,G,G,G,G,8.0
G,G,G,G,G,G,8.5
G,G,G,G,G,G,9.0
G,G,G,G,G,G,9.5
G,G,G,G,G,G,10.0
G,G,G,G,G,G,10
G,G,G,G,G,G,10
Y,G,G,G,G,G,9.5
Y,Y,G,G,G,G,9.0
Y,Y,Y,G,G,G,8.5
Y,Y,Y,G,G,G,8.0
Y,Y,Y,G,G,G,7.5
Y,Y,Y,G,G,G,7.0
Y,Y,Y,G,G,G,6.5
Y,Y,Y,G,G,G,6.0
Y,Y,G,G,G,G,5.5
Y,Y,G,G,G,G,5.0
Y,G,G,G,G,G,4.5
G,G,G,G,G,G,5.0
G,G,G,G,G,G,5.5
G,G,G,G,G,G,6.0
G,G,G,G,G,G,6.5
G,G,G,G,G,G,7.0
G,G,G,G,G,G,7.5
Y,Y,G,G,G,G,7.0
Y,G,G,G,G,G,6.5
Y,G,G,G,G,G,6.0
Y,G,G,G,G,G,5.5
Y,G,G,G,G,G,5.0
G,G,G,G,G,G,5.5
G,G,G,G,G,G,6.0
G,G,G,G,G,G,6.5
Y,G,G,G,G,G,6.0
G,G,G,G,G,G,6.5
G,G,G,G,G,G,7.0
G,G,G,G,G,G,7.5
G,G,G,G,G,G,8.0
G,G,G,G,G,G,8.5
G,G,G,G,G,Y,8.0
G,G,G,G,G,G,8.5
G,G,G,G,G,Y,8.0
G,G,G,G,G,G,8.5
Y,G,G,G,G,G,8.0
Y,G,G,G,G,G,7.5
G,G,G,G,G,G,8.0
G,G,G,G,G,G,8.5
G,G,G,G,G,G,9.0
G,G,G,G,G,G,9.5
G,G,G,G,G,G,10.0
G,G,G,G,G,Y,9.5
G,G,G,G,G,Y,9.0
G,G,G,G,G,Y,8.5
G,G,G,G,G,G,9.0
G,G,G,G,G,Y,8.5
G,G,G,G,G,G,9.0
G,G,G,G,G,Y,8.5
G,G,G,G,G,G,9.0
G,G,G,G,Y,Y,8.5
G,G,G,G,Y,Y,8.0
G,G,G,G,Y,Y,7.5
G,G,G,G,G,Y,7.0
G,G,G,G,G,Y,6.5
G,G,G,G,G,Y,6.0
G,G,G,G,G,Y,5.5
G,G,G,G,G,Y,5.0
G,G,G,G,G,G,5.5
G,G,G,G,G,G,6.0
G,G,G,G,G,Y,5.5
G,G,G,G,G,Y,5.0
G,G,G,G,G,Y,4.5
G,G,G,G,G,G,5.0
G,G,G,G,G,G,5.5
G,G,G,G,G,G,6.0
G,G,G,G,G,G,6.5
G,G,G,G,G,Y,6.0
G,G,G,G,G,Y,5.5
G,G,G,G,G,G,6.0
G,G,G,G,G,G,6.5
G,G,G,G,G,G,7.0
G,G,G,G,G,G,7.5
G,G,G,G,G,G,8.0
G,G,G,G,G,G,8.5
G,G,G,G,G,G,9.0
G,G,G,G,G,G,9.5
G,G,G,G,G,G,10.0
G,G,G,G,G,G,10
G,G,G,G,G,G,10
G,G,G,G,G,G,10
G,G,G,G,G,G,10
G,G,G,G,G,G,10
G,G,G,G,G,G,10
G,G,G,G,G,G,10
G,G,G,G,G,G,10
G,G,G,G,G,Y,9.5
G,G,G,G,G,Y,9.0
G,G,G,G,G,Y,8.5
G,G,G,G,G,G,9.0
G,G,G,G,G,G,9.5
G,G,G,G,Y,Y,9.0
G,G,G,G,G,Y,8.5
G,G,G,G,G,Y,8.0
G,G,G,G,G,Y,7.5
G,G,G,G,G,G,8.0
G,G,G,G,G,Y,7.5
G,G,G,G,G,G,8.0
G,G,G,G,G,G,8.5
G,G,G,G,G,G,9.0
Y,Y,G,G,G,G,8.5
Y,Y,G,G,G,G,8.0
Y,Y,G,G,G,G,7.5
Y,Y,G,G,G,G,7.0
Y,Y,G,G,G,G,6.5
Y,Y,G,G,G,G,6.0
Y,Y,G,G,G,G,5.5
Y,Y,G,G,G,G,5.0
Y,Y,G,G,G,G,4.5
Y,Y,G,G,G,G,4.0
Y,Y,G,G,G,G,3.5
Y,G,G,G,G,G,3.0
Y,G,G,G,G,G,2.5
Y,G,G,G,G,G,2.0
Y,G,G,G,G,G,1.5
G,G,G,G,G,G,2.0
G,G,G,G,G,G,2.5
G,G,G,G,G,G,3.0
G,G,G,G,G,G,3.5
G,G,G,G,G,G,4.0
G,G,G,G,G,G,4.5
G,G,G,G,G,G,5.0
G,G,G,G,G,G,5.5
G,G,G,G,G,Y,5.0
G,G,G,G,G,G,5.5
G,G,G,G,G,Y,5.0
G,G,G,G,G,G,5.5
G,G,G,G,G,G,6.0
G,G,G,G,G,G,6.5
G,G,G,G,G,G,7.0
G,G,G,G,G,G,7.5
G,G,G,G,G,Y,7.0
G,G,G,G,G,Y,6.5
G,G,G,G,Y,Y,6.0
G,G,G,G,G,Y,5.5
G,G,G,G,G,Y,5.0
G,G,G,G,G,Y,4.5
G,G,G,G,G,G,5.0
G,G,G,G,G,G,5.5
G,G,G,G,G,G,6.0
G,G,G,G,G,G,6.5
G,G,G,G,G,G,7.0
G,G,G,G,G,Y,6.5
G,G,G,G,G,Y,6.0
G,G,G,G,G,G,6.5
G,G,G,G,G,Y,6.0
G,G,G,G,Y,Y,5.5
G,G,G,G,G,G,6.0
G,G,G,G,G,Y,5.5
G,G,G,G,G,G,6.0
G,G,G,G,G,Y,5.5
G,G,G,G,G,Y,5.0
G,G,G,G,G,G,5.5
G,G,G,G,G,Y,5.0
G,G,G,G,G,Y,4.5
G,G,G,G,G,Y,4.0
G,G,G,G,G,Y,3.5
G,G,G,G,G,Y,3.0
G,G,G,G,G,G,3.5
G,G,G,G,G,G,4.0
G,G,G,G,G,Y,3.5
G,G,G,G,G,G,4.0
G,G,G,G,G,G,4.5
G,G,G,G,G,G,5.0
G,G,G,G,G,G,5.5
G,G,G,G,G,G,6.0
G,G,G,G,G,G,6.5
G,G,G,G,G,G,7.0
G,G,G,G,G,G,7.5
G,G,G,G,G,G,8.0
Y,G,G,G,G,G,7.5
G,G,G,G,G,G,8.0
G,G,G,G,G,G,8.5
G,G,G,G,G,G,9.0
G,G,G,G,G,Y,8.5
G,G,G,G,G,Y,8.0
G,G,G,G,G,Y,7.5
G,G,G,G,G,G,8.0
G,G,G,G,G,G,8.5
G,G,G,G,G,G,9.0
Y,G,G,G,G,G,8.5
Y,G,G,G,G,G,8.0
Y,Y,G,G,G,G,7.5
Y,Y,G,G,G,G,7.0
Y,Y,G,G,G,G,6.5
Y,G,G,G,G,G,6.0
Y,G,G,G,G,G,5.5
G,G,G,G,G,G,6.0
G,G,G,G,G,G,6.5
G,G,G,G,G,G,7.0
Y,G,G,G,G,G,6.5
G,G,G,G,G,G,7.0
G,G,G,G,G,Y,6.5
G,G,G,G,G,G,7.0
G,G,G,G,G,G,7.5
G,G,G,G,G,G,8.0
G,G,G,G,G,Y,7.5
G,G,G,G,G,G,8.0
G,G,G,G,G,G,8.5
G,G,G,G,G,G,9.0
Y,G,G,G,G,G,8.5
Y,G,G,G,G,G,8.0
G,G,G,G,G,G,8.5
G,G,G,G,G,G,9.0
G,G,G,G,G,G,9.5
Y,G,G,G,G,G,9.0
G,G,G,G,G,G,9.5
G,G,G,G,G,G,10.0
G,G,G,G,G,G,10
G,G,G,G,G,Y,9.5
G,G,G,G,G,G,10.0
G,G,G,G,G,G,10
G,G,G,G,G,G,10
G,G,G,G,G,G,10
G,G,G,G,Y,Y,9.5
G,G,G,Y,Y,Y,9.0
G,G,G,Y,Y,Y,8.5
G,G,Y,Y,Y,Y,8.0
G,G,Y,Y,Y,R,8.5
G,Y,Y,Y,R,R,9.0
Y,Y,Y,R,R,R,10
Y,R,R,R,R,R,10
R,R,R,R,R,R,10
R,R,R,R,R,R,2
R,R,R,R,R,R,2
R,R,R,R,R,R,2
R,R,R,R,R,R,2
R,R,R,R,R,R,2
R,R,R,R,R,R,2
R,R,R,R,R,R,2
R,R,R,R,R,R,2
R,R,R,R,R,R,2
R,R,R,R,R,R,2
R,R,R,R,R,R,2
R,R,R,R,R,R,2
R,R,R,R,R,R,2
R,R,R,R,R,R,2
R,R,R,R,R,R,2
R,R,R,R,R,R,2
R,R,R,R,R,R,2
R,R,R,R,R,R,2
R,R,R,R,R,R,2
R,R,R,R,R,R,2
R,R,R,R,R,R,2
R,R,R,R,R,R,2
R,R,R,R,R,R,2
R,R,R,R,R,R,2
R,R,R,R,R,R,2
R,R,R,R,R,R,2
R,R,R,R,R,R,2
R,R,R,R,R,R,2
R,R,R,R,R,R,2
R,R,R,R,R,R,2
R,R,R,R,R,R,2
R,R,R,R,R,R,2
R,R,R,R,R,R,2
R,R,R,R,R,R,2
R,R,R,R,R,R,2
R,R,R,R,R,R,2
R,R,R,R,R,R,2
R,R,R,R,R,R,2
R,R,R,R,R,R,2
R,R,R,R,R,R,2
R,R,R,R,R,R,2
R,R,R,R,R,R,2
R,R,R,R,R,R,2
R,R,R,R,R,R,2
R,R,R,R,R,R,2
R,R,R,R,R,R,2
R,R,R,R,R,R,2
R,R,R,R,R,R,2
Y,R,R,R,R,R,2
Y,Y,R,R,R,R,2
Y,Y,R,R,R,R,2
Y,Y,Y,R,R,R,2
Y,Y,Y,Y,R,R,2
Y,Y,Y,Y,R,R,2
G,Y,Y,Y,Y,R,2
G,G,Y,Y,Y,R,2
G,Y,Y,Y,Y,R,2
G,G,G,Y,Y,R,2.98
G,G,G,Y,Y,R,3.48
G,G,G,Y,Y,Y,2.98
G,G,G,G,Y,Y,2.48
G,G,G,G,G,Y,1.98
G,G,G,G,G,G,2.48
G,G,G,G,G,G,2.98
G,G,G,G,G,G,3.48
G,G,G,G,G,G,3.98
G,G,G,G,G,G,4.47
G,G,G,G,G,G,4.97
G,G,G,G,G,G,5.47
Y,Y,Y,G,G,G,4.97
Y,Y,Y,Y,G,G,4.47
Y,Y,Y,G,G,G,3.97
Y,Y,Y,G,G,G,3.47
Y,Y,G,G,G,G,2.97
Y,Y,G,G,G,G,2.47
Y,G,G,G,G,G,1.97
G,G,G,G,G,G,2.47
G,G,G,G,G,G,2.97
G,G,G,G,G,G,3.47
G,G,G,G,G,G,3.97
G,G,G,G,G,G,4.47
G,G,G,G,G,G,4.97
G,G,G,G,G,G,5.47
G,G,G,G,G,G,5.97
G,G,G,G,G,G,6.47
Y,G,G,G,G,G,5.97
G,G,G,G,G,G,6.47
G,G,G,G,G,G,6.97
G,G,G,G,G,G,7.47
G,G,G,G,G,Y,6.97
G,G,G,G,G,G,7.47
G,G,G,G,G,G,7.97
G,G,G,G,G,G,8.47
G,G,G,G,G,Y,7.97
G,G,G,G,G,Y,7.47
G,G,G,G,G,Y,6.97
G,G,G,G,G,Y,6.47
G,G,G,G,G,Y,5.97
G,G,G,G,G,Y,5.47
G,G,G,G,G,Y,4.97
G,G,G,G,Y,Y,4.47
G,G,G,G,G,Y,3.97
G,G,G,G,G,Y,3.47
G,G,G,G,G,G,3.97
G,G,G,G,G,G,4.47
G,G,G,G,G,G,4.97
G,G,G,G,G,G,5.47
G,G,G,G,Y,Y,4.97
G,G,G,G,G,Y,4.47
G,G,G,G,G,G,4.97
G,G,G,G,G,G,5.47
G,G,G,G,G,G,5.97
G,G,G,G,G,G,6.47
G,G,G,G,G,G,6.97
G,G,G,G,G,G,7.47
G,G,G,G,G,G,7.97
G,G,G,G,G,G,8.47
Y,G,G,G,G,G,7.97
G,G,G,G,G,G,8.47
G,G,G,G,G,G,8.97
G,G,G,G,G,G,9.47
G,G,G,G,G,G,9.97
Y,G,G,G,G,G,9.47
Y,G,G,G,G,G,8.97
Y,Y,G,G,G,G,8.47
Y,Y,G,G,G,G,7.97
Y,Y,G,G,G,G,7.47
Y,Y,G,G,G,G,6.97
Y,Y,G,G,G,G,6.47
Y,Y,G,G,G,G,5.97
Y,G,G,G,G,G,5.47
Y,G,G,G,G,G,4.97
G,G,G,G,G,G,5.47
G,G,G,G,G,G,5.97
G,G,G,G,G,G,6.47
G,G,G,G,G,G,6.97
G,G,G,G,G,G,7.47
Y,G,G,G,G,G,6.97
Y,G,G,G,G,G,6.47
Y,G,G,G,G,G,5.97
G,G,G,G,G,G,6.47
Y,G,G,G,G,G,5.97
Y,G,G,G,G,G,5.47
Y,G,G,G,G,G,4.97
G,G,G,G,G,G,5.47
G,G,G,G,G,G,5.97
G,G,G,G,G,G,6.47
G,G,G,G,G,G,6.97
G,G,G,G,G,G,7.47
G,G,G,G,G,G,7.97
G,G,G,G,G,G,8.47
G,G,G,G,G,G,8.97
G,G,G,G,G,G,9.47
G,G,G,G,G,G,9.97
G,G,G,G,G,G,10
G,G,G,G,G,G,10
G,G,G,G,G,G,10
G,G,G,G,G,G,10
G,G,G,G,G,G,10
G,G,G,G,G,Y,9.5
G,G,G,G,Y,Y,9.0
G,G,G,G,G,G,9.5
G,G,G,G,G,Y,9.0
G,G,G,G,G,G,9.5
G,G,G,G,G,Y,9.0
G,G,G,G,G,Y,8.5
G,G,G,G,G,Y,8.0
G,G,G,G,G,G,8.5
G,G,G,G,G,Y,8.0
G,G,G,G,G,Y,7.5
G,G,G,G,G,Y,7.0
G,G,G,G,G,Y,6.5
G,G,G,G,G,Y,6.0
G,G,G,G,G,G,6.5
G,G,G,G,G,Y,6.0
G,G,G,G,G,Y,5.5
G,G,G,G,G,Y,5.0
G,G,G,G,G,G,5.5
G,G,G,G,G,Y,5.0
G,G,G,G,G,Y,4.5
G,G,G,G,G,G,5.0
G,G,G,G,G,G,5.5
G,G,G,G,G,G,6.0
G,G,G,G,G,G,6.5
G,G,G,G,G,G,7.0
G,G,G,G,G,Y,6.5
G,G,G,G,G,Y,6.0
G,G,G,G,G,G,6.5
G,G,G,G,G,G,7.0
G,G,G,G,G,G,7.5
G,G,G,G,G,G,8.0
Y,G,G,G,G,G,7.5
G,G,G,G,G,G,8.0
G,G,G,G,G,Y,7.5
G,G,G,G,G,G,8.0
G,G,G,G,G,G,8.5
Y,G,G,G,G,Y,9.0
G,G,G,G,G,G,9.5
G,G,G,G,G,Y,9.0
G,G,G,G,G,G,9.5
G,G,G,G,G,G,10.0
G,G,G,G,G,G,10
G,G,G,G,G,G,10
G,G,G,G,G,G,10
G,G,G,G,G,G,10
G,G,G,G,G,G,10
G,G,G,G,G,Y,9.5
G,G,G,G,G,Y,9.0
G,G,G,G,G,Y,8.5
G,G,G,G,G,G,9.0
G,G,G,G,Y,Y,8.5
G,G,G,G,G,Y,8.0
G,G,G,G,G,Y,7.5
G,G,G,G,G,G,8.0
G,G,G,G,G,Y,7.5
G,G,G,G,G,Y,7.0
G,G,G,G,G,G,7.5
G,G,G,G,G,G,8.0
Y,G,G,G,G,G,7.5
Y,G,G,G,G,G,7.0
G,G,G,G,G,G,7.5
Y,Y,G,G,G,G,7.0
Y,Y,G,G,G,G,6.5
Y,Y,G,G,G,G,6.0
Y,Y,G,G,G,G,5.5
Y,G,G,G,G,G,5.0
Y,G,G,G,G,G,4.5
Y,G,G,G,G,G,4.0
Y,G,G,G,G,G,3.5
Y,G,G,G,G,G,3.0
Y,Y,G,G,G,G,2.5
Y,G,G,G,G,G,2.0
Y,G,G,G,G,G,1.5
G,G,G,G,G,G,2.0
G,G,G,G,G,G,2.5
G,G,G,G,G,G,3.0
G,G,G,G,G,G,3.5
G,G,G,G,G,G,4.0
G,G,G,G,G,G,4.5
G,G,G,G,G,G,5.0
G,G,G,G,G,G,5.5
G,G,G,G,G,G,6.0
G,G,G,G,G,G,6.5
G,G,G,G,G,G,7.0
G,G,G,G,G,G,7.5
G,G,G,G,G,G,8.0
G,G,G,G,G,G,8.5
G,G,G,G,G,Y,8.0
G,G,G,G,Y,Y,7.5
G,G,G,G,Y,Y,7.0
G,G,G,G,Y,Y,6.5
G,G,G,G,Y,Y,6.0
G,G,G,G,G,Y,5.5
G,G,G,G,G,Y,5.0
G,G,G,G,G,G,5.5
G,G,G,G,G,G,6.0
G,G,G,G,G,Y,5.5
G,G,G,G,G,G,6.0
G,G,G,G,G,G,6.5
G,G,G,G,G,G,7.0
G,G,G,G,G,Y,6.5
G,G,G,G,G,Y,6.0
G,G,G,G,G,G,6.5
G,G,G,G,G,Y,6.0
G,G,G,G,G,G,6.5
G,G,G,G,G,Y,6.0
G,G,G,G,G,Y,5.5
G,G,G,G,G,Y,5.0
G,G,G,G,G,Y,4.5
G,G,G,G,G,G,5.0
G,G,G,G,G,Y,4.5
G,G,G,G,G,Y,4.0
G,G,G,G,G,Y,3.5
G,G,G,G,G,Y,3.0
G,G,G,G,G,G,3.5
G,G,G,G,G,G,4.0
G,G,G,G,G,G,4.5
G,G,G,G,G,G,5.0
G,G,G,G,G,G,5.5
G,G,G,G,G,Y,5.0
G,G,G,G,G,G,5.5
G,G,G,G,G,G,6.0
G,G,G,G,G,G,6.5
Y,G,G,G,G,G,6.0
G,G,G,G,G,G,6.5
G,G,G,G,G,G,7.0
G,G,G,G,G,G,7.5
G,G,G,G,G,G,8.0
G,G,G,G,G,G,8.5
G,G,G,G,G,G,9.0
G,G,G,G,G,Y,8.5
G,G,G,G,G,Y,8.0
G,G,G,G,G,Y,7.5
G,G,G,G,G,G,8.0
G,G,G,G,G,G,8.5
G,G,G,G,G,G,9.0
Y,Y,G,G,G,G,8.5
Y,Y,G,G,G,G,8.0
Y,Y,G,G,G,G,7.5
Y,Y,G,G,G,G,7.0
Y,Y,G,G,G,G,6.5
Y,Y,G,G,G,G,6.0
Y,Y,G,G,G,G,5.5
Y,G,G,G,G,G,5.0
Y,G,G,G,G,G,4.5
G,G,G,G,G,G,5.0
G,G,G,G,G,G,5.5
G,G,G,G,G,G,6.0
G,G,G,G,Y,Y,5.5
G,G,G,G,G,G,6.0
G,G,G,G,G,Y,5.5
G,G,G,G,G,G,6.0
G,G,G,G,G,G,6.5
G,G,G,G,G,G,7.0
G,G,G,G,G,G,7.5
G,G,G,G,G,G,8.0
G,G,G,G,G,G,8.5
G,G,G,G,G,G,9.0
G,G,G,G,G,G,9.5
G,G,G,G,G,G,10.0
Y,G,G,G,G,G,9.5
Y,G,G,G,G,G,9.0
G,G,G,G,G,G,9.5
G,G,G,G,G,G,10.0
G,G,G,G,G,G,10
Y,G,G,G,G,G,9.5
G,G,G,G,G,G,10.0
G,G,G,G,G,G,10
G,G,G,G,G,Y,9.5
G,G,G,G,G,G,10.0
G,G,G,G,Y,Y,9.5
G,G,G,G,G,Y,9.0
G,G,G,G,G,Y,8.5
G,G,G,G,Y,Y,8.0
G,G,G,G,G,Y,7.5
G,G,G,G,G,Y,7.0
G,G,G,G,G,Y,6.5
G,G,G,G,G,Y,6.0
G,G,G,G,G,Y,5.5
G,G,G,G,G,G,6.0
G,G,G,G,G,G,6.5
G,G,G,G,G,G,7.0
G,G,G,G,G,Y,6.5
G,G,G,G,G,G,7.0
G,G,G,G,G,Y,6.5
G,G,G,G,G,G,7.0
G,G,G,G,G,G,7.5
G,G,G,G,G,Y,7.0
G,G,G,G,G,G,7.5
G,G,G,G,G,Y,7.0
G,G,G,G,G,G,7.5
G,G,G,G,G,G,8.0
G,G,G,G,G,G,8.5
G,G,G,G,G,Y,8.0
G,G,G,G,G,Y,7.5
G,G,G,G,G,Y,7.0
Y,G,G,G,G,G,6.5
G,G,G,G,G,G,7.0
G,G,G,G,G,G,7.5
G,G,G,G,G,G,8.0
G,G,G,G,G,Y,7.5
G,G,G,G,G,G,8.0
G,G,G,G,G,G,8.5
G,G,G,G,G,G,9.0
G,G,G,G,G,G,9.5
G,G,G,G,G,G,10.0
G,G,G,G,G,G,10
Y,G,G,G,G,G,9.5
G,G,G,G,G,Y,9.0
G,G,G,G,G,G,9.5
G,G,G,G,G,G,10.0
G,G,G,G,G,G,10
G,G,G,G,G,G,10
G,G,G,G,G,G,10
G,G,G,G,G,G,10
G,G,G,G,G,G,10
G,G,G,G,G,G,10
G,G,G,G,G,Y,9.5
G,G,G,G,G,Y,9.0
G,G,G,G,G,Y,8.5
G,G,G,G,Y,Y,8.0
G,G,G,G,Y,Y,7.5
G,G,G,G,Y,Y,7.0
G,G,G,G,Y,Y,6.5
G,G,G,G,Y,Y,6.0
G,G,G,G,Y,Y,5.5
G,G,G,G,Y,Y,5.0
G,G,G,G,Y,Y,4.5
G,G,G,G,G,Y,4.0
G,G,G,G,G,Y,3.5
G,G,G,G,G,Y,3.0
G,G,G,G,G,G,3.5
G,G,G,G,G,G,4.0
G,G,G,G,G,G,4.5
G,G,G,G,G,G,5.0
Y,G,G,G,G,G,4.5
Y,Y,G,G,G,G,4.0
Y,G,G,G,G,G,3.5
G,G,G,G,G,G,4.0
G,G,G,G,G,G,4.5
G,G,G,G,G,G,5.0
Y,G,G,G,G,G,4.5
G,G,G,G,G,G,5.0
G,G,G,G,G,G,5.5
G,G,G,G,G,Y,5.0
G,G,G,G,G,G,5.5
G,G,G,G,G,Y,5.0
G,G,G,G,G,G,5.5
G,G,G,G,G,G,6.0
G,G,G,G,G,G,6.5
G,G,G,G,G,G,7.0
G,G,G,G,G,G,7.5
G,G,G,G,G,G,8.0
Y,G,G,G,G,G,7.5
Y,G,G,G,G,G,7.0
Y,G,G,G,G,G,6.5
Y,G,G,G,G,G,6.0
Y,G,G,G,G,G,5.5
Y,G,G,G,G,G,5.0
G,G,G,G,G,G,5.5
Y,G,G,G,G,G,5.0
G,G,G,G,G,G,5.5
G,G,G,G,G,G,6.0
Y,G,G,G,G,G,5.5
Y,G,G,G,G,G,5.0
G,G,G,G,G,G,5.5
G,G,G,G,G,G,6.0
Y,G,G,G,G,G,5.5
G,G,G,G,G,G,6.0
Y,G,G,G,G,G,5.5
Y,Y,G,G,G,G,5.0
G,G,G,G,G,G,5.5
Y,G,G,G,G,G,5.0
G,G,G,G,G,G,5.5
Y,G,G,G,G,G,5.0
Y,G,G,G,G,G,4.5
G,G,G,G,G,G,5.0
Y,G,G,G,G,G,4.5
G,G,G,G,G,G,5.0
Y,G,G,G,G,G,4.5
G,G,G,G,G,G,5.0
G,G,G,G,G,G,5.5
G,G,G,G,G,G,6.0
Y,G,G,G,G,G,5.5
G,G,G,G,G,G,6.0
G,G,G,G,G,G,6.5
G,G,G,G,G,Y,6.0
G,G,G,G,G,G,6.5
G,G,G,G,G,G,7.0
G,G,G,G,G,G,7.5
G,G,G,G,G,Y,7.0
G,G,G,G,G,G,7.5
G,G,G,G,G,G,8.0
G,G,G,G,G,G,8.5
G,G,G,G,G,G,9.0
Y,G,G,G,G,G,8.5
G,G,G,G,G,G,9.0
G,G,G,G,G,G,9.5
G,G,G,G,G,G,10.0
G,G,G,G,G,G,10
G,G,G,G,G,Y,9.5
G,G,G,G,G,Y,9.0
G,G,G,G,G,Y,8.5
G,G,G,G,G,G,9.0
G,G,G,G,G,Y,8.5
G,G,G,G,Y,Y,8.0
G,G,G,G,G,G,8.5
G,G,G,G,G,Y,8.0
G,G,G,G,G,Y,7.5
G,G,G,G,G,Y,7.0
G,G,G,G,G,Y,6.5
G,G,G,G,G,Y,6.0
G,G,G,G,G,Y,5.5
G,G,G,G,G,G,6.0
G,G,G,G,G,G,6.5
G,G,G,G,G,Y,6.0
G,G,G,G,G,Y,5.5
G,G,G,G,G,Y,5.0
G,G,G,G,G,Y,4.5
G,G,G,G,G,Y,4.0
G,G,G,G,G,G,4.5
G,G,G,G,G,G,5.0
G,G,G,G,G,G,5.5
G,G,G,G,G,G,6.0
G,G,G,G,G,G,6.5
G,G,G,G,G,Y,6.0
G,G,G,G,G,Y,5.5
G,G,G,G,G,G,6.0
G,G,G,G,G,G,6.5
G,G,G,G,G,G,7.0
G,G,G,G,G,G,7.5
G,G,G,G,G,G,8.0
G,G,G,G,G,G,8.5
G,G,G,G,G,G,9.0
G,G,G,G,G,G,9.5
Y,G,G,G,G,G,9.0
G,G,G,G,G,G,9.5
G,G,G,G,G,G,10.0
G,G,G,G,G,G,10
G,G,G,G,G,G,10
G,G,G,G,G,Y,9.5
G,G,G,G,G,G,10.0
G,G,G,G,G,G,10
G,G,G,G,G,G,10
G,G,G,G,G,G,10
G,G,G,G,G,G,10
G,G,G,G,Y,Y,9.5
G,G,G,G,Y,Y,9.0
G,G,G,G,G,Y,8.5
G,G,G,G,G,Y,8.0
G,G,G,G,G,Y,7.5
G,G,G,G,G,G,8.0
G,G,G,G,G,G,8.5
G,G,G,G,G,Y,8.0
G,G,G,G,G,Y,7.5
G,G,G,G,G,Y,7.0
G,G,G,G,G,Y,6.5
G,G,G,G,G,G,7.0
Y,G,G,G,G,G,6.5
Y,G,G,G,G,G,6.0
Y,G,G,G,G,G,5.5
G,G,G,G,G,G,6.0
Y,G,G,G,G,G,5.5
G,G,G,G,G,G,6.0
Y,Y,G,G,G,G,5.5
Y,G,G,G,G,G,5.0
Y,G,G,G,G,G,4.5
Y,G,G,G,G,G,4.0
G,G,G,G,G,G,4.5
Y,G,G,G,G,G,4.0
Y,G,G,G,G,G,3.5
Y,G,G,G,G,G,3.0
Y,G,G,G,G,G,2.5
Y,G,G,G,G,G,2.0
Y,G,G,G,G,G,1.5
Y,G,G,G,G,G,1.0
G,G,G,G,G,G,1.5
G,G,G,G,G,G,2.0
G,G,G,G,G,G,2.5
G,G,G,G,G,G,3.0
G,G,G,G,G,G,3.5
G,G,G,G,G,G,4.0
G,G,G,G,G,G,4.5
G,G,G,G,G,G,5.0
G,G,G,G,G,G,5.5
G,G,G,G,G,G,6.0
G,G,G,G,G,G,6.5
G,G,G,G,G,G,7.0
G,G,G,G,G,G,7.5
G,G,G,G,G,G,8.0
G,G,G,G,G,G,8.5
G,G,G,G,G,Y,8.0
G,G,G,G,Y,Y,7.5
G,G,G,G,Y,Y,7.0
G,G,G,G,Y,Y,6.5
G,G,G,G,Y,Y,6.0
G,G,G,G,Y,Y,5.5
G,G,G,G,Y,Y,5.0
G,G,G,G,G,Y,4.5
G,G,G,G,G,G,5.0
G,G,G,G,G,G,5.5
G,G,G,G,G,G,6.0
G,G,G,G,G,G,6.5
G,G,G,G,G,Y,6.0
G,G,G,G,G,G,6.5
G,G,G,G,G,G,7.0
G,G,G,G,G,Y,6.5
G,G,G,G,G,Y,6.0
G,G,G,G,G,G,6.5
G,G,G,G,G,Y,6.0
G,G,G,G,G,Y,5.5
G,G,G,G,Y,Y,5.0
G,G,G,G,G,G,5.5
G,G,G,G,G,Y,5.0
G,G,G,G,G,Y,4.5
G,G,G,G,G,Y,4.0
G,G,G,G,Y,Y,3.5
G,G,G,G,G,Y,3.0
G,G,G,G,G,G,3.5
G,G,G,G,G,G,4.0
G,G,G,G,G,G,4.5
G,G,G,G,G,G,5.0
G,G,G,G,G,G,5.5
G,G,G,G,G,G,6.0
G,G,G,G,G,G,6.5
G,G,G,G,G,G,7.0
G,G,G,G,G,G,7.5
G,G,G,G,G,G,8.0
G,G,G,G,G,G,8.5
G,G,G,G,G,Y,8.0
G,G,G,G,G,Y,7.5
G,G,G,G,G,G,8.0
G,G,G,G,G,G,8.5
G,G,G,G,G,G,9.0
G,G,G,G,G,G,9.5
G,G,G,G,G,G,10.0
Y,G,G,G,G,G,9.5
Y,G,G,G,G,G,9.0
Y,G,G,G,G,G,8.5
Y,G,G,G,G,G,8.0
Y,G,G,G,G,G,7.5
G,G,G,G,G,G,8.0
G,G,G,G,G,G,8.5
G,G,G,G,G,G,9.0
G,G,G,G,G,G,9.5
Y,G,G,G,G,G,9.0
G,G,G,G,G,G,9.5
G,G,G,G,G,G,10.0
G,G,G,G,G,G,10
Y,G,G,G,G,G,9.5
G,G,G,G,G,G,10.0
G,G,G,G,G,G,10
G,G,G,G,G,G,10
G,G,G,G,G,G,10
G,G,G,G,G,G,10
Y,G,G,G,G,G,9.5
G,G,G,G,G,G,10.0
G,G,G,G,G,G,10
G,G,G,G,G,G,10
G,G,G,G,G,G,10
G,G,G,G,G,G,10
Y,G,G,G,G,G,9.5
G,G,G,G,G,G,10.0
G,G,G,G,Y,Y,9.5
G,G,G,G,Y,Y,9.0
G,G,G,G,Y,Y,8.5
G,G,G,Y,Y,Y,8.0
G,G,G,Y,Y,Y,7.5
G,G,G,Y,Y,Y,7.0
G,G,G,Y,Y,Y,6.5
G,G,G,Y,Y,Y,6.0
G,G,G,Y,Y,Y,5.5
G,G,G,G,Y,Y,5.0
G,G,G,G,Y,Y,4.5
G,G,G,G,Y,Y,4.0
G,G,G,G,G,Y,3.5
G,G,G,G,G,G,4.0
G,G,G,G,G,G,4.5
G,G,G,G,G,G,5.0
G,G,G,G,G,G,5.5
G,G,G,G,G,G,6.0
Y,G,G,G,G,G,5.5
G,G,G,G,G,G,6.0
G,G,G,G,G,G,6.5
G,G,G,G,G,G,7.0
G,G,G,G,G,Y,6.5
G,G,G,G,G,G,7.0
G,G,G,G,G,G,7.5
G,G,G,G,G,G,8.0
G,G,G,G,G,Y,7.5
G,G,G,G,G,G,8.0
G,G,G,G,G,Y,7.5
G,G,G,G,G,Y,7.0
G,G,G,G,G,G,7.5
G,G,G,G,G,G,8.0
G,G,G,G,G,G,8.5
G,G,G,G,G,Y,8.0
G,G,G,G,G,G,8.5
G,G,G,G,G,G,9.0
G,G,G,G,G,G,9.5
G,G,G,G,G,G,10.0
G,G,G,G,G,G,10
G,G,G,G,G,Y,9.5
Y,G,G,G,G,G,9.0
G,G,G,G,G,G,9.5
G,G,G,G,G,G,10.0
G,G,G,G,G,G,10
G,G,G,G,G,G,10
G,G,G,G,G,G,10
G,G,G,G,G,G,10
G,G,G,G,G,G,10
G,G,G,G,G,G,10
G,G,G,G,G,G,10
G,G,G,G,G,G,10
G,G,G,G,Y,Y,9.5
G,G,G,Y,Y,Y,9.0
G,G,G,Y,Y,Y,8.5
G,G,G,Y,Y,Y,8.0
G,G,Y,Y,Y,Y,7.5
G,G,Y,Y,Y,Y,7.0
G,G,Y,Y,Y,R,7.5
G,G,Y,Y,R,R,8.0
G,Y,Y,R,R,R,8.5
Y,Y,R,R,R,R,10
Y,R,Y,Y,Y,Y,10
R,Y,Y,Y,G,G,10
Y,G,G,G,G,G,9.5
G,G,G,G,G,G,10.0
G,G,G,G,G,G,10
G,G,G,G,G,G,10
G,Y,Y,Y,Y,Y,8.5
Y,Y,Y,R,Y,Y,9.0
R,R,R,R,R,R,10
R,R,R,R,R,R,10
R,Y,Y,Y,Y,Y,10
Y,Y,G,G,G,G,9.5
Y,G,G,G,G,G,9.0
G,G,G,G,G,G,9.5
G,G,G,G,G,G,10.0
G,G,G,G,G,G,10
G,Y,Y,Y,Y,Y,8.5
Y,Y,Y,Y,Y,Y,7.0
R,R,R,R,R,Y,8.5
R,R,R,R,R,R,10.0
R,R,R,R,R,R,2
R,R,R,R,R,R,2
R,R,R,R,R,R,2
R,R,R,R,R,R,2
R,R,R,R,R,R,2
R,R,R,R,R,R,2
R,R,R,R,R,R,2
R,R,R,R,R,R,2
R,R,R,R,R,R,2
R,R,R,R,R,R,2
R,R,R,R,R,R,2
R,R,R,R,R,R,2
R,R,R,R,R,R,2
R,R,R,R,R,R,2
R,R,R,R,R,R,2
R,R,R,R,R,R,2
R,R,R,R,R,R,2
R,R,R,R,R,R,2
R,R,R,R,R,R,2
R,R,R,R,R,R,2
R,R,R,R,R,R,2
R,R,R,R,R,R,2
R,R,R,R,R,R,2
R,R,R,R,R,R,2
R,R,R,R,R,R,2
R,R,R,R,R,R,3.98
R,R,R,R,R,R,2
R,R,R,R,R,R,3.98
R,R,R,R,R,R,2
R,R,R,R,R,R,3.98
R,R,R,R,R,R,5.47
R,R,R,R,R,R,6.97
Y,R,R,R,R,R,9.47
Y,Y,R,R,R,R,10
G,G,Y,Y,R,R,10
G,G,Y,Y,R,R,10
G,Y,Y,Y,R,R,10
G,Y,Y,R,R,R,10
Y,Y,Y,R,R,R,10
Y,Y,Y,Y,Y,Y,8.5
Y,Y,G,G,G,G,8.0
G,G,G,G,G,G,8.5
G,G,G,G,G,G,9.0
G,G,G,G,G,G,9.5
G,G,G,G,G,G,10.0
Y,Y,Y,Y,Y,Y,8.5
Y,Y,Y,Y,R,Y,9.0
Y,Y,Y,Y,Y,Y,7.5
G,G,G,G,Y,Y,7.0
G,G,G,G,G,G,7.5
G,G,G,G,G,G,8.0
G,G,G,G,G,G,8.5
G,G,G,G,G,G,9.0
Y,Y,Y,Y,Y,G,7.5
Y,Y,Y,Y,Y,Y,6.0
R,R,R,R,Y,Y,7.5
R,R,R,R,R,R,9.0
R,R,R,R,R,R,2
R,R,R,R,R,R,2
R,R,R,R,R,R,2
R,R,R,R,R,R,2
R,R,R,R,R,R,2
R,R,R,R,R,R,2
R,R,R,R,R,R,2
R,R,R,R,R,R,2
R,R,R,R,R,R,2
R,R,R,R,R,R,2
R,R,R,R,R,R,2
R,R,R,R,R,R,2
R,R,R,R,R,R,2
R,R,R,R,R,R,2
R,R,R,R,R,R,2
R,R,R,R,R,R,2
R,R,R,R,R,R,2
R,R,R,R,R,R,2
R,R,R,R,R,R,2
R,R,R,R,R,R,2
R,R,R,R,R,R,2
R,R,R,R,R,R,2
R,R,R,R,R,R,2
R,R,R,R,R,R,2
R,R,R,R,R,R,2
R,R,R,R,R,R,2
R,R,R,R,R,R,2
R,R,R,R,R,R,2
R,R,R,R,R,R,2
R,R,R,R,R,R,2
R,R,R,R,R,R,2
R,R,R,R,R,R,2
R,R,R,R,R,R,2
R,R,R,R,R,R,2
R,R,R,R,R,R,2
R,R,R,R,R,R,2
R,R,R,R,R,R,2
R,R,R,R,R,R,2
R,R,R,R,R,R,2
R,R,R,R,R,R,2
R,R,R,R,R,R,2
R,R,R,R,R,R,2
R,R,R,R,R,R,2
R,R,R,R,R,R,2
R,R,R,R,R,R,2
R,R,R,R,R,R,2
R,R,R,R,R,R,2
R,R,R,R,R,R,2
R,R,R,R,R,R,2
R,R,R,R,R,R,2
R,R,R,R,R,R,2
R,R,R,R,R,R,2
R,R,R,R,R,R,2
R,R,R,R,R,R,2
R,R,R,R,R,R,2
R,R,R,R,R,R,2
R,R,R,R,R,R,2
R,R,R,R,R,R,2
R,R,R,R,R,R,2
R,R,R,R,R,R,2
R,R,R,R,R,R,2
R,R,R,R,R,R,2
R,R,R,R,R,R,2
R,R,R,R,R,R,2
R,R,R,R,R,R,2
R,R,R,R,R,R,2
R,R,R,R,R,R,2
R,R,R,R,R,R,2
R,R,R,R,R,R,2
R,R,R,R,R,R,2
R,R,R,R,R,R,2
R,R,R,R,R,R,2
R,R,R,R,R,R,2
R,R,R,R,R,R,2
R,R,R,R,R,R,2
R,R,R,R,R,R,2
R,R,R,R,R,R,2
R,R,R,R,R,R,2
R,R,R,R,R,R,2
R,R,R,R,R,R,2
R,R,R,R,R,R,2
R,R,R,R,R,R,2
R,R,R,R,R,R,2
R,R,R,R,R,R,2
R,R,R,R,R,R,2
R,R,R,R,R,R,2
R,R,R,R,R,R,2
R,R,R,R,R,R,2
R,R,R,R,R,R,2
R,R,R,R,R,R,2
R,R,R,R,R,R,2
R,R,R,R,R,R,2
R,R,R,R,R,R,2
R,R,R,R,Y,Y,2
R,R,R,Y,Y,Y,2
R,R,R,Y,Y,Y,2
R,R,Y,Y,Y,Y,2
R,R,Y,Y,Y,Y,2
R,Y,Y,Y,Y,Y,2
R,Y,Y,Y,Y,Y,2
Y,Y,Y,G,G,G,1.98
Y,Y,G,G,G,G,1.48
Y,G,G,G,G,G,0.98
G,G,G,G,G,G,1.48
G,G,G,G,G,G,1.98
G,G,G,G,G,G,2.48
G,G,G,G,G,G,2.98
G,G,G,G,G,G,3.48
G,G,G,G,G,G,3.98
G,G,G,G,G,G,4.47
G,G,G,G,G,G,4.97
G,G,G,G,G,G,5.47
G,G,Y,G,G,G,5.97
G,Y,Y,Y,Y,G,5.47
Y,Y,Y,Y,Y,Y,3.97
Y,R,Y,Y,Y,Y,4.47
R,R,R,R,Y,Y,5.97
R,R,R,R,R,Y,7.47
R,R,R,R,R,R,8.97
R,R,R,R,R,R,2
R,R,R,R,R,R,2
R,R,R,Y,Y,R,2
R,R,Y,Y,Y,Y,2
R,Y,Y,Y,Y,Y,2
R,Y,Y,Y,Y,Y,2
Y,Y,Y,Y,Y,Y,1.93
Y,Y,Y,Y,Y,Y,1.85
Y,Y,G,G,Y,Y,1.88
Y,Y,G,G,G,Y,1.9
Y,G,G,G,G,Y,1.93
G,G,G,G,G,Y,1.9
Y,G,G,G,G,G,1.4
G,G,G,G,G,G,1.9
G,G,G,G,G,G,2.4
G,G,G,G,G,G,2.9
G,G,G,G,G,G,3.4
G,G,G,G,G,G,3.9
G,G,G,G,G,G,4.4
G,G,G,G,G,G,4.9
G,G,G,G,G,G,5.4
G,Y,G,G,G,G,4.9
G,Y,Y,Y,G,G,4.4
Y,Y,Y,Y,G,G,3.9
Y,Y,Y,G,G,G,3.4
Y,Y,Y,G,G,G,2.9
Y,Y,Y,G,G,G,2.4
Y,Y,Y,G,G,G,1.9
Y,G,G,G,G,G,1.4
G,G,G,G,G,G,1.9
Y,G,G,G,G,G,1.4
G,G,G,G,G,G,1.9
G,G,G,G,G,G,2.4
G,G,G,G,G,Y,1.9
Y,G,G,G,G,G,1.4
G,G,G,G,G,G,1.9
G,G,G,G,G,G,2.4
Y,G,G,G,G,G,1.9
G,G,G,G,G,Y,1.4
G,G,G,G,G,G,1.9
G,G,G,G,G,G,2.4
G,G,G,G,G,G,2.9
G,G,G,G,G,G,3.4
G,G,G,G,G,G,3.9
G,G,G,G,G,G,4.4
Y,G,G,G,G,G,3.9
G,G,G,G,G,G,4.4
G,G,G,G,G,G,4.9
Y,G,G,G,G,G,4.4
G,G,G,G,G,G,4.9
G,G,G,G,G,G,5.4
G,G,G,G,G,G,5.9
Y,G,G,G,G,G,5.4
Y,G,G,G,G,G,4.9
G,G,G,G,G,G,5.4
G,G,G,G,G,G,5.9
Y,G,G,G,G,G,5.4
G,G,G,G,G,G,5.9
Y,G,G,G,G,G,5.4
Y,G,G,G,G,G,4.9
Y,G,G,G,G,G,4.4
Y,G,G,G,G,G,3.9
G,G,G,G,G,G,4.4
G,G,G,G,G,G,4.9
Y,G,G,G,G,G,4.4
G,G,G,G,G,G,4.9
Y,G,G,G,G,G,4.4
G,G,G,G,G,G,4.9
Y,G,G,G,G,G,4.4
G,G,G,G,G,G,4.9
Y,G,G,G,G,G,4.4
G,G,G,G,G,G,4.9
G,G,G,G,G,G,5.4
Y,G,G,G,G,G,4.9
G,G,G,G,G,G,5.4
G,G,G,G,G,G,5.9
Y,G,G,G,G,G,5.4
G,G,G,G,G,G,5.9
G,G,G,G,G,G,6.4
Y,G,G,G,G,G,5.9
G,G,G,G,G,G,6.4
Y,G,G,G,G,G,5.9
G,G,G,G,G,G,6.4
G,G,G,G,G,Y,5.9
G,G,G,G,G,G,6.4
G,G,G,G,G,G,6.9
G,G,G,G,G,Y,6.4
Y,G,G,G,G,G,5.9
G,G,G,G,G,G,6.4
G,G,G,G,G,Y,5.9
G,G,G,G,G,G,6.4
G,G,G,G,G,Y,5.9
Y,G,G,G,G,G,5.4
G,G,G,G,G,G,5.9
G,G,G,G,G,Y,5.4
G,G,G,G,G,G,5.9
G,G,G,G,G,G,6.4
G,G,G,G,G,G,6.9
G,G,G,G,G,G,7.4
G,G,G,G,G,G,7.9
Y,G,G,G,G,G,7.4
G,G,G,G,G,G,7.9
G,G,G,G,G,Y,7.4
G,G,G,G,G,G,7.9
G,G,G,G,G,Y,7.4
G,G,G,G,G,G,7.9
G,G,G,G,G,G,8.4
G,G,G,G,G,Y,7.9
G,G,G,G,G,G,8.4
G,G,G,G,G,Y,7.9
G,G,G,G,G,Y,7.4
G,G,G,G,G,Y,6.9
G,G,G,G,G,Y,6.4
G,G,G,G,G,Y,5.9
G,G,G,G,G,Y,5.4
G,G,G,G,G,G,5.9
G,G,G,G,G,G,6.4
G,G,G,G,G,G,6.9
Y,Y,G,G,G,G,6.4
Y,G,G,G,G,G,5.9
Y,G,G,G,G,G,5.4
Y,G,G,G,G,G,4.9
G,G,G,G,G,G,5.4
G,G,G,G,G,G,5.9
G,G,G,G,G,G,6.4
G,G,G,G,G,G,6.9
G,G,G,G,G,G,7.4
G,G,G,G,G,Y,6.9
G,G,G,G,G,G,7.4
G,G,G,G,G,G,7.9
G,G,G,G,G,G,8.4
G,G,G,G,G,G,8.9
G,G,G,G,G,G,9.4
Y,G,G,G,G,G,8.9
Y,G,G,G,G,G,8.4
Y,G,G,G,G,G,7.9
G,G,G,G,G,G,8.4
G,G,G,G,G,G,8.9
Y,G,G,G,G,G,8.4
Y,G,G,G,G,G,7.9
G,G,G,G,G,G,8.4
Y,G,G,G,G,G,7.9
Y,G,G,G,G,G,7.4
G,G,G,G,G,G,7.9
Y,G,G,G,G,G,7.4
G,G,G,G,G,G,7.9
Y,G,G,G,G,G,7.4
Y,G,G,G,G,G,6.9
G,G,G,G,G,G,7.4
Y,G,G,G,G,G,6.9
Y,G,G,G,G,G,6.4
Y,G,G,G,G,G,5.9
Y,G,G,G,G,G,5.4
Y,G,G,G,G,G,4.9
Y,G,G,G,G,G,4.4
Y,G,G,G,G,G,3.9
Y,G,G,G,G,G,3.4
G,G,G,G,G,G,3.9
G,G,G,G,G,G,4.4
Y,G,G,G,G,G,3.9
Y,G,G,G,G,G,3.4
G,G,G,G,G,G,3.9
G,G,G,G,G,G,4.4
G,G,G,G,G,G,4.9
G,G,G,G,G,G,5.4
G,G,G,G,G,G,5.9
G,G,G,G,G,G,6.4
Y,G,G,G,G,G,5.9
G,G,G,G,G,G,6.4
G,G,G,G,G,G,6.9
G,G,G,G,G,Y,6.4
G,G,G,G,G,Y,5.9
G,G,G,G,G,Y,5.4
G,G,G,G,G,Y,4.9
G,G,G,G,G,Y,4.4
G,G,G,G,G,G,4.9
G,G,G,G,G,G,5.4
G,G,G,G,G,Y,4.9
G,G,G,G,G,Y,4.4
G,G,G,G,G,G,4.9
G,G,G,G,G,G,5.4
G,G,G,G,G,G,5.9
G,G,G,G,G,Y,5.4
G,G,G,G,G,Y,4.9
G,G,G,G,G,G,5.4
G,G,G,G,G,G,5.9
G,G,G,G,G,Y,5.4
G,G,G,G,Y,Y,4.9
G,G,G,G,G,G,5.4
G,G,G,G,G,Y,4.9
G,G,G,G,G,G,5.4
G,G,G,G,G,Y,4.9
G,G,G,G,G,Y,4.4
G,G,G,G,G,G,4.9
G,G,G,G,G,Y,4.4
G,G,G,G,G,Y,3.9
G,G,G,G,G,G,4.4
Y,G,G,G,G,G,3.9
G,G,G,G,G,G,4.4
Y,Y,G,G,G,G,3.9
G,G,G,G,G,G,4.4
G,G,G,G,G,G,4.9
Y,G,G,G,G,G,4.4
G,G,G,G,G,G,4.9
Y,G,G,G,G,G,4.4
G,G,G,G,G,G,4.9
G,G,G,G,G,G,5.4
Y,G,G,G,G,G,4.9
Y,Y,G,G,G,G,4.4
G,G,G,G,G,G,4.9
G,G,G,G,G,G,5.4
Y,G,G,G,G,G,4.9
Y,G,G,G,G,G,4.4
Y,G,G,G,G,G,3.9
G,G,G,G,G,G,4.4
G,G,G,G,G,G,4.9
G,G,G,G,G,G,5.4
G,G,G,G,G,G,5.9
G,G,G,G,G,G,6.4
G,G,G,G,G,G,6.9
G,G,G,G,G,G,7.4
G,G,G,G,G,G,7.9
G,G,G,G,G,G,8.4
G,G,G,G,G,G,8.9
G,G,G,G,G,G,9.4
G,G,G,G,G,G,9.9
G,G,G,G,G,G,10
G,G,G,G,G,G,10
G,G,G,G,G,G,10
G,G,G,G,G,G,10
G,G,G,G,G,G,10
G,G,G,G,G,G,10
Y,G,G,G,G,G,9.5
Y,G,G,G,G,G,9.0
Y,Y,G,G,G,G,8.5
Y,Y,G,G,G,G,8.0
Y,Y,G,G,G,G,7.5
Y,Y,G,G,G,G,7.0
Y,G,G,G,G,G,6.5
Y,Y,G,G,G,G,6.0
Y,G,G,G,G,G,5.5
G,G,G,G,G,G,6.0
G,G,G,G,G,G,6.5
G,G,G,G,G,G,7.0
G,G,G,G,G,G,7.5
G,G,G,G,G,G,8.0
G,G,G,G,G,G,8.5
G,G,G,G,G,G,9.0
Y,Y,G,G,G,G,8.5
Y,Y,G,G,G,G,8.0
Y,Y,G,G,G,G,7.5
Y,G,G,G,G,G,7.0
Y,G,G,G,G,G,6.5
G,G,G,G,G,G,7.0
Y,G,G,G,G,G,6.5
G,G,G,G,G,G,7.0
Y,G,G,G,G,G,6.5
Y,G,G,G,G,G,6.0
G,G,G,G,G,G,6.5
G,G,G,G,G,G,7.0
G,G,G,G,G,G,7.5
G,G,G,G,G,G,8.0
Y,G,G,G,G,G,7.5
G,G,G,G,G,G,8.0
G,G,G,G,G,G,8.5
G,G,G,G,G,G,9.0
G,G,G,G,G,G,9.5
G,G,G,G,G,G,10.0
G,G,G,G,G,Y,9.5
G,G,G,G,G,G,10.0
G,G,G,G,G,G,10
G,G,G,G,G,G,10
G,G,G,G,G,G,10
G,G,G,G,G,G,10
G,G,G,G,G,G,10
G,G,G,G,G,G,10
G,G,G,G,Y,Y,9.5
G,G,G,Y,Y,Y,9.0
G,G,G,Y,Y,Y,8.5
G,G,G,Y,Y,Y,8.0
G,G,G,Y,Y,Y,7.5
G,G,G,G,Y,Y,7.0
G,G,G,G,Y,Y,6.5
G,G,G,G,Y,Y,6.0
G,G,G,G,Y,Y,5.5
G,G,G,G,Y,Y,5.0
G,G,G,G,Y,Y,4.5
G,G,G,G,Y,Y,4.0
G,G,G,G,Y,Y,3.5
G,G,G,G,Y,Y,3.0
G,G,G,G,G,Y,2.5
G,G,G,G,G,Y,2.0
G,G,G,G,G,Y,1.5
G,G,G,G,G,G,2.0
G,G,G,G,G,G,2.5
G,G,G,G,G,G,3.0
G,G,G,G,G,G,3.5
G,G,G,G,G,G,4.0
G,G,G,G,G,G,4.5
G,G,G,G,G,G,5.0
Y,G,G,G,G,G,4.5
G,G,G,G,G,G,5.0
G,G,G,G,G,G,5.5
G,G,G,G,G,G,6.0
G,G,G,G,G,G,6.5
Y,G,G,G,G,G,6.0
G,G,G,G,G,G,6.5
Y,G,G,G,G,G,6.0
G,G,G,G,G,G,6.5
G,G,G,G,G,Y,6.0
G,G,G,G,G,Y,5.5
G,G,G,G,G,G,6.0
G,G,G,G,G,G,6.5
G,G,G,G,G,G,7.0
G,G,G,G,G,G,7.5
G,G,G,G,G,G,8.0
G,G,G,G,G,G,8.5
Y,Y,G,G,G,G,8.0
Y,G,G,G,G,G,7.5
Y,Y,G,G,G,G,7.0
Y,Y,G,G,G,G,6.5
Y,Y,G,G,G,G,6.0
Y,Y,G,G,G,G,5.5
Y,G,G,G,G,G,5.0
Y,G,G,G,G,G,4.5
Y,G,G,G,G,G,4.0
Y,G,G,G,G,G,3.5
G,G,G,G,G,G,4.0
G,G,G,G,G,G,4.5
G,G,G,G,G,Y,4.0
G,G,G,G,G,Y,3.5
G,G,G,G,G,G,4.0
G,G,G,G,G,G,4.5
G,G,G,G,G,G,5.0
Y,G,G,G,G,G,4.5
G,G,G,G,G,G,5.0
Y,G,G,G,G,G,4.5
G,G,G,G,G,G,5.0
G,G,G,G,G,G,5.5
Y,G,G,G,G,G,5.0
G,G,G,G,G,G,5.5
G,G,G,G,G,G,6.0
Y,G,G,G,G,G,5.5
G,G,G,G,G,G,6.0
G,G,G,G,G,G,6.5
G,G,G,G,G,G,7.0
G,G,G,G,G,G,7.5
G,G,G,G,G,G,8.0
G,G,G,G,G,G,8.5
G,G,G,G,G,G,9.0
G,G,G,G,G,G,9.5
G,G,G,G,G,Y,9.0
Y,G,G,G,G,G,8.5
G,G,G,G,G,G,9.0
G,G,G,G,G,Y,8.5
G,G,G,G,G,G,9.0
G,G,G,G,G,G,9.5
G,G,G,G,G,G,10.0
Y,G,G,G,G,G,9.5
G,G,G,G,G,G,10.0
Y,G,G,G,G,G,9.5
G,G,G,G,G,G,10.0
G,G,G,G,G,Y,9.5
G,G,G,G,G,G,10.0
Y,Y,G,G,G,G,9.5
G,G,G,G,G,G,10.0
Y,G,G,G,G,G,9.5
Y,G,G,G,G,G,9.0
Y,G,G,G,G,G,8.5
G,G,G,G,G,G,9.0
Y,G,G,G,G,G,8.5
Y,G,G,G,G,G,8.0
G,G,G,G,G,G,8.5
Y,G,G,G,G,G,8.0
Y,G,G,G,G,G,7.5
Y,G,G,G,G,G,7.0
Y,G,G,G,G,G,6.5
Y,G,G,G,G,G,6.0
Y,G,G,G,G,G,5.5
Y,G,G,G,G,G,5.0
G,G,G,G,G,G,5.5
G,G,G,G,G,G,6.0
G,G,G,G,G,Y,5.5
G,G,G,G,G,G,6.0
Y,G,G,G,G,G,5.5
Y,G,G,G,G,G,5.0
G,G,G,G,G,G,5.5
G,G,G,G,G,G,6.0
Y,G,G,G,G,G,5.5
G,G,G,G,G,G,6.0
G,G,G,G,G,G,6.5
G,G,G,G,G,G,7.0
Y,G,G,G,G,G,6.5
G,G,G,G,G,G,7.0
G,G,G,G,G,G,7.5
G,G,G,G,G,G,8.0
G,G,G,G,G,G,8.5
G,G,G,G,G,G,9.0
G,G,G,G,G,G,9.5
G,G,G,G,G,Y,9.0
G,G,G,G,G,G,9.5
G,G,G,G,G,G,10.0
G,G,G,G,G,Y,9.5
G,G,G,G,G,G,10.0
G,G,G,G,G,Y,9.5
G,G,G,G,G,G,10.0
G,G,G,G,G,G,10
G,G,G,G,G,G,10
G,G,G,G,G,G,10
Y,G,G,G,G,G,9.5
G,G,G,G,G,G,10.0
G,G,G,G,G,Y,9.5
G,G,G,G,Y,Y,9.0
G,G,G,G,Y,Y,8.5
G,G,G,G,Y,Y,8.0
G,G,G,Y,Y,Y,7.5
G,G,G,G,Y,Y,7.0
G,G,G,G,Y,Y,6.5
G,G,G,G,Y,Y,6.0
G,G,G,G,G,Y,5.5
G,G,G,G,G,Y,5.0
G,G,G,G,G,G,5.5
G,G,G,G,G,G,6.0
G,G,G,G,G,G,6.5
Y,G,G,G,G,G,6.0
Y,Y,G,G,G,G,5.5
Y,Y,G,G,G,G,5.0
Y,Y,G,G,G,G,4.5
Y,Y,G,G,G,G,4.0
Y,G,G,G,G,G,3.5
Y,G,G,G,G,G,3.0
Y,G,G,G,G,G,2.5
G,G,G,G,G,G,3.0
Y,G,G,G,G,G,2.5
G,G,G,G,G,G,3.0
G,G,G,G,G,G,3.5
G,G,G,G,G,G,4.0
G,G,G,G,G,G,4.5
G,G,G,G,Y,Y,4.0
G,G,G,G,Y,Y,3.5
G,G,G,G,Y,Y,3.0
G,G,G,G,G,Y,2.5
G,G,G,G,G,Y,2.0
G,G,G,G,G,Y,1.5
G,G,G,G,G,G,2.0
G,G,G,G,G,G,2.5
G,G,G,G,G,G,3.0
G,G,G,G,G,G,3.5
G,G,G,G,G,G,4.0
G,G,G,G,G,G,4.5
G,G,G,G,G,G,5.0
Y,G,G,G,G,G,4.5
Y,G,G,G,G,G,4.0
Y,G,G,G,G,G,3.5
Y,G,G,G,G,G,3.0
G,G,G,G,G,G,3.5
G,G,G,G,G,G,4.0
G,G,G,G,G,G,4.5
G,G,G,G,G,G,5.0
G,G,G,G,G,G,5.5
G,G,G,G,G,G,6.0
G,G,G,G,G,G,6.5
G,G,G,G,G,G,7.0
Y,G,G,G,G,G,6.5
Y,G,G,G,G,G,6.0
G,G,G,G,G,G,6.5
Y,Y,G,G,G,G,6.0
G,G,G,G,G,G,6.5
Y,G,G,G,G,G,6.0
G,G,G,G,G,G,6.5
Y,G,G,G,G,G,6.0
Y,G,G,G,G,G,5.5
G,G,G,G,G,G,6.0
G,G,G,G,G,G,6.5
Y,G,G,G,G,G,6.0
Y,G,G,G,G,G,5.5
G,G,G,G,G,G,6.0
Y,G,G,G,G,G,5.5
G,G,G,G,G,G,6.0
Y,G,G,G,G,G,5.5
Y,G,G,G,G,G,5.0
Y,G,G,G,G,G,4.5
Y,G,G,G,G,G,4.0
Y,G,G,G,G,G,3.5
Y,G,G,G,G,G,3.0
Y,G,G,G,G,G,2.5
Y,G,G,G,G,G,2.0
G,G,G,G,G,G,2.5
G,G,G,G,G,G,3.0
G,G,G,G,G,G,3.5
G,G,G,G,G,G,4.0
G,G,G,G,G,G,4.5
G,G,G,G,G,G,5.0
Y,G,G,G,G,G,4.5
G,G,G,G,G,G,5.0
G,G,G,G,G,G,5.5
G,G,G,G,G,G,6.0
G,G,G,G,G,G,6.5
G,G,G,G,G,G,7.0
G,G,G,G,G,G,7.5
G,G,G,G,G,G,8.0
G,G,G,G,G,G,8.5
G,G,G,G,Y,Y,8.0
G,G,G,Y,Y,Y,7.5
G,G,G,Y,Y,Y,7.0
G,G,G,Y,Y,Y,6.5
G,G,G,Y,Y,Y,6.0
G,G,G,Y,Y,Y,5.5
G,G,G,Y,Y,Y,5.0
G,G,G,Y,Y,Y,4.5
G,G,G,G,G,Y,4.0
G,G,G,G,G,Y,3.5
G,G,G,G,G,G,4.0
G,G,G,G,G,G,4.5
G,G,G,G,G,G,5.0
G,G,G,G,G,G,5.5
G,G,G,G,G,G,6.0
G,G,G,G,G,G,6.5
G,G,G,G,G,G,7.0
G,G,G,G,Y,Y,6.5
G,G,G,G,G,Y,6.0
G,G,G,G,G,Y,5.5
G,G,G,G,G,Y,5.0
G,G,G,G,G,G,5.5
Y,G,G,G,G,G,5.0
G,G,G,G,G,Y,4.5
G,G,G,G,G,G,5.0
G,G,G,G,G,G,5.5
Y,G,G,G,G,G,5.0
G,G,G,G,G,G,5.5
Y,G,G,G,G,G,5.0
G,G,G,G,G,G,5.5
Y,G,G,G,G,G,5.0
Y,G,G,G,G,G,4.5
G,G,G,G,G,G,5.0
G,G,G,G,G,G,5.5
Y,G,G,G,G,G,5.0
Y,Y,G,G,G,G,4.5
G,G,G,G,G,G,5.0
Y,G,G,G,G,G,4.5
Y,G,G,G,G,G,4.0
G,G,G,G,G,G,4.5
G,G,G,G,G,G,5.0
G,G,G,G,G,G,5.5
G,G,G,G,G,Y,5.0
G,G,G,G,G,G,5.5
Y,G,G,G,G,G,5.0
G,G,G,G,G,G,5.5
G,G,G,G,G,G,6.0
G,G,G,G,G,G,6.5
G,G,G,G,G,G,7.0
G,G,G,G,G,G,7.5
G,G,G,G,G,G,8.0
G,G,G,G,G,G,8.5
G,G,G,G,G,G,9.0
G,G,G,G,G,G,9.5
G,G,G,G,G,G,10.0
G,G,G,G,G,G,10
G,G,G,G,G,G,10
G,G,G,G,G,G,10
G,G,G,G,G,G,10
Y,Y,G,G,G,G,9.5
Y,G,G,G,G,G,9.0
Y,G,G,G,G,G,8.5
Y,G,G,G,G,G,8.0
Y,G,G,G,G,G,7.5
Y,G,G,G,G,G,7.0
Y,G,G,G,G,G,6.5
G,G,G,G,G,G,7.0
G,G,G,G,G,G,7.5
G,G,G,G,G,G,8.0
Y,G,G,G,G,G,7.5
G,G,G,G,G,G,8.0
Y,G,G,G,G,G,7.5
Y,G,G,G,G,G,7.0
G,G,G,G,G,G,7.5
G,G,G,G,G,G,8.0
Y,G,G,G,G,G,7.5
Y,G,G,G,G,G,7.0
G,G,G,G,G,G,7.5
Y,Y,G,G,G,G,7.0
G,G,G,G,G,G,7.5
Y,G,G,G,G,G,7.0
Y,G,G,G,G,G,6.5
G,G,G,G,G,G,7.0
Y,G,G,G,G,G,6.5
Y,G,G,G,G,G,6.0
G,G,G,G,G,G,6.5
G,G,G,G,G,G,7.0
G,G,G,G,G,G,7.5
G,G,G,G,G,G,8.0
Y,G,G,G,G,G,7.5
G,G,G,G,G,G,8.0
G,G,G,G,G,G,8.5
G,G,G,G,G,G,9.0
G,G,G,G,G,G,9.5
G,G,G,G,G,G,10.0
G,G,G,G,G,Y,9.5
G,G,G,G,G,G,10.0
G,G,G,G,G,G,10
G,G,G,G,G,G,10
G,G,G,G,G,G,10
G,G,G,G,G,G,10
G,G,G,G,G,G,10
G,G,G,G,G,G,10
G,G,G,Y,Y,Y,9.5
G,G,Y,Y,Y,Y,9.0
G,G,G,Y,Y,Y,8.5
G,G,G,Y,Y,Y,8.0
G,G,G,Y,Y,Y,7.5
G,G,G,Y,Y,Y,7.0
G,G,G,G,Y,Y,6.5
G,G,G,G,Y,Y,6.0
G,G,G,G,Y,Y,5.5
G,G,G,G,Y,Y,5.0
G,G,G,G,Y,Y,4.5
G,G,G,G,Y,Y,4.0
G,G,G,G,Y,Y,3.5
G,G,G,G,Y,Y,3.0
G,G,G,G,G,Y,2.5
G,G,G,G,G,Y,2.0
G,G,G,G,G,Y,1.5
G,G,G,G,G,G,2.0
G,G,G,G,G,G,2.5
G,G,G,G,G,G,3.0
G,G,G,G,G,G,3.5
G,G,G,G,G,G,4.0
G,G,G,G,G,G,4.5
Y,G,G,G,G,G,4.0
G,G,G,G,G,G,4.5
G,G,G,G,G,G,5.0
G,G,G,G,G,G,5.5
G,G,G,G,G,G,6.0
G,G,G,G,G,G,6.5
G,G,G,G,G,G,7.0
G,G,G,G,G,G,7.5
G,G,G,G,G,G,8.0
Y,G,G,G,G,G,7.5
G,G,G,G,G,G,8.0
G,G,G,G,G,G,8.5
G,G,G,G,G,G,9.0
G,G,G,G,G,G,9.5
G,G,G,G,G,G,10.0
G,G,G,G,G,G,10
Y,Y,G,G,G,G,9.5
Y,Y,Y,G,G,G,9.0
Y,Y,Y,G,G,G,8.5
Y,Y,Y,G,G,G,8.0
Y,Y,Y,G,G,G,7.5
Y,Y,Y,G,G,G,7.0
Y,Y,Y,G,G,G,6.5
Y,Y,G,G,G,G,6.0
Y,Y,G,G,G,G,5.5
Y,G,G,G,G,G,5.0
Y,G,G,G,G,G,4.5
G,G,G,G,G,G,5.0
G,G,G,G,G,G,5.5
G,G,G,G,G,Y,5.0
G,G,G,G,G,Y,4.5
Y,G,G,G,G,G,4.0
Y,G,G,G,G,G,3.5
G,G,G,G,G,Y,3.0
Y,G,G,G,G,G,2.5
G,G,G,G,G,Y,2.0
G,G,G,G,G,G,2.5
G,G,G,G,G,G,3.0
G,G,G,G,G,G,3.5
G,G,G,G,G,G,4.0
G,G,G,G,G,G,4.5
G,G,G,G,G,G,5.0
Y,G,G,G,G,G,4.5
G,G,G,G,G,G,5.0
G,G,G,G,G,G,5.5
G,G,G,G,G,G,6.0
G,G,G,G,G,G,6.5
G,G,G,G,G,G,7.0
G,G,G,G,G,G,7.5
G,G,G,G,G,G,8.0
G,G,G,G,G,G,8.5
G,G,G,G,G,G,9.0
G,G,G,G,G,Y,8.5
Y,G,G,G,G,G,8.0
G,G,G,G,G,Y,7.5
G,G,G,G,G,G,8.0
G,G,G,G,G,G,8.5
G,G,G,G,G,G,9.0
Y,G,G,G,G,G,8.5
G,G,G,G,G,G,9.0
G,G,G,G,G,G,9.5
G,G,G,G,G,G,10.0
G,G,G,G,G,Y,9.5
Y,G,G,G,G,G,9.0
G,G,G,G,G,G,9.5
Y,G,G,G,G,G,9.0
G,G,G,G,G,G,9.5
Y,G,G,G,G,G,9.0
Y,G,G,G,G,G,8.5
G,G,G,G,G,G,9.0
G,G,G,G,G,G,9.5
Y,G,G,G,G,G,9.0
Y,G,G,G,G,G,8.5
Y,G,G,G,G,G,8.0
Y,G,G,G,G,G,7.5
Y,G,G,G,G,G,7.0
Y,G,G,G,G,G,6.5
G,G,G,G,G,G,7.0
Y,G,G,G,G,G,6.5
Y,G,G,G,G,G,6.0
G,G,G,G,G,G,6.5
G,G,G,G,G,G,7.0
Y,G,G,G,G,G,6.5
Y,G,G,G,G,G,6.0
G,G,G,G,G,G,6.5
Y,G,G,G,G,G,6.0
G,G,G,G,G,G,6.5
Y,G,G,G,G,G,6.0
G,G,G,G,G,G,6.5
G,G,G,G,G,G,7.0
G,G,G,G,G,G,7.5
Y,G,G,G,G,G,7.0
G,G,G,G,G,G,7.5
G,G,G,G,G,G,8.0
G,G,G,G,G,G,8.5
G,G,G,G,G,G,9.0
G,G,G,G,G,G,9.5
G,G,G,G,G,G,10.0
G,G,G,G,G,Y,9.5
G,G,G,G,G,G,10.0
G,G,G,G,G,G,10
G,G,G,G,Y,Y,9.5
G,G,G,G,G,Y,9.0
G,G,G,G,G,G,9.5
G,G,G,G,G,G,10.0
G,G,G,G,G,G,10
G,G,G,G,G,G,10
Y,G,G,G,G,G,9.5
G,G,G,G,G,G,10.0
G,G,G,G,G,G,10
G,G,G,G,Y,Y,9.5
G,G,G,G,Y,Y,9.0
G,G,G,G,Y,Y,8.5
G,G,G,Y,Y,Y,8.0
G,G,G,Y,Y,Y,7.5
G,G,G,Y,Y,Y,7.0
G,G,G,G,Y,Y,6.5
G,G,G,G,Y,Y,6.0
G,G,G,G,G,Y,5.5
G,G,G,G,G,Y,5.0
G,G,G,G,G,G,5.5
G,G,G,G,G,G,6.0
G,G,G,G,G,G,6.5
Y,G,G,G,G,G,6.0
Y,Y,G,G,G,G,5.5
Y,Y,G,G,G,G,5.0
Y,Y,G,G,G,G,4.5
Y,Y,G,G,G,G,4.0
Y,G,G,G,G,G,3.5
Y,G,G,G,G,G,3.0
Y,G,G,G,G,G,2.5
G,G,G,G,G,G,3.0
G,G,G,G,G,G,3.5
G,G,G,G,G,G,4.0
G,G,G,G,G,G,4.5
G,G,G,G,G,G,5.0
G,G,G,G,G,Y,4.5
G,G,G,G,G,Y,4.0
G,G,G,G,G,Y,3.5
G,G,G,G,G,Y,3.0
G,G,G,G,G,G,3.5
G,G,G,G,G,G,4.0
G,G,G,G,G,Y,3.5
G,G,G,G,G,G,4.0
G,G,G,G,G,G,4.5
G,G,G,G,G,G,5.0
Y,G,G,G,G,G,4.5
Y,G,G,G,G,G,4.0
Y,G,G,G,G,G,3.5
Y,G,G,G,G,G,3.0
Y,G,G,G,G,G,2.5
G,G,G,G,G,G,3.0
Y,G,G,G,G,G,2.5
G,G,G,G,G,G,3.0
G,G,G,G,G,G,3.5
G,G,G,G,G,G,4.0
G,G,G,G,G,G,4.5
G,G,G,G,G,Y,4.0
G,G,G,G,G,Y,3.5
G,G,G,G,G,Y,3.0
G,G,G,G,G,Y,2.5
G,G,G,G,G,G,3.0
G,G,G,G,G,G,3.5
G,G,G,G,G,G,4.0
G,G,G,G,G,G,4.5
G,Y,G,G,G,G,4.0
Y,G,G,G,G,G,3.5
Y,Y,G,G,G,G,3.0
Y,G,G,G,G,G,2.5
G,G,G,G,G,G,3.0
G,G,G,G,G,G,3.5
G,G,G,G,G,G,4.0
Y,G,G,G,G,G,3.5
G,G,G,G,G,G,4.0
Y,G,G,G,G,G,3.5
G,G,G,G,G,G,4.0
G,G,G,G,G,G,4.5
G,G,G,G,G,G,5.0
Y,G,G,G,G,G,4.5
G,G,G,G,G,G,5.0
Y,G,G,G,G,G,4.5
G,G,G,G,G,G,5.0
Y,G,G,G,G,G,4.5
G,G,G,G,G,G,5.0
Y,G,G,G,G,G,4.5
G,G,G,G,G,G,5.0
Y,G,G,G,G,G,4.5
Y,G,G,G,G,G,4.0
G,G,G,G,G,G,4.5
Y,G,G,G,G,G,4.0
Y,G,G,G,G,G,3.5
G,G,G,G,G,G,4.0
Y,G,G,G,G,G,3.5
Y,Y,G,G,G,G,3.0
Y,G,G,G,G,G,2.5
Y,G,G,G,G,G,2.0
G,G,G,G,G,G,2.5
G,G,G,G,G,G,3.0
G,G,G,G,G,G,3.5
Y,G,G,G,G,G,3.0
Y,G,G,G,G,G,2.5
G,G,G,G,G,G,3.0
G,G,G,G,G,G,3.5
G,G,G,G,G,G,4.0
G,G,G,G,G,G,4.5
G,G,G,G,G,G,5.0
G,G,G,G,G,G,5.5
G,G,G,G,G,G,6.0
Y,G,G,G,G,G,5.5
G,G,G,G,G,G,6.0
G,G,G,G,G,G,6.5
G,G,G,G,G,Y,6.0
G,G,G,G,G,Y,5.5
G,G,G,G,G,Y,5.0
G,G,G,G,G,Y,4.5
G,G,G,G,G,G,5.0
G,G,G,G,G,Y,4.5
G,G,G,G,G,G,5.0
G,G,G,G,G,Y,4.5
G,G,G,G,G,G,5.0
G,G,G,G,G,G,5.5
G,G,G,G,G,Y,5.0
G,G,G,G,G,G,5.5
G,G,G,G,G,Y,5.0
G,G,G,G,G,G,5.5
G,G,G,G,G,Y,5.0
G,G,G,G,G,G,5.5
G,G,G,G,G,Y,5.0
G,G,G,G,G,G,5.5
G,G,G,G,G,Y,5.0
G,G,G,G,G,Y,4.5
G,G,G,G,G,G,5.0
G,G,G,G,Y,Y,4.5
G,G,G,G,G,G,5.0
G,G,G,G,G,Y,4.5
G,G,G,G,G,G,5.0
G,G,G,G,G,Y,4.5
G,G,G,G,G,G,5.0
G,G,G,G,G,G,5.5
G,G,G,G,G,G,6.0
Y,G,G,G,G,G,5.5
G,G,G,G,G,G,6.0
Y,G,G,G,G,G,5.5
Y,G,G,G,G,G,5.0
G,G,G,G,G,G,5.5
G,G,G,G,G,G,6.0
Y,G,G,G,G,G,5.5
Y,G,G,G,G,G,5.0
G,G,G,G,G,G,5.5
Y,G,G,G,G,G,5.0
Y,G,G,G,G,G,4.5
G,G,G,G,G,G,5.0
Y,G,G,G,G,G,4.5
G,G,G,G,G,G,5.0
G,G,G,G,G,G,5.5
G,G,G,G,G,G,6.0
G,G,G,G,G,G,6.5
G,G,G,G,G,G,7.0
G,G,G,G,G,G,7.5
G,G,G,G,G,G,8.0
G,G,G,G,G,G,8.5
G,G,G,G,G,G,9.0
G,G,G,G,G,G,9.5
G,G,G,G,G,G,10.0
G,G,G,G,G,G,10
G,G,G,G,G,G,10
G,G,G,G,G,G,10
G,G,G,G,G,G,10
G,G,G,G,G,Y,9.5
G,G,G,G,G,G,10.0
Y,G,G,G,G,G,9.5
Y,G,G,G,G,G,9.0
Y,G,G,G,G,G,8.5
Y,G,G,G,G,G,8.0
Y,G,G,G,G,G,7.5
Y,G,G,G,G,G,7.0
Y,G,G,G,G,G,6.5
Y,G,G,G,G,G,6.0
Y,G,G,G,G,G,5.5
G,G,G,G,G,G,6.0
G,G,G,G,G,G,6.5
G,G,G,G,G,G,7.0
G,G,G,G,G,G,7.5
Y,G,G,G,G,G,7.0
G,G,G,G,G,G,7.5
G,G,G,G,G,G,8.0
G,G,G,G,G,G,8.5
Y,G,G,G,G,G,8.0
Y,G,G,G,G,G,7.5
Y,G,G,G,G,G,7.0
G,G,G,G,G,G,7.5
Y,G,G,G,G,G,7.0
Y,G,G,G,G,G,6.5
G,G,G,G,G,G,7.0
Y,G,G,G,G,G,6.5
G,G,G,G,G,G,7.0
Y,G,G,G,G,G,6.5
Y,Y,G,G,G,G,6.0
G,G,G,G,G,G,6.5
G,G,G,G,G,G,7.0
Y,G,G,G,G,G,6.5
G,G,G,G,G,G,7.0
G,G,G,G,G,G,7.5
G,G,G,G,G,G,8.0
G,G,G,G,G,G,8.5
G,G,G,G,G,G,9.0
G,G,G,G,G,G,9.5
G,G,G,G,G,Y,9.0
G,G,G,G,G,G,9.5
G,G,G,G,G,G,10.0
G,G,G,G,G,G,10
G,G,G,G,G,G,10
G,G,G,G,G,G,10
G,G,G,G,G,G,10
G,G,G,G,G,G,10
G,G,G,G,G,G,10
G,G,G,Y,Y,Y,9.5
G,G,G,Y,Y,Y,9.0
G,G,G,Y,Y,Y,8.5
G,G,G,Y,Y,Y,8.0
G,G,G,Y,Y,Y,7.5
G,G,G,Y,Y,Y,7.0
G,G,G,G,Y,Y,6.5
G,G,G,G,Y,Y,6.0
G,G,G,G,Y,Y,5.5
G,G,G,G,Y,Y,5.0
G,G,G,G,Y,Y,4.5
G,G,G,G,Y,Y,4.0
G,G,G,Y,Y,Y,3.5
G,G,G,G,Y,Y,3.0
G,G,G,G,Y,Y,2.5
G,G,G,G,G,Y,2.0
G,G,G,G,G,Y,1.5
G,G,G,G,G,G,2.0
G,G,G,G,G,G,2.5
G,G,G,G,G,Y,2.0
G,G,G,G,G,G,2.5
G,G,G,G,G,G,3.0
G,G,G,G,G,G,3.5
G,G,G,G,G,G,4.0
Y,G,G,G,G,G,3.5
Y,G,G,G,G,G,3.0
Y,G,G,G,G,G,2.5
G,G,G,G,G,G,3.0
G,G,G,G,G,G,3.5
G,G,G,G,G,G,4.0
G,G,G,G,G,G,4.5
G,G,G,G,G,Y,4.0
G,G,G,G,G,G,4.5
G,G,G,G,G,G,5.0
G,G,G,G,G,G,5.5
G,G,G,G,G,G,6.0
G,G,G,G,G,G,6.5
G,G,G,G,G,G,7.0
G,G,G,G,G,G,7.5
G,G,G,G,G,G,8.0
G,G,G,G,G,G,8.5
G,G,G,G,G,G,9.0
G,G,G,G,G,G,9.5
Y,G,G,G,G,G,9.0
Y,Y,G,G,G,G,8.5
Y,Y,G,G,G,G,8.0
Y,Y,G,G,G,G,7.5
Y,Y,G,G,G,G,7.0
Y,Y,G,G,G,G,6.5
Y,Y,G,G,G,G,6.0
Y,G,G,G,G,G,5.5
Y,G,G,G,G,G,5.0
G,G,G,G,G,G,5.5
G,G,G,G,G,G,6.0
G,G,G,G,G,G,6.5
G,G,G,G,G,G,7.0
G,G,G,G,G,G,7.5
G,G,G,G,G,G,8.0
Y,G,G,G,G,G,7.5
Y,Y,G,G,G,G,7.0
G,G,G,G,G,G,7.5
Y,G,G,G,G,G,7.0
G,G,G,G,G,G,7.5
G,G,G,G,G,G,8.0
G,G,G,G,G,G,8.5
G,G,G,G,G,G,9.0
G,G,G,G,G,G,9.5
G,G,G,G,G,G,10.0
G,G,G,G,G,G,10
G,G,G,G,G,Y,9.5
Y,G,G,G,G,G,9.0
G,G,G,G,G,Y,8.5
G,G,G,G,G,G,9.0
G,G,G,G,G,G,9.5
Y,G,G,G,G,G,9.0
G,G,G,G,G,G,9.5
G,G,G,G,G,G,10.0
G,G,G,G,G,G,10
G,G,G,G,G,G,10
G,G,G,G,G,G,10
G,G,G,G,G,G,10
Y,G,G,G,G,G,9.5
G,G,G,G,G,G,10.0
Y,G,G,G,G,G,9.5
Y,G,G,G,G,G,9.0
Y,G,G,G,G,G,8.5
G,G,G,G,G,G,9.0
Y,G,G,G,G,G,8.5
G,G,G,G,G,G,9.0
Y,G,G,G,G,G,8.5
Y,G,G,G,G,G,8.0
Y,G,G,G,G,G,7.5
Y,G,G,G,G,G,7.0
Y,G,G,G,G,G,6.5
Y,G,G,G,G,G,6.0
Y,G,G,G,G,G,5.5
G,G,G,G,G,G,6.0
G,G,G,G,G,G,6.5
Y,G,G,G,G,G,6.0
G,G,G,G,G,G,6.5
G,G,G,G,G,G,7.0
Y,Y,G,G,G,G,6.5
G,G,G,G,G,G,7.0
Y,G,G,G,G,G,6.5
G,G,G,G,G,G,7.0
G,G,G,G,G,G,7.5
Y,G,G,G,G,G,7.0
G,G,G,G,G,G,7.5
G,G,G,G,G,G,8.0
Y,G,G,G,G,G,7.5
G,G,G,G,G,Y,7.0
G,G,G,G,G,G,7.5
G,G,G,G,G,G,8.0
G,G,G,G,G,G,8.5
G,G,G,G,G,G,9.0
G,G,G,G,G,Y,8.5
G,G,G,G,G,G,9.0
G,G,G,G,G,Y,8.5
G,G,G,G,G,G,9.0
G,G,G,G,G,G,9.5
G,G,G,G,G,G,10.0
G,G,G,G,G,Y,9.5
G,G,G,G,G,G,10.0
Y,G,G,G,G,G,9.5
G,G,G,G,G,G,10.0
G,G,G,G,G,G,10
G,G,G,G,G,Y,9.5
G,G,G,G,G,Y,9.0
G,G,G,G,G,Y,8.5
G,G,G,G,G,Y,8.0
G,G,G,G,G,Y,7.5
G,G,G,G,G,Y,7.0
G,G,G,G,G,Y,6.5
G,G,G,G,G,Y,6.0
G,G,G,G,G,G,6.5
G,G,G,G,G,G,7.0
G,G,G,G,G,G,7.5
Y,G,G,G,G,G,7.0
Y,G,G,G,G,G,6.5
Y,G,G,G,G,G,6.0
Y,G,G,G,G,G,5.5
G,G,G,G,G,G,6.0
G,G,G,G,G,G,6.5
G,G,G,G,G,G,7.0
G,G,G,G,G,G,7.5
G,G,G,G,G,G,8.0
G,G,G,G,G,G,8.5
G,G,G,G,G,Y,8.0
G,G,G,G,G,G,8.5
G,G,G,G,G,G,9.0
Y,G,G,G,G,G,8.5
Y,G,G,G,G,G,8.0
G,G,G,G,G,G,8.5
G,G,G,G,G,G,9.0
G,G,G,G,G,G,9.5
Y,G,G,G,G,G,9.0
G,G,G,G,G,G,9.5
Y,G,G,G,G,G,9.0
Y,G,G,G,G,G,8.5
Y,G,G,G,G,G,8.0
Y,G,G,G,G,G,7.5
G,G,G,G,G,G,8.0
Y,G,G,G,G,G,7.5
G,G,G,G,G,G,8.0
Y,G,G,G,G,G,7.5
Y,G,G,G,G,G,7.0
G,G,G,G,G,G,7.5
Y,Y,G,G,G,G,7.0
Y,G,G,G,G,G,6.5
Y,G,G,G,G,G,6.0
Y,G,G,G,G,G,5.5
Y,G,G,G,G,G,5.0
Y,G,G,G,G,G,4.5
Y,G,G,G,G,G,4.0
Y,G,G,G,G,G,3.5
Y,G,G,G,G,G,3.0
G,G,G,G,G,G,3.5
G,G,G,G,G,G,4.0
G,G,G,G,G,G,4.5
Y,G,G,G,G,G,4.0
G,G,G,G,G,G,4.5
G,G,G,G,G,G,5.0
G,G,G,G,G,G,5.5
G,G,G,G,G,G,6.0
G,G,G,G,G,G,6.5
G,G,G,G,G,G,7.0
Y,G,G,G,G,G,6.5
G,G,G,G,G,G,7.0
G,G,G,G,G,Y,6.5
G,G,G,G,G,Y,6.0
G,G,G,G,G,Y,5.5
G,G,G,G,G,Y,5.0
G,G,G,G,G,Y,4.5
G,G,G,G,G,G,5.0
G,G,G,G,G,G,5.5
G,G,G,G,G,Y,5.0
G,G,G,G,G,Y,4.5
G,G,G,G,G,G,5.0
G,G,G,G,G,G,5.5
G,G,G,G,G,Y,5.0
G,G,G,G,G,G,5.5
G,G,G,G,G,Y,5.0
G,G,G,G,G,G,5.5
G,G,G,G,G,G,6.0
G,G,G,G,G,Y,5.5
G,G,G,G,G,Y,5.0
G,G,G,G,G,G,5.5
G,G,G,G,G,Y,5.0
G,G,G,G,G,Y,4.5
G,G,G,G,G,G,5.0
G,G,G,G,G,Y,4.5
G,G,G,G,G,Y,4.0
G,G,G,G,G,G,4.5
G,G,G,G,G,G,5.0
G,G,G,G,G,G,5.5
G,G,G,G,G,G,6.0
Y,G,G,G,G,G,5.5
G,G,G,G,G,G,6.0
Y,G,G,G,G,G,5.5
G,G,G,G,G,G,6.0
Y,G,G,G,G,G,5.5
Y,G,G,G,G,G,5.0
G,G,G,G,G,G,5.5
Y,G,G,G,G,G,5.0
G,G,G,G,G,G,5.5
Y,Y,G,G,G,G,5.0
G,G,G,G,G,G,5.5
Y,G,G,G,G,G,5.0
Y,G,G,G,G,G,4.5
G,G,G,G,G,G,5.0
G,G,G,G,G,G,5.5
G,G,G,G,G,G,6.0
G,G,G,G,G,G,6.5
G,G,G,G,G,G,7.0
G,G,G,G,G,G,7.5
G,G,G,G,G,G,8.0
G,G,G,G,G,G,8.5
G,G,G,G,G,G,9.0
G,G,G,G,G,G,9.5
G,G,G,G,G,G,10.0
G,G,G,G,G,G,10
G,G,G,G,G,G,10
G,G,G,G,G,G,10
G,G,G,G,G,G,10
G,G,G,G,G,G,10
G,G,G,G,G,G,10
Y,G,G,G,G,G,9.5
Y,G,G,G,G,G,9.0
Y,G,G,G,G,G,8.5
Y,G,G,G,G,G,8.0
Y,G,G,G,G,G,7.5
Y,G,G,G,G,G,7.0
Y,G,G,G,G,G,6.5
Y,G,G,G,G,G,6.0
G,G,G,G,G,G,6.5
G,G,G,G,G,G,7.0
G,G,G,G,G,G,7.5
G,G,G,G,G,G,8.0
G,G,G,G,G,G,8.5
Y,G,G,G,G,G,8.0
Y,G,G,G,G,G,7.5
Y,G,G,G,G,G,7.0
G,G,G,G,G,G,7.5
Y,G,G,G,G,G,7.0
G,G,G,G,G,G,7.5
Y,G,G,G,G,G,7.0
G,G,G,G,G,G,7.5
Y,G,G,G,G,G,7.0
Y,G,G,G,G,G,6.5
G,G,G,G,G,G,7.0
Y,G,G,G,G,G,6.5
Y,G,G,G,G,G,6.0
G,G,G,G,G,G,6.5
G,G,G,G,G,G,7.0
G,G,G,G,G,G,7.5
G,G,G,G,G,G,8.0
Y,G,G,G,G,G,7.5
G,G,G,G,G,G,8.0
G,G,G,G,G,G,8.5
G,G,G,G,G,G,9.0
G,G,G,G,G,G,9.5
G,G,G,G,G,G,10.0
G,G,G,G,G,Y,9.5
G,G,G,G,G,G,10.0
G,G,G,G,G,G,10
G,G,G,G,G,G,10
G,G,G,G,G,G,10
G,G,G,G,G,G,10
G,G,G,G,G,G,10
G,G,G,G,G,G,10
G,G,G,Y,Y,Y,9.5
G,G,Y,Y,Y,Y,9.0
G,G,G,Y,Y,Y,8.5
G,G,G,Y,Y,Y,8.0
G,G,G,Y,Y,Y,7.5
G,G,G,G,Y,Y,7.0
G,G,G,G,Y,Y,6.5
G,G,G,G,Y,Y,6.0
G,G,G,G,Y,Y,5.5
G,G,G,G,Y,Y,5.0
G,G,G,G,Y,Y,4.5
G,G,G,G,Y,Y,4.0
G,G,G,G,Y,Y,3.5
G,G,G,G,Y,Y,3.0
G,G,G,G,G,Y,2.5
G,G,G,G,G,Y,2.0
G,G,G,G,G,Y,1.5
G,G,G,G,G,G,2.0
G,G,G,G,G,G,2.5
G,G,G,G,G,G,3.0
G,G,G,G,G,G,3.5
G,G,G,G,G,G,4.0
G,G,G,G,G,G,4.5
Y,G,G,G,G,G,4.0
G,G,G,G,G,G,4.5
G,G,G,G,G,G,5.0
G,G,G,G,G,G,5.5
G,G,G,G,G,G,6.0
G,G,G,G,G,G,6.5
G,G,G,G,G,G,7.0
G,G,G,G,G,G,7.5
G,G,G,G,G,G,8.0
G,G,G,G,G,G,8.5
Y,G,G,G,G,G,8.0
G,G,G,G,G,G,8.5
G,G,G,G,G,G,9.0
G,G,G,G,G,G,9.5
G,G,G,G,G,G,10.0
Y,G,G,G,G,G,9.5
Y,G,G,G,G,G,9.0
Y,Y,G,G,G,G,8.5
Y,Y,Y,G,G,G,8.0
Y,Y,G,G,G,G,7.5
Y,Y,G,G,G,G,7.0
Y,G,G,G,G,G,6.5
Y,Y,G,G,G,G,6.0
G,G,G,G,G,G,6.5
G,G,G,G,G,G,7.0
G,G,G,G,G,G,7.5
Y,G,G,G,G,G,7.0
Y,G,G,G,G,G,6.5
G,G,G,G,G,G,7.0
G,G,G,G,G,G,7.5
G,G,G,G,G,G,8.0
Y,G,G,G,G,G,7.5
G,G,G,G,G,G,8.0
G,G,G,G,G,G,8.5
G,G,G,G,G,G,9.0
G,G,G,G,G,G,9.5
G,G,G,G,G,G,10.0
G,G,G,G,G,G,10
G,G,G,G,G,Y,9.5
G,G,G,G,G,G,10.0
G,G,G,G,G,G,10
Y,G,G,G,G,G,9.5
G,G,G,G,G,G,10.0
G,G,G,G,G,G,10
G,G,G,G,G,G,10
G,G,G,G,G,G,10
G,G,G,G,G,G,10
G,G,G,G,G,G,10
G,G,G,G,G,G,10
Y,G,G,G,G,G,9.5
G,G,G,G,G,G,10.0
Y,G,G,G,G,G,9.5
Y,G,G,G,G,G,9.0
Y,G,G,G,G,G,8.5
G,G,G,G,G,G,9.0
Y,G,G,G,G,G,8.5
G,G,G,G,G,G,9.0
Y,G,G,G,G,G,8.5
Y,G,G,G,G,G,8.0
Y,G,G,G,G,G,7.5
Y,G,G,G,G,G,7.0
Y,G,G,G,G,G,6.5
Y,G,G,G,G,G,6.0
Y,G,G,G,G,G,5.5
G,G,G,G,G,G,6.0
Y,G,G,G,G,G,5.5
G,G,G,G,G,G,6.0
G,G,G,G,G,G,6.5
G,G,G,G,G,G,7.0
G,G,G,G,G,G,7.5
Y,G,G,G,G,G,7.0
Y,Y,G,G,G,G,6.5
G,G,G,G,G,G,7.0
Y,G,G,G,G,G,6.5
G,G,G,G,G,G,7.0
Y,G,G,G,G,G,6.5
G,G,G,G,G,Y,6.0
G,G,G,G,G,G,6.5
G,G,G,G,G,G,7.0
G,G,G,G,G,G,7.5
G,G,G,G,G,G,8.0
G,G,G,G,G,G,8.5
G,G,G,G,G,G,9.0
G,G,G,G,G,Y,8.5
G,G,G,G,G,G,9.0
G,G,G,G,G,G,9.5
G,G,G,G,G,Y,9.0
G,G,G,G,G,Y,8.5
G,G,G,G,G,Y,8.0
G,G,G,G,G,G,8.5
Y,G,G,G,G,G,8.0
Y,G,G,G,G,G,7.5
G,G,G,G,G,G,8.0
G,G,G,G,G,G,8.5
Y,G,G,G,G,G,8.0
G,G,G,G,G,G,8.5
G,G,G,G,G,Y,8.0
G,G,G,G,Y,Y,7.5
G,G,G,G,G,Y,7.0
G,G,G,G,G,Y,6.5
G,G,G,G,G,G,7.0
G,G,G,G,G,G,7.5
G,G,G,G,G,Y,7.0
G,G,G,G,G,Y,6.5
G,G,G,G,G,Y,6.0
G,G,G,G,G,Y,5.5
G,G,G,G,G,Y,5.0
G,G,G,G,G,G,5.5
G,G,G,G,G,G,6.0
G,G,G,G,G,G,6.5
Y,Y,G,G,G,G,6.0
Y,G,G,G,G,G,5.5
Y,G,G,G,G,G,5.0
Y,G,G,G,G,G,4.5
G,G,G,G,G,G,5.0
G,G,G,G,G,G,5.5
G,G,G,G,G,G,6.0
G,G,G,G,G,G,6.5
G,G,G,G,G,G,7.0
G,G,G,G,G,Y,6.5
G,G,G,G,G,G,7.0
G,G,G,G,G,G,7.5
G,G,G,G,G,G,8.0
G,G,G,G,G,G,8.5
G,G,G,G,G,G,9.0
Y,G,G,G,G,G,8.5
Y,G,G,G,G,G,8.0
G,G,G,G,G,G,8.5
G,G,G,G,G,G,9.0
Y,G,G,G,G,G,8.5
Y,G,G,G,G,G,8.0
G,G,G,G,G,G,8.5
Y,G,G,G,G,G,8.0
Y,G,G,G,G,G,7.5
G,G,G,G,G,G,8.0
Y,G,G,G,G,G,7.5
G,G,G,G,G,G,8.0
Y,G,G,G,G,G,7.5
Y,G,G,G,G,G,7.0
G,G,G,G,G,G,7.5
Y,G,G,G,G,G,7.0
G,G,G,G,G,G,7.5
Y,Y,G,G,G,G,7.0
Y,Y,G,G,G,G,6.5
Y,Y,G,G,G,G,6.0
Y,Y,G,G,G,G,5.5
Y,G,G,G,G,G,5.0
Y,G,G,G,G,G,4.5
Y,G,G,G,G,G,4.0
Y,G,G,G,G,G,3.5
Y,G,G,G,G,G,3.0
Y,G,G,G,G,G,2.5
G,G,G,G,G,G,3.0
G,G,G,G,G,G,3.5
G,G,G,G,G,G,4.0
G,G,G,G,G,G,4.5
G,G,G,G,G,G,5.0
G,G,G,G,G,G,5.5
G,G,G,G,G,G,6.0
G,G,G,G,G,G,6.5
G,G,G,G,G,G,7.0
G,G,G,G,G,Y,6.5
G,G,G,G,G,G,7.0
G,G,G,G,G,G,7.5
G,G,G,G,G,G,8.0
G,G,G,G,G,G,8.5
G,G,G,G,Y,Y,8.0
G,G,G,Y,Y,Y,7.5
G,G,G,Y,Y,Y,7.0
G,G,G,Y,Y,Y,6.5
G,G,G,Y,Y,Y,6.0
G,G,G,G,Y,Y,5.5
G,G,G,G,Y,Y,5.0
G,G,G,G,G,Y,4.5
G,G,G,G,G,Y,4.0
G,G,G,G,G,G,4.5
G,G,G,G,G,G,5.0
G,G,G,G,G,G,5.5
G,G,G,G,G,G,6.0
G,G,G,G,G,G,6.5
G,G,G,G,G,Y,6.0
G,G,G,G,G,Y,5.5
G,G,G,G,G,G,6.0
G,G,G,G,G,Y,5.5
G,G,G,G,G,Y,5.0
G,G,G,G,G,G,5.5
G,G,G,G,G,G,6.0
G,G,G,G,G,G,6.5
Y,G,G,G,G,G,6.0
G,G,G,G,G,G,6.5
Y,G,G,G,G,G,6.0
G,G,G,G,G,G,6.5
Y,G,G,G,G,G,6.0
Y,G,G,G,G,G,5.5
G,G,G,G,G,G,6.0
Y,G,G,G,G,G,5.5
G,G,G,G,G,G,6.0
Y,G,G,G,G,G,5.5
Y,G,G,G,G,G,5.0
Y,G,G,G,G,G,4.5
G,G,G,G,G,G,5.0
G,G,G,G,G,G,5.5
G,G,G,G,G,G,6.0
G,G,G,G,G,G,6.5
G,G,G,G,G,G,7.0
G,G,G,G,G,G,7.5
G,G,G,G,G,G,8.0
G,G,G,G,G,G,8.5
G,G,G,G,G,G,9.0
G,G,G,G,G,G,9.5
G,G,G,G,G,G,10.0
G,G,G,G,G,G,10
G,G,G,G,G,G,10
G,G,G,G,G,G,10
G,G,G,G,G,G,10
G,G,G,G,G,G,10
G,G,G,G,G,G,10
Y,G,G,G,G,G,9.5
Y,G,G,G,G,G,9.0
Y,G,G,G,G,G,8.5
Y,G,G,G,G,G,8.0
Y,G,G,G,G,G,7.5
Y,G,G,G,G,G,7.0
Y,G,G,G,G,G,6.5
G,G,G,G,G,G,7.0
G,G,G,G,G,G,7.5
G,G,G,G,G,G,8.0
Y,G,G,G,G,G,7.5
G,G,G,G,G,G,8.0
Y,G,G,G,G,G,7.5
Y,G,G,G,G,G,7.0
G,G,G,G,G,G,7.5
G,G,G,G,G,G,8.0
Y,G,G,G,G,G,7.5
Y,G,G,G,G,G,7.0
G,G,G,G,G,G,7.5
Y,G,G,G,G,G,7.0
G,G,G,G,G,G,7.5
Y,G,G,G,G,G,7.0
Y,Y,G,G,G,G,6.5
G,G,G,G,G,G,7.0
Y,G,G,G,G,G,6.5
Y,G,G,G,G,G,6.0
G,G,G,G,G,G,6.5
G,G,G,G,G,G,7.0
Y,G,G,G,G,G,6.5
G,G,G,G,G,G,7.0
G,G,G,G,G,G,7.5
G,G,G,G,G,G,8.0
G,G,G,G,G,G,8.5
G,G,G,G,G,G,9.0
G,G,G,G,G,G,9.5
G,G,G,G,G,Y,9.0
G,G,G,G,G,G,9.5
G,G,G,G,G,G,10.0
G,G,G,G,G,G,10
G,G,G,G,G,G,10
G,G,G,G,G,G,10
G,G,G,G,G,G,10
G,G,G,G,G,G,10
G,G,G,G,G,G,10
G,G,G,G,Y,Y,9.5
G,G,G,G,Y,Y,9.0
G,G,G,G,Y,Y,8.5
G,G,G,G,Y,Y,8.0
G,G,G,G,Y,Y,7.5
G,G,G,G,Y,Y,7.0
G,G,G,G,Y,Y,6.5
G,G,G,G,Y,Y,6.0
G,G,G,G,Y,Y,5.5
G,G,G,G,Y,Y,5.0
G,G,G,G,Y,Y,4.5
G,G,G,G,Y,Y,4.0
G,G,G,G,Y,Y,3.5
G,G,G,G,Y,Y,3.0
G,G,G,G,G,Y,2.5
G,G,G,G,G,Y,2.0
G,G,G,G,G,Y,1.5
G,G,G,G,G,G,2.0
G,G,G,G,G,G,2.5
G,G,G,G,G,G,3.0
G,G,G,G,G,G,3.5
G,G,G,G,G,G,4.0
G,G,G,G,G,G,4.5
Y,G,G,G,G,G,4.0
G,G,G,G,G,G,4.5
G,G,G,G,G,G,5.0
G,G,G,G,G,G,5.5
G,G,G,G,G,G,6.0
G,G,G,G,G,G,6.5
G,G,G,G,G,G,7.0
G,G,G,G,G,G,7.5
Y,G,G,G,G,G,7.0
G,G,G,G,G,G,7.5
G,G,G,G,G,G,8.0
G,G,G,G,G,G,8.5
G,G,G,G,G,G,9.0
G,G,G,G,G,Y,8.5
G,G,G,G,G,G,9.0
G,G,G,G,G,G,9.5
Y,Y,Y,G,G,G,9.0
Y,Y,G,G,G,G,8.5
Y,Y,Y,G,G,G,8.0
Y,Y,Y,G,G,G,7.5
Y,Y,Y,G,G,G,7.0
Y,Y,Y,G,G,G,6.5
Y,Y,Y,G,G,G,6.0
Y,Y,Y,G,G,G,5.5
Y,Y,Y,G,G,G,5.0
Y,G,G,G,G,G,4.5
Y,G,G,G,G,G,4.0
G,G,G,G,G,G,4.5
G,G,G,G,G,G,5.0
G,G,G,G,G,G,5.5
G,G,G,G,G,Y,5.0
Y,G,G,G,G,G,4.5
G,G,G,G,G,Y,4.0
G,G,G,G,G,G,4.5
G,G,G,G,G,G,5.0
G,G,G,G,G,G,5.5
Y,G,G,G,G,G,5.0
G,G,G,G,G,G,5.5
G,G,G,G,G,G,6.0
G,G,G,G,G,G,6.5
Y,G,G,G,G,G,6.0
G,G,G,G,G,Y,5.5
Y,G,G,G,G,G,5.0
G,G,G,G,G,G,5.5
G,G,G,G,G,G,6.0
G,G,G,G,G,G,6.5
G,G,G,G,G,G,7.0
G,G,G,G,G,G,7.5
G,G,G,G,G,G,8.0
G,G,G,G,G,G,8.5
G,G,G,G,G,G,9.0
G,G,G,G,G,G,9.5
G,G,G,G,G,G,10.0
G,G,G,G,G,Y,9.5
Y,G,G,G,G,G,9.0
G,G,G,G,G,Y,8.5
G,G,G,G,G,G,9.0
G,G,G,G,G,G,9.5
G,G,G,G,G,G,10.0
Y,G,G,G,G,G,9.5
G,G,G,G,G,G,10.0
Y,G,G,G,G,G,9.5
G,G,G,G,G,G,10.0
G,G,G,G,G,G,10
Y,G,G,G,G,G,9.5
Y,G,G,G,G,G,9.0
Y,G,G,G,G,G,8.5
G,G,G,G,G,G,9.0
G,G,G,G,G,G,9.5
Y,G,G,G,G,G,9.0
Y,G,G,G,G,G,8.5
Y,G,G,G,G,G,8.0
Y,G,G,G,G,G,7.5
Y,G,G,G,G,G,7.0
Y,G,G,G,G,G,6.5
Y,G,G,G,G,G,6.0
Y,G,G,G,G,G,5.5
G,G,G,G,G,G,6.0
G,G,G,G,G,G,6.5
G,G,G,G,G,G,7.0
G,G,G,G,G,G,7.5
Y,G,G,G,G,G,7.0
Y,G,G,G,G,G,6.5
Y,G,G,G,G,G,6.0
G,G,G,G,G,G,6.5
G,G,G,G,G,G,7.0
G,G,G,G,G,G,7.5
Y,G,G,G,G,G,7.0
G,G,G,G,G,G,7.5
G,G,G,G,G,G,8.0
G,G,G,G,G,Y,7.5
G,G,G,G,G,G,8.0
Y,G,G,G,G,G,7.5
G,G,G,G,G,G,8.0
Y,G,G,G,G,G,7.5
G,G,G,G,G,G,8.0
G,G,G,G,G,Y,7.5
G,G,G,G,G,Y,7.0
G,G,G,G,G,G,7.5
G,G,G,G,G,G,8.0
G,G,G,G,G,Y,7.5
G,G,G,G,G,G,8.0
G,G,G,G,G,G,8.5
G,G,G,G,G,G,9.0
G,G,G,G,G,Y,8.5
G,G,G,G,G,Y,8.0
G,G,G,G,G,G,8.5
Y,G,G,G,G,G,8.0
Y,G,G,G,G,G,7.5
G,G,G,G,G,G,8.0
G,G,G,G,G,G,8.5
G,G,G,G,G,G,9.0
G,G,G,G,Y,Y,8.5
G,G,G,G,Y,Y,8.0
G,G,G,G,Y,Y,7.5
G,G,G,G,Y,Y,7.0
G,G,G,G,Y,Y,6.5
G,G,G,G,Y,Y,6.0
G,G,G,G,Y,Y,5.5
G,G,G,G,G,Y,5.0
G,G,G,G,G,Y,4.5
G,G,G,G,G,G,5.0
G,G,G,G,G,G,5.5
G,G,G,G,G,G,6.0
G,G,G,G,G,G,6.5
Y,G,G,G,G,G,6.0
Y,Y,G,G,G,G,5.5
Y,Y,G,G,G,G,5.0
Y,G,G,G,G,G,4.5
Y,G,G,G,G,G,4.0
Y,G,G,G,G,G,3.5
G,G,G,G,G,G,4.0
G,G,G,G,G,G,4.5
G,G,G,G,G,G,5.0
G,G,G,G,G,G,5.5
G,G,G,G,G,G,6.0
G,G,G,G,G,Y,5.5
G,G,G,G,G,Y,5.0
G,G,G,G,G,G,5.5
G,G,G,G,G,G,6.0
G,G,G,G,G,G,6.5
G,G,G,G,G,G,7.0
G,G,G,G,G,G,7.5
G,G,G,G,G,G,8.0
G,G,G,G,G,G,8.5
Y,G,G,G,G,G,8.0
Y,G,G,G,G,G,7.5
Y,G,G,G,G,G,7.0
Y,G,G,G,G,G,6.5
G,G,G,G,G,G,7.0
G,G,G,G,G,G,7.5
Y,G,G,G,G,G,7.0
G,G,G,G,G,G,7.5
Y,G,G,G,G,G,7.0
G,G,G,G,G,G,7.5
Y,G,G,G,G,G,7.0
Y,G,G,G,G,G,6.5
G,G,G,G,G,G,7.0
G,G,G,G,G,G,7.5
Y,Y,G,G,G,G,7.0
Y,G,G,G,G,G,6.5
Y,G,G,G,G,G,6.0
G,G,G,G,G,G,6.5
Y,G,G,G,G,G,6.0
Y,G,G,G,G,G,5.5
Y,G,G,G,G,G,5.0
Y,G,G,G,G,G,4.5
Y,G,G,G,G,G,4.0
Y,G,G,G,G,G,3.5
Y,G,G,G,G,G,3.0
Y,G,G,G,G,G,2.5
G,G,G,G,G,G,3.0
G,G,G,G,G,G,3.5
G,G,G,G,G,G,4.0
G,G,G,G,G,G,4.5
G,G,G,G,G,G,5.0
Y,G,G,G,G,G,4.5
G,G,G,G,G,G,5.0
G,G,G,G,G,G,5.5
G,G,G,G,G,G,6.0
G,G,G,G,G,G,6.5
G,G,G,G,G,G,7.0
G,G,G,G,G,G,7.5
G,G,G,G,G,G,8.0
G,G,G,G,G,G,8.5
G,G,G,G,Y,Y,8.0
G,G,G,Y,Y,Y,7.5
G,G,G,Y,Y,Y,7.0
G,G,G,Y,Y,Y,6.5
G,G,G,Y,Y,Y,6.0
G,G,G,Y,Y,Y,5.5
G,G,G,G,Y,Y,5.0
G,G,G,G,Y,Y,4.5
G,G,G,G,G,Y,4.0
G,G,G,G,G,G,4.5
G,G,G,G,G,G,5.0
G,G,G,G,G,G,5.5
G,G,G,G,G,G,6.0
G,G,G,G,G,G,6.5
G,G,G,G,G,Y,6.0
G,G,G,G,G,Y,5.5
G,G,G,G,G,G,6.0
G,G,G,G,G,Y,5.5
G,G,G,G,G,G,6.0
G,G,G,G,G,Y,5.5
G,G,G,G,G,Y,5.0
G,G,G,G,G,G,5.5
G,G,G,G,G,G,6.0
G,G,G,G,G,G,6.5
Y,G,G,G,G,G,6.0
G,G,G,G,G,G,6.5
Y,G,G,G,G,G,6.0
G,G,G,G,G,G,6.5
Y,G,G,G,G,G,6.0
Y,Y,G,G,G,G,5.5
G,G,G,G,G,G,6.0
Y,G,G,G,G,G,5.5
G,G,G,G,G,G,6.0
Y,G,G,G,G,G,5.5
Y,G,G,G,G,G,5.0
Y,G,G,G,G,G,4.5
G,G,G,G,G,G,5.0
G,G,G,G,G,G,5.5
G,G,G,G,G,G,6.0
G,G,G,G,G,G,6.5
G,G,G,G,G,G,7.0
G,G,G,G,G,G,7.5
G,G,G,G,G,G,8.0
G,G,G,G,G,G,8.5
G,G,G,G,G,G,9.0
G,G,G,G,G,G,9.5
G,G,G,G,G,G,10.0
G,G,G,G,G,G,10
G,G,G,G,G,G,10
G,G,G,G,G,G,10
G,G,G,G,G,G,10
G,G,G,G,G,G,10
G,G,G,G,G,G,10
Y,G,G,G,G,G,9.5
Y,G,G,G,G,G,9.0
Y,G,G,G,G,G,8.5
Y,G,G,G,G,G,8.0
Y,G,G,G,G,G,7.5
Y,G,G,G,G,G,7.0
Y,G,G,G,G,G,6.5
G,G,G,G,G,G,7.0
G,G,G,G,G,G,7.5
Y,G,G,G,G,G,7.0
G,G,G,G,G,G,7.5
G,G,G,G,G,G,8.0
Y,G,G,G,G,G,7.5
G,G,G,G,G,G,8.0
Y,G,G,G,G,G,7.5
Y,G,G,G,G,G,7.0
G,G,G,G,G,G,7.5
G,G,G,G,G,G,8.0
Y,G,G,G,G,G,7.5
Y,G,G,G,G,G,7.0
Y,G,G,G,G,G,6.5
G,G,G,G,G,G,7.0
Y,G,G,G,G,G,6.5
G,G,G,G,G,G,7.0
Y,G,G,G,G,G,6.5
G,G,G,G,G,G,7.0
Y,G,G,G,G,G,6.5
Y,G,G,G,G,G,6.0
G,G,G,G,G,G,6.5
G,G,G,G,G,Y,6.0
G,G,G,G,G,G,6.5
G,G,G,G,G,G,7.0
G,G,G,G,G,G,7.5
Y,G,G,G,G,G,7.0
G,G,G,G,G,G,7.5
Y,G,G,G,G,G,7.0
G,G,G,G,G,G,7.5
G,G,G,G,G,Y,7.0
G,G,G,G,G,G,7.5
G,G,G,G,G,Y,7.0
G,G,G,G,G,G,7.5
G,G,G,G,G,G,8.0
G,G,G,G,G,G,8.5
G,G,G,G,G,G,9.0
G,G,G,G,G,G,9.5
G,G,G,G,G,G,10.0
G,G,G,G,G,G,10
G,G,G,G,G,G,10
G,G,G,G,G,Y,9.5
G,G,G,G,Y,Y,9.0
G,G,G,G,Y,Y,8.5
G,G,G,G,Y,Y,8.0
G,G,G,G,Y,Y,7.5
G,G,G,G,G,Y,7.0
G,G,G,G,G,Y,6.5
G,G,G,G,G,Y,6.0
G,G,G,G,G,Y,5.5
G,G,G,G,G,Y,5.0
G,G,G,G,G,Y,4.5
G,G,G,G,G,Y,4.0
G,G,G,G,G,Y,3.5
G,G,G,G,G,Y,3.0
G,G,G,G,Y,Y,2.5
G,G,G,G,G,Y,2.0
G,G,G,G,G,G,2.5
G,G,G,G,G,G,3.0
G,G,G,G,G,G,3.5
G,G,G,G,G,G,4.0
G,G,G,G,G,G,4.5
G,G,G,G,G,G,5.0
G,G,G,G,G,G,5.5
G,G,G,G,G,G,6.0
G,G,G,G,G,G,6.5
Y,G,G,G,G,G,6.0
G,G,G,G,G,G,6.5
G,G,G,G,G,G,7.0
G,G,G,G,G,Y,6.5
G,G,G,G,G,G,7.0
G,G,G,G,G,G,7.5
G,G,G,G,G,G,8.0
G,G,G,G,G,G,8.5
G,G,G,G,G,G,9.0
G,G,G,G,G,G,9.5
G,G,G,G,G,G,10.0
Y,Y,G,G,G,G,9.5
Y,Y,G,G,G,G,9.0
Y,Y,Y,G,G,G,8.5
Y,Y,Y,G,G,G,8.0
Y,Y,Y,G,G,G,7.5
Y,Y,Y,G,G,G,7.0
Y,Y,Y,Y,G,G,6.5
Y,Y,Y,G,G,G,6.0
Y,Y,G,G,G,G,5.5
Y,Y,G,G,G,G,5.0
Y,G,G,G,G,G,4.5
G,G,G,G,G,G,5.0
G,G,G,G,G,G,5.5
G,G,G,G,G,G,6.0
G,G,G,G,G,G,6.5
G,G,G,G,G,G,7.0
G,G,G,G,G,G,7.5
G,G,G,G,G,G,8.0
G,G,G,G,G,G,8.5
G,G,G,G,G,G,9.0
G,G,G,G,G,G,9.5
Y,G,G,G,G,G,9.0
G,G,G,G,G,G,9.5
G,G,G,G,G,Y,9.0
Y,G,G,G,G,G,8.5
G,G,G,G,G,G,9.0
G,G,G,G,G,Y,8.5
Y,G,G,G,G,G,8.0
G,G,G,G,G,G,8.5
Y,G,G,G,G,G,8.0
G,G,G,G,G,Y,7.5
G,G,G,G,G,G,8.0
G,G,G,G,G,G,8.5
G,G,G,G,G,G,9.0
G,G,G,G,G,G,9.5
G,G,G,G,G,Y,9.0
G,G,G,G,G,G,9.5
G,G,G,G,G,G,10.0
Y,G,G,G,G,G,9.5
G,G,G,G,G,G,10.0
Y,G,G,G,G,G,9.5
G,G,G,G,G,G,10.0
Y,G,G,G,G,G,9.5
G,G,G,G,G,G,10.0
Y,G,G,G,G,G,9.5
Y,G,G,G,G,G,9.0
Y,G,G,G,G,G,8.5
G,G,G,G,G,G,9.0
G,G,G,G,G,G,9.5
Y,G,G,G,G,G,9.0
Y,Y,G,G,G,G,8.5
Y,Y,G,G,G,G,8.0
Y,Y,G,G,G,G,7.5
Y,Y,G,G,G,G,7.0
Y,Y,G,G,G,G,6.5
Y,Y,G,G,G,G,6.0
Y,G,G,G,G,G,5.5
Y,G,G,G,G,G,5.0
G,G,G,G,G,G,5.5
G,G,G,G,G,G,6.0
G,G,G,G,G,G,6.5
G,G,G,G,G,G,7.0
G,G,G,G,G,G,7.5
G,G,G,G,G,G,8.0
Y,G,G,G,G,G,7.5
Y,G,G,G,G,G,7.0
G,G,G,G,G,G,7.5
G,G,G,G,G,G,8.0
G,G,G,G,G,G,8.5
G,G,G,G,G,G,9.0
G,G,G,G,G,G,9.5
G,G,G,G,G,G,10.0
G,G,G,G,G,G,10
G,G,G,G,G,Y,9.5
G,G,G,G,G,Y,9.0
G,G,G,G,G,G,9.5
G,G,G,G,G,G,10.0
G,G,G,G,G,G,10
G,G,G,G,G,G,10
G,G,G,G,G,G,10
G,G,G,G,G,Y,9.5
G,G,G,G,G,G,10.0
G,G,G,G,G,G,10
G,G,G,G,G,G,10
G,G,G,G,G,Y,9.5
G,G,G,G,Y,Y,9.0
G,G,G,G,Y,Y,8.5
G,G,G,G,Y,Y,8.0
G,G,G,G,Y,Y,7.5
G,G,G,G,Y,Y,7.0
G,G,G,G,G,Y,6.5
G,G,G,G,G,Y,6.0
G,G,G,G,G,G,6.5
G,G,G,G,G,G,7.0
G,G,G,G,G,G,7.5
Y,Y,G,G,G,G,7.0
Y,Y,G,G,G,G,6.5
Y,Y,G,G,G,G,6.0
Y,Y,G,G,G,G,5.5
Y,Y,G,G,G,G,5.0
Y,G,G,G,G,G,4.5
Y,G,G,G,G,G,4.0
G,G,G,G,G,G,4.5
Y,G,G,G,G,G,4.0
G,G,G,G,G,G,4.5
G,G,G,G,G,G,5.0
G,G,G,G,G,G,5.5
G,G,G,G,Y,Y,5.0
G,G,G,Y,Y,Y,4.5
G,G,G,G,Y,Y,4.0
G,G,G,G,Y,Y,3.5
G,G,G,G,G,Y,3.0
G,G,G,G,G,Y,2.5
G,G,G,G,G,G,3.0
G,G,G,G,G,G,3.5
G,G,G,G,G,G,4.0
G,G,G,G,G,G,4.5
G,G,G,G,G,G,5.0
G,G,G,G,G,G,5.5
Y,G,G,G,G,G,5.0
Y,G,G,G,G,G,4.5
Y,G,G,G,G,G,4.0
Y,G,G,G,G,G,3.5
Y,G,G,G,G,G,3.0
G,G,G,G,G,G,3.5
G,G,G,G,G,G,4.0
G,G,G,G,G,G,4.5
G,G,G,G,G,G,5.0
G,G,G,G,G,G,5.5
G,G,G,G,G,G,6.0
G,G,G,G,G,G,6.5
G,G,G,G,G,G,7.0
Y,Y,G,G,G,G,6.5
Y,G,G,G,G,G,6.0
G,G,G,G,G,G,6.5
Y,G,G,G,G,G,6.0
Y,G,G,G,G,G,5.5
G,G,G,G,G,G,6.0
G,G,G,G,G,G,6.5
Y,G,G,G,G,G,6.0
Y,G,G,G,G,G,5.5
G,G,G,G,G,G,6.0
Y,G,G,G,G,G,5.5
G,G,G,G,G,G,6.0
Y,G,G,G,G,G,5.5
Y,G,G,G,G,G,5.0
Y,G,G,G,G,G,4.5
G,G,G,G,G,G,5.0
Y,G,G,G,G,G,4.5
Y,G,G,G,G,G,4.0
Y,G,G,G,G,G,3.5
Y,Y,G,G,G,G,3.0
Y,G,G,G,G,G,2.5
Y,G,G,G,G,G,2.0
G,G,G,G,G,G,2.5
G,G,G,G,G,G,3.0
G,G,G,G,G,G,3.5
G,G,G,G,G,G,4.0
G,G,G,G,G,G,4.5
Y,G,G,G,G,G,4.0
G,G,G,G,G,G,4.5
G,G,G,G,G,G,5.0
G,G,G,G,G,G,5.5
G,G,G,G,G,G,6.0
G,G,G,G,G,G,6.5
G,G,G,G,G,G,7.0
G,G,G,G,G,G,7.5
G,G,G,G,G,G,8.0
G,G,G,G,G,Y,7.5
G,G,G,G,G,Y,7.0
G,G,G,G,Y,Y,6.5
G,G,G,G,Y,Y,6.0
G,G,G,G,Y,Y,5.5
G,G,G,G,Y,Y,5.0
G,G,G,G,G,Y,4.5
G,G,G,G,G,Y,4.0
G,G,G,G,G,G,4.5
G,G,G,G,G,G,5.0
G,G,G,G,G,G,5.5
G,G,G,G,G,G,6.0
G,G,G,G,G,G,6.5
G,G,G,G,Y,G,6.0
G,G,G,G,G,G,6.5
G,G,G,G,G,Y,6.0
G,G,G,G,G,Y,5.5
G,G,G,G,Y,Y,5.0
G,G,G,G,G,G,5.5
G,G,G,G,G,Y,5.0
G,G,G,G,G,Y,4.5
G,G,G,G,G,G,5.0
G,G,G,G,G,G,5.5
G,G,G,G,G,G,6.0
Y,G,G,G,G,G,5.5
G,G,G,G,G,G,6.0
Y,G,G,G,G,G,5.5
G,G,G,G,G,G,6.0
Y,G,G,G,G,G,5.5
G,G,G,G,G,G,6.0
Y,G,G,G,G,G,5.5
G,G,G,G,G,G,6.0
Y,G,G,G,G,G,5.5
Y,Y,G,G,G,G,5.0
G,G,G,G,G,G,5.5
Y,G,G,G,G,G,5.0
Y,G,G,G,G,G,4.5
G,G,G,G,G,G,5.0
G,G,G,G,G,G,5.5
G,G,G,G,G,G,6.0
G,G,G,G,G,G,6.5
G,G,G,G,G,G,7.0
G,G,G,G,G,G,7.5
G,G,G,G,G,G,8.0
G,G,G,G,G,G,8.5
G,G,G,G,G,G,9.0
G,G,G,G,G,G,9.5
G,G,G,G,G,G,10.0
G,G,G,G,G,G,10
G,G,G,G,G,G,10
G,G,G,G,G,G,10
G,G,G,G,G,G,10
G,G,G,G,G,G,10
G,G,G,G,G,G,10
Y,G,G,G,G,G,9.5
Y,G,G,G,G,G,9.0
Y,G,G,G,G,G,8.5
Y,G,G,G,G,G,8.0
Y,G,G,G,G,G,7.5
Y,G,G,G,G,G,7.0
Y,G,G,G,G,G,6.5
Y,G,G,G,G,G,6.0
G,G,G,G,G,G,6.5
G,G,G,G,G,G,7.0
G,G,G,G,G,Y,6.5
G,G,G,G,G,G,7.0
Y,G,G,G,G,G,6.5
Y,G,G,G,G,G,6.0
G,G,G,G,G,G,6.5
G,G,G,G,G,G,7.0
Y,G,G,G,G,G,6.5
Y,G,G,G,G,G,6.0
G,G,G,G,G,G,6.5
G,G,G,G,G,G,7.0
Y,G,G,G,G,G,6.5
Y,G,G,G,G,G,6.0
G,G,G,G,G,G,6.5
Y,G,G,G,G,G,6.0
G,G,G,G,G,G,6.5
Y,G,G,G,G,G,6.0
Y,G,G,G,G,G,5.5
G,G,G,G,G,G,6.0
Y,G,G,G,G,G,5.5
G,G,G,G,G,G,6.0
G,G,G,G,G,G,6.5
G,G,G,G,G,G,7.0
G,G,G,G,G,G,7.5
Y,G,G,G,G,G,7.0
G,G,G,G,G,G,7.5
G,G,G,G,G,G,8.0
G,G,G,G,G,G,8.5
G,G,G,G,G,G,9.0
G,G,G,G,G,G,9.5
G,G,G,G,G,Y,9.0
G,G,G,G,G,G,9.5
G,G,G,G,G,G,10.0
G,G,G,G,G,G,10
G,G,G,G,G,G,10
G,G,G,G,G,G,10
G,G,G,G,G,G,10
G,G,G,G,G,G,10
G,G,G,G,G,Y,9.5
G,G,G,G,Y,Y,9.0
G,G,G,G,Y,Y,8.5
G,G,G,Y,Y,Y,8.0
G,G,G,G,Y,Y,7.5
G,G,G,G,G,Y,7.0
G,G,G,G,G,Y,6.5
G,G,G,G,G,Y,6.0
G,G,G,G,G,Y,5.5
G,G,G,G,G,Y,5.0
G,G,G,G,G,Y,4.5
G,G,G,G,G,Y,4.0
G,G,G,G,G,Y,3.5
G,G,G,G,G,Y,3.0
G,G,G,G,G,Y,2.5
G,G,G,G,G,Y,2.0
G,G,G,G,G,G,2.5
G,G,G,G,G,G,3.0
G,G,G,G,G,G,3.5
G,G,G,G,G,G,4.0
G,G,G,G,G,G,4.5
G,G,G,G,G,G,5.0
G,G,G,G,G,G,5.5
G,G,G,G,G,Y,5.0
G,G,G,G,G,G,5.5
G,G,G,G,G,G,6.0
Y,G,G,G,G,G,5.5
G,G,G,G,G,G,6.0
G,G,G,G,G,G,6.5
Y,G,G,G,G,G,6.0
G,G,G,G,G,G,6.5
G,G,G,G,G,G,7.0
G,G,G,G,G,G,7.5
G,G,G,G,G,G,8.0
G,G,G,G,G,Y,7.5
G,G,G,G,G,G,8.0
G,G,G,G,G,G,8.5
G,G,G,G,G,G,9.0
Y,G,G,G,G,G,8.5
Y,Y,G,G,G,G,8.0
Y,Y,Y,G,G,G,7.5
Y,Y,Y,G,G,G,7.0
Y,Y,Y,G,G,G,6.5
Y,Y,Y,G,G,G,6.0
Y,Y,G,G,G,G,5.5
Y,Y,Y,G,G,G,5.0
Y,Y,G,G,G,G,4.5
Y,G,G,G,G,G,4.0
G,G,G,G,G,G,4.5
G,G,G,G,G,G,5.0
G,G,G,G,G,G,5.5
G,G,G,G,G,G,6.0
G,G,G,G,G,G,6.5
G,G,G,G,G,G,7.0
G,G,G,G,G,G,7.5
Y,G,G,G,G,G,7.0
G,G,G,G,G,G,7.5
G,G,G,G,G,G,8.0
Y,G,G,G,G,G,7.5
G,G,G,G,G,G,8.0
G,G,G,G,G,G,8.5
G,G,G,G,G,G,9.0
G,G,G,G,G,G,9.5
G,G,G,G,G,G,10.0
G,G,G,G,G,G,10
G,G,G,G,G,G,10
G,G,G,G,G,G,10
G,G,G,G,G,Y,9.5
Y,G,G,G,G,G,9.0
G,G,G,G,G,Y,8.5
G,G,G,G,G,G,9.0
G,G,G,G,G,G,9.5
G,G,G,G,G,G,10.0
Y,G,G,G,G,G,9.5
G,G,G,G,G,G,10.0
G,G,G,G,G,G,10
Y,G,G,G,G,G,9.5
G,G,G,G,G,G,10.0
Y,G,G,G,G,G,9.5
Y,G,G,G,G,G,9.0
G,G,G,G,G,G,9.5
G,G,G,G,G,G,10.0
Y,G,G,G,G,G,9.5
Y,G,G,G,G,G,9.0
Y,G,G,G,G,G,8.5
Y,G,G,G,G,G,8.0
Y,G,G,G,G,G,7.5
Y,G,G,G,G,G,7.0
Y,G,G,G,G,G,6.5
G,G,G,G,G,G,7.0
G,G,G,G,G,G,7.5
Y,G,G,G,G,G,7.0
Y,G,G,G,G,G,6.5
Y,G,G,G,G,G,6.0
G,G,G,G,G,G,6.5
G,G,G,G,G,G,7.0
Y,Y,G,G,G,G,6.5
G,G,G,G,G,G,7.0
Y,G,G,G,G,G,6.5
G,G,G,G,G,G,7.0
G,G,G,G,G,G,7.5
Y,G,G,G,G,G,7.0
G,G,G,G,G,G,7.5
G,G,G,G,G,G,8.0
G,G,G,G,G,G,8.5
G,G,G,G,G,G,9.0
G,G,G,G,G,G,9.5
G,G,G,G,G,G,10.0
G,G,G,G,G,G,10
G,G,G,G,G,Y,9.5
G,G,G,G,G,Y,9.0
G,G,G,G,G,G,9.5
G,G,G,G,G,G,10.0
G,G,G,G,G,G,10
G,G,G,G,G,Y,9.5
G,G,G,G,G,G,10.0
Y,G,G,G,G,G,9.5
G,G,G,G,G,G,10.0
G,G,G,G,G,G,10
G,G,G,G,G,Y,9.5
G,G,G,G,G,Y,9.0
G,G,G,G,G,Y,8.5
G,G,G,G,G,Y,8.0
G,G,G,G,G,Y,7.5
G,G,G,G,G,Y,7.0
G,G,G,G,G,Y,6.5
G,G,G,G,G,G,7.0
G,G,G,G,G,G,7.5
G,G,G,G,G,G,8.0
G,G,G,G,G,G,8.5
Y,G,G,G,G,G,8.0
Y,G,G,G,G,G,7.5
Y,G,G,G,G,G,7.0
G,G,G,G,G,G,7.5
Y,G,G,G,G,G,7.0
G,G,G,G,G,G,7.5
G,G,G,G,G,Y,7.0
G,G,G,G,G,Y,6.5
G,G,G,G,G,G,7.0
G,G,G,G,G,G,7.5
G,G,G,G,G,G,8.0
G,G,G,G,G,G,8.5
G,G,G,G,G,G,9.0
G,G,G,G,G,G,9.5
Y,G,G,G,G,G,9.0
Y,Y,G,G,G,G,8.5
Y,G,G,G,G,G,8.0
Y,G,G,G,G,G,7.5
G,G,G,G,G,G,8.0
G,G,G,G,G,G,8.5
G,G,G,G,G,G,9.0
Y,G,G,G,G,G,8.5
Y,G,G,G,G,G,8.0
Y,G,G,G,G,G,7.5
Y,G,G,G,G,G,7.0
G,G,G,G,G,G,7.5
G,G,G,G,G,G,8.0
Y,G,G,G,G,G,7.5
Y,G,G,G,G,G,7.0
Y,G,G,G,G,G,6.5
G,G,G,G,G,G,7.0
Y,G,G,G,G,G,6.5
Y,G,G,G,G,G,6.0
Y,G,G,G,G,G,5.5
Y,G,G,G,G,G,5.0
Y,G,G,G,G,G,4.5
Y,Y,G,G,G,G,4.0
Y,G,G,G,G,G,3.5
Y,G,G,G,G,G,3.0
G,G,G,G,G,G,3.5
G,G,G,G,G,G,4.0
G,G,G,G,G,G,4.5
Y,G,G,G,G,G,4.0
G,G,G,G,G,G,4.5
G,G,G,G,G,G,5.0
G,G,G,G,G,G,5.5
G,G,G,G,G,G,6.0
G,G,G,G,G,G,6.5
G,G,G,G,G,G,7.0
G,G,G,G,G,G,7.5
G,G,G,G,G,G,8.0
G,G,G,G,G,G,8.5
G,G,G,G,Y,Y,8.0
G,G,G,G,Y,Y,7.5
G,G,G,Y,Y,Y,7.0
G,G,G,Y,Y,Y,6.5
G,G,G,Y,Y,Y,6.0
G,G,G,G,Y,Y,5.5
G,G,G,G,Y,Y,5.0
G,G,G,G,Y,Y,4.5
G,G,G,G,G,Y,4.0
G,G,G,G,G,G,4.5
G,G,G,G,G,G,5.0
G,G,G,G,G,G,5.5
G,G,G,G,G,G,6.0
G,G,G,G,G,G,6.5
G,G,G,G,Y,Y,6.0
G,G,G,G,G,G,6.5
G,G,G,G,G,Y,6.0
G,G,G,G,G,Y,5.5
G,G,G,G,G,G,6.0
G,G,G,G,G,Y,5.5
G,G,G,G,G,Y,5.0
G,G,G,G,G,G,5.5
Y,G,G,G,G,G,5.0
G,G,G,G,G,G,5.5
G,G,G,G,G,Y,5.0
G,G,G,G,G,G,5.5
Y,G,G,G,G,G,5.0
G,G,G,G,G,G,5.5
Y,G,G,G,G,G,5.0
Y,G,G,G,G,G,4.5
G,G,G,G,G,G,5.0
G,G,G,G,G,G,5.5
Y,G,G,G,G,G,5.0
Y,G,G,G,G,G,4.5
G,G,G,G,G,G,5.0
Y,G,G,G,G,G,4.5
Y,G,G,G,G,G,4.0
G,G,G,G,G,G,4.5
Y,G,G,G,G,G,4.0
G,G,G,G,G,G,4.5
G,G,G,G,G,G,5.0
G,G,G,G,G,G,5.5
G,G,G,G,G,G,6.0
G,G,G,G,G,G,6.5
G,G,G,G,G,G,7.0
G,G,G,G,G,Y,6.5
G,G,G,G,G,G,7.0
Y,G,G,G,G,G,6.5
G,G,G,G,G,G,7.0
G,G,G,G,G,G,7.5
G,G,G,G,G,G,8.0
G,G,G,G,G,G,8.5
G,G,G,G,G,G,9.0
G,G,G,G,G,G,9.5
G,G,G,G,G,G,10.0
G,G,G,G,G,G,10
G,G,G,G,G,G,10
G,G,G,G,G,G,10
Y,G,G,G,G,G,9.5
Y,G,G,G,G,G,9.0
Y,G,G,G,G,G,8.5
Y,G,G,G,G,G,8.0
G,G,G,G,G,G,8.5
Y,G,G,G,G,G,8.0
Y,G,G,G,G,G,7.5
Y,G,G,G,G,G,7.0
G,G,G,G,G,G,7.5
G,G,G,G,G,G,8.0
Y,Y,G,G,G,G,7.5
Y,G,G,G,G,G,7.0
G,G,G,G,G,G,7.5
G,G,G,G,G,G,8.0
Y,G,G,G,G,G,7.5
G,G,G,G,G,G,8.0
Y,G,G,G,G,G,7.5
G,G,G,G,G,G,8.0
Y,G,G,G,G,G,7.5
Y,G,G,G,G,G,7.0
Y,G,G,G,G,G,6.5
G,G,G,G,G,G,7.0
G,G,G,G,G,G,7.5
Y,G,G,G,G,G,7.0
Y,G,G,G,G,G,6.5
Y,G,G,G,G,G,6.0
G,G,G,G,G,G,6.5
G,G,G,G,G,G,7.0
Y,G,G,G,G,G,6.5
G,G,G,G,G,G,7.0
G,G,G,G,G,G,7.5
G,G,G,G,G,G,8.0
G,G,G,G,G,G,8.5
G,G,G,G,G,G,9.0
G,G,G,G,G,G,9.5
G,G,G,G,G,Y,9.0
G,G,G,G,G,G,9.5
G,G,G,G,G,G,10.0
G,G,G,G,G,G,10
G,G,G,G,G,G,10
G,G,G,G,G,G,10
G,G,G,G,G,G,10
Y,G,G,G,G,G,9.5
G,G,G,G,G,G,10.0
G,G,G,G,Y,Y,9.5
G,G,G,G,Y,Y,9.0
G,G,G,G,Y,Y,8.5
G,G,G,G,Y,Y,8.0
G,G,G,G,Y,Y,7.5
G,G,G,G,Y,Y,7.0
G,G,G,G,Y,Y,6.5
G,G,G,G,G,Y,6.0
G,G,G,G,G,Y,5.5
G,G,G,G,G,Y,5.0
G,G,G,G,G,Y,4.5
G,G,G,G,G,G,5.0
G,G,G,G,G,Y,4.5
G,G,G,G,G,Y,4.0
G,G,G,G,G,Y,3.5
G,G,G,G,G,Y,3.0
G,G,G,G,G,Y,2.5
G,G,G,G,G,Y,2.0
G,G,G,G,G,G,2.5
G,G,G,G,G,G,3.0
G,G,G,G,G,G,3.5
G,G,G,G,G,G,4.0
G,G,G,G,G,Y,3.5
G,G,G,G,G,G,4.0
G,G,G,G,G,G,4.5
Y,G,G,G,G,G,4.0
G,G,G,G,G,G,4.5
G,G,G,G,G,G,5.0
G,G,G,G,G,G,5.5
G,G,G,G,G,G,6.0
G,G,G,G,G,G,6.5
G,G,G,G,G,G,7.0
G,G,G,G,G,G,7.5
G,G,G,G,G,G,8.0
G,G,G,G,G,G,8.5
Y,G,G,G,G,G,8.0
G,G,G,G,G,G,8.5
Y,G,G,G,G,G,8.0
G,G,G,G,G,G,8.5
G,G,G,G,G,G,9.0
G,G,G,G,G,G,9.5
Y,Y,G,G,G,G,9.0
Y,Y,G,G,G,G,8.5
Y,Y,Y,G,G,G,8.0
Y,Y,Y,G,G,G,7.5
Y,Y,Y,G,G,G,7.0
Y,Y,G,G,G,G,6.5
Y,Y,G,G,G,G,6.0
Y,G,G,G,G,G,5.5
Y,G,G,G,G,G,5.0
G,G,G,G,G,G,5.5
G,G,G,G,G,Y,5.0
G,G,G,G,G,G,5.5
Y,G,G,G,G,G,5.0
G,G,G,G,G,G,5.5
G,G,G,G,G,G,6.0
G,G,G,G,G,G,6.5
G,G,G,G,G,G,7.0
Y,G,G,G,G,G,6.5
Y,G,G,G,G,G,6.0
G,G,G,G,G,Y,5.5
G,G,G,G,G,G,6.0
G,G,G,G,G,G,6.5
G,G,G,G,G,G,7.0
G,G,G,G,G,G,7.5
G,G,G,G,G,G,8.0
G,G,G,G,G,G,8.5
G,G,G,G,G,G,9.0
G,G,G,G,G,Y,8.5
G,G,G,G,G,G,9.0
G,G,G,G,G,G,9.5
G,G,G,G,G,G,10.0
Y,G,G,G,G,G,9.5
G,G,G,G,G,G,10.0
Y,G,G,G,G,G,9.5
G,G,G,G,G,Y,9.0
G,G,G,G,G,G,9.5
G,G,G,G,G,G,10.0
G,G,G,G,G,G,10
G,G,G,G,G,G,10
G,G,G,G,G,G,10
Y,G,G,G,G,G,9.5
Y,G,G,G,G,G,9.0
Y,Y,G,G,G,G,8.5
G,G,G,G,G,G,9.0
Y,G,G,G,G,G,8.5
G,G,G,G,G,G,9.0
Y,G,G,G,G,G,8.5
Y,Y,G,G,G,G,8.0
Y,Y,G,G,G,G,7.5
Y,Y,G,G,G,G,7.0
Y,G,G,G,G,G,6.5
Y,G,G,G,G,G,6.0
G,G,G,G,G,G,6.5
Y,G,G,G,G,G,6.0
G,G,G,G,G,G,6.5
G,G,G,G,G,G,7.0
Y,G,G,G,G,G,6.5
Y,G,G,G,G,G,6.0
G,G,G,G,G,G,6.5
Y,G,G,G,G,G,6.0
G,G,G,G,G,G,6.5
Y,G,G,G,G,G,6.0
G,G,G,G,G,G,6.5
G,G,G,G,G,G,7.0
G,G,G,G,G,G,7.5
Y,G,G,G,G,G,7.0
G,G,G,G,G,G,7.5
G,G,G,G,G,Y,7.0
Y,G,G,G,G,G,6.5
G,G,G,G,G,G,7.0
G,G,G,G,G,G,7.5
G,G,G,G,G,G,8.0
G,G,G,G,G,G,8.5
G,G,G,G,G,G,9.0
G,G,G,G,G,Y,8.5
G,G,G,G,G,G,9.0
G,G,G,G,G,G,9.5
G,G,G,G,Y,Y,9.0
G,G,G,G,G,Y,8.5
G,G,G,G,G,G,9.0
G,G,G,G,G,G,9.5
G,G,G,G,G,G,10.0
G,G,G,G,G,G,10
Y,G,G,G,G,G,9.5
G,G,G,G,G,G,10.0
G,G,G,G,G,G,10
G,G,G,G,G,Y,9.5
G,G,G,G,Y,Y,9.0
G,G,G,G,Y,Y,8.5
G,G,G,G,Y,Y,8.0
G,G,G,G,Y,Y,7.5
G,G,G,G,Y,Y,7.0
G,G,G,G,Y,Y,6.5
G,G,G,G,Y,Y,6.0
G,G,G,G,Y,Y,5.5
G,G,G,G,G,Y,5.0
G,G,G,G,G,G,5.5
G,G,G,G,G,G,6.0
G,G,G,G,G,G,6.5
Y,Y,G,G,G,G,6.0
Y,Y,G,G,G,G,5.5
Y,Y,G,G,G,G,5.0
Y,Y,G,G,G,G,4.5
Y,Y,G,G,G,G,4.0
Y,Y,G,G,G,G,3.5
Y,G,G,G,G,G,3.0
Y,G,G,G,G,G,2.5
G,G,G,G,G,G,3.0
G,G,G,G,G,G,3.5
G,G,G,G,G,G,4.0
G,G,G,G,G,G,4.5
G,G,G,G,G,G,5.0
G,G,G,G,G,G,5.5
G,G,G,G,G,Y,5.0
G,G,G,G,G,Y,4.5
G,G,G,G,G,Y,4.0
G,G,G,G,G,Y,3.5
G,G,G,G,G,Y,3.0
G,G,G,G,G,G,3.5
G,G,G,G,G,G,4.0
G,G,G,G,G,G,4.5
G,G,G,G,G,G,5.0
G,G,G,G,G,G,5.5
Y,G,G,G,G,G,5.0
Y,G,G,G,G,G,4.5
Y,G,G,G,G,G,4.0
Y,G,G,G,G,G,3.5
Y,G,G,G,G,G,3.0
G,G,G,G,G,G,3.5
G,G,G,G,G,G,4.0
G,G,G,G,G,G,4.5
G,G,G,G,G,G,5.0
G,G,G,G,G,G,5.5
G,G,G,G,G,G,6.0
G,G,G,G,G,G,6.5
G,G,G,G,G,G,7.0
G,G,G,G,G,G,7.5
Y,G,G,G,G,G,7.0
Y,G,G,G,G,G,6.5
Y,G,G,G,G,G,6.0
Y,G,G,G,G,G,5.5
G,G,G,G,G,G,6.0
G,G,G,G,G,G,6.5
Y,G,G,G,G,G,6.0
G,G,G,G,G,G,6.5
Y,G,G,G,G,G,6.0
Y,G,G,G,G,G,5.5
G,G,G,G,G,G,6.0
Y,G,G,G,G,G,5.5
Y,G,G,G,G,G,5.0
G,G,G,G,G,G,5.5
Y,G,G,G,G,G,5.0
Y,G,G,G,G,G,4.5
Y,G,G,G,G,G,4.0
Y,Y,G,G,G,G,3.5
Y,G,G,G,G,G,3.0
Y,G,G,G,G,G,2.5
G,G,G,G,G,G,3.0
G,G,G,G,G,G,3.5
Y,G,G,G,G,G,3.0
G,G,G,G,G,G,3.5
G,G,G,G,G,G,4.0
Y,G,G,G,G,G,3.5
G,G,G,G,G,G,4.0
G,G,G,G,G,G,4.5
G,G,G,G,G,G,5.0
G,G,G,G,G,G,5.5
G,G,G,G,G,G,6.0
G,G,G,G,G,G,6.5
G,G,G,G,G,G,7.0
G,G,G,G,G,Y,6.5
G,G,G,G,G,G,7.0
G,G,G,G,G,G,7.5
G,G,G,G,G,G,8.0
G,G,G,G,Y,Y,7.5
G,G,G,G,Y,Y,7.0
G,G,G,Y,Y,Y,6.5
G,G,G,Y,Y,Y,6.0
G,G,G,G,Y,Y,5.5
G,G,G,Y,Y,Y,5.0
G,G,G,G,G,Y,4.5
G,G,G,G,Y,Y,4.0
G,G,G,G,G,G,4.5
G,G,G,G,G,G,5.0
G,G,G,G,G,G,5.5
G,G,G,G,G,G,6.0
G,G,G,G,G,Y,5.5
G,G,G,G,G,G,6.0
G,G,G,G,G,Y,5.5
G,G,G,G,G,G,6.0
G,G,G,G,G,Y,5.5
G,G,G,G,G,Y,5.0
G,G,G,G,G,G,5.5
G,G,G,G,G,Y,5.0
G,G,G,G,G,G,5.5
G,G,G,G,G,G,6.0
G,G,G,G,G,G,6.5
Y,G,G,G,G,G,6.0
G,G,G,G,G,G,6.5
Y,G,G,G,G,G,6.0
Y,G,G,G,G,G,5.5
G,G,G,G,G,G,6.0
Y,G,G,G,G,G,5.5
G,G,G,G,G,G,6.0
Y,G,G,G,G,G,5.5
Y,G,G,G,G,G,5.0
G,G,G,G,G,G,5.5
Y,G,G,G,G,G,5.0
Y,G,G,G,G,G,4.5
G,G,G,G,G,G,5.0
G,G,G,G,G,G,5.5
G,G,G,G,G,G,6.0
G,G,G,G,G,G,6.5
G,G,G,G,G,G,7.0
G,G,G,G,G,G,7.5
G,G,G,G,G,G,8.0
G,G,G,G,G,G,8.5
G,G,G,G,G,G,9.0
G,G,G,G,G,G,9.5
G,G,G,G,G,G,10.0
G,G,G,G,G,G,10
G,G,G,G,G,G,10
G,G,G,G,G,G,10
G,G,G,G,G,G,10
G,G,G,G,G,G,10
G,G,G,G,G,G,10
Y,G,G,G,G,G,9.5
Y,G,G,G,G,G,9.0
Y,G,G,G,G,G,8.5
Y,G,G,G,G,G,8.0
Y,G,G,G,G,G,7.5
Y,G,G,G,G,G,7.0
Y,G,G,G,G,G,6.5
G,G,G,G,G,G,7.0
G,G,G,G,G,G,7.5
Y,G,G,G,G,G,7.0
G,G,G,G,G,G,7.5
G,G,G,G,G,G,8.0
Y,G,G,G,G,G,7.5
G,G,G,G,G,G,8.0
Y,G,G,G,G,G,7.5
Y,G,G,G,G,G,7.0
G,G,G,G,G,G,7.5
G,G,G,G,G,G,8.0
Y,Y,G,G,G,G,7.5
Y,G,G,G,G,G,7.0
Y,Y,G,G,G,G,6.5
G,G,G,G,G,G,7.0
Y,G,G,G,G,G,6.5
G,G,G,G,G,G,7.0
Y,G,G,G,G,G,6.5
Y,G,G,G,G,G,6.0
G,G,G,G,G,G,6.5
G,G,G,G,G,G,7.0
G,G,G,G,G,G,7.5
G,G,G,G,G,G,8.0
Y,G,G,G,G,G,7.5
G,G,G,G,G,G,8.0
G,G,G,G,G,G,8.5
G,G,G,G,G,G,9.0
G,G,G,G,G,G,9.5
G,G,G,G,G,G,10.0
G,G,G,G,G,Y,9.5
G,G,G,G,G,G,10.0
G,G,G,G,G,G,10
G,G,G,G,G,G,10
G,G,G,G,G,G,10
G,G,G,G,G,G,10
G,G,G,G,G,G,10
G,G,G,G,G,G,10
G,G,G,Y,Y,Y,9.5
G,G,Y,Y,Y,Y,9.0
G,G,G,Y,Y,Y,8.5
G,G,G,Y,Y,Y,8.0
G,G,G,Y,Y,Y,7.5
G,G,G,G,Y,Y,7.0
G,G,G,G,Y,Y,6.5
G,G,G,G,Y,Y,6.0
G,G,G,G,Y,Y,5.5
G,G,G,G,Y,Y,5.0
G,G,G,G,Y,Y,4.5
G,G,G,G,Y,Y,4.0
G,G,G,G,Y,Y,3.5
G,G,G,G,Y,Y,3.0
G,G,G,G,G,Y,2.5
G,G,G,G,G,Y,2.0
G,G,G,G,G,Y,1.5
G,G,G,G,G,G,2.0
G,G,G,G,G,G,2.5
G,G,G,G,G,G,3.0
G,G,G,G,G,G,3.5
G,G,G,G,G,G,4.0
G,G,G,G,G,G,4.5
Y,G,G,G,G,G,4.0
G,G,G,G,G,G,4.5
G,G,G,G,G,G,5.0
G,G,G,G,G,G,5.5
G,G,G,G,G,G,6.0
G,G,G,G,G,G,6.5
G,G,G,G,G,G,7.0
G,G,G,G,G,G,7.5
G,G,G,G,G,G,8.0
G,G,G,G,G,G,8.5
Y,G,G,G,G,G,8.0
G,G,G,G,G,G,8.5
G,G,G,G,G,G,9.0
G,G,G,G,G,G,9.5
G,G,G,G,G,G,10.0
Y,G,G,G,G,G,9.5
Y,G,G,G,G,G,9.0
Y,Y,G,G,G,G,8.5
Y,Y,Y,G,G,G,8.0
Y,Y,G,G,G,G,7.5
Y,Y,G,G,G,G,7.0
Y,G,G,G,G,G,6.5
Y,Y,G,G,G,G,6.0
G,G,G,G,G,G,6.5
G,G,G,G,G,G,7.0
G,G,G,G,G,G,7.5
Y,G,G,G,G,G,7.0
Y,G,G,G,G,G,6.5
G,G,G,G,G,G,7.0
G,G,G,G,G,G,7.5
G,G,G,G,G,G,8.0
Y,G,G,G,G,G,7.5
G,G,G,G,G,G,8.0
G,G,G,G,G,G,8.5
G,G,G,G,G,G,9.0
G,G,G,G,G,G,9.5
G,G,G,G,G,G,10.0
G,G,G,G,G,G,10
G,G,G,G,G,Y,9.5
G,G,G,G,G,G,10.0
G,G,G,G,G,G,10
Y,G,G,G,G,G,9.5
G,G,G,G,G,G,10.0
G,G,G,G,G,G,10
G,G,G,G,G,G,10
G,G,G,G,G,G,10
G,G,G,G,G,G,10
G,G,G,G,G,G,10
G,G,G,G,G,G,10
Y,G,G,G,G,G,9.5
G,G,G,G,G,G,10.0
Y,G,G,G,G,G,9.5
Y,G,G,G,G,G,9.0
Y,G,G,G,G,G,8.5
G,G,G,G,G,G,9.0
Y,G,G,G,G,G,8.5
G,G,G,G,G,G,9.0
Y,G,G,G,G,G,8.5
Y,G,G,G,G,G,8.0
Y,G,G,G,G,G,7.5
Y,G,G,G,G,G,7.0
Y,G,G,G,G,G,6.5
Y,G,G,G,G,G,6.0
Y,G,G,G,G,G,5.5
Y,G,G,G,G,G,5.0
G,G,G,G,G,G,5.5
G,G,G,G,G,G,6.0
G,G,G,G,G,Y,5.5
G,G,G,G,G,G,6.0
Y,G,G,G,G,G,5.5
Y,G,G,G,G,G,5.0
G,G,G,G,G,G,5.5
G,G,G,G,G,G,6.0
G,G,G,G,G,G,6.5
Y,G,G,G,G,G,6.0
G,G,G,G,G,G,6.5
Y,G,G,G,G,G,6.0
G,G,G,G,G,G,6.5
Y,G,G,G,G,G,6.0
G,G,G,G,G,G,6.5
G,G,G,G,G,Y,6.0
G,G,G,G,G,G,6.5
G,G,G,G,G,G,7.0
G,G,G,G,G,G,7.5
G,G,G,G,G,G,8.0
G,G,G,G,G,Y,7.5
G,G,G,G,G,G,8.0
G,G,G,G,G,G,8.5
G,G,G,G,G,G,9.0
G,G,G,G,G,Y,8.5
G,G,G,G,G,G,9.0
G,G,G,G,G,G,9.5
G,G,G,G,G,Y,9.0
G,G,G,G,G,G,9.5
G,G,G,G,G,G,10.0
G,G,G,G,G,G,10
G,G,G,G,G,G,10
G,G,G,G,G,G,10
G,G,G,G,G,Y,9.5
G,G,G,G,G,Y,9.0
G,G,G,G,G,Y,8.5
G,G,G,G,G,Y,8.0
G,G,G,G,G,Y,7.5
G,G,G,G,G,Y,7.0
G,G,G,G,G,Y,6.5
G,G,G,G,G,G,7.0
G,G,G,G,G,G,7.5
G,G,G,G,G,G,8.0
Y,G,G,G,G,G,7.5
Y,G,G,G,G,G,7.0
Y,G,G,G,G,G,6.5
Y,G,G,G,G,G,6.0
G,G,G,G,G,G,6.5
G,G,G,G,G,G,7.0
G,G,G,G,G,G,7.5
G,G,G,G,G,G,8.0
G,G,G,G,G,G,8.5
G,G,G,G,G,Y,8.0
Y,G,G,G,G,G,7.5
G,G,G,G,G,G,8.0
G,G,G,G,G,G,8.5
G,G,G,G,G,G,9.0
G,G,G,G,G,G,9.5
G,G,G,G,G,G,10.0
Y,G,G,G,G,G,9.5
Y,Y,G,G,G,G,9.0
Y,Y,G,G,G,G,8.5
Y,Y,G,G,G,G,8.0
Y,Y,G,G,G,G,7.5
Y,G,G,G,G,G,7.0
G,G,G,G,G,G,7.5
Y,G,G,G,G,G,7.0
G,G,G,G,G,G,7.5
G,G,G,G,G,G,8.0
Y,G,G,G,G,G,7.5
Y,G,G,G,G,G,7.0
G,G,G,G,G,G,7.5
Y,G,G,G,G,G,7.0
Y,G,G,G,G,G,6.5
Y,G,G,G,G,G,6.0
Y,G,G,G,G,G,5.5
Y,G,G,G,G,G,5.0
Y,G,G,G,G,G,4.5
Y,G,G,G,G,G,4.0
G,G,G,G,G,G,4.5
Y,G,G,G,G,G,4.0
Y,G,G,G,G,G,3.5
G,G,G,G,G,G,4.0
Y,G,G,G,G,G,3.5
G,G,G,G,G,G,4.0
G,G,G,G,G,G,4.5
G,G,G,G,G,G,5.0
G,G,G,G,G,G,5.5
G,G,G,G,G,G,6.0
G,G,G,G,G,G,6.5
G,G,G,G,G,Y,6.0
G,G,G,G,G,G,6.5
G,G,G,G,G,G,7.0
G,G,G,G,G,G,7.5
G,G,G,G,G,G,8.0
G,G,G,G,G,G,8.5
G,G,G,G,Y,Y,8.0
G,G,Y,Y,Y,Y,7.5
G,G,G,Y,Y,Y,7.0
G,G,G,Y,Y,Y,6.5
G,G,Y,Y,Y,Y,6.0
G,G,G,Y,Y,Y,5.5
G,G,G,G,Y,Y,5.0
G,G,G,G,Y,Y,4.5
G,G,G,G,G,Y,4.0
G,G,G,G,G,G,4.5
G,G,G,G,G,G,5.0
G,G,G,G,G,G,5.5
G,G,G,G,G,G,6.0
G,G,G,G,G,Y,5.5
G,G,G,G,G,G,6.0
G,G,G,G,G,Y,5.5
G,G,G,G,G,G,6.0
G,G,G,G,G,Y,5.5
G,G,G,G,G,Y,5.0
G,G,G,G,G,G,5.5
G,G,G,G,G,G,6.0
G,G,G,G,G,G,6.5
G,G,G,G,G,G,7.0
Y,Y,G,G,G,G,6.5
Y,G,G,G,G,G,6.0
Y,G,G,G,G,G,5.5
G,G,G,G,G,G,6.0
Y,G,G,G,G,G,5.5
G,G,G,G,G,G,6.0
G,G,G,G,G,G,6.5
Y,G,G,G,G,G,6.0
Y,G,G,G,G,G,5.5
Y,G,G,G,G,G,5.0
Y,G,G,G,G,G,4.5
G,G,G,G,G,G,5.0
G,G,G,G,G,G,5.5
G,G,G,G,G,G,6.0
G,G,G,G,G,G,6.5
G,G,G,G,G,G,7.0
G,G,G,G,G,G,7.5
G,G,G,G,G,G,8.0
G,G,G,G,G,G,8.5
G,G,G,G,G,G,9.0
G,G,G,G,G,G,9.5
G,G,G,G,G,G,10.0
G,G,G,G,G,G,10
G,G,G,G,G,G,10
G,G,G,G,G,G,10
G,G,G,G,G,G,10
G,G,G,G,G,G,10
G,G,G,G,G,G,10
Y,G,G,G,G,G,9.5
Y,Y,G,G,G,G,9.0
Y,G,G,G,G,G,8.5
Y,G,G,G,G,G,8.0
Y,G,G,G,G,G,7.5
Y,G,G,G,G,G,7.0
G,G,G,G,G,G,7.5
Y,G,G,G,G,G,7.0
G,G,G,G,G,G,7.5
Y,G,G,G,G,G,7.0
G,G,G,G,G,G,7.5
G,G,G,G,G,G,8.0
Y,G,G,G,G,G,7.5
G,G,G,G,G,G,8.0
Y,G,G,G,G,G,7.5
Y,G,G,G,G,G,7.0
G,G,G,G,G,G,7.5
G,G,G,G,G,G,8.0
Y,Y,G,G,G,G,7.5
Y,G,G,G,G,G,7.0
Y,Y,G,G,G,G,6.5
G,G,G,G,G,G,7.0
Y,G,G,G,G,G,6.5
G,G,G,G,G,G,7.0
Y,G,G,G,G,G,6.5
Y,G,G,G,G,G,6.0
G,G,G,G,G,G,6.5
G,G,G,G,G,G,7.0
G,G,G,G,G,G,7.5
G,G,G,G,G,G,8.0
Y,G,G,G,G,G,7.5
G,G,G,G,G,G,8.0
G,G,G,G,G,G,8.5
G,G,G,G,G,G,9.0
G,G,G,G,G,G,9.5
G,G,G,G,G,G,10.0
G,G,G,G,G,Y,9.5
G,G,G,G,G,G,10.0
G,G,G,G,G,G,10
G,G,G,G,G,G,10
G,G,G,G,G,G,10
G,G,G,G,G,G,10
G,G,G,G,G,G,10
G,G,G,G,G,G,10
G,G,G,Y,Y,Y,9.5
G,G,Y,Y,Y,Y,9.0
G,G,Y,Y,Y,Y,8.5
G,G,G,Y,Y,Y,8.0
G,G,G,Y,Y,Y,7.5
G,G,G,G,Y,Y,7.0
G,G,G,G,Y,Y,6.5
G,G,G,G,Y,Y,6.0
G,G,G,G,Y,Y,5.5
G,G,G,G,Y,Y,5.0
G,G,G,G,Y,Y,4.5
G,G,G,G,Y,Y,4.0
G,G,G,G,Y,Y,3.5
G,G,G,G,Y,Y,3.0
G,G,G,G,G,Y,2.5
G,G,G,G,G,Y,2.0
G,G,G,G,G,Y,1.5
G,G,G,G,G,G,2.0
G,G,G,G,G,G,2.5
G,G,G,G,G,G,3.0
G,G,G,G,G,G,3.5
G,G,G,G,G,G,4.0
G,G,G,G,G,G,4.5
Y,G,G,G,G,G,4.0
G,G,G,G,G,G,4.5
G,G,G,G,G,G,5.0
G,G,G,G,G,G,5.5
G,G,G,G,G,G,6.0
G,G,G,G,G,G,6.5
G,G,G,G,G,G,7.0
G,G,G,G,G,G,7.5
G,G,G,G,G,G,8.0
G,G,G,G,G,G,8.5
Y,G,G,G,G,G,8.0
G,G,G,G,G,G,8.5
G,G,G,G,G,G,9.0
G,G,G,G,G,G,9.5
G,G,G,G,G,G,10.0
Y,G,G,G,G,G,9.5
Y,G,G,G,G,G,9.0
Y,Y,G,G,G,G,8.5
Y,Y,Y,G,G,G,8.0
Y,Y,G,G,G,G,7.5
Y,Y,G,G,G,G,7.0
Y,G,G,G,G,G,6.5
Y,Y,G,G,G,G,6.0
G,G,G,G,G,G,6.5
G,G,G,G,G,G,7.0
G,G,G,G,G,G,7.5
Y,G,G,G,G,G,7.0
Y,G,G,G,G,G,6.5
G,G,G,G,G,G,7.0
G,G,G,G,G,G,7.5
G,G,G,G,G,G,8.0
G,G,G,G,G,G,8.5
Y,G,G,G,G,G,8.0
G,G,G,G,G,G,8.5
G,G,G,G,G,G,9.0
G,G,G,G,G,G,9.5
G,G,G,G,G,G,10.0
G,G,G,G,G,G,10
G,G,G,G,G,G,10
G,G,G,G,G,G,10
G,G,G,G,G,G,10
G,G,G,G,G,Y,9.5
Y,G,G,G,G,G,9.0
G,G,G,G,G,G,9.5
G,G,G,G,G,Y,9.0
G,G,G,G,G,G,9.5
G,G,G,G,G,G,10.0
G,G,G,G,G,G,10
Y,G,G,G,G,G,9.5
Y,G,G,G,G,G,9.0
G,G,G,G,G,G,9.5
Y,G,G,G,G,G,9.0
G,G,G,G,G,G,9.5
G,G,G,G,G,G,10.0
Y,G,G,G,G,G,9.5
Y,G,G,G,G,G,9.0
Y,G,G,G,G,G,8.5
G,G,G,G,G,G,9.0
Y,G,G,G,G,G,8.5
Y,G,G,G,G,G,8.0
Y,G,G,G,G,G,7.5
Y,G,G,G,G,G,7.0
Y,G,G,G,G,G,6.5
Y,G,G,G,G,G,6.0
G,G,G,G,G,G,6.5
G,G,G,G,G,G,7.0
Y,G,G,G,G,G,6.5
Y,G,G,G,G,G,6.0
G,G,G,G,G,G,6.5
G,G,G,G,G,G,7.0
Y,G,G,G,G,G,6.5
G,G,G,G,G,G,7.0
Y,G,G,G,G,G,6.5
G,G,G,G,G,G,7.0
G,G,G,G,G,G,7.5
Y,G,G,G,G,G,7.0
G,G,G,G,G,G,7.5
G,G,G,G,G,G,8.0
G,G,G,G,G,G,8.5
G,G,G,G,G,G,9.0
G,G,G,G,G,G,9.5
G,G,G,G,G,G,10.0
G,G,G,G,G,Y,9.5
G,G,G,G,G,G,10.0
G,G,G,G,G,G,10
G,G,G,G,G,Y,9.5
G,G,G,G,G,G,10.0
G,G,G,G,G,Y,9.5
G,G,G,G,G,G,10.0
Y,G,G,G,G,G,9.5
G,G,G,G,G,G,10.0
G,G,G,G,G,G,10
G,G,G,G,G,Y,9.5
G,G,G,G,G,G,10.0
G,G,G,G,G,Y,9.5
G,G,G,G,G,Y,9.0
G,G,G,G,G,Y,8.5
G,G,G,G,G,Y,8.0
G,G,G,G,G,Y,7.5
G,G,G,G,G,Y,7.0
G,G,G,G,G,Y,6.5
G,G,G,G,G,G,7.0
G,G,G,G,G,G,7.5
G,G,G,G,G,G,8.0
Y,G,G,G,G,G,7.5
Y,G,G,G,G,G,7.0
Y,G,G,G,G,G,6.5
Y,G,G,G,G,G,6.0
Y,G,G,G,G,G,5.5
G,G,G,G,G,G,6.0
G,G,G,G,G,G,6.5
G,G,G,G,G,G,7.0
G,G,G,G,G,Y,6.5
G,G,G,G,G,Y,6.0
G,G,G,G,G,G,6.5
G,G,G,G,G,G,7.0
G,G,G,G,G,G,7.5
G,G,G,G,G,G,8.0
G,G,G,G,G,G,8.5
G,G,G,G,G,G,9.0
Y,G,G,G,G,G,8.5
Y,G,G,G,G,G,8.0
Y,G,G,G,G,G,7.5
G,G,G,G,G,G,8.0
G,G,G,G,G,G,8.5
Y,G,G,G,G,G,8.0
Y,G,G,G,G,G,7.5
G,G,G,G,G,G,8.0
Y,G,G,G,G,G,7.5
G,G,G,G,G,G,8.0
Y,G,G,G,G,G,7.5
Y,G,G,G,G,G,7.0
G,G,G,G,G,G,7.5
Y,G,G,G,G,G,7.0
G,G,G,G,G,G,7.5
Y,G,G,G,G,G,7.0
Y,G,G,G,G,G,6.5
Y,G,G,G,G,G,6.0
Y,G,G,G,G,G,5.5
Y,G,G,G,G,G,5.0
G,G,G,G,G,G,5.5
Y,Y,G,G,G,G,5.0
Y,Y,G,G,G,G,4.5
Y,Y,G,G,G,G,4.0
Y,G,G,G,G,G,3.5
Y,G,G,G,G,G,3.0
G,G,G,G,G,G,3.5
G,G,G,G,G,G,4.0
G,G,G,G,G,G,4.5
Y,G,G,G,G,G,4.0
G,G,G,G,G,G,4.5
G,G,G,G,G,G,5.0
G,G,G,G,G,G,5.5
G,G,G,G,G,G,6.0
G,G,G,G,G,G,6.5
G,G,G,G,G,G,7.0
G,G,G,G,G,G,7.5
G,G,G,G,G,G,8.0
G,G,G,G,G,G,8.5
G,G,G,G,Y,Y,8.0
G,G,G,Y,Y,Y,7.5
G,G,G,Y,Y,Y,7.0
G,G,G,Y,Y,Y,6.5
G,G,G,Y,Y,Y,6.0
G,G,G,Y,Y,Y,5.5
G,G,G,G,Y,Y,5.0
G,G,G,G,Y,Y,4.5
G,G,G,G,G,Y,4.0
G,G,G,G,G,G,4.5
G,G,G,G,G,G,5.0
G,G,G,G,G,G,5.5
G,G,G,G,G,G,6.0
G,G,G,G,G,G,6.5
G,G,G,G,G,Y,6.0
G,G,G,G,Y,Y,5.5
G,G,G,G,G,G,6.0
G,G,G,G,G,Y,5.5
G,G,G,G,G,G,6.0
G,G,G,G,G,Y,5.5
G,G,G,G,G,Y,5.0
G,G,G,G,G,G,5.5
Y,G,G,G,G,G,5.0
G,G,G,G,G,G,5.5
G,G,G,G,G,G,6.0
G,G,G,G,G,G,6.5
G,G,G,G,G,G,7.0
Y,G,G,G,G,G,6.5
Y,G,G,G,G,G,6.0
G,G,G,G,G,G,6.5
Y,G,G,G,G,G,6.0
Y,G,G,G,G,G,5.5
Y,G,G,G,G,G,5.0
G,G,G,G,G,G,5.5
Y,G,G,G,G,G,5.0
Y,G,G,G,G,G,4.5
G,G,G,G,G,G,5.0
G,G,G,G,G,G,5.5
G,G,G,G,G,G,6.0
G,G,G,G,G,G,6.5
G,G,G,G,G,G,7.0
G,G,G,G,G,G,7.5
G,G,G,G,G,G,8.0
G,G,G,G,G,G,8.5
G,G,G,G,G,Y,8.0
G,G,G,G,G,G,8.5
Y,G,G,G,G,G,8.0
G,G,G,G,G,G,8.5
G,G,G,G,G,G,9.0
G,G,G,G,G,G,9.5
G,G,G,G,G,G,10.0
G,G,G,G,G,G,10
G,G,G,G,G,G,10
G,G,G,G,G,G,10
Y,G,G,G,G,G,9.5
Y,G,G,G,G,G,9.0
Y,G,G,G,G,G,8.5
Y,G,G,G,G,G,8.0
G,G,G,G,G,G,8.5
Y,G,G,G,G,G,8.0
Y,G,G,G,G,G,7.5
G,G,G,G,G,G,8.0
Y,G,G,G,G,G,7.5
Y,G,G,G,G,G,7.0
G,G,G,G,G,G,7.5
G,G,G,G,G,G,8.0
Y,G,G,G,G,G,7.5
G,G,G,G,G,G,8.0
Y,G,G,G,G,G,7.5
G,G,G,G,G,G,8.0
Y,G,G,G,G,G,7.5
Y,Y,G,G,G,G,7.0
G,G,G,G,G,G,7.5
Y,Y,G,G,G,G,7.0
G,G,G,G,G,G,7.5
Y,G,G,G,G,G,7.0
Y,G,G,G,G,G,6.5
G,G,G,G,G,G,7.0
Y,G,G,G,G,G,6.5
G,G,G,G,G,G,7.0
Y,G,G,G,G,G,6.5
G,G,G,G,G,G,7.0
Y,G,G,G,G,G,6.5
G,G,G,G,G,G,7.0
G,G,G,G,G,G,7.5
G,G,G,G,G,G,8.0
G,G,G,G,G,G,8.5
G,G,G,G,G,G,9.0
G,G,G,G,G,G,9.5
G,G,G,G,G,Y,9.0
G,G,G,G,G,G,9.5
G,G,G,G,G,G,10.0
G,G,G,G,G,G,10
G,G,G,G,G,G,10
G,G,G,G,G,G,10
G,G,G,G,G,G,10
G,G,G,G,G,G,10
G,G,G,G,G,G,10
G,G,G,G,Y,Y,9.5
G,G,G,G,Y,Y,9.0
G,G,G,G,Y,Y,8.5
G,G,G,G,Y,Y,8.0
G,G,G,G,Y,Y,7.5
G,G,G,Y,Y,Y,7.0
G,G,G,G,Y,Y,6.5
G,G,G,G,Y,Y,6.0
G,G,G,G,Y,Y,5.5
G,G,G,G,Y,Y,5.0
G,G,G,G,Y,Y,4.5
G,G,G,G,Y,Y,4.0
G,G,G,G,Y,Y,3.5
G,G,G,G,G,Y,3.0
G,G,G,G,G,Y,2.5
G,G,G,G,G,Y,2.0
G,G,G,G,G,G,2.5
G,G,G,G,G,G,3.0
G,G,G,G,G,G,3.5
G,G,G,G,G,G,4.0
G,G,G,G,G,G,4.5
G,G,G,G,G,G,5.0
G,G,G,G,G,G,5.5
G,G,G,G,G,G,6.0
G,G,G,G,G,G,6.5
G,G,G,G,G,G,7.0
G,G,G,G,G,Y,6.5
G,G,G,G,G,G,7.0
Y,G,G,G,G,G,6.5
G,G,G,G,G,G,7.0
G,G,G,G,G,G,7.5
G,G,G,G,G,G,8.0
G,G,G,G,G,G,8.5
G,G,G,G,G,G,9.0
G,G,G,G,G,G,9.5
Y,G,G,G,G,G,9.0
Y,G,G,G,G,G,8.5
Y,Y,G,G,G,G,8.0
Y,Y,G,G,G,G,7.5
Y,Y,G,G,G,G,7.0
Y,G,G,G,G,G,6.5
Y,G,G,G,G,G,6.0
Y,G,G,G,G,G,5.5
G,G,G,G,G,G,6.0
G,G,G,G,G,G,6.5
G,G,G,G,G,G,7.0
G,G,G,G,G,G,7.5
Y,G,G,G,G,G,7.0
Y,G,G,G,G,G,6.5
G,G,G,G,G,G,7.0
G,G,G,G,G,G,7.5
Y,G,G,G,G,G,7.0
G,G,G,G,G,G,7.5
Y,G,G,G,G,G,7.0
G,G,G,G,G,G,7.5
G,G,G,G,G,G,8.0
G,G,G,G,G,G,8.5
G,G,G,G,G,G,9.0
G,G,G,G,G,G,9.5
G,G,G,G,G,G,10.0
G,G,G,G,G,G,10
G,G,G,G,G,G,10
G,G,G,G,G,Y,9.5
Y,G,G,G,G,G,9.0
G,G,G,G,G,G,9.5
G,G,G,G,G,Y,9.0
Y,G,G,G,G,G,8.5
G,G,G,G,G,Y,8.0
G,G,G,G,G,G,8.5
G,G,G,G,G,G,9.0
G,G,G,G,G,G,9.5
Y,G,G,G,G,G,9.0
G,G,G,G,G,G,9.5
Y,G,G,G,G,G,9.0
G,G,G,G,G,G,9.5
G,G,G,G,G,G,10.0
Y,Y,G,G,G,G,9.5
G,G,G,G,G,G,10.0
Y,G,G,G,G,G,9.5
Y,G,G,G,G,G,9.0
Y,G,G,G,G,G,8.5
Y,G,G,G,G,G,8.0
G,G,G,G,G,G,8.5
G,G,G,G,G,G,9.0
Y,G,G,G,G,G,8.5
Y,Y,G,G,G,G,8.0
Y,Y,G,G,G,G,7.5
Y,Y,G,G,G,G,7.0
Y,Y,G,G,G,G,6.5
Y,Y,G,G,G,G,6.0
Y,G,G,G,G,G,5.5
Y,G,G,G,G,G,5.0
G,G,G,G,G,G,5.5
G,G,G,G,G,G,6.0
G,G,G,G,G,G,6.5
G,G,G,G,G,G,7.0
G,G,G,G,G,G,7.5
Y,G,G,G,G,G,7.0
G,G,G,G,G,G,7.5
Y,G,G,G,G,G,7.0
G,G,G,G,G,G,7.5
G,G,G,G,G,Y,7.0
G,G,G,G,G,G,7.5
Y,G,G,G,G,G,7.0
G,G,G,G,G,G,7.5
G,G,G,G,G,G,8.0
G,G,G,G,G,G,8.5
G,G,G,G,G,G,9.0
G,G,G,G,G,G,9.5
G,G,G,G,G,Y,9.0
G,G,G,G,G,G,9.5
G,G,G,G,G,Y,9.0
G,G,G,G,G,G,9.5
G,G,G,G,G,Y,9.0
G,G,G,G,G,Y,8.5
G,G,G,G,G,G,9.0
Y,Y,G,G,G,G,8.5
Y,G,G,G,G,G,8.0
G,G,G,G,G,G,8.5
G,G,G,G,G,G,9.0
G,G,G,G,G,G,9.5
G,G,G,G,G,G,10.0
G,G,G,G,G,Y,9.5
G,G,G,Y,Y,Y,9.0
G,G,G,G,Y,Y,8.5
G,G,G,G,Y,Y,8.0
G,G,G,G,Y,Y,7.5
G,G,G,G,Y,Y,7.0
G,G,G,G,Y,Y,6.5
G,G,G,G,Y,Y,6.0
G,G,G,G,G,Y,5.5
G,G,G,G,G,G,6.0
G,G,G,G,G,G,6.5
G,G,G,G,G,G,7.0
G,G,G,G,G,G,7.5
Y,Y,G,G,G,G,7.0
Y,Y,G,G,G,G,6.5
Y,Y,Y,G,G,G,6.0
Y,Y,G,G,G,G,5.5
Y,Y,G,G,G,G,5.0
Y,G,G,G,G,G,4.5
Y,G,G,G,G,G,4.0
G,G,G,G,G,G,4.5
G,G,G,G,G,G,5.0
G,G,G,G,G,G,5.5
G,G,G,G,G,G,6.0
G,G,G,G,G,Y,5.5
G,G,G,G,Y,Y,5.0
G,G,G,G,G,Y,4.5
G,G,G,G,G,G,5.0
G,G,G,G,G,G,5.5
G,G,G,G,G,G,6.0
G,G,G,G,G,G,6.5
Y,G,G,G,G,G,6.0
G,G,G,G,G,G,6.5
Y,G,G,G,G,G,6.0
G,G,G,G,G,G,6.5
G,G,G,G,G,G,7.0
G,G,G,G,G,G,7.5
G,G,G,G,G,G,8.0
Y,G,G,G,G,G,7.5
Y,G,G,G,G,G,7.0
Y,G,G,G,G,G,6.5
Y,G,G,G,G,G,6.0
G,G,G,G,G,G,6.5
Y,G,G,G,G,G,6.0
G,G,G,G,G,G,6.5
G,G,G,G,G,G,7.0
Y,G,G,G,G,G,6.5
Y,G,G,G,G,G,6.0
G,G,G,G,G,G,6.5
Y,G,G,G,G,G,6.0
Y,G,G,G,G,G,5.5
G,G,G,G,G,G,6.0
Y,G,G,G,G,G,5.5
Y,G,G,G,G,G,5.0
Y,Y,G,G,G,G,4.5
Y,G,G,G,G,G,4.0
Y,G,G,G,G,G,3.5
G,G,G,G,G,G,4.0
Y,G,G,G,G,G,3.5
Y,G,G,G,G,G,3.0
G,G,G,G,G,G,3.5
G,G,G,G,G,G,4.0
Y,G,G,G,G,G,3.5
G,G,G,G,G,G,4.0
Y,G,G,G,G,G,3.5
G,G,G,G,G,G,4.0
G,G,G,G,G,G,4.5
G,G,G,G,G,G,5.0
G,G,G,G,G,G,5.5
G,G,G,G,G,G,6.0
G,G,G,G,G,G,6.5
G,G,G,G,G,G,7.0
Y,G,G,G,G,Y,7.5
G,G,G,G,G,G,8.0
G,G,G,G,G,Y,7.5
G,G,G,G,Y,Y,7.0
G,G,G,G,Y,Y,6.5
G,G,G,Y,Y,Y,6.0
G,G,G,Y,Y,Y,5.5
G,G,G,G,Y,Y,5.0
G,G,G,G,Y,Y,4.5
G,G,G,G,Y,Y,4.0
G,G,G,G,G,Y,3.5
G,G,G,G,G,Y,3.0
G,G,G,G,G,G,3.5
G,G,G,G,G,G,4.0
G,G,G,G,G,G,4.5
Y,G,G,G,G,G,4.0
G,G,G,G,G,G,4.5
G,G,G,G,G,G,5.0
G,G,G,G,G,G,5.5
G,G,G,G,G,Y,5.0
G,G,G,G,G,G,5.5
G,G,G,G,G,Y,5.0
G,G,G,G,G,Y,4.5
G,G,G,G,G,G,5.0
G,G,G,G,G,Y,4.5
G,G,G,G,G,G,5.0
G,G,G,G,G,Y,4.5
G,G,G,G,G,Y,4.0
G,G,G,G,G,Y,3.5
G,G,G,G,G,G,4.0
Y,G,G,G,G,G,3.5
G,G,G,G,G,G,4.0
Y,G,G,G,G,G,3.5
G,G,G,G,G,G,4.0
G,G,G,G,G,G,4.5
G,G,G,G,G,G,5.0
Y,G,G,G,G,G,4.5
G,G,G,G,G,G,5.0
G,G,G,G,G,G,5.5
Y,G,G,G,G,G,5.0
Y,G,G,G,G,G,4.5
G,G,G,G,G,G,5.0
Y,G,G,G,G,G,4.5
G,G,G,G,G,G,5.0
Y,G,G,G,G,G,4.5
G,G,G,G,G,G,5.0
Y,G,G,G,G,G,4.5
Y,G,G,G,G,G,4.0
G,G,G,G,G,G,4.5
G,G,G,G,G,G,5.0
G,G,G,G,G,G,5.5
G,G,G,G,G,G,6.0
G,G,G,G,G,G,6.5
G,G,G,G,G,G,7.0
G,G,G,G,G,G,7.5
G,G,G,G,G,G,8.0
G,G,G,G,G,G,8.5
G,G,G,G,G,G,9.0
G,G,G,G,G,G,9.5
G,G,G,G,G,G,10.0
G,G,G,G,G,G,10
G,G,G,G,G,G,10
G,G,G,G,G,G,10
G,G,G,G,G,G,10
G,G,G,G,G,G,10
G,G,G,G,G,G,10
Y,G,G,G,G,G,9.5
Y,Y,G,G,G,G,9.0
Y,Y,G,G,G,G,8.5
Y,Y,G,G,G,G,8.0
Y,Y,G,G,G,G,7.5
Y,Y,G,G,G,G,7.0
Y,Y,G,G,G,G,6.5
Y,G,G,G,G,G,6.0
Y,G,G,G,G,G,5.5
G,G,G,G,G,G,6.0
G,G,G,G,G,G,6.5
G,G,G,G,G,G,7.0
G,G,G,G,G,G,7.5
G,G,G,G,G,G,8.0
G,G,G,G,G,G,8.5
Y,G,G,G,G,G,8.0
Y,G,G,G,G,G,7.5
G,G,G,G,G,G,8.0
Y,G,G,G,G,G,7.5
Y,G,G,G,G,G,7.0
G,G,G,G,G,G,7.5
Y,G,G,G,G,G,7.0
Y,G,G,G,G,G,6.5
G,G,G,G,G,G,7.0
Y,G,G,G,G,G,6.5
G,G,G,G,G,G,7.0
Y,G,G,G,G,G,6.5
Y,G,G,G,G,G,6.0
Y,G,G,G,G,G,5.5
G,G,G,G,G,G,6.0
G,G,G,G,G,Y,5.5
G,G,G,G,G,G,6.0
G,G,G,G,G,G,6.5
G,G,G,G,G,Y,6.0
G,G,G,G,G,G,6.5
G,G,G,G,G,G,7.0
Y,G,G,G,G,G,6.5
G,G,G,G,G,G,7.0
G,G,G,G,G,Y,6.5
G,G,G,G,G,G,7.0
G,G,G,G,G,G,7.5
G,G,G,G,G,G,8.0
G,G,G,G,G,G,8.5
G,G,G,G,G,G,9.0
G,G,G,G,G,G,9.5
G,G,G,G,G,G,10.0
Y,G,G,G,G,G,9.5
G,G,G,G,G,G,10.0
G,G,G,G,G,G,10
G,G,G,G,Y,Y,9.5
G,G,G,Y,Y,Y,9.0
G,G,G,Y,Y,Y,8.5
G,G,G,Y,Y,Y,8.0
G,G,G,Y,Y,Y,7.5
G,G,G,G,Y,Y,7.0
G,G,G,G,Y,Y,6.5
G,G,G,G,Y,Y,6.0
G,G,G,G,G,Y,5.5
G,G,G,G,G,Y,5.0
G,G,G,G,G,Y,4.5
G,G,G,G,G,Y,4.0
G,G,G,G,G,Y,3.5
G,G,G,G,G,Y,3.0
G,G,G,G,G,Y,2.5
G,G,G,G,G,G,3.0
G,G,G,G,G,G,3.5
G,G,G,G,G,G,4.0
G,G,G,G,G,G,4.5
G,G,G,G,G,Y,4.0
G,G,G,G,G,G,4.5
G,G,G,G,G,Y,4.0
G,G,G,G,G,G,4.5
G,G,G,G,G,G,5.0
G,G,G,G,G,G,5.5
G,G,G,G,G,G,6.0
G,G,G,G,G,G,6.5
G,G,G,G,G,G,7.0
G,G,G,G,G,G,7.5
G,G,G,G,G,G,8.0
G,G,G,G,G,G,8.5
G,G,G,G,G,G,9.0
G,G,G,G,G,G,9.5
G,G,G,G,G,G,10.0
G,G,G,G,G,G,10
Y,G,G,G,G,G,9.5
Y,Y,G,G,G,G,9.0
Y,Y,G,G,G,G,8.5
Y,Y,G,G,G,G,8.0
Y,Y,Y,G,G,G,7.5
Y,Y,G,G,G,G,7.0
Y,Y,G,G,G,G,6.5
Y,Y,G,G,G,G,6.0
Y,G,G,G,G,G,5.5
Y,G,G,G,G,G,5.0
Y,G,G,G,G,G,4.5
G,G,G,G,G,G,5.0
G,G,G,G,G,G,5.5
G,G,G,G,G,Y,5.0
G,G,G,G,G,Y,4.5
G,G,G,G,G,G,5.0
G,G,G,G,G,G,5.5
G,G,G,G,G,G,6.0
Y,G,G,G,G,G,5.5
Y,G,G,G,G,G,5.0
G,G,G,G,G,G,5.5
G,G,G,G,G,G,6.0
G,G,G,G,G,G,6.5
Y,G,G,G,G,G,6.0
G,G,G,G,G,Y,5.5
Y,G,G,G,G,G,5.0
G,G,G,G,G,G,5.5
G,G,G,G,G,G,6.0
G,G,G,G,G,G,6.5
G,G,G,G,G,G,7.0
G,G,G,G,G,G,7.5
G,G,G,G,G,G,8.0
G,G,G,G,G,G,8.5
G,G,G,G,G,G,9.0
G,G,G,G,G,Y,8.5
G,B,B,G,G,G,6.5
B,G,G,G,G,G,4.5
G,G,G,G,Y,Y,4.0
G,G,G,G,G,Y,3.5
G,G,G,G,G,G,4.0
G,G,G,G,G,Y,3.5
G,G,G,G,G,G,4.0
Y,Y,G,G,G,G,3.5
G,G,G,G,G,G,4.0
G,G,G,G,G,G,4.5
G,G,G,G,G,G,5.0
Y,G,G,G,G,G,4.5
G,G,G,G,G,G,5.0
G,G,G,G,G,G,5.5
Y,G,G,G,G,G,5.0
G,G,G,G,G,Y,4.5
G,G,G,G,G,G,5.0
G,G,G,G,G,G,5.5
G,G,G,G,G,G,6.0
Y,G,G,G,G,G,5.5
G,G,G,G,G,G,6.0
Y,G,G,G,G,G,5.5
G,G,G,G,G,G,6.0
G,G,G,G,G,G,6.5
Y,G,G,G,G,G,6.0
Y,G,G,G,G,G,5.5
G,G,G,G,G,G,6.0
G,G,G,G,G,G,6.5
Y,G,G,G,G,G,6.0
G,G,G,G,G,G,6.5
Y,G,G,G,G,G,6.0
Y,G,G,G,G,G,5.5
Y,G,G,G,G,G,5.0
Y,G,G,G,G,G,4.5
Y,G,G,G,G,G,4.0
G,G,G,G,G,G,4.5
G,G,G,G,G,G,5.0
G,G,G,G,G,G,5.5
Y,G,G,G,G,G,5.0
Y,G,G,G,G,G,4.5
G,G,G,G,G,G,5.0
Y,G,G,G,G,G,4.5
G,G,G,G,G,G,5.0
G,G,G,G,G,G,5.5
Y,G,G,G,G,G,5.0
G,G,G,G,G,G,5.5
G,G,G,G,G,G,6.0
Y,G,G,G,G,G,5.5
G,G,G,G,G,G,6.0
G,G,G,G,G,G,6.5
G,G,G,G,G,G,7.0
Y,G,G,G,G,G,6.5
G,G,G,G,G,G,7.0
G,G,G,G,G,G,7.5
G,G,G,G,G,G,8.0
G,G,G,G,G,G,8.5
G,G,G,G,G,G,9.0
G,G,G,G,G,G,9.5
G,G,G,G,G,Y,9.0
G,G,G,G,G,G,9.5
G,G,G,G,G,G,10.0
G,G,G,G,G,Y,9.5
G,G,G,G,G,Y,9.0
G,G,G,G,G,Y,8.5
G,G,G,G,G,G,9.0
Y,Y,G,G,G,G,8.5
Y,G,G,G,G,G,8.0
G,G,G,G,G,G,8.5
G,G,G,G,G,G,9.0
G,G,G,G,G,G,9.5
G,G,O,G,G,G,8.0
O,O,G,G,Y,Y,6.5
O,G,Y,Y,Y,Y,5.0
Y,Y,Y,Y,R,Y,5.5
Y,Y,Y,R,Y,Y,6.0
Y,Y,R,R,Y,Y,6.5
Y,R,R,R,Y,Y,7.0
R,R,R,R,Y,Y,8.5
Y,Y,Y,Y,Y,Y,7.0
Y,G,Y,Y,Y,Y,6.5
G,G,G,Y,Y,Y,6.0
G,G,G,G,Y,Y,5.5
G,G,G,G,Y,Y,5.0
G,G,G,G,G,Y,4.5
G,G,G,G,G,G,5.0
G,G,G,G,G,G,5.5
G,G,G,G,G,G,6.0
Y,G,G,G,G,G,5.5
Y,Y,G,G,G,G,5.0
Y,Y,G,G,G,G,4.5
G,G,G,G,G,G,5.0
G,G,G,G,G,G,5.5
G,G,G,G,G,G,6.0
G,G,G,G,G,G,6.5
G,G,G,G,G,G,7.0
G,G,G,G,G,G,7.5
G,G,G,G,G,G,8.0
G,G,G,G,G,G,8.5
Y,G,G,G,G,G,8.0
Y,G,G,G,G,G,7.5
G,G,G,G,G,G,8.0
Y,Y,G,G,G,G,7.5
Y,G,G,G,G,G,7.0
Y,G,G,G,G,G,6.5
Y,G,G,G,G,G,6.0
Y,G,G,G,G,G,5.5
G,G,G,G,G,G,6.0
G,G,G,G,G,G,6.5
G,G,G,G,G,G,7.0
G,G,G,G,G,G,7.5
G,G,G,G,G,G,8.0
G,G,G,G,G,G,8.5
G,G,G,G,G,G,9.0
G,G,G,G,G,G,9.5
G,G,G,G,G,G,10.0
G,G,G,G,G,G,10
G,G,G,G,G,G,10
G,G,G,G,G,G,10
G,B,B,B,G,G,8.0
G,G,G,G,G,O,6.5
G,G,O,O,O,G,5.0
G,G,O,O,O,G,3.5
Y,G,O,G,O,G,2.0
Y,G,G,G,G,G,1.5
Y,G,G,G,G,G,1.0
G,G,G,G,G,G,1.5
G,G,G,G,G,G,2.0
G,G,G,G,G,G,2.5
Y,G,G,G,G,G,2.0
G,G,G,G,G,G,2.5
G,G,G,G,G,G,3.0
G,G,G,G,G,G,3.5
Y,G,G,G,G,G,3.0
G,G,G,G,G,G,3.5
G,G,G,G,G,G,4.0
Y,G,G,G,G,G,3.5
Y,G,G,G,G,G,3.0
G,G,G,G,G,G,3.5
G,G,G,G,G,G,4.0
G,G,G,G,G,G,4.5
G,G,G,G,G,G,5.0
Y,G,G,G,G,G,4.5
G,G,G,G,G,G,5.0
G,G,G,G,G,G,5.5
Y,G,G,G,G,G,5.0
G,G,G,G,G,G,5.5
Y,G,G,G,G,G,5.0
G,G,G,G,G,G,5.5
G,G,G,G,G,G,6.0
Y,Y,G,G,G,G,5.5
G,G,G,G,G,G,6.0
Y,G,G,G,G,G,5.5
G,G,G,G,G,G,6.0
Y,G,G,G,G,G,5.5
G,G,G,G,G,G,6.0
Y,G,G,G,G,G,5.5
G,G,G,G,G,G,6.0
Y,G,G,G,G,G,5.5
Y,G,G,G,G,G,5.0
G,G,G,G,G,G,5.5
G,G,G,G,G,G,6.0
Y,G,G,G,G,G,5.5
G,G,G,G,G,G,6.0
G,G,G,G,G,G,6.5
Y,G,G,G,G,G,6.0
G,G,G,G,G,G,6.5
G,G,G,G,G,G,7.0
G,G,G,G,G,G,7.5
G,G,G,G,G,G,8.0
O,O,G,G,G,G,6.5
O,G,G,G,Y,Y,5.0
G,G,G,G,Y,Y,4.5
G,G,G,G,Y,Y,4.0
G,G,G,G,Y,Y,3.5
G,G,G,G,G,Y,3.0
O,G,G,G,G,Y,1.5
G,G,G,G,G,G,2.0
G,G,G,G,G,G,2.5
G,G,G,G,G,G,3.0
G,G,G,G,G,G,3.5
G,G,G,G,G,G,4.0
G,G,G,G,G,G,4.5
Y,G,G,G,G,G,4.0
G,G,G,G,G,G,4.5
G,G,G,G,G,G,5.0
G,G,G,G,G,G,5.5
G,G,G,G,G,G,6.0
G,G,G,G,G,G,6.5
G,G,G,G,G,G,7.0
G,G,G,G,G,G,7.5
G,G,G,G,G,G,8.0
G,G,G,G,G,Y,7.5
G,G,G,G,G,Y,7.0
G,G,G,G,G,Y,6.5
G,G,G,G,G,Y,6.0
G,G,G,G,G,G,6.5
G,G,G,G,G,Y,6.0
G,G,G,G,G,Y,5.5
G,G,G,G,G,G,6.0
G,G,G,G,G,Y,5.5
G,G,G,G,G,Y,5.0
G,G,G,G,Y,Y,4.5
G,G,G,G,Y,Y,4.0
G,G,G,G,Y,Y,3.5
G,G,G,Y,Y,Y,3.0
G,G,G,G,Y,Y,2.5
G,G,G,G,Y,Y,2.0
G,G,G,G,G,Y,1.5
G,G,G,G,G,Y,1.0
G,G,G,G,G,Y,0.5
G,G,G,G,G,G,2.0
G,G,G,G,G,G,2.5
G,G,G,G,G,G,3.0
G,G,G,G,G,G,3.5
G,G,G,G,G,G,4.0
G,G,G,G,G,G,4.5
Y,G,G,G,G,G,4.0
G,G,G,G,G,G,4.5
G,G,G,G,G,G,5.0
G,G,G,G,G,G,5.5
G,G,G,G,G,G,6.0
G,G,G,G,G,G,6.5
G,G,G,G,G,G,7.0
G,G,G,G,G,G,7.5
G,G,G,G,G,G,8.0
G,G,G,G,O,O,6.5
Y,Y,G,G,G,O,5.0
Y,Y,G,G,G,G,4.5
Y,Y,G,G,G,G,4.0
Y,Y,G,G,G,G,3.5
Y,G,G,G,G,G,3.0
Y,G,G,G,G,G,2.5
G,G,G,G,G,G,3.0
G,G,G,G,G,G,3.5
G,G,G,G,G,G,4.0
G,G,G,G,G,G,4.5
G,G,G,O,G,G,3.0
G,G,G,O,O,O,1.5
Y,G,G,O,O,O,0.0
Y,G,G,O,O,O,0.0
Y,G,G,O,O,O,0.0
Y,Y,Y,O,O,O,0.0
Y,Y,G,O,O,O,0.0
Y,Y,G,O,O,O,0.0
Y,Y,G,O,O,O,0.0
Y,Y,G,O,O,O,0.0
Y,Y,G,O,O,O,0.0
Y,Y,Y,G,O,O,0.0
Y,Y,Y,G,O,O,0.0
Y,Y,Y,G,O,O,0.0
Y,Y,Y,G,O,O,0.0
Y,Y,Y,G,G,O,0.0
Y,Y,Y,G,G,O,0.0
Y,Y,Y,Y,G,O,0.0
Y,Y,Y,Y,G,O,0.0
Y,Y,Y,Y,G,O,0.0
Y,Y,Y,Y,G,O,0.0
Y,Y,Y,Y,G,O,0.0
Y,Y,Y,Y,G,G,1.0
Y,Y,Y,Y,G,O,0
Y,Y,Y,Y,G,O,0.0
Y,Y,Y,Y,G,O,0.0
Y,Y,Y,Y,G,G,1.0
Y,Y,Y,Y,G,O,0
Y,Y,Y,Y,G,O,0.0
Y,Y,Y,Y,G,O,0.0
R,Y,Y,Y,G,G,3.0
R,Y,Y,Y,G,G,4.5
R,R,Y,Y,Y,G,6.0
R,R,R,Y,Y,G,7.5
R,R,R,Y,Y,G,9.0
R,R,R,R,Y,Y,10
R,R,R,R,R,Y,10
R,R,R,R,R,R,2
R,R,R,R,R,R,2
R,R,R,R,R,R,2
R,R,R,R,R,R,2
R,R,R,R,R,R,2
R,R,R,R,R,R,2
R,R,R,R,R,R,2
R,R,R,R,R,R,2
R,R,R,R,R,R,2
R,R,R,R,R,R,2
R,R,R,R,R,R,2
R,R,R,R,R,R,2
R,R,R,R,R,R,2
R,R,R,R,R,R,2
R,R,R,R,R,R,2
R,R,R,R,R,R,2
R,R,R,R,R,R,2
R,R,R,R,R,R,2
R,R,R,R,R,R,2
R,R,R,R,R,R,2
R,R,R,R,R,R,2
R,R,R,R,R,R,2
R,R,R,R,R,R,2
R,R,R,R,R,R,2
R,R,R,R,R,R,2
R,R,R,R,R,R,2
R,R,R,R,R,R,2
R,R,R,R,R,R,2
R,R,R,R,R,R,2
R,R,R,R,R,R,2
R,R,R,R,R,R,2
R,R,R,R,R,R,2
R,R,R,R,R,R,2
R,R,R,R,R,R,2
R,R,R,R,R,R,2
R,R,R,R,R,R,2
R,R,R,R,R,R,2
R,R,R,R,R,R,2
R,R,R,R,R,R,2
R,R,R,R,R,R,2
R,R,R,R,R,R,2
R,R,R,R,R,R,2
R,R,R,R,R,R,2
R,R,R,R,R,R,2
R,R,R,R,R,R,2
R,R,R,R,R,R,2
R,R,R,R,R,R,2
R,R,R,R,R,R,2
R,R,R,R,R,R,2
R,R,R,R,R,R,2
R,R,R,R,R,R,2
R,R,R,R,R,R,2
R,R,R,R,R,R,2
R,R,R,R,R,R,2
R,R,R,R,R,R,2
R,R,R,R,R,R,2
R,R,R,R,R,R,2
R,R,R,R,R,R,2
R,R,R,R,R,R,2
R,R,R,R,R,R,2
R,R,R,R,R,R,2
R,R,R,R,R,R,2
R,R,R,R,R,R,2
R,R,R,R,R,R,2
R,R,R,R,R,R,2
R,R,R,R,R,R,2
R,R,R,R,R,R,2
R,R,R,R,R,R,2
R,R,R,R,R,R,2
R,R,R,R,R,R,2
R,R,R,R,R,R,2
R,R,R,R,R,R,2
R,R,R,R,R,R,2
R,R,R,R,R,R,2
R,R,R,R,R,R,2
R,R,R,R,R,R,2
R,R,R,R,R,R,2
R,R,R,R,R,R,2
R,R,R,R,R,R,2
R,R,R,R,R,R,2
R,R,R,R,R,R,2
R,R,R,R,R,R,2
R,R,R,R,R,R,2
R,R,R,R,R,R,2
R,R,R,R,R,R,2
R,R,R,R,R,R,2
R,R,R,R,R,R,2
R,R,R,R,R,R,2
R,R,R,R,R,R,2
R,R,R,R,R,R,2
R,R,R,R,R,R,2
R,R,R,R,R,R,2
R,R,R,R,R,R,2
R,R,R,R,R,R,2
R,R,R,R,R,R,2
R,R,R,R,R,R,2
R,R,R,R,R,R,2
R,R,R,R,R,R,2
R,R,R,R,R,R,2
R,R,R,R,R,R,2
R,R,R,R,R,R,2
R,R,R,R,R,R,2
R,R,R,R,R,R,2
R,R,R,R,R,R,2
R,R,R,R,R,R,2
R,R,R,R,R,R,2
R,R,R,R,R,R,2
R,R,R,R,R,R,2
R,R,R,R,R,R,2
R,R,R,R,R,R,2
R,R,R,R,R,R,2
R,R,R,R,R,R,2
R,R,R,R,R,R,2
R,R,R,R,R,R,2
R,R,R,R,R,R,2
R,R,R,R,R,R,2
R,R,R,R,R,R,2
R,R,R,R,R,R,2
R,R,R,R,R,R,2
R,R,R,R,R,R,2
R,R,R,R,R,R,2
R,R,R,R,R,R,2
R,R,R,R,R,Y,2
R,R,R,R,R,Y,2
R,R,R,R,Y,Y,2
R,R,R,R,Y,Y,2
R,R,R,R,Y,Y,2
R,R,R,R,Y,Y,2
R,R,R,Y,Y,Y,2
R,R,R,Y,Y,Y,2
R,R,R,Y,Y,Y,2
R,R,R,Y,Y,Y,2
R,R,Y,Y,Y,Y,2
R,R,Y,Y,Y,Y,2
R,R,Y,Y,Y,G,2
R,R,Y,Y,G,G,2
R,Y,Y,Y,G,G,3.98
Y,Y,Y,G,G,G,3.48
Y,Y,G,G,G,G,2.98
Y,Y,G,G,G,G,2.48
Y,G,G,G,G,G,1.98
Y,G,G,G,G,G,1.48
G,G,G,G,G,Y,0.98
G,G,G,G,G,G,1.48
G,G,G,G,G,G,1.98
G,G,G,G,G,G,2.48
G,G,G,G,G,G,2.98
G,G,G,G,G,G,3.48
G,G,G,G,G,G,3.98
G,G,G,G,G,G,4.47
G,G,G,G,G,G,4.97
G,G,G,G,G,G,5.47
G,G,G,G,G,G,5.97
G,Y,Y,Y,Y,Y,4.47
Y,Y,Y,Y,Y,Y,2.97
Y,Y,Y,Y,Y,Y,1.47
Y,Y,Y,Y,Y,G,-0.03
Y,Y,Y,Y,G,G,1.0
Y,Y,Y,Y,G,G,0.5
Y,Y,Y,G,G,G,1.0
Y,Y,Y,G,G,G,0.5
Y,Y,G,G,G,G,1.0
Y,G,G,G,G,G,0.5
Y,G,G,G,G,G,1.0
G,G,G,G,G,G,1.5
G,G,G,G,G,G,2.0
G,G,G,G,G,G,2.5
G,G,G,G,G,G,3.0
G,G,G,G,G,G,3.5
G,G,G,G,G,G,4.0
G,G,G,G,G,G,4.5
G,G,G,G,G,Y,4.0
G,G,G,G,G,Y,3.5
G,G,G,G,G,Y,3.0
G,G,G,G,G,G,3.5
G,G,G,G,G,G,4.0
G,G,G,G,G,G,4.5
G,G,G,G,G,Y,4.0
G,G,G,G,G,G,4.5
G,G,G,G,G,G,5.0
G,G,G,G,Y,Y,4.5
G,G,G,G,G,G,5.0
G,G,G,G,G,Y,4.5
G,G,G,G,G,G,5.0
G,G,G,G,G,G,5.5
G,G,G,G,G,Y,5.0
G,G,G,G,G,Y,4.5
G,G,G,G,G,Y,4.0
G,G,G,G,G,G,4.5
G,G,G,G,G,Y,4.0
G,G,G,G,G,G,4.5
G,G,G,G,G,Y,4.0
G,G,G,G,G,G,4.5
G,G,G,G,G,G,5.0
G,G,G,G,G,Y,4.5
G,G,G,G,G,Y,4.0
G,O,G,G,G,Y,2.5
O,O,G,G,G,Y,1.0
O,O,G,G,Y,Y,0
O,O,G,G,Y,Y,0.0
O,O,G,G,Y,Y,0.0
O,O,O,G,Y,Y,0.0
O,O,O,G,Y,Y,0.0
O,O,O,G,Y,Y,0.0
O,O,O,G,Y,Y,0.0
O,O,O,G,Y,Y,0.0
O,O,O,G,Y,Y,0.0
O,O,O,G,Y,Y,0.0
O,O,O,Y,Y,Y,0.0
O,O,O,Y,Y,Y,0.0
O,O,G,Y,Y,Y,0.0
O,O,G,Y,Y,Y,0.0
O,O,G,Y,Y,Y,0.0
O,O,G,Y,Y,Y,0.0
O,O,G,Y,Y,Y,0.0
O,O,G,Y,Y,Y,0.0
O,O,G,Y,Y,Y,0.0
O,G,Y,Y,Y,Y,0.0
O,G,Y,Y,Y,Y,0.0
O,G,Y,Y,Y,Y,0.0
O,G,Y,Y,Y,Y,0.0
O,G,Y,Y,Y,Y,0.0
O,G,Y,Y,Y,Y,0.0
O,G,Y,Y,Y,Y,0.0
O,G,Y,Y,Y,Y,0.0
G,G,Y,Y,Y,Y,1.0
O,G,Y,Y,Y,R,1.0
G,Y,Y,Y,Y,R,1.5
G,Y,Y,Y,Y,R,2.0
G,Y,Y,Y,R,R,2.5
G,Y,Y,Y,R,R,3.0
Y,Y,Y,R,R,R,4.5
Y,Y,Y,R,R,R,6.0
Y,Y,R,R,R,R,8.5
Y,Y,R,R,R,R,10
Y,Y,R,R,R,R,10
G,Y,Y,Y,R,R,10
G,G,Y,Y,R,R,10
G,G,Y,Y,Y,R,10
G,G,G,Y,Y,R,10
G,G,G,Y,Y,Y,9.5
G,G,G,G,Y,Y,9.0
G,G,G,G,G,Y,8.5
G,G,G,G,G,G,9.0
G,G,G,G,G,G,9.5
Y,Y,G,G,G,G,9.0
Y,Y,Y,G,G,G,8.5
Y,Y,G,G,G,G,8.0
Y,Y,G,G,G,G,7.5
Y,Y,G,G,G,G,7.0
Y,G,G,G,G,G,6.5
Y,G,G,G,G,G,6.0
G,G,G,G,G,G,6.5
G,G,G,G,G,G,7.0
G,G,G,G,G,G,7.5
G,G,G,G,G,Y,7.0
G,G,G,G,Y,Y,6.5
G,G,G,G,Y,Y,6.0
G,G,G,G,G,Y,5.5
G,G,G,G,G,Y,5.0
G,G,G,G,G,G,5.5
G,G,G,G,G,G,6.0
G,G,G,G,G,G,6.5
G,G,G,G,G,Y,6.0
G,G,G,G,G,Y,5.5
G,G,G,G,G,G,6.0
G,G,G,G,G,G,6.5
G,G,G,G,G,Y,6.0
G,G,G,G,G,G,6.5
G,G,G,G,G,Y,6.0
G,G,G,G,G,Y,5.5
G,G,G,G,G,G,6.0
G,G,G,G,G,Y,5.5
G,G,G,G,G,G,6.0
Y,G,G,G,G,G,5.5
G,G,G,G,G,G,6.0
Y,G,G,G,G,G,5.5
Y,G,G,G,G,G,5.0
Y,G,G,G,G,G,4.5
G,G,G,G,G,G,5.0
Y,G,G,G,G,G,4.5
Y,G,G,G,G,G,4.0
G,G,G,G,G,G,4.5
Y,G,G,G,G,G,4.0
Y,G,G,G,G,G,3.5
G,G,G,G,G,G,4.0
Y,G,G,G,G,G,3.5
Y,G,G,G,G,B,2.0
Y,Y,G,G,G,B,0.5
Y,Y,G,G,B,B,0.0
Y,Y,G,G,B,B,0.0
Y,G,G,G,B,B,0.0
Y,G,G,B,B,B,0.0
Y,G,G,B,B,G,0.0
Y,G,G,B,B,G,0.0
Y,G,G,B,B,G,0.0
Y,G,G,B,B,G,0.0
Y,G,G,B,B,G,0.0
Y,G,G,B,B,G,0.0
Y,G,G,B,B,G,0.0
Y,G,G,B,B,B,0.0
G,G,G,B,B,G,0
Y,G,G,B,B,B,0.0
G,G,G,B,B,G,0
Y,G,G,G,B,B,0.0
G,G,G,B,B,G,0
Y,G,G,G,B,B,0.0
G,G,G,B,B,G,0
Y,G,G,G,B,B,0.0
G,G,G,B,B,G,0
G,G,G,G,B,B,0
Y,G,G,G,B,B,0.0
Y,G,G,G,B,B,0.0
G,G,G,B,B,B,0
G,G,G,G,G,B,0
Y,G,G,G,G,G,1.0
G,G,G,G,G,G,1.5
G,G,G,G,G,G,2.0
G,G,G,G,G,G,2.5
G,G,G,G,G,G,3.0
G,G,G,G,G,G,3.5
G,G,G,G,G,G,4.0
G,G,G,G,G,G,4.5
G,G,G,G,G,G,5.0
Y,G,G,G,G,G,4.5
G,G,G,G,G,G,5.0
G,G,G,G,G,G,5.5
G,G,G,G,G,Y,5.0
G,G,G,G,G,Y,4.5
G,G,G,G,G,Y,4.0
G,G,G,G,G,Y,3.5
G,G,G,G,G,Y,3.0
G,G,G,G,G,Y,2.5
G,G,G,G,G,G,3.0
G,G,G,G,G,G,3.5
G,G,G,G,G,G,4.0
G,G,G,G,G,G,4.5
G,G,G,G,G,G,5.0
G,G,G,G,G,G,5.5
G,G,G,G,G,Y,5.0
G,G,G,G,G,G,5.5
G,G,G,G,G,Y,5.0
G,G,G,G,G,G,5.5
G,G,G,G,G,Y,5.0
G,G,G,G,G,G,5.5
G,G,G,G,G,Y,5.0
G,B,G,G,G,G,3.0
B,B,G,G,Y,Y,1.5
B,G,G,Y,Y,Y,0.0
B,G,G,Y,Y,Y,0.0
B,G,G,Y,Y,Y,0.0
B,G,G,Y,Y,Y,0.0
B,G,G,Y,Y,Y,0.0
G,G,G,Y,Y,Y,1.0
B,G,G,Y,Y,Y,0
B,G,G,Y,Y,Y,0.0
B,G,G,Y,Y,Y,0.0
B,G,G,Y,Y,Y,0.0
B,G,G,Y,Y,Y,0.0
B,G,G,Y,Y,Y,0.0
G,G,G,Y,Y,Y,1.0
B,G,G,G,Y,Y,0
B,G,G,G,Y,Y,0.0
B,G,G,Y,Y,Y,0.0
B,G,G,Y,Y,Y,0.0
B,G,G,Y,Y,Y,0.0
B,G,G,Y,Y,Y,0.0
B,G,G,Y,Y,Y,0.0
G,G,G,Y,Y,Y,1.0
B,G,G,G,Y,Y,0
B,G,G,G,Y,Y,0.0
B,G,G,G,Y,Y,0.0
G,G,G,Y,Y,Y,1.0
G,G,G,G,Y,Y,0.5
G,G,G,G,G,Y,1.0
G,G,G,G,G,Y,0.5
G,G,G,G,G,G,2.0
G,G,G,G,G,G,2.5
G,G,G,G,G,G,3.0
G,G,G,G,G,G,3.5
G,G,G,G,G,G,4.0
G,G,G,G,G,Y,3.5
G,G,G,G,G,G,4.0
G,G,G,G,G,Y,3.5
G,G,G,G,G,Y,3.0
G,G,G,G,G,G,3.5
G,G,G,G,G,G,4.0
G,G,G,G,G,Y,3.5
G,G,G,G,G,G,4.0
G,G,G,B,G,Y,2.5
G,G,G,B,B,G,0.5
G,G,G,B,B,B,0
G,G,G,B,B,B,0
G,G,G,G,B,B,0
G,G,G,G,B,B,0
G,G,G,G,G,B,0
G,G,G,G,G,G,2.0
G,G,G,G,G,G,2.5
G,G,G,G,G,G,3.0
G,G,Y,G,G,G,3.5
Y,Y,Y,Y,G,G,3.0
Y,Y,Y,Y,G,G,2.5
Y,Y,Y,Y,G,G,2.0
Y,Y,Y,Y,G,G,1.5
Y,Y,Y,Y,G,G,1.0
Y,Y,Y,G,G,G,0.5
Y,Y,Y,Y,G,G,1.0
Y,Y,Y,G,G,G,0.5
Y,Y,G,G,G,B,0.0
Y,Y,G,G,G,B,0.0
Y,Y,G,G,G,B,0.0
Y,G,G,G,B,G,0.0
Y,G,G,G,B,G,0.0
Y,G,G,G,B,B,0.0
Y,G,G,B,B,G,0.0
G,G,G,B,B,G,0
Y,G,G,G,B,B,0.0
G,G,G,B,B,G,0
Y,G,G,G,B,B,0.0
G,G,G,B,B,B,0
G,G,G,G,B,B,0
Y,G,G,G,G,B,0.0
G,G,G,G,B,B,0
Y,G,G,G,G,B,0.0
G,G,G,G,B,B,0
Y,G,G,G,G,B,0.0
G,G,G,G,B,B,0
G,G,G,G,G,B,0
Y,G,G,G,G,B,0.0
G,G,G,G,G,B,0
Y,G,G,G,G,G,1.0
G,G,G,G,G,B,0
Y,G,G,G,G,G,1.0
G,G,G,G,G,B,0
G,G,G,G,G,G,2.0
G,G,G,G,G,G,2.5
G,G,G,G,G,G,3.0
G,G,G,G,G,G,3.5
G,G,G,G,G,G,4.0
G,G,G,G,G,G,4.5
G,G,G,G,G,G,5.0
G,G,G,G,G,Y,4.5
G,G,G,G,G,Y,4.0
G,G,G,G,G,Y,3.5
G,G,G,G,G,G,4.0
G,G,G,G,G,G,4.5
G,G,G,G,G,G,5.0
G,G,G,G,G,G,5.5
G,G,G,G,G,G,6.0
G,G,G,G,G,G,6.5
G,G,G,G,G,G,7.0
G,G,G,O,G,G,5.5
G,G,O,O,O,O,4.0
G,G,O,O,O,O,2.5
Y,G,G,G,O,G,1.0
Y,G,G,G,O,G,0
Y,G,G,G,O,G,0.0
Y,G,G,G,O,G,0.0
Y,G,G,G,G,G,1.0
Y,G,G,G,G,G,0.5
Y,G,G,G,G,G,1.0
Y,G,G,G,G,G,0.5
Y,G,G,G,G,O,0.0
Y,G,G,G,G,G,1.0
G,G,G,G,G,O,0
Y,Y,G,G,G,G,1.0
Y,G,G,G,G,G,0.5
G,G,G,G,G,O,0.0
Y,Y,G,G,G,G,1.0
Y,G,G,G,G,G,0.5
G,G,G,G,G,G,2.0
G,G,G,G,G,G,2.5
G,G,G,G,G,G,3.0
G,G,G,G,G,G,3.5
G,G,G,G,G,G,4.0
G,G,G,G,G,G,4.5
G,G,G,G,G,G,5.0
G,G,G,G,G,G,5.5
Y,G,G,G,G,G,5.0
G,G,G,G,G,G,5.5
Y,G,G,G,G,G,5.0
Y,G,G,G,G,G,4.5
G,G,G,G,G,G,5.0
G,G,G,G,G,G,5.5
G,G,G,G,Y,Y,5.0
G,G,G,G,G,G,5.5
G,G,G,G,G,Y,5.0
G,G,G,G,G,G,5.5
G,G,G,G,G,Y,5.0
G,G,G,G,G,G,5.5
G,G,G,G,G,G,6.0
Y,G,G,G,G,G,5.5
Y,G,G,G,G,G,5.0
G,G,G,G,G,G,5.5
G,G,G,G,G,G,6.0
G,G,G,G,G,G,6.5
G,G,G,G,G,G,7.0
Y,G,G,G,G,G,6.5
G,G,G,G,G,G,7.0
G,G,G,G,G,G,7.5
Y,G,G,G,G,G,7.0
G,G,G,G,G,G,7.5
G,G,G,G,G,G,8.0
G,G,G,G,G,G,8.5
G,G,G,G,G,G,9.0
G,G,G,G,G,Y,8.5
G,G,G,G,G,G,9.0
G,G,G,G,G,G,9.5
G,G,G,G,G,G,10.0
G,G,G,G,G,G,10
G,G,G,G,Y,Y,9.5
G,G,G,G,Y,Y,9.0
G,G,G,G,Y,Y,8.5
G,G,G,Y,Y,Y,8.0
G,G,G,Y,Y,Y,7.5
G,G,G,Y,Y,Y,7.0
G,G,G,Y,Y,Y,6.5
G,G,G,Y,Y,Y,6.0
G,G,G,G,Y,Y,5.5
G,G,G,G,Y,Y,5.0
G,G,G,G,Y,Y,4.5
G,G,G,G,G,Y,4.0
G,G,G,G,G,G,4.5
G,G,G,G,G,G,5.0
G,G,G,G,G,G,5.5
G,G,G,G,G,G,6.0
Y,G,G,G,G,G,5.5
G,G,G,G,G,G,6.0
G,G,G,G,G,G,6.5
G,G,G,G,G,G,7.0
G,G,G,G,G,Y,6.5
G,G,G,G,G,G,7.0
G,G,G,G,G,G,7.5
G,G,G,G,G,G,8.0
G,G,G,G,G,G,8.5
G,G,G,G,G,Y,8.0
G,G,G,G,G,Y,7.5
G,G,G,G,G,G,8.0
G,G,G,G,G,Y,7.5
G,G,G,G,G,G,8.0
G,G,G,G,G,G,8.5
G,G,G,G,G,G,9.0
G,G,G,B,B,Y,7.5
Y,G,G,G,G,B,6.0
Y,G,G,G,G,G,5.5
G,G,G,G,G,G,6.0
G,G,G,G,G,G,6.5
G,G,G,G,G,G,7.0
G,G,G,G,G,G,7.5
G,G,G,G,G,G,8.0
G,G,G,G,G,Y,7.5
G,G,G,G,G,G,8.0
G,G,G,G,G,G,8.5
G,G,G,G,G,G,9.0
Y,G,G,G,G,G,8.5
G,G,G,G,G,G,9.0
G,G,G,G,G,G,9.5
G,G,G,G,G,G,10.0
G,G,G,G,G,Y,9.5
G,G,G,G,G,G,10.0
O,O,G,G,G,G,8.5
O,Y,Y,Y,Y,Y,6.0
Y,R,R,R,R,R,8.5
R,R,R,R,R,R,2
R,R,R,R,R,R,2
R,R,R,R,R,R,2
R,R,R,R,R,R,2
R,R,R,R,R,R,2
R,R,R,R,R,R,2
R,R,R,R,R,R,2
R,R,R,R,R,R,2
R,R,R,R,R,R,2
R,R,R,R,R,R,2
R,R,R,R,R,R,2
R,R,R,R,R,R,2
R,R,R,R,R,R,2
R,R,R,R,R,R,2
R,R,R,R,R,R,2
R,R,R,R,R,R,2
R,R,R,R,R,R,2
R,R,R,R,R,R,2
R,R,R,R,R,R,2
R,R,R,R,R,R,2
R,R,R,R,R,R,2
R,R,R,R,R,R,2
R,Y,R,R,R,R,2
Y,Y,Y,R,R,R,2
Y,Y,Y,Y,R,R,2
Y,Y,Y,Y,R,R,2
Y,Y,Y,Y,Y,R,2
Y,G,Y,Y,Y,R,2
G,G,G,Y,Y,Y,1.98
G,G,G,G,Y,Y,1.48
G,G,G,G,G,Y,0.98
Y,G,G,G,G,G,0.48
G,G,G,G,G,Y,1.0
G,G,G,G,G,G,1.5
G,G,G,G,G,G,2.0
Y,G,G,G,G,G,1.5
G,G,G,G,G,G,2.0
G,G,G,G,G,G,2.5
G,G,G,G,G,G,3.0
G,G,G,G,G,G,3.5
G,G,G,G,G,G,4.0
G,G,G,G,G,G,4.5
G,G,G,G,G,G,5.0
G,G,G,G,G,G,5.5
Y,Y,Y,Y,G,G,5.0
Y,Y,Y,G,G,G,4.5
Y,Y,Y,G,G,G,4.0
Y,Y,G,G,G,G,3.5
Y,Y,G,G,G,G,3.0
Y,G,G,G,G,G,2.5
G,G,G,G,G,G,3.0
G,G,G,G,G,G,3.5
G,G,G,G,G,G,4.0
G,G,G,G,G,G,4.5
G,G,G,G,G,G,5.0
G,G,G,G,G,Y,4.5
G,G,G,G,G,G,5.0
G,G,G,G,G,Y,4.5
G,G,G,G,G,Y,4.0
G,G,G,G,G,G,4.5
G,G,G,G,G,Y,4.0
G,G,G,G,G,G,4.5
G,G,G,G,G,Y,4.0
G,G,G,G,G,Y,3.5
G,G,G,G,G,Y,3.0
G,G,G,G,G,G,3.5
G,G,G,G,G,G,4.0
G,O,O,G,G,Y,2.5
O,O,O,G,G,Y,1.0
O,O,O,G,Y,Y,0
O,O,O,G,Y,Y,0.0
O,O,O,G,Y,Y,0.0
O,O,O,G,Y,Y,0.0
O,O,O,G,Y,Y,0.0
O,O,O,G,Y,Y,0.0
O,O,O,G,Y,Y,0.0
O,O,O,G,Y,Y,0.0
O,O,O,G,Y,Y,0.0
O,O,O,G,Y,Y,0.0
O,O,O,Y,Y,Y,0.0
O,O,G,Y,Y,Y,0.0
O,O,G,Y,Y,Y,0.0
O,O,G,Y,Y,Y,0.0
O,O,G,Y,Y,Y,0.0
O,O,G,Y,Y,Y,0.0
O,O,G,Y,Y,Y,0.0
O,O,G,Y,Y,Y,0.0
O,G,G,Y,Y,Y,0.0
O,G,G,Y,Y,Y,0.0
O,G,Y,Y,Y,Y,0.0
O,G,Y,Y,Y,Y,0.0
O,G,Y,Y,Y,Y,0.0
O,G,Y,Y,Y,Y,0.0
O,G,Y,Y,Y,Y,0.0
O,G,Y,Y,Y,Y,0.0
G,G,Y,Y,Y,Y,1.0
O,G,Y,Y,Y,Y,0
O,G,Y,Y,Y,Y,0.0
O,G,Y,Y,Y,Y,0.0
O,G,Y,Y,Y,R,1.0
G,Y,Y,Y,Y,R,1.5
G,Y,Y,Y,Y,R,2.0
G,Y,Y,Y,R,R,2.5
G,Y,Y,Y,R,R,3.0
Y,Y,Y,R,R,R,4.5
Y,Y,Y,R,R,R,6.0
Y,Y,R,R,R,R,8.5
Y,Y,R,R,R,R,10
Y,Y,Y,R,R,R,10
G,Y,Y,R,R,R,10
G,Y,Y,Y,R,R,10
G,G,Y,Y,R,R,10
G,G,Y,Y,R,R,10
G,G,Y,Y,Y,R,10
G,G,G,Y,Y,R,10
G,G,G,Y,Y,R,10
G,G,G,Y,Y,Y,9.5
G,G,G,G,Y,Y,9.0
G,G,G,G,G,Y,8.5
G,G,G,G,G,G,9.0
G,G,G,G,G,G,9.5
Y,Y,G,G,G,G,9.0
Y,Y,G,G,G,G,8.5
Y,G,G,G,G,G,8.0
Y,G,G,G,G,G,7.5
G,G,G,G,G,G,8.0
G,G,G,G,G,G,8.5
G,G,G,G,Y,Y,8.0
G,G,G,G,Y,Y,7.5
G,G,G,G,Y,Y,7.0
G,G,G,G,G,Y,6.5
G,G,G,G,G,Y,6.0
G,G,G,G,G,G,6.5
G,G,G,G,G,Y,6.0
G,G,G,G,G,G,6.5
G,G,G,G,G,Y,6.0
G,G,G,G,G,Y,5.5
G,G,G,G,G,G,6.0
G,G,G,G,G,G,6.5
G,G,G,G,G,G,7.0
Y,G,G,G,G,G,6.5
Y,G,G,G,G,G,6.0
G,G,G,G,G,G,6.5
Y,Y,G,G,G,G,6.0
Y,G,G,G,G,G,5.5
Y,G,G,G,G,G,5.0
Y,G,G,G,G,G,4.5
G,G,G,G,G,G,5.0
Y,G,G,G,G,G,4.5
Y,G,G,G,G,G,4.0
Y,G,G,G,G,G,3.5
Y,G,G,G,G,B,2.0
Y,G,G,G,B,B,0.5
Y,G,G,G,B,B,0.0
Y,G,G,B,B,B,0.0
Y,G,G,B,B,G,0.0
Y,G,G,B,B,B,0.0
Y,G,G,B,B,G,0.0
Y,G,G,B,B,G,0.0
Y,G,G,B,B,G,0.0
Y,G,G,B,B,G,0.0
Y,G,G,B,B,G,0.0
Y,G,G,B,B,G,0.0
Y,G,G,B,B,B,0.0
G,G,G,B,B,G,0
Y,G,G,B,B,B,0.0
G,G,G,B,B,G,0
Y,G,G,G,B,B,0.0
G,G,G,B,B,G,0
Y,G,G,G,B,B,0.0
G,G,G,B,B,G,0
Y,G,G,G,B,B,0.0
G,G,G,B,B,B,0
Y,G,G,G,B,B,0.0
G,G,G,B,B,B,0
Y,G,G,G,B,B,0.0
G,G,G,G,B,B,0
G,G,G,G,G,B,0
Y,G,G,G,G,G,1.0
Y,G,G,G,G,G,0.5
G,G,G,G,B,B,0
G,G,G,G,G,G,2.0
G,G,G,G,G,G,2.5
Y,G,G,G,G,G,2.0
G,G,G,G,G,G,2.5
G,G,G,G,G,G,3.0
G,G,G,G,G,G,3.5
G,G,G,G,G,Y,3.0
G,G,G,G,G,G,3.5
G,G,G,G,G,G,4.0
G,G,G,G,G,G,4.5
G,G,G,G,G,G,5.0
G,G,G,G,G,G,5.5
G,G,G,G,G,G,6.0
G,G,G,G,G,G,6.5
G,G,G,G,G,Y,6.0
G,G,G,G,Y,Y,5.5
G,G,G,G,Y,Y,5.0
G,G,G,G,Y,Y,4.5
G,G,G,G,Y,Y,4.0
G,G,G,G,G,Y,3.5
G,G,G,G,G,Y,3.0
G,G,G,G,G,G,3.5
G,G,G,G,G,G,4.0
Y,G,G,G,G,G,3.5
G,G,G,G,G,G,4.0
G,G,G,G,G,G,4.5
G,G,G,G,G,Y,4.0
G,G,G,G,G,G,4.5
G,G,G,G,G,G,5.0
G,G,G,G,G,Y,4.5
G,G,G,G,G,G,5.0
G,B,G,G,G,Y,3.5
B,B,G,G,G,Y,2.0
B,B,G,G,Y,Y,0.5
B,G,G,G,Y,Y,0.0
B,G,G,G,Y,Y,0.0
B,G,G,Y,Y,Y,0.0
B,G,G,Y,Y,Y,0.0
B,G,G,Y,Y,Y,0.0
B,G,G,Y,Y,Y,0.0
B,G,G,Y,Y,Y,0.0
G,G,G,Y,Y,Y,1.0
B,G,G,G,Y,Y,0
B,G,G,G,Y,Y,0.0
B,G,G,Y,Y,Y,0.0
B,G,G,Y,Y,Y,0.0
B,G,G,Y,Y,Y,0.0
B,G,Y,Y,Y,Y,0.0
B,G,G,Y,Y,Y,0.0
G,G,G,Y,Y,Y,1.0
B,G,G,G,Y,Y,0
B,G,G,G,Y,Y,0.0
B,G,G,Y,Y,Y,0.0
B,G,G,Y,Y,Y,0.0
B,G,G,Y,Y,Y,0.0
B,G,G,Y,Y,Y,0.0
B,G,G,Y,Y,Y,0.0
G,G,G,Y,Y,Y,1.0
G,G,G,G,Y,Y,0.5
G,G,G,G,Y,Y,1.0
G,G,G,G,G,Y,0.5
G,G,G,G,G,G,2.0
G,G,G,G,G,G,2.5
G,G,G,G,G,G,3.0
G,G,G,G,G,Y,2.5
G,G,G,G,G,G,3.0
G,G,G,G,G,G,3.5
G,G,G,G,G,Y,3.0
G,G,G,G,G,G,3.5
G,G,G,G,G,Y,3.0
G,G,G,G,G,Y,2.5
G,G,G,G,G,G,3.0
G,G,G,G,G,G,3.5
G,G,G,G,G,G,4.0
G,G,G,G,G,G,4.5
G,G,G,B,G,Y,3.0
G,G,B,B,B,G,1.0
G,G,G,B,B,G,0
G,G,G,B,B,G,0
G,G,G,B,B,B,0
G,G,G,G,B,B,0
G,G,G,G,B,B,0
G,G,G,G,G,B,0
G,G,G,G,G,B,0
G,G,G,G,G,B,0
G,G,G,G,G,G,2.0
G,G,G,G,G,G,2.5
G,G,G,G,G,G,3.0
G,G,Y,Y,G,G,3.5
G,Y,Y,Y,Y,G,3.0
Y,Y,Y,Y,Y,G,1.5
Y,Y,Y,Y,Y,G,0.0
Y,Y,Y,Y,G,G,1.0
Y,Y,Y,Y,G,G,0.5
Y,Y,Y,Y,G,G,1.0
Y,Y,Y,G,G,G,0.5
Y,Y,Y,G,G,G,1.0
Y,Y,Y,G,G,G,0.5
Y,Y,G,G,G,B,0.0
Y,Y,G,G,G,B,0.0
Y,G,G,G,G,B,0.0
Y,G,G,G,B,G,0.0
Y,G,G,G,B,G,0.0
Y,G,G,G,B,B,0.0
G,G,G,B,B,G,0
Y,G,G,G,B,B,0.0
Y,G,G,B,B,G,0.0
G,G,G,B,B,G,0
G,G,G,G,B,B,0
Y,G,G,G,B,B,0.0
G,G,G,G,B,B,0
G,G,G,G,B,B,0
Y,G,G,G,G,B,0.0
G,G,G,G,G,B,0
Y,G,G,G,G,B,0.0
G,G,G,G,G,B,0
Y,G,G,G,G,B,0.0
G,G,G,G,G,B,0
G,G,G,G,G,B,0
Y,G,G,G,G,G,1.0
G,G,G,G,G,G,1.5
G,G,G,G,G,G,2.0
G,G,G,G,G,G,2.5
G,G,G,G,G,G,3.0
G,G,G,G,G,G,3.5
G,G,G,G,G,G,4.0
G,G,G,G,G,G,4.5
G,G,G,G,G,G,5.0
G,G,G,G,G,Y,4.5
G,G,G,G,G,Y,4.0
G,G,G,G,G,Y,3.5
G,G,G,G,G,Y,3.0
G,G,G,G,G,Y,2.5
G,G,G,G,G,G,3.0
G,G,G,G,G,G,3.5
G,G,G,G,G,Y,3.0
G,G,G,G,G,G,3.5
G,G,G,G,G,G,4.0
G,G,G,G,G,G,4.5
Y,G,G,G,G,G,4.0
Y,G,G,G,G,G,3.5
Y,G,G,G,G,G,3.0
G,G,G,G,G,G,3.5
G,G,G,G,G,G,4.0
G,G,G,O,G,G,2.5
Y,G,G,O,O,G,1.0
G,G,G,O,O,G,0
Y,G,G,G,O,O,0.0
Y,G,G,G,O,O,0.0
Y,G,G,G,O,O,0.0
Y,G,G,G,O,O,0.0
Y,G,G,G,O,O,0.0
Y,Y,G,G,O,O,0.0
Y,Y,G,G,O,O,0.0
Y,Y,G,G,O,O,0.0
Y,Y,G,G,O,O,0.0
Y,Y,Y,G,O,O,0.0
Y,Y,Y,G,O,O,0.0
Y,Y,G,G,O,O,0.0
Y,Y,G,G,O,O,0.0
Y,Y,G,G,O,O,0.0
Y,Y,G,G,O,O,0.0
Y,Y,Y,G,O,O,0.0
Y,Y,Y,G,O,O,0.0
Y,Y,Y,G,O,O,0.0
Y,Y,Y,G,O,O,0.0
Y,Y,Y,G,O,O,0.0
Y,Y,Y,Y,G,O,0.0
Y,Y,Y,G,G,O,0.0
Y,Y,Y,G,G,O,0.0
Y,Y,Y,G,G,O,0.0
Y,Y,Y,G,G,O,0.0
Y,Y,Y,G,G,O,0.0
Y,Y,Y,Y,G,G,1.0
Y,Y,Y,G,G,O,0
Y,Y,Y,G,G,O,0.0
Y,Y,Y,G,G,O,0.0
Y,Y,Y,G,G,G,1.0
Y,Y,Y,G,G,O,0
Y,Y,Y,G,G,O,0.0
Y,Y,Y,G,G,O,0.0
Y,Y,Y,G,G,G,1.0
Y,Y,Y,G,G,O,0
Y,Y,Y,G,G,O,0.0
Y,Y,Y,G,G,O,0.0
Y,Y,Y,G,G,O,0.0
Y,Y,Y,G,G,G,1.0
Y,Y,Y,G,G,O,0
Y,Y,Y,G,G,O,0.0
Y,Y,Y,G,G,O,0.0
Y,Y,Y,G,G,O,0.0
Y,Y,Y,G,G,O,0.0
Y,Y,Y,G,G,O,0.0
Y,Y,Y,G,G,G,1.0
Y,Y,Y,G,G,O,0
Y,Y,Y,G,G,O,0.0
Y,Y,Y,G,G,O,0.0
Y,Y,Y,G,G,O,0.0
Y,Y,Y,G,G,G,1.0
Y,Y,Y,G,G,O,0
Y,Y,Y,G,G,O,0.0
Y,Y,Y,G,G,O,0.0
Y,Y,Y,G,G,O,0.0
Y,Y,G,G,G,G,1.0
Y,Y,Y,G,G,O,0
Y,Y,Y,G,G,O,0.0
Y,Y,G,G,G,O,0.0
Y,Y,G,G,G,O,0.0
Y,Y,G,G,G,G,1.0
Y,Y,G,G,G,O,0
Y,Y,G,G,G,O,0.0
Y,G,G,G,G,O,0.0
Y,G,G,G,G,O,0.0
Y,G,G,G,G,O,0.0
Y,G,G,G,G,G,1.0
Y,G,G,G,G,O,0
Y,G,G,G,G,O,0.0
Y,G,G,G,G,O,0.0
Y,G,G,G,G,O,0.0
Y,G,G,G,G,O,0.0
Y,G,G,G,G,G,1.0
G,G,G,G,G,O,0
Y,G,G,G,G,G,1.0
Y,G,G,G,G,G,0.5
G,G,G,G,G,O,0.0
Y,G,G,G,G,G,1.0
G,G,G,G,G,G,1.5
G,G,G,G,G,G,2.0
G,G,G,G,G,G,2.5
G,G,G,G,G,G,3.0
Y,G,G,G,G,G,2.5
G,G,G,G,G,G,3.0
G,G,G,G,G,G,3.5
G,G,G,G,G,Y,3.0
G,G,G,G,G,G,3.5
G,G,G,G,G,G,4.0
G,G,G,G,G,G,4.5
G,G,G,G,G,Y,4.0
G,G,G,G,G,G,4.5
G,G,G,G,G,G,5.0
G,G,G,G,G,G,5.5
G,G,G,G,G,G,6.0
G,G,G,G,G,G,6.5
G,G,G,G,G,G,7.0
G,G,G,G,G,G,7.5
G,G,G,G,G,G,8.0
G,G,G,G,G,G,8.5
G,G,G,G,G,G,9.0
G,G,G,G,G,G,9.5
Y,G,G,G,G,G,9.0
Y,G,G,G,G,G,8.5
G,G,G,G,G,G,9.0
G,G,G,G,G,G,9.5
G,G,G,G,G,G,10.0
G,G,G,G,G,G,10
G,G,G,G,G,G,10
G,G,G,G,G,G,10
G,G,G,G,G,G,10
G,G,G,G,G,Y,9.5
G,G,G,G,G,Y,9.0
G,G,G,G,G,Y,8.5
G,G,G,G,Y,Y,8.0
G,G,G,G,Y,Y,7.5
G,G,G,G,Y,Y,7.0
G,G,G,G,Y,Y,6.5
G,G,G,G,Y,Y,6.0
G,G,G,G,Y,Y,5.5
G,G,G,G,G,Y,5.0
G,G,G,G,G,Y,4.5
G,G,G,G,G,G,5.0
G,G,G,G,G,G,5.5
G,G,G,G,G,G,6.0
G,G,G,G,G,G,6.5
G,G,G,G,G,G,7.0
G,G,G,G,G,G,7.5
G,G,G,G,G,G,8.0
G,G,G,G,G,G,8.5
G,G,G,G,G,Y,8.0
G,G,G,G,G,Y,7.5
G,G,G,G,G,G,8.0
G,G,G,G,G,Y,7.5
G,G,G,G,G,G,8.0
G,G,G,G,G,G,8.5
G,G,G,G,G,Y,8.0
G,G,G,G,G,G,8.5
G,G,G,G,G,Y,8.0
G,G,G,G,G,G,8.5
G,G,G,G,G,G,9.0
G,G,G,G,B,G,7.0
Y,G,G,G,G,B,5.5
G,G,G,G,G,G,6.0
G,G,G,G,G,G,6.5
G,G,G,G,G,G,7.0
G,G,G,G,G,G,7.5
G,G,G,G,G,G,8.0
G,G,G,G,G,G,8.5
G,G,G,G,G,G,9.0
G,G,G,G,G,G,9.5
G,G,G,G,G,G,10.0
G,G,G,G,G,G,10
G,G,G,G,G,G,10
G,G,G,G,G,G,10
G,G,G,G,G,G,10
O,O,G,G,G,G,8.5
G,G,Y,Y,Y,Y,8.0
O,G,Y,Y,Y,Y,6.5
Y,Y,Y,R,R,R,8.0
Y,R,R,R,R,R,10
R,R,R,R,R,R,2
R,R,R,R,R,R,2
R,R,R,R,R,R,2
R,R,R,R,R,R,2
R,R,R,R,R,R,2
R,R,R,R,R,R,2
R,R,R,R,R,R,2
R,R,R,R,R,R,2
R,R,R,R,R,R,2
R,R,R,R,R,R,2
R,R,Y,Y,R,R,2
R,Y,Y,Y,Y,R,2
Y,Y,Y,Y,Y,R,2
Y,Y,Y,Y,Y,Y,1.93
Y,Y,Y,Y,Y,Y,1.85
Y,Y,Y,Y,Y,Y,0.83
Y,Y,Y,Y,Y,Y,-0.67
Y,Y,Y,Y,Y,R,3.0
Y,G,G,Y,Y,Y,3.5
G,G,G,Y,Y,Y,3.0
G,G,G,G,Y,Y,2.5
G,G,G,G,G,Y,2.0
G,G,G,G,G,G,2.5
G,G,G,G,G,G,3.0
G,G,G,G,G,G,3.5
G,G,G,G,G,G,4.0
G,G,G,G,G,G,4.5
G,G,G,G,G,G,5.0
G,G,G,G,G,G,5.5
G,G,Y,Y,G,G,6.0
G,Y,Y,Y,Y,G,5.5
Y,Y,Y,Y,Y,G,4.0
Y,Y,Y,Y,Y,G,2.5
Y,Y,Y,Y,Y,G,1.0
Y,Y,Y,Y,G,G,0.5
Y,Y,Y,G,G,G,1.0
Y,Y,G,G,G,G,0.5
Y,Y,G,G,G,G,1.0
Y,G,G,G,G,G,0.5
G,G,G,G,G,G,2.0
G,G,G,G,G,G,2.5
G,G,G,G,G,G,3.0
G,G,G,G,G,G,3.5
G,G,G,G,G,G,4.0
G,G,G,G,G,G,4.5
G,G,G,G,G,Y,4.0
G,G,G,G,G,G,4.5
G,G,G,G,Y,Y,4.0
G,G,G,G,G,Y,3.5
G,G,G,G,G,G,4.0
G,G,G,G,G,Y,3.5
G,G,G,G,G,G,4.0
G,G,G,G,G,Y,3.5
G,G,G,G,G,G,4.0
G,G,G,G,G,Y,3.5
G,G,G,G,G,G,4.0
G,G,G,G,G,Y,3.5
G,G,G,G,G,Y,3.0
G,G,G,G,G,G,3.5
G,G,G,G,G,G,4.0
G,G,G,G,G,Y,3.5
G,G,G,G,G,G,4.0
G,G,G,G,G,Y,3.5
G,G,G,G,G,Y,3.0
G,G,G,G,G,Y,2.5
G,G,G,G,G,G,3.0
G,G,O,G,G,G,1.5
G,O,O,G,G,Y,0.0
G,O,O,G,G,Y,0.0
G,O,O,G,G,Y,0.0
O,O,O,G,G,Y,0.0
O,O,O,G,G,Y,0.0
O,O,O,G,G,Y,0.0
O,O,O,G,G,Y,0.0
O,O,O,G,G,Y,0.0
O,O,O,G,Y,Y,0.0
O,O,O,G,Y,Y,0.0
O,O,O,G,Y,Y,0.0
O,O,O,G,Y,Y,0.0
O,O,O,G,Y,Y,0.0
O,O,O,G,Y,Y,0.0
O,O,O,G,Y,Y,0.0
O,O,O,G,Y,Y,0.0
O,O,O,Y,Y,Y,0.0
O,O,G,Y,Y,Y,0.0
O,O,G,Y,Y,Y,0.0
O,O,G,Y,Y,Y,0.0
O,O,G,Y,Y,Y,0.0
O,O,G,Y,Y,Y,0.0
O,O,G,Y,Y,Y,0.0
O,O,G,Y,Y,Y,0.0
O,G,G,Y,Y,Y,0.0
O,G,G,Y,Y,Y,0.0
O,G,Y,Y,Y,Y,0.0
O,G,Y,Y,Y,Y,0.0
O,G,Y,Y,Y,Y,0.0
O,G,Y,Y,Y,Y,0.0
O,G,Y,Y,Y,Y,0.0
O,Y,Y,Y,Y,Y,-1.0
G,Y,Y,Y,Y,Y,0.0
G,Y,Y,Y,Y,Y,0.0
Y,Y,Y,Y,Y,Y,0.0
Y,Y,Y,Y,Y,Y,0.0
Y,Y,Y,Y,Y,Y,0.0
Y,Y,Y,Y,Y,Y,0.0
Y,Y,Y,Y,Y,Y,0.0
Y,Y,Y,Y,Y,G,0.0
Y,Y,Y,Y,Y,G,0.0
Y,Y,Y,Y,Y,G,0.0
Y,Y,Y,Y,G,G,1.0
Y,Y,Y,Y,G,G,0.5
Y,Y,Y,Y,G,G,1.0
Y,Y,Y,Y,G,G,0.5
Y,Y,Y,G,G,G,1.0
Y,Y,Y,G,G,G,0.5
Y,Y,Y,G,G,G,1.0
Y,Y,G,G,G,G,0.5
Y,Y,G,G,G,G,1.0
Y,G,G,G,G,G,0.5
Y,G,G,G,G,G,1.0
G,G,G,G,G,O,0
Y,G,G,G,G,G,1.0
Y,G,G,G,G,G,0.5
G,G,G,G,G,O,0.0
Y,G,G,G,G,G,1.0
Y,G,G,G,G,G,0.5
Y,G,G,G,G,O,0.0
G,G,G,G,G,O,0.0
Y,G,G,G,G,G,1.0
G,G,G,G,G,G,1.5
G,G,G,G,G,G,2.0
G,G,G,G,G,G,2.5
G,G,G,G,G,G,3.0
G,G,G,G,G,G,3.5
G,G,G,G,G,G,4.0
G,G,G,G,G,Y,3.5
G,G,G,G,G,Y,3.0
G,G,G,G,G,G,3.5
G,G,G,G,G,G,4.0
G,G,G,G,G,G,4.5
G,G,G,G,G,G,5.0
Y,Y,G,G,G,G,4.5
G,G,G,G,G,G,5.0
Y,G,G,G,G,G,4.5
G,G,G,G,G,G,5.0
G,G,G,G,G,G,5.5
Y,G,G,G,G,G,5.0
G,G,G,G,G,G,5.5
Y,G,G,G,G,G,5.0
G,G,G,G,G,G,5.5
G,G,G,G,G,G,6.0
Y,G,G,G,G,G,5.5
Y,G,G,G,G,G,5.0
G,G,G,G,G,G,5.5
Y,G,G,G,G,G,5.0
G,G,G,G,G,G,5.5
G,G,G,G,G,G,6.0
Y,G,G,G,G,G,5.5
Y,G,G,G,G,G,5.0
G,G,G,G,G,G,5.5
Y,G,G,G,G,G,5.0
G,G,G,G,G,G,5.5
G,G,G,G,G,G,6.0
G,G,G,G,G,G,6.5
G,G,G,G,G,G,7.0
G,G,G,G,G,G,7.5
G,G,G,G,G,G,8.0
O,O,G,G,G,G,6.5
O,G,G,G,Y,Y,5.0
G,G,G,G,Y,Y,4.5
G,G,G,Y,Y,Y,4.0
G,G,G,G,Y,Y,3.5
G,G,G,G,Y,Y,3.0
O,G,G,G,G,G,1.5
G,G,G,G,G,Y,1.0
G,G,G,G,G,Y,0.5
G,G,G,G,G,G,2.0
G,G,G,G,G,G,2.5
G,G,G,G,G,G,3.0
G,G,G,G,G,G,3.5
G,G,G,G,G,G,4.0
G,G,G,G,G,G,4.5
G,G,G,G,G,G,5.0
Y,G,G,G,G,G,4.5
G,G,G,G,G,G,5.0
G,G,G,G,G,G,5.5
G,G,G,G,G,G,6.0
Y,G,G,G,G,G,5.5
G,G,G,G,G,G,6.0
G,G,G,G,G,G,6.5
G,G,G,G,G,G,7.0
G,G,G,G,G,Y,6.5
G,G,G,G,Y,Y,6.0
G,G,G,G,G,G,6.5
G,G,G,G,G,Y,6.0
G,G,G,G,G,Y,5.5
G,G,G,G,G,G,6.0
G,G,G,G,Y,Y,5.5
G,G,G,G,G,Y,5.0
G,G,G,G,G,Y,4.5
G,G,G,G,G,G,5.0
G,G,G,G,G,Y,4.5
G,G,G,G,G,Y,4.0
G,G,G,G,G,Y,3.5
G,G,G,G,G,Y,3.0
G,G,G,G,G,Y,2.5
G,G,G,G,G,Y,2.0
G,G,G,G,G,Y,1.5
G,G,G,G,G,Y,1.0
G,G,G,G,G,G,1.5
G,G,G,G,G,G,2.0
G,G,G,G,G,G,2.5
G,G,G,G,G,G,3.0
G,G,G,G,G,G,3.5
G,G,G,G,G,G,4.0
G,G,G,G,G,Y,3.5
G,G,G,G,G,G,4.0
G,G,G,G,G,G,4.5
G,G,G,G,G,Y,4.0
G,G,G,G,G,G,4.5
G,G,G,G,G,G,5.0
G,G,G,G,G,G,5.5
G,G,G,G,G,G,6.0
G,G,G,G,G,G,6.5
G,G,G,G,G,G,7.0
G,G,G,G,G,G,7.5
G,G,G,G,O,G,6.0
Y,G,G,G,G,O,4.5
Y,Y,Y,G,G,O,3.0
Y,Y,G,G,G,O,1.5
Y,Y,Y,G,G,G,1.0
Y,Y,G,G,G,G,0.5
Y,Y,G,G,G,G,1.0
Y,G,G,G,G,O,0
Y,G,G,G,G,G,1.0
Y,G,G,G,G,O,0
Y,G,G,G,G,O,0.0
Y,G,G,G,G,O,0.0
Y,G,G,G,G,O,0.0
Y,G,G,G,G,G,1.0
G,G,G,G,G,O,0
Y,Y,G,G,G,G,1.0
Y,G,G,G,G,G,0.5
G,G,G,G,G,O,0.0
Y,Y,G,G,G,G,1.0
Y,G,G,G,G,G,0.5
G,G,G,G,G,G,2.0
G,G,G,G,G,G,2.5
G,G,G,G,G,G,3.0
G,G,G,G,G,G,3.5
G,G,G,O,G,G,2.0
G,G,G,O,O,G,0.5
Y,G,G,G,O,O,0.0
Y,G,G,G,O,O,0.0
Y,G,G,G,O,O,0.0
Y,G,G,G,O,O,0.0
Y,G,G,G,O,O,0.0
Y,Y,G,G,O,O,0.0
Y,Y,G,G,O,O,0.0
Y,Y,Y,G,O,O,0.0
Y,Y,G,G,O,O,0.0
Y,Y,G,G,O,O,0.0
Y,Y,G,G,O,O,0.0
Y,Y,G,G,O,O,0.0
Y,Y,G,G,O,O,0.0
Y,Y,Y,G,O,O,0.0
Y,Y,Y,G,O,O,0.0
Y,Y,Y,Y,O,O,0.0
Y,Y,Y,G,O,O,0.0
Y,Y,Y,G,O,O,0.0
Y,Y,Y,G,O,O,0.0
Y,Y,Y,G,O,O,0.0
Y,Y,Y,Y,G,O,0.0
Y,Y,Y,Y,G,O,0.0
Y,Y,Y,Y,G,O,0.0
Y,Y,Y,Y,G,O,0.0
Y,Y,Y,Y,G,O,0.0
Y,Y,Y,Y,G,O,0.0
Y,Y,Y,Y,G,G,1.0
Y,Y,Y,Y,G,O,0
Y,Y,Y,Y,G,O,0.0
Y,Y,Y,Y,G,O,0.0
Y,Y,Y,Y,G,G,1.0
R,Y,Y,Y,G,O,2.0
R,Y,Y,Y,G,G,3.5
R,R,Y,Y,Y,G,5.0
R,R,Y,Y,Y,G,6.5
R,R,R,Y,Y,G,8.0
R,R,R,Y,Y,Y,8.5
R,R,R,R,Y,Y,10.0
R,R,R,R,R,Y,10
R,R,R,R,R,R,10
R,R,R,R,R,R,2
R,R,R,R,R,R,2
R,R,R,R,R,R,2
R,R,R,R,R,R,2
R,R,R,R,R,R,2
R,R,R,R,R,R,2
R,R,R,R,R,R,2
R,R,R,R,R,R,2
R,R,R,R,R,R,2
R,R,R,R,R,R,2
R,R,R,R,R,R,2
R,R,R,R,R,R,2
R,R,R,R,R,R,2
R,R,R,R,R,R,2
R,R,R,R,R,R,2
R,R,R,R,R,R,2
R,R,R,R,R,R,2
R,R,R,R,R,R,2
R,R,R,R,R,R,2
R,R,R,R,R,R,2
R,R,R,R,R,R,2
R,R,R,R,R,R,2
R,R,R,R,R,R,2
R,R,R,R,R,R,2
R,R,R,R,R,R,2
R,R,R,R,R,R,2
R,R,R,R,R,R,2
R,R,R,R,R,R,2
R,R,R,R,R,R,2
R,R,R,R,R,R,2
R,R,R,R,R,R,2
R,R,R,R,R,R,2
R,R,R,R,R,R,2
R,R,R,R,R,R,2
R,R,R,R,R,R,2
R,R,R,R,R,R,2
R,R,R,R,R,R,2
R,R,R,R,R,R,2
R,R,R,R,R,R,2
R,R,R,R,R,R,2
R,R,R,R,R,R,2
R,R,R,R,R,R,2
R,R,R,R,R,R,2
R,R,R,R,R,R,2
R,R,R,R,R,R,2
R,R,R,R,R,R,2
R,R,R,R,R,R,2
R,R,R,R,R,R,2
R,R,R,R,R,R,2
R,R,R,R,R,R,2
R,R,R,R,R,R,2
R,R,R,R,R,R,2
R,R,R,R,R,R,2
R,R,R,R,R,R,2
R,R,R,R,R,R,2
R,R,R,R,R,R,2
R,R,R,R,R,R,2
R,R,R,R,R,R,2
R,R,R,R,R,R,2
R,R,R,R,R,R,2
R,R,R,R,R,R,2
R,R,R,R,R,R,2
R,R,R,R,R,R,2
R,R,R,R,R,R,2
R,R,R,R,R,R,2
R,R,R,R,R,R,2
R,R,R,R,R,R,2
R,R,R,R,R,R,2
R,R,R,R,R,R,2
R,R,R,R,R,R,2
R,R,R,R,R,R,2
R,R,R,R,R,R,2
R,R,R,R,R,R,2
R,R,R,R,R,R,2
R,R,R,R,R,R,2
R,R,R,R,R,R,2
R,R,R,R,R,R,2
R,R,R,R,R,R,2
R,R,R,R,R,R,2
R,R,R,R,R,R,2
R,R,R,R,R,R,2
R,R,R,R,R,R,2
R,R,R,R,R,R,2
R,R,R,R,R,R,2
R,R,R,R,R,R,2
R,R,R,R,R,R,2
R,R,R,R,R,R,2
R,R,R,R,R,R,2
R,R,R,R,R,R,2
R,R,R,R,R,R,2
R,R,R,R,R,R,2
R,R,R,R,R,R,2
R,R,R,R,R,R,2
R,R,R,R,R,R,2
R,R,R,R,R,R,2
R,R,R,R,R,R,2
R,R,R,R,R,R,2
R,R,R,R,R,R,2
R,R,R,R,R,R,2
R,R,R,R,R,R,2
R,R,R,R,R,R,2
R,R,R,R,R,R,2
R,R,R,R,R,R,2
R,R,R,R,R,R,2
R,R,R,R,R,R,2
R,R,R,R,R,R,2
R,R,R,R,R,R,2
R,R,R,R,R,R,2
R,R,R,R,R,R,2
R,R,R,R,R,R,2
R,R,R,R,R,R,2
R,R,R,R,Y,Y,2
R,R,R,R,Y,Y,2
R,R,R,Y,Y,Y,2
R,R,R,Y,Y,Y,2
R,R,Y,Y,Y,Y,2
R,R,Y,Y,Y,Y,2
R,R,Y,Y,Y,Y,2
R,R,Y,Y,Y,Y,2
R,Y,Y,Y,Y,Y,2
R,Y,Y,Y,G,G,2
R,Y,Y,G,G,G,3.98
Y,Y,G,G,G,G,3.48
Y,G,G,G,G,G,2.98
Y,G,G,G,G,G,2.48
G,G,G,G,G,Y,1.98
G,G,G,G,G,G,2.48
G,G,G,G,G,G,2.98
G,G,G,G,G,G,3.48
G,G,G,G,G,G,3.98
G,G,G,G,G,G,4.47
G,G,G,G,G,G,4.97
G,G,G,G,G,G,5.47
G,G,G,Y,G,G,5.97
G,Y,Y,Y,Y,Y,4.47
Y,Y,Y,Y,Y,Y,2.97
Y,Y,Y,Y,Y,Y,1.47
Y,Y,Y,Y,Y,G,-0.03
Y,Y,Y,Y,G,G,1.0
Y,Y,Y,Y,G,G,0.5
Y,Y,Y,G,G,G,1.0
Y,Y,G,G,G,G,0.5
Y,G,G,G,G,G,1.0
Y,G,G,G,G,G,0.5
G,G,G,G,G,G,2.0
G,G,G,G,G,G,2.5
G,G,G,G,G,G,3.0
G,G,G,G,G,G,3.5
G,G,G,G,G,G,4.0
G,G,G,G,G,Y,3.5
G,G,G,G,G,G,4.0
G,G,G,G,G,Y,3.5
G,G,G,G,G,G,4.0
G,G,G,G,G,Y,3.5
G,G,G,G,G,G,4.0
G,G,G,G,G,Y,3.5
G,G,G,G,G,G,4.0
G,G,G,G,G,G,4.5
G,G,G,G,G,Y,4.0
G,G,G,G,G,Y,3.5
G,G,G,G,G,G,4.0
G,G,G,G,G,Y,3.5
G,G,G,G,G,G,4.0
G,G,G,G,G,Y,3.5
G,G,G,G,G,G,4.0
G,G,G,G,G,G,4.5
G,G,G,G,G,Y,4.0
G,G,G,G,G,Y,3.5
G,G,G,G,G,G,4.0
G,G,G,G,Y,Y,3.5
G,O,G,G,G,Y,2.0
G,O,G,G,G,Y,0.5
G,O,G,G,G,Y,0.0
O,O,G,G,G,Y,0.0
O,O,G,G,G,Y,0.0
O,O,G,G,Y,Y,0.0
O,O,O,G,Y,Y,0.0
O,O,O,G,Y,Y,0.0
O,O,O,G,Y,Y,0.0
O,O,O,G,Y,Y,0.0
O,O,O,G,Y,Y,0.0
O,O,O,G,Y,Y,0.0
O,O,O,G,Y,Y,0.0
O,O,O,G,Y,Y,0.0
O,O,O,G,Y,Y,0.0
O,O,O,Y,Y,Y,0.0
O,O,O,Y,Y,Y,0.0
O,O,G,Y,Y,Y,0.0
O,O,Y,Y,Y,Y,0.0
O,O,Y,Y,Y,Y,0.0
O,O,G,Y,Y,Y,0.0
O,O,G,Y,Y,Y,0.0
O,O,G,Y,Y,Y,0.0
O,O,G,Y,Y,Y,0.0
O,G,Y,Y,Y,Y,0.0
O,G,Y,Y,Y,Y,0.0
O,G,Y,Y,Y,Y,0.0
O,G,Y,Y,Y,Y,0.0
O,Y,Y,Y,Y,Y,-1.0
G,Y,Y,Y,Y,Y,0.0
G,Y,Y,Y,Y,Y,0.0
G,Y,Y,Y,Y,Y,0.0
Y,Y,Y,Y,Y,Y,0.0
Y,Y,Y,Y,Y,Y,0.0
Y,Y,Y,Y,Y,Y,0.0
Y,Y,Y,Y,Y,Y,0.0
Y,Y,Y,Y,Y,Y,0.0
Y,Y,Y,Y,Y,Y,0.0
Y,Y,Y,Y,Y,G,0.0
Y,Y,Y,Y,Y,Y,0.0
R,Y,Y,Y,Y,G,3.0
R,R,Y,Y,Y,G,4.5
R,R,R,Y,Y,G,6.0
R,R,R,Y,Y,Y,6.5
R,R,R,R,Y,Y,8.0
R,R,R,R,R,Y,9.5
R,R,R,R,R,R,2
R,R,R,R,R,R,2
R,R,R,R,R,R,2
R,R,R,R,R,R,2
R,R,R,R,R,R,2
R,R,R,R,R,R,2
R,R,R,R,R,R,2
R,R,R,R,R,R,2
R,R,R,R,R,R,2
R,R,R,R,R,R,2
R,R,R,R,R,R,2
R,R,R,R,R,R,2
R,R,R,R,R,R,2
R,R,R,R,R,R,2
R,R,R,R,R,R,2
R,R,R,R,R,R,2
R,R,R,R,R,R,2
R,R,R,R,R,R,2
R,R,R,R,R,R,2
R,R,R,R,R,R,2
R,R,R,R,R,R,2
R,R,R,R,R,R,2
R,R,R,R,R,R,2
R,R,R,R,R,R,2
R,R,R,R,R,R,2
R,R,R,R,R,R,2
R,R,R,R,R,R,2
R,R,R,R,R,R,2
R,R,R,R,R,R,2
R,R,R,R,R,R,2
R,R,R,R,R,R,2
R,R,R,R,R,R,2
R,R,R,R,R,R,2
R,R,R,R,R,R,2
R,R,R,R,R,R,2
R,R,R,R,R,R,2
R,R,R,R,R,R,2
R,R,R,R,R,R,2
R,R,R,R,R,R,2
R,R,R,R,R,R,2
R,R,R,R,R,R,2
R,R,R,R,R,R,2
R,R,R,R,R,R,2
R,R,R,R,R,R,2
R,R,R,R,R,R,2
R,R,R,R,R,R,2
R,R,R,R,R,R,2
R,R,R,R,R,R,2
R,R,R,R,R,R,2
R,R,R,R,R,R,2
R,R,R,R,R,R,2
R,R,R,R,R,R,2
R,R,R,R,R,R,2
R,R,R,R,R,R,2
R,R,R,R,R,R,2
R,R,R,R,R,R,2
R,R,R,R,R,R,2
R,R,R,R,R,R,2
R,R,R,R,R,R,2
R,R,R,R,R,R,2
R,R,R,R,R,R,2
R,R,R,R,R,R,2
R,R,R,R,R,R,2
R,R,R,R,R,R,2
R,R,R,R,R,R,2
R,R,R,R,R,R,2
R,R,R,R,R,R,2
R,R,R,R,R,R,2
R,R,R,R,R,R,2
R,R,R,R,R,R,2
R,R,R,R,R,R,2
R,R,R,R,R,R,2
R,R,R,R,R,R,2
R,R,R,R,R,R,2
R,R,R,R,R,R,2
R,R,R,R,R,R,2
R,R,R,R,R,R,2
R,R,R,R,R,R,2
R,R,R,R,R,R,2
R,R,R,R,R,R,2
R,R,R,R,R,R,2
R,R,R,R,R,R,2
R,R,R,R,R,R,2
R,R,R,R,R,R,2
R,R,R,R,R,R,2
R,R,R,R,R,R,2
R,R,R,R,R,R,2
R,R,R,R,R,R,2
R,R,R,R,R,R,2
R,R,R,R,R,R,2
R,R,R,R,R,R,2
R,R,R,R,R,R,2
R,R,R,R,R,R,2
R,R,R,R,R,R,2
R,R,R,R,R,R,2
R,R,R,R,R,R,2
R,R,R,R,R,R,2
R,R,R,R,R,R,2
R,R,R,R,R,R,2
R,R,R,R,R,R,2
R,R,R,R,R,R,2
R,R,R,R,R,R,2
R,R,R,R,R,R,2
R,R,R,R,R,R,2
R,R,R,R,R,R,2
R,R,R,R,R,R,2
R,R,R,R,R,R,2
R,R,R,R,R,R,2
R,R,R,R,R,R,2
R,R,R,R,R,R,2
R,R,R,R,R,R,2
R,R,R,R,R,R,2
R,R,R,R,R,R,2
R,R,R,R,R,R,2
R,R,R,R,R,R,2
R,R,R,R,R,R,2
R,R,R,R,R,R,2
R,R,R,R,R,R,2
R,R,R,R,R,R,2
R,R,R,R,R,R,2
R,R,R,R,R,R,2
R,R,R,R,R,R,2
Y,R,R,R,R,R,2
Y,R,R,R,R,R,2
Y,Y,R,R,R,R,4.97
Y,Y,Y,Y,R,R,6.47
G,G,G,Y,Y,R,6.97
G,G,G,G,Y,Y,6.47
G,G,G,G,Y,Y,5.97
G,G,G,G,G,G,6.47
G,G,G,G,G,G,6.97
G,G,G,G,G,G,7.47
G,Y,G,G,G,G,6.97
Y,Y,Y,G,G,G,6.47
Y,Y,Y,G,G,G,5.97
Y,Y,Y,G,G,G,5.47
Y,Y,G,G,G,G,4.97
Y,Y,Y,G,G,G,4.47
Y,G,G,G,G,G,3.97
Y,G,G,G,G,G,3.47
Y,G,G,G,G,G,2.97
G,G,G,G,G,G,3.47
G,G,G,G,G,G,3.97
G,G,G,G,G,G,4.47
G,G,G,G,G,G,4.97
G,G,G,G,G,Y,4.47
G,G,G,G,G,Y,3.97
G,G,G,G,G,G,4.47
G,G,G,G,G,G,4.97
G,G,G,G,G,G,5.47
G,G,G,G,G,G,5.97
G,G,G,G,G,G,6.47
G,G,G,G,G,G,6.97
G,G,G,G,G,G,7.47
G,G,G,G,G,G,7.97
G,G,G,G,G,Y,7.47
G,G,G,G,G,Y,6.97
G,G,G,G,G,G,7.47
G,G,G,G,G,G,7.97
G,G,G,G,G,Y,7.47
G,G,G,G,G,Y,6.97
G,G,G,G,G,Y,6.47
G,G,G,G,G,G,6.97
G,G,G,G,G,G,7.47
G,G,G,G,G,Y,6.97
G,G,G,G,Y,Y,6.47
G,G,G,G,G,G,6.97
G,G,G,G,G,Y,6.47
G,G,G,G,G,G,6.97
Y,G,G,G,G,G,6.47
G,G,G,G,G,G,6.97
G,G,G,G,G,G,7.47
Y,G,G,G,G,G,6.97
Y,G,G,G,G,G,6.47
Y,G,G,G,G,G,5.97
Y,G,G,G,G,G,5.47
Y,G,G,G,G,G,4.97
Y,G,G,G,G,G,4.47
G,G,G,G,G,G,4.97
Y,G,G,G,G,G,4.47
Y,G,G,G,G,B,2.97
Y,Y,G,G,G,B,1.47
Y,Y,Y,G,G,B,0
Y,Y,G,G,G,B,0.0
Y,Y,G,G,B,B,0.0
Y,Y,G,G,B,B,0.0
Y,G,G,G,B,B,0.0
Y,Y,G,B,B,G,0.0
Y,G,G,B,B,B,0.0
Y,G,G,B,B,G,0.0
Y,G,G,B,B,G,0.0
Y,G,G,B,B,G,0.0
Y,G,G,B,B,G,0.0
G,G,G,B,B,G,0
Y,G,G,B,B,B,0.0
G,G,G,B,B,G,0
Y,G,G,B,B,B,0.0
G,G,G,B,B,G,0
Y,G,G,G,B,B,0.0
G,G,G,B,B,G,0
Y,G,G,G,B,B,0.0
G,G,G,B,B,G,0
G,G,G,G,B,B,0
Y,G,G,G,B,B,0.0
G,G,G,G,B,B,0
Y,G,G,G,B,B,0.0
G,G,G,G,B,B,0
Y,G,G,G,G,G,1.0
G,G,G,G,B,B,0
Y,G,G,G,G,G,1.0
G,G,G,G,G,B,0
Y,G,G,G,G,G,1.0
G,G,G,G,G,B,0
Y,G,G,G,G,G,1.0
G,G,G,G,G,B,0
Y,G,G,G,G,G,1.0
G,G,G,G,G,G,1.5
G,G,G,G,G,G,2.0
G,G,G,G,G,G,2.5
G,G,G,G,G,G,3.0
G,G,G,G,G,G,3.5
G,G,G,G,G,Y,3.0
G,G,G,G,G,G,3.5
G,G,G,G,G,G,4.0
G,G,G,G,G,G,4.5
G,G,G,G,G,G,5.0
G,G,G,G,G,G,5.5
G,G,G,G,G,G,6.0
G,G,G,G,G,Y,5.5
G,G,G,G,G,Y,5.0
G,G,G,G,G,Y,4.5
G,G,G,G,G,Y,4.0
G,G,G,G,G,Y,3.5
G,G,G,G,G,Y,3.0
G,G,G,G,G,G,3.5
G,G,G,G,G,Y,3.0
G,G,G,G,G,G,3.5
G,G,G,G,G,G,4.0
Y,G,G,G,G,G,3.5
G,G,G,G,G,G,4.0
G,G,G,G,G,G,4.5
G,G,G,G,G,G,5.0
G,G,G,G,G,G,5.5
G,G,G,G,G,Y,5.0
G,G,G,G,G,Y,4.5
G,G,G,G,G,G,5.0
G,B,G,G,G,G,3.0
B,G,G,Y,Y,Y,1.5
G,G,G,Y,Y,Y,1.0
B,G,G,Y,Y,Y,0
B,G,G,Y,Y,Y,0.0
B,G,G,Y,Y,Y,0.0
B,G,Y,Y,Y,Y,0.0
B,G,Y,Y,Y,Y,0.0
B,G,G,Y,Y,Y,0.0
G,G,G,Y,Y,Y,1.0
B,G,G,Y,Y,Y,0
B,G,G,G,Y,Y,0.0
B,G,G,Y,Y,Y,0.0
B,G,G,Y,Y,Y,0.0
B,G,G,Y,Y,Y,0.0
B,G,G,Y,Y,Y,0.0
G,G,G,Y,Y,Y,1.0
B,G,G,G,Y,Y,0
B,G,G,G,Y,Y,0.0
B,G,G,G,Y,Y,0.0
B,G,G,Y,Y,Y,0.0
B,G,G,Y,Y,Y,0.0
B,G,G,Y,Y,Y,0.0
B,G,Y,Y,Y,Y,0.0
B,G,G,Y,Y,Y,0.0
G,G,G,Y,Y,Y,1.0
G,G,G,G,Y,Y,0.5
G,G,G,G,Y,Y,1.0
G,G,G,G,G,Y,0.5
G,G,G,G,G,G,2.0
G,G,G,G,G,G,2.5
G,G,G,G,G,G,3.0
G,G,G,G,G,Y,2.5
G,G,G,G,G,G,3.0
G,G,G,G,G,G,3.5
G,G,G,G,G,Y,3.0
G,G,G,G,G,G,3.5
G,G,G,G,G,Y,3.0
G,G,G,G,G,Y,2.5
G,G,G,G,G,G,3.0
G,G,G,G,G,G,3.5
G,G,G,G,G,G,4.0
G,G,G,G,G,G,4.5
G,G,G,B,G,Y,3.0
G,G,B,B,B,G,1.0
G,G,B,B,B,G,0
G,G,B,B,G,Y,0.0
G,G,B,B,G,Y,0.0
G,G,B,B,B,Y,0.0
G,G,B,B,B,Y,0.0
G,G,B,B,B,Y,0.0
G,G,B,B,B,Y,0.0
G,G,B,B,B,Y,0.0
G,G,G,B,B,Y,0.0
G,G,G,B,B,B,0
G,G,G,G,B,Y,0.0
G,G,G,G,G,B,0
G,G,G,G,G,B,0
G,G,G,G,G,B,0
G,G,G,G,G,G,2.0
G,G,G,G,G,G,2.5
G,G,G,G,G,G,3.0
G,G,G,G,G,G,3.5
G,Y,Y,G,G,G,3.0
Y,Y,Y,G,G,G,2.5
Y,Y,Y,G,G,G,2.0
Y,Y,Y,G,G,G,1.5
Y,Y,Y,G,G,G,1.0
Y,Y,Y,G,G,G,0.5
Y,Y,G,G,G,G,1.0
Y,Y,G,G,G,G,0.5
Y,G,G,G,G,G,1.0
Y,G,G,G,G,B,0
Y,G,G,G,G,B,0.0
G,G,G,G,B,B,0
G,G,G,G,G,B,0
Y,G,G,G,G,B,0.0
G,G,G,G,G,B,0
Y,G,G,G,G,B,0.0
G,G,G,G,G,B,0
Y,G,G,G,G,B,0.0
G,G,G,G,G,B,0
G,G,G,G,G,B,0
Y,G,G,G,G,G,1.0
G,G,G,G,G,G,1.5
G,G,G,G,G,G,2.0
G,G,G,G,G,G,2.5
G,G,G,G,G,G,3.0
G,G,G,G,G,G,3.5
G,G,G,G,G,G,4.0
G,G,G,G,G,G,4.5
G,G,G,G,G,Y,4.0
G,G,G,G,G,Y,3.5
G,G,G,G,G,Y,3.0
G,G,G,G,G,Y,2.5
G,G,G,G,G,G,3.0
G,G,G,G,G,G,3.5
G,G,G,G,G,G,4.0
G,G,G,G,G,G,4.5
G,G,G,G,G,G,5.0
G,G,G,G,G,G,5.5
G,G,G,G,G,G,6.0
G,G,G,G,G,G,6.5
G,G,G,O,G,G,5.0
G,G,G,O,O,O,3.5
Y,G,G,O,O,O,2.0
Y,Y,G,O,O,O,0.5
Y,Y,G,O,O,O,0.0
Y,Y,G,G,O,O,0.0
Y,Y,G,G,O,O,0.0
Y,Y,Y,G,O,O,0.0
Y,Y,Y,G,G,O,0.0
Y,Y,Y,G,G,O,0.0
Y,Y,Y,G,G,O,0.0
Y,Y,Y,G,G,O,0.0
Y,Y,Y,G,G,O,0.0
Y,Y,Y,G,G,G,1.0
Y,Y,Y,G,G,O,0
Y,Y,Y,G,G,O,0.0
Y,Y,Y,G,G,G,1.0
Y,Y,Y,Y,G,O,0
Y,Y,Y,G,G,O,0.0
Y,Y,Y,G,G,O,0.0
Y,Y,Y,G,G,G,1.0
Y,Y,Y,Y,G,O,0
Y,Y,Y,Y,G,O,0.0
Y,Y,Y,G,G,O,0.0
Y,Y,Y,G,G,G,1.0
Y,Y,Y,G,G,O,0
Y,Y,Y,G,G,O,0.0
Y,Y,Y,G,G,O,0.0
Y,Y,Y,G,G,O,0.0
Y,Y,Y,G,G,O,0.0
Y,Y,Y,G,G,G,1.0
Y,Y,Y,G,G,O,0
Y,Y,Y,G,G,O,0.0
Y,Y,Y,G,G,O,0.0
Y,Y,Y,G,G,G,1.0
Y,Y,Y,G,G,O,0
Y,Y,Y,G,G,O,0.0
Y,Y,Y,G,G,G,1.0
Y,Y,G,G,G,O,0
Y,Y,G,G,G,O,0.0
Y,Y,G,G,G,O,0.0
Y,Y,G,G,G,O,0.0
Y,Y,G,G,G,G,1.0
Y,Y,G,G,G,O,0
Y,Y,G,G,G,O,0.0
Y,Y,G,G,G,O,0.0
Y,Y,G,G,G,O,0.0
Y,Y,G,G,G,G,1.0
Y,G,G,G,G,O,0
Y,G,G,G,G,O,0.0
Y,Y,G,G,G,O,0.0
Y,G,G,G,G,O,0.0
Y,G,G,G,G,O,0.0
Y,G,G,G,G,G,1.0
G,G,G,G,G,O,0
Y,G,G,G,G,G,1.0
Y,G,G,G,G,G,0.5
G,G,G,G,G,O,0.0
Y,G,G,G,G,G,1.0
Y,G,G,G,G,G,0.5
G,G,G,G,G,O,0.0
Y,G,G,G,G,G,1.0
Y,G,G,G,G,G,0.5
G,G,G,G,G,G,2.0
G,G,G,G,G,G,2.5
G,G,G,G,G,G,3.0
G,G,G,G,G,G,3.5
G,G,G,G,G,Y,3.0
G,G,G,G,G,G,3.5
G,G,G,G,G,G,4.0
Y,G,G,G,G,G,3.5
G,G,G,G,G,G,4.0
G,G,G,G,G,G,4.5
G,G,G,G,G,Y,4.0
G,G,G,G,G,G,4.5
G,G,G,G,G,G,5.0
G,G,G,G,G,G,5.5
G,G,G,G,G,G,6.0
G,G,G,G,G,G,6.5
G,G,G,G,G,G,7.0
G,G,G,G,G,Y,6.5
G,G,G,G,G,G,7.0
G,G,G,G,G,G,7.5
G,G,G,G,G,G,8.0
Y,G,G,G,G,G,7.5
Y,G,G,G,G,G,7.0
G,G,G,G,G,G,7.5
G,G,G,G,G,G,8.0
G,G,G,G,G,G,8.5
Y,G,G,G,G,G,8.0
G,G,G,G,G,G,8.5
Y,G,G,G,G,G,8.0
G,G,G,G,G,Y,7.5
G,G,G,G,G,G,8.0
G,G,G,G,G,G,8.5
G,G,G,G,G,G,9.0
G,G,G,G,G,G,9.5
G,G,G,G,G,Y,9.0
G,G,G,G,G,Y,8.5
G,G,G,G,G,G,9.0
G,G,G,G,G,Y,8.5
G,G,G,G,G,Y,8.0
G,G,G,G,G,Y,7.5
G,G,G,G,Y,Y,7.0
G,G,G,G,Y,Y,6.5
G,G,G,G,Y,Y,6.0
G,G,G,G,G,Y,5.5
G,G,G,G,G,Y,5.0
G,G,G,G,G,Y,4.5
G,G,G,G,G,G,5.0
G,G,G,G,G,G,5.5
G,G,G,G,G,G,6.0
G,G,G,G,G,G,6.5
G,G,G,G,G,G,7.0
G,G,G,G,G,G,7.5
G,G,G,G,G,G,8.0
G,G,G,G,G,Y,7.5
G,G,G,G,G,G,8.0
G,G,G,G,Y,Y,7.5
G,G,G,G,G,G,8.0
G,G,G,G,G,Y,7.5
G,G,G,G,G,G,8.0
G,G,G,G,G,Y,7.5
G,G,G,G,G,G,8.0
G,G,G,G,G,G,8.5
G,G,G,G,G,Y,8.0
G,G,G,G,G,G,8.5
G,G,G,G,G,G,9.0
G,G,G,G,B,G,7.0
G,G,G,G,G,B,5.0
Y,Y,G,G,G,G,4.5
Y,G,G,G,G,G,4.0
G,G,G,G,G,G,4.5
G,G,G,G,G,G,5.0
G,G,G,G,G,G,5.5
G,G,G,G,G,G,6.0
G,G,G,G,G,G,6.5
G,G,G,G,G,G,7.0
G,G,G,G,G,G,7.5
G,G,G,G,G,G,8.0
G,G,G,G,G,G,8.5
G,G,G,G,G,G,9.0
G,G,G,G,G,G,9.5
G,G,G,G,G,G,10.0
G,G,G,G,G,G,10
G,G,G,G,G,Y,9.5
G,G,G,G,G,G,10.0
O,O,O,G,G,G,8.5
O,G,Y,Y,Y,Y,7.0
Y,Y,Y,R,R,R,8.5
Y,R,R,R,R,R,10
R,R,R,R,R,R,2
R,R,R,R,R,R,2
R,R,R,R,R,R,2
R,R,R,R,R,R,2
R,R,R,R,R,R,2
R,R,R,R,R,R,2
R,R,R,R,R,R,2
R,R,R,R,R,R,2
R,R,R,R,R,R,2
R,R,Y,R,R,R,2
R,Y,Y,Y,R,R,2
Y,Y,Y,Y,Y,R,2
Y,Y,Y,Y,Y,R,2
Y,Y,Y,Y,Y,Y,1.93
Y,Y,Y,Y,Y,Y,0.9
Y,Y,Y,Y,Y,Y,-0.6
Y,Y,Y,Y,Y,R,3.0
Y,G,G,Y,Y,Y,3.5
G,G,G,Y,Y,Y,3.0
G,G,G,G,Y,Y,2.5
G,G,G,G,G,Y,2.0
G,G,G,G,G,G,2.5
G,G,G,G,G,G,3.0
G,G,G,G,G,G,3.5
G,G,G,G,G,G,4.0
G,G,G,G,G,G,4.5
G,G,G,G,G,G,5.0
G,G,G,G,G,G,5.5
G,G,Y,Y,G,G,6.0
G,Y,Y,Y,Y,G,5.5
Y,Y,Y,Y,Y,G,4.0
Y,Y,Y,Y,Y,G,2.5
Y,Y,Y,Y,G,G,2.0
Y,Y,Y,Y,G,G,1.5
Y,Y,Y,G,G,G,1.0
Y,Y,G,G,G,G,0.5
Y,G,G,G,G,G,1.0
Y,G,G,G,G,G,0.5
G,G,G,G,G,G,2.0
G,G,G,G,G,G,2.5
G,G,G,G,G,G,3.0
G,G,G,G,G,G,3.5
G,G,G,G,G,G,4.0
G,G,G,G,G,G,4.5
G,G,G,G,Y,Y,4.0
G,G,G,G,G,Y,3.5
G,G,G,G,G,Y,3.0
G,G,G,G,G,G,3.5
G,G,G,G,G,G,4.0
G,G,G,G,G,Y,3.5
G,G,G,G,Y,Y,3.0
G,G,G,G,G,G,3.5
G,G,G,G,G,G,4.0
G,G,G,G,G,Y,3.5
G,G,G,G,G,G,4.0
G,G,G,G,G,Y,3.5
G,G,G,G,G,Y,3.0
G,G,G,G,G,G,3.5
G,G,G,G,G,G,4.0
G,G,G,G,G,Y,3.5
G,G,G,G,G,Y,3.0
G,G,G,G,G,G,3.5
G,G,G,G,G,G,4.0
G,O,G,G,G,Y,2.5
O,O,G,G,Y,Y,1.0
O,O,G,G,Y,Y,0
O,O,G,G,Y,Y,0.0
O,O,G,G,Y,Y,0.0
O,O,G,G,Y,Y,0.0
O,O,G,G,Y,Y,0.0
O,O,G,G,Y,Y,0.0
O,O,G,G,Y,Y,0.0
O,O,G,G,Y,Y,0.0
O,O,G,Y,Y,Y,0.0
O,O,O,Y,Y,Y,0.0
O,O,O,Y,Y,Y,0.0
O,O,O,Y,Y,Y,0.0
O,O,G,Y,Y,Y,0.0
O,O,G,Y,Y,Y,0.0
O,O,G,Y,Y,Y,0.0
O,O,Y,Y,Y,Y,0.0
O,O,Y,Y,Y,Y,0.0
O,G,Y,Y,Y,Y,0.0
O,G,Y,Y,Y,Y,0.0
O,G,Y,Y,Y,Y,0.0
O,Y,Y,Y,Y,Y,-1.0
G,Y,Y,Y,Y,Y,0.0
G,Y,Y,Y,Y,Y,0.0
Y,Y,Y,Y,Y,Y,0.0
Y,Y,Y,Y,Y,Y,0.0
Y,Y,Y,Y,Y,Y,0.0
Y,Y,Y,Y,Y,Y,0.0
Y,Y,Y,Y,Y,Y,0.0
Y,Y,Y,Y,Y,Y,0.0
Y,Y,Y,Y,Y,Y,0.0
Y,Y,Y,Y,Y,Y,0.0
R,R,Y,Y,Y,G,3.0
R,R,R,Y,Y,G,4.5
R,R,R,Y,Y,Y,5.0
R,R,R,R,Y,Y,6.5
R,R,R,R,R,Y,8.0
R,R,R,R,R,R,9.5
R,R,R,R,R,R,2
R,R,R,R,R,R,2
R,R,R,R,R,R,2
R,R,R,R,R,R,2
R,R,R,R,R,R,2
R,R,R,R,R,R,2
R,R,R,R,R,R,2
R,R,R,R,R,R,2
R,R,R,R,R,R,2
R,R,R,R,R,R,2
R,R,R,R,R,R,2
R,R,R,R,R,R,2
R,R,R,R,R,R,2
R,R,R,R,R,R,2
R,R,R,R,R,R,2
R,R,R,R,R,R,2
R,R,R,R,R,R,2
R,R,R,R,R,R,2
R,R,R,R,R,R,2
R,R,R,R,R,R,2
R,R,R,R,R,R,2
R,R,R,R,R,R,2
R,R,R,R,R,R,2
R,R,R,R,R,R,2
R,R,R,R,R,R,2
R,R,R,R,R,R,2
R,R,R,R,R,R,2
R,R,R,R,R,R,2
R,R,R,R,R,R,2
R,R,R,R,R,R,2
R,R,R,R,R,R,2
R,R,R,R,R,R,2
R,R,R,R,R,R,2
R,R,R,R,R,R,2
R,R,R,R,R,R,2
R,R,R,R,R,R,2
R,R,R,R,R,R,2
R,R,R,R,R,R,2
R,R,R,R,R,R,2
R,R,R,R,R,R,2
R,R,R,R,R,R,2
R,R,R,R,R,R,2
R,R,R,R,R,R,2
R,R,R,R,R,R,2
R,R,R,R,R,R,2
R,R,R,R,R,R,2
R,R,R,R,R,R,2
R,R,R,R,R,R,2
R,R,R,R,R,R,2
R,R,R,R,R,R,2
R,R,R,R,R,R,2
R,R,R,R,R,R,2
R,R,R,R,R,R,2
R,R,R,R,R,R,2
R,R,R,R,R,R,2
R,R,R,R,R,R,2
R,R,R,R,R,R,2
R,R,R,R,R,R,2
R,R,R,R,R,R,2
R,R,R,R,R,R,2
R,R,R,R,R,R,2
R,R,R,R,R,R,2
R,R,R,R,R,R,2
R,R,R,R,R,R,2
R,R,R,R,R,R,2
R,R,R,R,R,R,2
R,R,R,R,R,R,2
R,R,R,R,R,R,2
R,R,R,R,R,R,2
R,R,R,R,R,R,2
R,R,R,R,R,R,2
R,R,R,R,R,R,2
R,R,R,R,R,R,2
R,R,R,R,R,R,2
R,R,R,R,R,R,2
R,R,R,R,R,R,2
R,R,R,R,R,R,2
R,R,R,R,R,R,2
R,R,R,R,R,R,2
R,R,R,R,R,R,2
R,R,R,R,R,R,2
R,R,R,R,R,R,2
R,R,R,R,R,R,2
R,R,R,R,R,R,2
R,R,R,R,R,R,2
R,R,R,R,R,R,2
R,R,R,R,R,R,2
R,R,R,R,R,R,2
R,R,R,R,R,R,2
R,R,R,R,R,R,2
R,R,R,R,R,R,2
R,R,R,R,R,R,2
R,R,R,R,R,R,2
R,R,R,R,R,R,2
R,R,R,R,R,R,2
R,R,R,R,R,R,2
R,R,R,R,R,R,2
R,R,R,R,R,R,2
R,R,R,R,R,R,2
R,R,R,R,R,R,2
R,R,R,R,R,R,2
R,R,R,R,R,R,2
R,R,R,R,R,R,2
R,R,R,R,R,R,2
R,R,R,R,R,R,2
R,R,R,R,R,R,2
R,R,R,R,R,R,2
R,R,R,R,R,R,2
R,R,R,R,R,R,2
R,R,R,R,R,R,2
Y,R,R,R,R,R,2
Y,R,R,R,R,R,2
Y,Y,R,R,R,R,4.97
Y,Y,Y,Y,R,R,6.47
G,G,G,Y,Y,R,6.97
G,G,G,G,Y,Y,6.47
G,G,G,G,Y,Y,5.97
G,G,G,G,G,G,6.47
G,G,G,G,G,G,6.97
G,G,G,G,G,G,7.47
G,Y,G,G,G,G,6.97
Y,Y,Y,G,G,G,6.47
Y,Y,Y,G,G,G,5.97
Y,Y,Y,G,G,G,5.47
Y,Y,G,G,G,G,4.97
Y,Y,Y,G,G,G,4.47
Y,G,G,G,G,G,3.97
Y,G,G,G,G,G,3.47
Y,G,G,G,G,G,2.97
G,G,G,G,G,G,3.47
G,G,G,G,G,G,3.97
G,G,G,G,G,G,4.47
G,G,G,G,G,G,4.97
G,G,G,G,G,Y,4.47
G,G,G,G,G,Y,3.97
G,G,G,G,G,G,4.47
G,G,G,G,G,G,4.97
G,G,G,G,G,G,5.47
G,G,G,G,G,G,5.97
G,G,G,G,G,G,6.47
G,G,G,G,G,G,6.97
G,G,G,G,G,G,7.47
G,G,G,G,G,G,7.97
G,G,G,G,G,Y,7.47
G,G,G,G,G,Y,6.97
G,G,G,G,G,G,7.47
G,G,G,G,G,G,7.97
G,G,G,G,G,Y,7.47
G,G,G,G,G,Y,6.97
G,G,G,G,G,Y,6.47
G,G,G,G,G,G,6.97
G,G,G,G,G,G,7.47
G,G,G,G,G,Y,6.97
G,G,G,G,Y,Y,6.47
G,G,G,G,G,G,6.97
G,G,G,G,G,Y,6.47
G,G,G,G,G,G,6.97
Y,G,G,G,G,G,6.47
G,G,G,G,G,G,6.97
G,G,G,G,G,G,7.47
Y,G,G,G,G,G,6.97
Y,G,G,G,G,G,6.47
Y,G,G,G,G,G,5.97
Y,G,G,G,G,G,5.47
Y,G,G,G,G,G,4.97
Y,G,G,G,G,G,4.47
G,G,G,G,G,G,4.97
Y,G,G,G,G,G,4.47
Y,G,G,G,G,B,2.97
Y,Y,G,G,G,B,1.47
Y,Y,Y,G,G,B,0
Y,Y,G,G,G,B,0.0
Y,Y,G,G,B,B,0.0
Y,Y,G,G,B,B,0.0
Y,G,G,G,B,B,0.0
Y,Y,G,B,B,G,0.0
Y,G,G,B,B,B,0.0
Y,G,G,B,B,G,0.0
Y,G,G,B,B,G,0.0
Y,G,G,B,B,G,0.0
Y,G,G,B,B,G,0.0
G,G,G,B,B,G,0
Y,G,G,B,B,B,0.0
G,G,G,B,B,G,0
Y,G,G,B,B,B,0.0
G,G,G,B,B,G,0
Y,G,G,G,B,B,0.0
G,G,G,B,B,G,0
Y,G,G,G,B,B,0.0
G,G,G,B,B,G,0
G,G,G,G,B,B,0
Y,G,G,G,B,B,0.0
G,G,G,G,B,B,0
Y,G,G,G,B,B,0.0
G,G,G,G,B,B,0
Y,G,G,G,G,G,1.0
G,G,G,G,B,B,0
Y,G,G,G,G,G,1.0
G,G,G,G,G,B,0
Y,G,G,G,G,G,1.0
G,G,G,G,G,B,0
Y,G,G,G,G,G,1.0
G,G,G,G,G,B,0
Y,G,G,G,G,G,1.0
G,G,G,G,G,G,1.5
G,G,G,G,G,G,2.0
G,G,G,G,G,G,2.5
G,G,G,G,G,G,3.0
G,G,G,G,G,G,3.5
G,G,G,G,G,Y,3.0
G,G,G,G,G,G,3.5
G,G,G,G,G,G,4.0
G,G,G,G,G,G,4.5
G,G,G,G,G,G,5.0
G,G,G,G,G,G,5.5
G,G,G,G,G,G,6.0
G,G,G,G,G,Y,5.5
G,G,G,G,G,Y,5.0
G,G,G,G,G,Y,4.5
G,G,G,G,G,Y,4.0
G,G,G,G,G,Y,3.5
G,G,G,G,G,Y,3.0
G,G,G,G,G,G,3.5
G,G,G,G,G,Y,3.0
G,G,G,G,G,G,3.5
G,G,G,G,G,G,4.0
Y,G,G,G,G,G,3.5
G,G,G,G,G,G,4.0
G,G,G,G,G,G,4.5
G,G,G,G,G,G,5.0
G,G,G,G,G,G,5.5
G,G,G,G,G,Y,5.0
G,G,G,G,G,Y,4.5
G,G,G,G,G,G,5.0
G,B,G,G,G,G,3.0
B,G,G,Y,Y,Y,1.5
G,G,G,Y,Y,Y,1.0
B,G,G,Y,Y,Y,0
B,G,G,Y,Y,Y,0.0
B,G,G,Y,Y,Y,0.0
B,G,Y,Y,Y,Y,0.0
B,G,Y,Y,Y,Y,0.0
B,G,G,Y,Y,Y,0.0
G,G,G,Y,Y,Y,1.0
B,G,G,Y,Y,Y,0
B,G,G,G,Y,Y,0.0
B,G,G,Y,Y,Y,0.0
B,G,G,Y,Y,Y,0.0
B,G,G,Y,Y,Y,0.0
B,G,G,Y,Y,Y,0.0
G,G,G,Y,Y,Y,1.0
B,G,G,G,Y,Y,0
B,G,G,G,Y,Y,0.0
B,G,G,G,Y,Y,0.0
B,G,G,Y,Y,Y,0.0
B,G,G,Y,Y,Y,0.0
B,G,G,Y,Y,Y,0.0
B,G,Y,Y,Y,Y,0.0
B,G,G,Y,Y,Y,0.0
G,G,G,Y,Y,Y,1.0
G,G,G,G,Y,Y,0.5
G,G,G,G,Y,Y,1.0
G,G,G,G,G,Y,0.5
G,G,G,G,G,G,2.0
G,G,G,G,G,G,2.5
G,G,G,G,G,G,3.0
G,G,G,G,G,Y,2.5
G,G,G,G,G,G,3.0
G,G,G,G,G,G,3.5
G,G,G,G,G,Y,3.0
G,G,G,G,G,G,3.5
G,G,G,G,G,Y,3.0
G,G,G,G,G,Y,2.5
G,G,G,G,G,G,3.0
G,G,G,G,G,G,3.5
G,G,G,G,G,G,4.0
G,G,G,G,G,G,4.5
G,G,G,B,G,Y,3.0
G,G,B,B,B,G,1.0
G,G,B,B,B,G,0
G,G,B,B,G,Y,0.0
G,G,B,B,G,Y,0.0
G,G,B,B,B,Y,0.0
G,G,B,B,B,Y,0.0
G,G,B,B,B,Y,0.0
G,G,B,B,B,Y,0.0
G,G,B,B,B,Y,0.0
G,G,G,B,B,Y,0.0
G,G,G,B,B,B,0
G,G,G,G,B,Y,0.0
G,G,G,G,G,B,0
G,G,G,G,G,B,0
G,G,G,G,G,B,0
G,G,G,G,G,G,2.0
G,G,G,G,G,G,2.5
G,G,G,G,G,G,3.0
G,G,G,G,G,G,3.5
G,Y,Y,G,G,G,3.0
Y,Y,Y,G,G,G,2.5
Y,Y,Y,G,G,G,2.0
Y,Y,Y,G,G,G,1.5
Y,Y,Y,G,G,G,1.0
Y,Y,Y,G,G,G,0.5
Y,Y,G,G,G,G,1.0
Y,Y,G,G,G,G,0.5
Y,G,G,G,G,G,1.0
Y,G,G,G,G,B,0
Y,G,G,G,G,B,0.0
G,G,G,G,B,B,0
G,G,G,G,G,B,0
Y,G,G,G,G,B,0.0
G,G,G,G,G,B,0
Y,G,G,G,G,B,0.0
G,G,G,G,G,B,0
Y,G,G,G,G,B,0.0
G,G,G,G,G,B,0
G,G,G,G,G,B,0
Y,G,G,G,G,G,1.0
G,G,G,G,G,G,1.5
G,G,G,G,G,G,2.0
G,G,G,G,G,G,2.5
G,G,G,G,G,G,3.0
G,G,G,G,G,G,3.5
G,G,G,G,G,G,4.0
G,G,G,G,G,G,4.5
G,G,G,G,G,Y,4.0
G,G,G,G,G,Y,3.5
G,G,G,G,G,Y,3.0
G,G,G,G,G,Y,2.5
G,G,G,G,G,G,3.0
G,G,G,G,G,G,3.5
G,G,G,G,G,G,4.0
G,G,G,G,G,G,4.5
G,G,G,G,G,G,5.0
G,G,G,G,G,G,5.5
G,G,G,G,G,G,6.0
G,G,G,G,G,G,6.5
G,G,G,O,G,G,5.0
G,G,G,O,O,O,3.5
Y,G,G,O,O,O,2.0
Y,Y,G,O,O,O,0.5
Y,Y,G,O,O,O,0.0
Y,Y,G,G,O,O,0.0
Y,Y,G,G,O,O,0.0
Y,Y,Y,G,O,O,0.0
Y,Y,Y,G,G,O,0.0
Y,Y,Y,G,G,O,0.0
Y,Y,Y,G,G,O,0.0
Y,Y,Y,G,G,O,0.0
Y,Y,Y,G,G,O,0.0
Y,Y,Y,G,G,G,1.0
Y,Y,Y,G,G,O,0
Y,Y,Y,G,G,O,0.0
Y,Y,Y,G,G,G,1.0
Y,Y,Y,Y,G,O,0
Y,Y,Y,G,G,O,0.0
Y,Y,Y,G,G,O,0.0
Y,Y,Y,G,G,G,1.0
Y,Y,Y,Y,G,O,0
Y,Y,Y,Y,G,O,0.0
Y,Y,Y,G,G,O,0.0
Y,Y,Y,G,G,G,1.0
Y,Y,Y,G,G,O,0
Y,Y,Y,G,G,O,0.0
Y,Y,Y,G,G,O,0.0
Y,Y,Y,G,G,O,0.0
Y,Y,Y,G,G,O,0.0
Y,Y,Y,G,G,G,1.0
Y,Y,Y,G,G,O,0
Y,Y,Y,G,G,O,0.0
Y,Y,Y,G,G,O,0.0
Y,Y,Y,G,G,G,1.0
Y,Y,Y,G,G,O,0
Y,Y,Y,G,G,O,0.0
Y,Y,Y,G,G,G,1.0
Y,Y,G,G,G,O,0
Y,Y,G,G,G,O,0.0
Y,Y,G,G,G,O,0.0
Y,Y,G,G,G,O,0.0
Y,Y,G,G,G,G,1.0
Y,Y,G,G,G,O,0
Y,Y,G,G,G,O,0.0
Y,Y,G,G,G,O,0.0
Y,Y,G,G,G,O,0.0
Y,Y,G,G,G,G,1.0
Y,G,G,G,G,O,0
Y,G,G,G,G,O,0.0
Y,Y,G,G,G,O,0.0
Y,G,G,G,G,O,0.0
Y,G,G,G,G,O,0.0
Y,G,G,G,G,G,1.0
G,G,G,G,G,O,0
Y,G,G,G,G,G,1.0
Y,G,G,G,G,G,0.5
G,G,G,G,G,O,0.0
Y,G,G,G,G,G,1.0
Y,G,G,G,G,G,0.5
G,G,G,G,G,O,0.0
Y,G,G,G,G,G,1.0
Y,G,G,G,G,G,0.5
G,G,G,G,G,G,2.0
G,G,G,G,G,G,2.5
G,G,G,G,G,G,3.0
G,G,G,G,G,G,3.5
G,G,G,G,G,Y,3.0
G,G,G,G,G,G,3.5
G,G,G,G,G,G,4.0
Y,G,G,G,G,G,3.5
G,G,G,G,G,G,4.0
G,G,G,G,G,G,4.5
G,G,G,G,G,Y,4.0
G,G,G,G,G,G,4.5
G,G,G,G,G,G,5.0
G,G,G,G,G,G,5.5
G,G,G,G,G,G,6.0
G,G,G,G,G,G,6.5
G,G,G,G,G,G,7.0
G,G,G,G,G,Y,6.5
G,G,G,G,G,G,7.0
G,G,G,G,G,G,7.5
G,G,G,G,G,G,8.0
Y,G,G,G,G,G,7.5
Y,G,G,G,G,G,7.0
G,G,G,G,G,G,7.5
G,G,G,G,G,G,8.0
G,G,G,G,G,G,8.5
Y,G,G,G,G,G,8.0
G,G,G,G,G,G,8.5
Y,G,G,G,G,G,8.0
G,G,G,G,G,Y,7.5
G,G,G,G,G,G,8.0
G,G,G,G,G,G,8.5
G,G,G,G,G,G,9.0
G,G,G,G,G,G,9.5
G,G,G,G,G,Y,9.0
G,G,G,G,G,Y,8.5
G,G,G,G,G,G,9.0
G,G,G,G,G,Y,8.5
G,G,G,G,G,Y,8.0
G,G,G,G,G,Y,7.5
G,G,G,G,Y,Y,7.0
G,G,G,G,Y,Y,6.5
G,G,G,G,Y,Y,6.0
G,G,G,G,G,Y,5.5
G,G,G,G,G,Y,5.0
G,G,G,G,G,Y,4.5
G,G,G,G,G,G,5.0
G,G,G,G,G,G,5.5
G,G,G,G,G,G,6.0
G,G,G,G,G,G,6.5
G,G,G,G,G,G,7.0
G,G,G,G,G,G,7.5
G,G,G,G,G,G,8.0
G,G,G,G,G,Y,7.5
G,G,G,G,G,G,8.0
G,G,G,G,Y,Y,7.5
G,G,G,G,G,G,8.0
G,G,G,G,G,Y,7.5
G,G,G,G,G,G,8.0
G,G,G,G,G,Y,7.5
G,G,G,G,G,G,8.0
G,G,G,G,G,G,8.5
G,G,G,G,G,Y,8.0
G,G,G,G,G,G,8.5
G,G,G,G,G,G,9.0
G,G,G,G,B,G,7.0
G,G,G,G,G,B,5.0
Y,Y,G,G,G,G,4.5
Y,G,G,G,G,G,4.0
G,G,G,G,G,G,4.5
G,G,G,G,G,G,5.0
G,G,G,G,G,G,5.5
G,G,G,G,G,G,6.0
G,G,G,G,G,G,6.5
G,G,G,G,G,G,7.0
G,G,G,G,G,G,7.5
G,G,G,G,G,G,8.0
G,G,G,G,G,G,8.5
G,G,G,G,G,G,9.0
G,G,G,G,G,G,9.5
G,G,G,G,G,G,10.0
G,G,G,G,G,G,10
G,G,G,G,G,Y,9.5
G,G,G,G,G,G,10.0
O,O,O,G,G,G,8.5
O,G,Y,Y,Y,Y,7.0
Y,Y,Y,R,R,R,8.5
Y,R,R,R,R,R,10
R,R,R,R,R,R,2
R,R,R,R,R,R,2
R,R,R,R,R,R,2
R,R,R,R,R,R,2
R,R,R,R,R,R,2
R,R,R,R,R,R,2
R,R,R,R,R,R,2
R,R,R,R,R,R,2
R,R,R,R,R,R,2
R,R,Y,R,R,R,2
R,Y,Y,Y,R,R,2
Y,Y,Y,Y,Y,R,2
Y,Y,Y,Y,Y,R,2
Y,Y,Y,Y,Y,Y,1.93
Y,Y,Y,Y,Y,Y,0.9
Y,Y,Y,Y,Y,Y,-0.6
Y,Y,Y,Y,Y,R,3.0
Y,G,G,Y,Y,Y,3.5
G,G,G,Y,Y,Y,3.0
G,G,G,G,Y,Y,2.5
G,G,G,G,G,Y,2.0
G,G,G,G,G,G,2.5
G,G,G,G,G,G,3.0
G,G,G,G,G,G,3.5
G,G,G,G,G,G,4.0
G,G,G,G,G,G,4.5
G,G,G,G,G,G,5.0
G,G,G,G,G,G,5.5
G,G,Y,Y,G,G,6.0
G,Y,Y,Y,Y,G,5.5
Y,Y,Y,Y,Y,G,4.0
Y,Y,Y,Y,Y,G,2.5
Y,Y,Y,Y,G,G,2.0
Y,Y,Y,Y,G,G,1.5
Y,Y,Y,G,G,G,1.0
Y,Y,G,G,G,G,0.5
Y,G,G,G,G,G,1.0
Y,G,G,G,G,G,0.5
G,G,G,G,G,G,2.0
G,G,G,G,G,G,2.5
G,G,G,G,G,G,3.0
G,G,G,G,G,G,3.5
G,G,G,G,G,G,4.0
G,G,G,G,G,G,4.5
G,G,G,G,Y,Y,4.0
G,G,G,G,G,Y,3.5
G,G,G,G,G,Y,3.0
G,G,G,G,G,G,3.5
G,G,G,G,G,G,4.0
G,G,G,G,G,Y,3.5
G,G,G,G,Y,Y,3.0
G,G,G,G,G,G,3.5
G,G,G,G,G,G,4.0
G,G,G,G,G,Y,3.5
G,G,G,G,G,G,4.0
G,G,G,G,G,Y,3.5
G,G,G,G,G,Y,3.0
G,G,G,G,G,G,3.5
G,G,G,G,G,G,4.0
G,G,G,G,G,Y,3.5
G,G,G,G,G,Y,3.0
G,G,G,G,G,G,3.5
G,G,G,G,G,G,4.0
G,O,G,G,G,Y,2.5
O,O,G,G,Y,Y,1.0
O,O,G,G,Y,Y,0
O,O,G,G,Y,Y,0.0
O,O,G,G,Y,Y,0.0
O,O,G,G,Y,Y,0.0
O,O,G,G,Y,Y,0.0
O,O,G,G,Y,Y,0.0
O,O,G,G,Y,Y,0.0
O,O,G,G,Y,Y,0.0
O,O,G,Y,Y,Y,0.0
O,O,O,Y,Y,Y,0.0
O,O,O,Y,Y,Y,0.0
O,O,O,Y,Y,Y,0.0
O,O,G,Y,Y,Y,0.0
O,O,G,Y,Y,Y,0.0
O,O,G,Y,Y,Y,0.0
O,O,Y,Y,Y,Y,0.0
O,O,Y,Y,Y,Y,0.0
O,G,Y,Y,Y,Y,0.0
O,G,Y,Y,Y,Y,0.0
O,G,Y,Y,Y,Y,0.0
O,Y,Y,Y,Y,Y,-1.0
G,Y,Y,Y,Y,Y,0.0
G,Y,Y,Y,Y,Y,0.0
Y,Y,Y,Y,Y,Y,0.0
Y,Y,Y,Y,Y,Y,0.0
Y,Y,Y,Y,Y,Y,0.0
Y,Y,Y,Y,Y,Y,0.0
Y,Y,Y,Y,Y,Y,0.0
Y,Y,Y,Y,Y,Y,0.0
Y,Y,Y,Y,Y,Y,0.0
Y,Y,Y,Y,Y,Y,0.0
R,R,Y,Y,Y,G,3.0
R,R,R,Y,Y,G,4.5
R,R,R,Y,Y,Y,5.0
R,R,R,R,Y,Y,6.5
R,R,R,R,R,Y,8.0
R,R,R,R,R,R,9.5
R,R,R,R,R,R,2
R,R,R,R,R,R,2
R,R,R,R,R,R,2
R,R,R,R,R,R,2
R,R,R,R,R,R,2
R,R,R,R,R,R,2
R,R,R,R,R,R,2
R,R,R,R,R,R,2
R,R,R,R,R,R,2
R,R,R,R,R,R,2
R,R,R,R,R,R,2
R,R,R,R,R,R,2
R,R,R,R,R,R,2
R,R,R,R,R,R,2
R,R,R,R,R,R,2
R,R,R,R,R,R,2
R,R,R,R,R,R,2
R,R,R,R,R,R,2
R,R,R,R,R,R,2
R,R,R,R,R,R,2
R,R,R,R,R,R,2
R,R,R,R,R,R,2
R,R,R,R,R,R,2
R,R,R,R,R,R,2
R,R,R,R,R,R,2
R,R,R,R,R,R,2
R,R,R,R,R,R,2
R,R,R,R,R,R,2
R,R,R,R,R,R,2
R,R,R,R,R,R,2
R,R,R,R,R,R,2
R,R,R,R,R,R,2
R,R,R,R,R,R,2
R,R,R,R,R,R,2
R,R,R,R,R,R,2
R,R,R,R,R,R,2
R,R,R,R,R,R,2
R,R,R,R,R,R,2
R,R,R,R,R,R,2
R,R,R,R,R,R,2
R,R,R,R,R,R,2
R,R,R,R,R,R,2
R,R,R,R,R,R,2
R,R,R,R,R,R,2
R,R,R,R,R,R,2
R,R,R,R,R,R,2
R,R,R,R,R,R,2
R,R,R,R,R,R,2
R,R,R,R,R,R,2
R,R,R,R,R,R,2
R,R,R,R,R,R,2
R,R,R,R,R,R,2
R,R,R,R,R,R,2
R,R,R,R,R,R,2
R,R,R,R,R,R,2
R,R,R,R,R,R,2
R,R,R,R,R,R,2
R,R,R,R,R,R,2
R,R,R,R,R,R,2
R,R,R,R,R,R,2
R,R,R,R,R,R,2
R,R,R,R,R,R,2
R,R,R,R,R,R,2
R,R,R,R,R,R,2
R,R,R,R,R,R,2
R,R,R,R,R,R,2
R,R,R,R,R,R,2
R,R,R,R,R,R,2
R,R,R,R,R,R,2
R,R,R,R,R,R,2
R,R,R,R,R,R,2
R,R,R,R,R,R,2
R,R,R,R,R,R,2
R,R,R,R,R,R,2
R,R,R,R,R,R,2
R,R,R,R,R,R,2
R,R,R,R,R,R,2
R,R,R,R,R,R,2
R,R,R,R,R,R,2
R,R,R,R,R,R,2
R,R,R,R,R,R,2
R,R,R,R,R,R,2
R,R,R,R,R,R,2
R,R,R,R,R,R,2
R,R,R,R,R,R,2
R,R,R,R,R,R,2
R,R,R,R,R,R,2
R,R,R,R,R,R,2
R,R,R,R,R,R,2
R,R,R,R,R,R,2
R,R,R,R,R,R,2
R,R,R,R,R,R,2
R,R,R,R,R,R,2
R,R,R,R,R,R,2
R,R,R,R,R,R,2
R,R,R,R,R,R,2
R,R,R,R,R,R,2
R,R,R,R,R,R,2
R,R,R,R,R,R,2
R,R,R,R,R,R,2
R,R,R,R,R,R,2
R,R,R,R,R,R,2
R,R,R,R,R,R,2
R,R,R,R,R,R,2
R,R,R,R,R,R,2
R,R,R,R,R,R,2
R,R,R,R,R,R,2
R,R,R,R,R,R,2
R,R,R,R,R,R,2
R,R,R,R,R,R,2
Y,R,R,R,R,R,2
Y,R,R,R,R,R,2
Y,Y,R,R,R,R,4.97
Y,Y,Y,Y,R,R,6.47
G,G,G,Y,Y,R,6.97
G,G,G,G,Y,Y,6.47
G,G,G,G,Y,Y,5.97
G,G,G,G,G,G,6.47
G,G,G,G,G,G,6.97
G,G,G,G,G,G,7.47
G,Y,G,G,G,G,6.97
Y,Y,Y,G,G,G,6.47
Y,Y,Y,G,G,G,5.97
Y,Y,Y,G,G,G,5.47
Y,Y,G,G,G,G,4.97
Y,Y,Y,G,G,G,4.47
Y,G,G,G,G,G,3.97
Y,G,G,G,G,G,3.47
Y,G,G,G,G,G,2.97
G,G,G,G,G,G,3.47
G,G,G,G,G,G,3.97
G,G,G,G,G,G,4.47
G,G,G,G,G,G,4.97
G,G,G,G,G,Y,4.47
G,G,G,G,G,Y,3.97
G,G,G,G,G,G,4.47
G,G,G,G,G,G,4.97
G,G,G,G,G,G,5.47
G,G,G,G,G,G,5.97
G,G,G,G,G,G,6.47
G,G,G,G,G,G,6.97
G,G,G,G,G,G,7.47
G,G,G,G,G,G,7.97
G,G,G,G,G,Y,7.47
G,G,G,G,G,Y,6.97
G,G,G,G,G,G,7.47
G,G,G,G,G,G,7.97
G,G,G,G,G,Y,7.47
G,G,G,G,G,Y,6.97
G,G,G,G,G,Y,6.47
G,G,G,G,G,G,6.97
G,G,G,G,G,G,7.47
G,G,G,G,G,Y,6.97
G,G,G,G,Y,Y,6.47
G,G,G,G,G,G,6.97
G,G,G,G,G,Y,6.47
G,G,G,G,G,G,6.97
Y,G,G,G,G,G,6.47
G,G,G,G,G,G,6.97
G,G,G,G,G,G,7.47
Y,G,G,G,G,G,6.97
Y,G,G,G,G,G,6.47
Y,G,G,G,G,G,5.97
Y,G,G,G,G,G,5.47
Y,G,G,G,G,G,4.97
Y,G,G,G,G,G,4.47
G,G,G,G,G,G,4.97
Y,G,G,G,G,G,4.47
Y,G,G,G,G,B,2.97
Y,Y,G,G,G,B,1.47
Y,Y,Y,G,G,B,0
Y,Y,G,G,G,B,0.0
Y,Y,G,G,B,B,0.0
Y,Y,G,G,B,B,0.0
Y,G,G,G,B,B,0.0
Y,Y,G,B,B,G,0.0
Y,G,G,B,B,B,0.0
Y,G,G,B,B,G,0.0
Y,G,G,B,B,G,0.0
Y,G,G,B,B,G,0.0
Y,G,G,B,B,G,0.0
G,G,G,B,B,G,0
Y,G,G,B,B,B,0.0
G,G,G,B,B,G,0
Y,G,G,B,B,B,0.0
G,G,G,B,B,G,0
Y,G,G,G,B,B,0.0
G,G,G,B,B,G,0
Y,G,G,G,B,B,0.0
G,G,G,B,B,G,0
G,G,G,G,B,B,0
Y,G,G,G,B,B,0.0
G,G,G,G,B,B,0
Y,G,G,G,B,B,0.0
G,G,G,G,B,B,0
Y,G,G,G,G,G,1.0
G,G,G,G,B,B,0
Y,G,G,G,G,G,1.0
G,G,G,G,G,B,0
Y,G,G,G,G,G,1.0
G,G,G,G,G,B,0
Y,G,G,G,G,G,1.0
G,G,G,G,G,B,0
Y,G,G,G,G,G,1.0
G,G,G,G,G,G,1.5
G,G,G,G,G,G,2.0
G,G,G,G,G,G,2.5
G,G,G,G,G,G,3.0
G,G,G,G,G,G,3.5
G,G,G,G,G,Y,3.0
G,G,G,G,G,G,3.5
G,G,G,G,G,G,4.0
G,G,G,G,G,G,4.5
G,G,G,G,G,G,5.0
G,G,G,G,G,G,5.5
G,G,G,G,G,G,6.0
G,G,G,G,G,Y,5.5
G,G,G,G,G,Y,5.0
G,G,G,G,G,Y,4.5
G,G,G,G,G,Y,4.0
G,G,G,G,G,Y,3.5
G,G,G,G,G,Y,3.0
G,G,G,G,G,G,3.5
G,G,G,G,G,Y,3.0
G,G,G,G,G,G,3.5
G,G,G,G,G,G,4.0
Y,G,G,G,G,G,3.5
G,G,G,G,G,G,4.0
G,G,G,G,G,G,4.5
G,G,G,G,G,G,5.0
G,G,G,G,G,G,5.5
G,G,G,G,G,Y,5.0
G,G,G,G,G,Y,4.5
G,G,G,G,G,G,5.0
G,B,G,G,G,G,3.0
B,G,G,Y,Y,Y,1.5
G,G,G,Y,Y,Y,1.0
B,G,G,Y,Y,Y,0
B,G,G,Y,Y,Y,0.0
B,G,G,Y,Y,Y,0.0
B,G,Y,Y,Y,Y,0.0
B,G,Y,Y,Y,Y,0.0
B,G,G,Y,Y,Y,0.0
G,G,G,Y,Y,Y,1.0
B,G,G,Y,Y,Y,0
B,G,G,G,Y,Y,0.0
B,G,G,Y,Y,Y,0.0
B,G,G,Y,Y,Y,0.0
B,G,G,Y,Y,Y,0.0
B,G,G,Y,Y,Y,0.0
G,G,G,Y,Y,Y,1.0
B,G,G,G,Y,Y,0
B,G,G,G,Y,Y,0.0
B,G,G,G,Y,Y,0.0
B,G,G,Y,Y,Y,0.0
B,G,G,Y,Y,Y,0.0
B,G,G,Y,Y,Y,0.0
B,G,Y,Y,Y,Y,0.0
B,G,G,Y,Y,Y,0.0
G,G,G,Y,Y,Y,1.0
G,G,G,G,Y,Y,0.5
G,G,G,G,Y,Y,1.0
G,G,G,G,G,Y,0.5
G,G,G,G,G,G,2.0
G,G,G,G,G,G,2.5
G,G,G,G,G,G,3.0
G,G,G,G,G,Y,2.5
G,G,G,G,G,G,3.0
G,G,G,G,G,G,3.5
G,G,G,G,G,Y,3.0
G,G,G,G,G,G,3.5
G,G,G,G,G,Y,3.0
G,G,G,G,G,Y,2.5
G,G,G,G,G,G,3.0
G,G,G,G,G,G,3.5
G,G,G,G,G,G,4.0
G,G,G,G,G,G,4.5
G,G,G,B,G,Y,3.0
G,G,B,B,B,G,1.0
G,G,B,B,B,G,0
G,G,B,B,G,Y,0.0
G,G,B,B,G,Y,0.0
G,G,B,B,B,Y,0.0
G,G,B,B,B,Y,0.0
G,G,B,B,B,Y,0.0
G,G,B,B,B,Y,0.0
G,G,B,B,B,Y,0.0
G,G,G,B,B,Y,0.0
G,G,G,B,B,B,0
G,G,G,G,B,Y,0.0
G,G,G,G,G,B,0
G,G,G,G,G,B,0
G,G,G,G,G,B,0
G,G,G,G,G,G,2.0
G,G,G,G,G,G,2.5
G,G,G,G,G,G,3.0
G,G,G,G,G,G,3.5
G,Y,Y,G,G,G,3.0
Y,Y,Y,G,G,G,2.5
Y,Y,Y,G,G,G,2.0
Y,Y,Y,G,G,G,1.5
Y,Y,Y,G,G,G,1.0
Y,Y,Y,G,G,G,0.5
Y,Y,G,G,G,G,1.0
Y,Y,G,G,G,G,0.5
Y,G,G,G,G,G,1.0
Y,G,G,G,G,B,0
Y,G,G,G,G,B,0.0
G,G,G,G,B,B,0
G,G,G,G,G,B,0
Y,G,G,G,G,B,0.0
G,G,G,G,G,B,0
Y,G,G,G,G,B,0.0
G,G,G,G,G,B,0
Y,G,G,G,G,B,0.0
G,G,G,G,G,B,0
G,G,G,G,G,B,0
Y,G,G,G,G,G,1.0
G,G,G,G,G,G,1.5
G,G,G,G,G,G,2.0
G,G,G,G,G,G,2.5
G,G,G,G,G,G,3.0
G,G,G,G,G,G,3.5
G,G,G,G,G,G,4.0
G,G,G,G,G,G,4.5
G,G,G,G,G,Y,4.0
G,G,G,G,G,Y,3.5
G,G,G,G,G,Y,3.0
G,G,G,G,G,Y,2.5
G,G,G,G,G,G,3.0
G,G,G,G,G,G,3.5
G,G,G,G,G,G,4.0
G,G,G,G,G,G,4.5
G,G,G,G,G,G,5.0
G,G,G,G,G,G,5.5
G,G,G,G,G,G,6.0
G,G,G,G,G,G,6.5
G,G,G,O,G,G,5.0
G,G,G,O,O,O,3.5
Y,G,G,O,O,O,2.0
Y,Y,G,O,O,O,0.5
Y,Y,G,O,O,O,0.0
Y,Y,G,G,O,O,0.0
Y,Y,G,G,O,O,0.0
Y,Y,Y,G,O,O,0.0
Y,Y,Y,G,G,O,0.0
Y,Y,Y,G,G,O,0.0
Y,Y,Y,G,G,O,0.0
Y,Y,Y,G,G,O,0.0
Y,Y,Y,G,G,O,0.0
Y,Y,Y,G,G,G,1.0
Y,Y,Y,G,G,O,0
Y,Y,Y,G,G,O,0.0
Y,Y,Y,G,G,G,1.0
Y,Y,Y,Y,G,O,0
Y,Y,Y,G,G,O,0.0
Y,Y,Y,G,G,O,0.0
Y,Y,Y,G,G,G,1.0
Y,Y,Y,Y,G,O,0
Y,Y,Y,Y,G,O,0.0
Y,Y,Y,G,G,O,0.0
Y,Y,Y,G,G,G,1.0
Y,Y,Y,G,G,O,0
Y,Y,Y,G,G,O,0.0
Y,Y,Y,G,G,O,0.0
Y,Y,Y,G,G,O,0.0
Y,Y,Y,G,G,O,0.0
Y,Y,Y,G,G,G,1.0
Y,Y,Y,G,G,O,0
Y,Y,Y,G,G,O,0.0
Y,Y,Y,G,G,O,0.0
Y,Y,Y,G,G,G,1.0
Y,Y,Y,G,G,O,0
Y,Y,Y,G,G,O,0.0
Y,Y,Y,G,G,G,1.0
Y,Y,G,G,G,O,0
Y,Y,G,G,G,O,0.0
Y,Y,G,G,G,O,0.0
Y,Y,G,G,G,O,0.0
Y,Y,G,G,G,G,1.0
Y,Y,G,G,G,O,0
Y,Y,G,G,G,O,0.0
Y,Y,G,G,G,O,0.0
Y,Y,G,G,G,O,0.0
Y,Y,G,G,G,G,1.0
Y,G,G,G,G,O,0
Y,G,G,G,G,O,0.0
Y,Y,G,G,G,O,0.0
Y,G,G,G,G,O,0.0
Y,G,G,G,G,O,0.0
Y,G,G,G,G,G,1.0
G,G,G,G,G,O,0
Y,G,G,G,G,G,1.0
Y,G,G,G,G,G,0.5
G,G,G,G,G,O,0.0
Y,G,G,G,G,G,1.0
Y,G,G,G,G,G,0.5
G,G,G,G,G,O,0.0
Y,G,G,G,G,G,1.0
Y,G,G,G,G,G,0.5
G,G,G,G,G,G,2.0
G,G,G,G,G,G,2.5
G,G,G,G,G,G,3.0
G,G,G,G,G,G,3.5
G,G,G,G,G,Y,3.0
G,G,G,G,G,G,3.5
G,G,G,G,G,G,4.0
Y,G,G,G,G,G,3.5
G,G,G,G,G,G,4.0
G,G,G,G,G,G,4.5
G,G,G,G,G,Y,4.0
G,G,G,G,G,G,4.5
G,G,G,G,G,G,5.0
G,G,G,G,G,G,5.5
G,G,G,G,G,G,6.0
G,G,G,G,G,G,6.5
G,G,G,G,G,G,7.0
G,G,G,G,G,Y,6.5
G,G,G,G,G,G,7.0
G,G,G,G,G,G,7.5
G,G,G,G,G,G,8.0
Y,G,G,G,G,G,7.5
Y,G,G,G,G,G,7.0
G,G,G,G,G,G,7.5
G,G,G,G,G,G,8.0
G,G,G,G,G,G,8.5
Y,G,G,G,G,G,8.0
G,G,G,G,G,G,8.5
Y,G,G,G,G,G,8.0
G,G,G,G,G,Y,7.5
G,G,G,G,G,G,8.0
G,G,G,G,G,G,8.5
G,G,G,G,G,G,9.0
G,G,G,G,G,G,9.5
G,G,G,G,G,Y,9.0
G,G,G,G,G,Y,8.5
G,G,G,G,G,G,9.0
G,G,G,G,G,Y,8.5
G,G,G,G,G,Y,8.0
G,G,G,G,G,Y,7.5
G,G,G,G,Y,Y,7.0
G,G,G,G,Y,Y,6.5
G,G,G,G,Y,Y,6.0
G,G,G,G,G,Y,5.5
G,G,G,G,G,Y,5.0
G,G,G,G,G,Y,4.5
G,G,G,G,G,G,5.0
G,G,G,G,G,G,5.5
G,G,G,G,G,G,6.0
G,G,G,G,G,G,6.5
G,G,G,G,G,G,7.0
G,G,G,G,G,G,7.5
G,G,G,G,G,G,8.0
G,G,G,G,G,Y,7.5
G,G,G,G,G,G,8.0
G,G,G,G,Y,Y,7.5
G,G,G,G,G,G,8.0
G,G,G,G,G,Y,7.5
G,G,G,G,G,G,8.0
G,G,G,G,G,Y,7.5
G,G,G,G,G,G,8.0
G,G,G,G,G,G,8.5
G,G,G,G,G,Y,8.0
G,G,G,G,G,G,8.5
G,G,G,G,G,G,9.0
G,G,G,G,B,G,7.0
G,G,G,G,G,B,5.0
Y,Y,G,G,G,G,4.5
Y,G,G,G,G,G,4.0
G,G,G,G,G,G,4.5
G,G,G,G,G,G,5.0
G,G,G,G,G,G,5.5
G,G,G,G,G,G,6.0
G,G,G,G,G,G,6.5
G,G,G,G,G,G,7.0
G,G,G,G,G,G,7.5
G,G,G,G,G,G,8.0
G,G,G,G,G,G,8.5
G,G,G,G,G,G,9.0
G,G,G,G,G,G,9.5
G,G,G,G,G,G,10.0
G,G,G,G,G,G,10
G,G,G,G,G,Y,9.5
G,G,G,G,G,G,10.0
O,O,O,G,G,G,8.5
O,G,Y,Y,Y,Y,7.0
Y,Y,Y,R,R,R,8.5
Y,R,R,R,R,R,10
R,R,R,R,R,R,2
R,R,R,R,R,R,2
R,R,R,R,R,R,2
R,R,R,R,R,R,2
R,R,R,R,R,R,2
R,R,R,R,R,R,2
R,R,R,R,R,R,2
R,R,R,R,R,R,2
R,R,R,R,R,R,2
R,R,Y,R,R,R,2
R,Y,Y,Y,R,R,2
Y,Y,Y,Y,Y,R,2
Y,Y,Y,Y,Y,R,2
Y,Y,Y,Y,Y,Y,1.93
Y,Y,Y,Y,Y,Y,0.9
Y,Y,Y,Y,Y,Y,-0.6
Y,Y,Y,Y,Y,R,3.0
Y,G,G,Y,Y,Y,3.5
G,G,G,Y,Y,Y,3.0
G,G,G,G,Y,Y,2.5
G,G,G,G,G,Y,2.0
G,G,G,G,G,G,2.5
G,G,G,G,G,G,3.0
G,G,G,G,G,G,3.5
G,G,G,G,G,G,4.0
G,G,G,G,G,G,4.5
G,G,G,G,G,G,5.0
G,G,G,G,G,G,5.5
G,G,Y,Y,G,G,6.0
G,Y,Y,Y,Y,G,5.5
Y,Y,Y,Y,Y,G,4.0
Y,Y,Y,Y,Y,G,2.5
Y,Y,Y,Y,G,G,2.0
Y,Y,Y,Y,G,G,1.5
Y,Y,Y,G,G,G,1.0
Y,Y,G,G,G,G,0.5
Y,G,G,G,G,G,1.0
Y,G,G,G,G,G,0.5
G,G,G,G,G,G,2.0
G,G,G,G,G,G,2.5
G,G,G,G,G,G,3.0
G,G,G,G,G,G,3.5
G,G,G,G,G,G,4.0
G,G,G,G,G,G,4.5
G,G,G,G,Y,Y,4.0
G,G,G,G,G,Y,3.5
G,G,G,G,G,Y,3.0
G,G,G,G,G,G,3.5
G,G,G,G,G,G,4.0
G,G,G,G,G,Y,3.5
G,G,G,G,Y,Y,3.0
G,G,G,G,G,G,3.5
G,G,G,G,G,G,4.0
G,G,G,G,G,Y,3.5
G,G,G,G,G,G,4.0
G,G,G,G,G,Y,3.5
G,G,G,G,G,Y,3.0
G,G,G,G,G,G,3.5
G,G,G,G,G,G,4.0
G,G,G,G,G,Y,3.5
G,G,G,G,G,Y,3.0
G,G,G,G,G,G,3.5
G,G,G,G,G,G,4.0
G,O,G,G,G,Y,2.5
O,O,G,G,Y,Y,1.0
O,O,G,G,Y,Y,0
O,O,G,G,Y,Y,0.0
O,O,G,G,Y,Y,0.0
O,O,G,G,Y,Y,0.0
O,O,G,G,Y,Y,0.0
O,O,G,G,Y,Y,0.0
O,O,G,G,Y,Y,0.0
O,O,G,G,Y,Y,0.0
O,O,G,Y,Y,Y,0.0
O,O,O,Y,Y,Y,0.0
O,O,O,Y,Y,Y,0.0
O,O,O,Y,Y,Y,0.0
O,O,G,Y,Y,Y,0.0
O,O,G,Y,Y,Y,0.0
O,O,G,Y,Y,Y,0.0
O,O,Y,Y,Y,Y,0.0
O,O,Y,Y,Y,Y,0.0
O,G,Y,Y,Y,Y,0.0
O,G,Y,Y,Y,Y,0.0
O,G,Y,Y,Y,Y,0.0
O,Y,Y,Y,Y,Y,-1.0
G,Y,Y,Y,Y,Y,0.0
G,Y,Y,Y,Y,Y,0.0
Y,Y,Y,Y,Y,Y,0.0
Y,Y,Y,Y,Y,Y,0.0
Y,Y,Y,Y,Y,Y,0.0
Y,Y,Y,Y,Y,Y,0.0
Y,Y,Y,Y,Y,Y,0.0
Y,Y,Y,Y,Y,Y,0.0
Y,Y,Y,Y,Y,Y,0.0
Y,Y,Y,Y,Y,Y,0.0
R,R,Y,Y,Y,G,3.0
R,R,R,Y,Y,G,4.5
R,R,R,Y,Y,Y,5.0
R,R,R,R,Y,Y,6.5
R,R,R,R,R,Y,8.0
R,R,R,R,R,R,9.5
R,R,R,R,R,R,2
R,R,R,R,R,R,2
R,R,R,R,R,R,2
R,R,R,R,R,R,2
R,R,R,R,R,R,2
R,R,R,R,R,R,2
R,R,R,R,R,R,2
R,R,R,R,R,R,2
R,R,R,R,R,R,2
R,R,R,R,R,R,2
R,R,R,R,R,R,2
R,R,R,R,R,R,2
R,R,R,R,R,R,2
R,R,R,R,R,R,2
R,R,R,R,R,R,2
R,R,R,R,R,R,2
R,R,R,R,R,R,2
R,R,R,R,R,R,2
R,R,R,R,R,R,2
R,R,R,R,R,R,2
R,R,R,R,R,R,2
R,R,R,R,R,R,2
R,R,R,R,R,R,2
R,R,R,R,R,R,2
R,R,R,R,R,R,2
R,R,R,R,R,R,2
R,R,R,R,R,R,2
R,R,R,R,R,R,2
R,R,R,R,R,R,2
R,R,R,R,R,R,2
R,R,R,R,R,R,2
R,R,R,R,R,R,2
R,R,R,R,R,R,2
R,R,R,R,R,R,2
R,R,R,R,R,R,2
R,R,R,R,R,R,2
R,R,R,R,R,R,2
R,R,R,R,R,R,2
R,R,R,R,R,R,2
R,R,R,R,R,R,2
R,R,R,R,R,R,2
R,R,R,R,R,R,2
R,R,R,R,R,R,2
R,R,R,R,R,R,2
R,R,R,R,R,R,2
R,R,R,R,R,R,2
R,R,R,R,R,R,2
R,R,R,R,R,R,2
R,R,R,R,R,R,2
R,R,R,R,R,R,2
R,R,R,R,R,R,2
R,R,R,R,R,R,2
R,R,R,R,R,R,2
R,R,R,R,R,R,2
R,R,R,R,R,R,2
R,R,R,R,R,R,2
R,R,R,R,R,R,2
R,R,R,R,R,R,2
R,R,R,R,R,R,2
R,R,R,R,R,R,2
R,R,R,R,R,R,2
R,R,R,R,R,R,2
R,R,R,R,R,R,2
R,R,R,R,R,R,2
R,R,R,R,R,R,2
R,R,R,R,R,R,2
R,R,R,R,R,R,2
R,R,R,R,R,R,2
R,R,R,R,R,R,2
R,R,R,R,R,R,2
R,R,R,R,R,R,2
R,R,R,R,R,R,2
R,R,R,R,R,R,2
R,R,R,R,R,R,2
R,R,R,R,R,R,2
R,R,R,R,R,R,2
R,R,R,R,R,R,2
R,R,R,R,R,R,2
R,R,R,R,R,R,2
R,R,R,R,R,R,2
R,R,R,R,R,R,2
R,R,R,R,R,R,2
R,R,R,R,R,R,2
R,R,R,R,R,R,2
R,R,R,R,R,R,2
R,R,R,R,R,R,2
R,R,R,R,R,R,2
R,R,R,R,R,R,2
R,R,R,R,R,R,2
R,R,R,R,R,R,2
R,R,R,R,R,R,2
R,R,R,R,R,R,2
R,R,R,R,R,R,2
R,R,R,R,R,R,2
R,R,R,R,R,R,2
R,R,R,R,R,R,2
R,R,R,R,R,R,2
R,R,R,R,R,R,2
R,R,R,R,R,R,2
R,R,R,R,R,R,2
R,R,R,R,R,R,2
R,R,R,R,R,R,2
R,R,R,R,R,R,2
R,R,R,R,R,R,2
R,R,R,R,R,R,2
R,R,R,R,R,R,2
R,R,R,R,R,R,2
R,R,R,R,R,R,2
R,R,R,R,R,R,2
R,R,R,R,R,R,2
Y,R,R,R,R,R,2
Y,R,R,R,R,R,2
Y,Y,R,R,R,R,4.97
Y,Y,Y,Y,R,R,6.47
G,G,G,Y,Y,R,6.97
G,G,G,G,Y,Y,6.47
G,G,G,G,Y,Y,5.97
G,G,G,G,G,G,6.47
G,G,G,G,G,G,6.97
G,G,G,G,G,G,7.47
G,Y,G,G,G,G,6.97
Y,Y,Y,G,G,G,6.47
Y,Y,Y,G,G,G,5.97
Y,Y,Y,G,G,G,5.47
Y,Y,G,G,G,G,4.97
Y,Y,Y,G,G,G,4.47
Y,G,G,G,G,G,3.97
Y,G,G,G,G,G,3.47
Y,G,G,G,G,G,2.97
G,G,G,G,G,G,3.47
G,G,G,G,G,G,3.97
G,G,G,G,G,G,4.47
G,G,G,G,G,G,4.97
G,G,G,G,G,Y,4.47
G,G,G,G,G,Y,3.97
G,G,G,G,G,G,4.47
G,G,G,G,G,G,4.97
G,G,G,G,G,G,5.47
G,G,G,G,G,G,5.97
G,G,G,G,G,G,6.47
G,G,G,G,G,G,6.97
G,G,G,G,G,G,7.47
G,G,G,G,G,G,7.97
G,G,G,G,G,Y,7.47
G,G,G,G,G,Y,6.97
G,G,G,G,G,G,7.47
G,G,G,G,G,G,7.97
G,G,G,G,G,Y,7.47
G,G,G,G,G,Y,6.97
G,G,G,G,G,Y,6.47
G,G,G,G,G,G,6.97
G,G,G,G,G,G,7.47
G,G,G,G,G,Y,6.97
G,G,G,G,Y,Y,6.47
G,G,G,G,G,G,6.97
G,G,G,G,G,Y,6.47
G,G,G,G,G,G,6.97
Y,G,G,G,G,G,6.47
G,G,G,G,G,G,6.97
G,G,G,G,G,G,7.47
Y,G,G,G,G,G,6.97
Y,G,G,G,G,G,6.47
Y,G,G,G,G,G,5.97
Y,G,G,G,G,G,5.47
Y,G,G,G,G,G,4.97
Y,G,G,G,G,G,4.47
G,G,G,G,G,G,4.97
Y,G,G,G,G,G,4.47
Y,G,G,G,G,B,2.97
Y,Y,G,G,G,B,1.47
Y,Y,Y,G,G,B,0
Y,Y,G,G,G,B,0.0
Y,Y,G,G,B,B,0.0
Y,Y,G,G,B,B,0.0
Y,G,G,G,B,B,0.0
Y,Y,G,B,B,G,0.0
Y,G,G,B,B,B,0.0
Y,G,G,B,B,G,0.0
Y,G,G,B,B,G,0.0
Y,G,G,B,B,G,0.0
Y,G,G,B,B,G,0.0
G,G,G,B,B,G,0
Y,G,G,B,B,B,0.0
G,G,G,B,B,G,0
Y,G,G,B,B,B,0.0
G,G,G,B,B,G,0
Y,G,G,G,B,B,0.0
G,G,G,B,B,G,0
Y,G,G,G,B,B,0.0
G,G,G,B,B,G,0
G,G,G,G,B,B,0
Y,G,G,G,B,B,0.0
G,G,G,G,B,B,0
Y,G,G,G,B,B,0.0
G,G,G,G,B,B,0
Y,G,G,G,G,G,1.0
G,G,G,G,B,B,0
Y,G,G,G,G,G,1.0
G,G,G,G,G,B,0
Y,G,G,G,G,G,1.0
G,G,G,G,G,B,0
Y,G,G,G,G,G,1.0
G,G,G,G,G,B,0
Y,G,G,G,G,G,1.0
G,G,G,G,G,G,1.5
G,G,G,G,G,G,2.0
G,G,G,G,G,G,2.5
G,G,G,G,G,G,3.0
G,G,G,G,G,G,3.5
G,G,G,G,G,Y,3.0
G,G,G,G,G,G,3.5
G,G,G,G,G,G,4.0
G,G,G,G,G,G,4.5
G,G,G,G,G,G,5.0
G,G,G,G,G,G,5.5
G,G,G,G,G,G,6.0
G,G,G,G,G,Y,5.5
G,G,G,G,G,Y,5.0
G,G,G,G,G,Y,4.5
G,G,G,G,G,Y,4.0
G,G,G,G,G,Y,3.5
G,G,G,G,G,Y,3.0
G,G,G,G,G,G,3.5
G,G,G,G,G,Y,3.0
G,G,G,G,G,G,3.5
G,G,G,G,G,G,4.0
Y,G,G,G,G,G,3.5
G,G,G,G,G,G,4.0
G,G,G,G,G,G,4.5
G,G,G,G,G,G,5.0
G,G,G,G,G,G,5.5
G,G,G,G,G,Y,5.0
G,G,G,G,G,Y,4.5
G,G,G,G,G,G,5.0
G,B,G,G,G,G,3.0
B,G,G,Y,Y,Y,1.5
G,G,G,Y,Y,Y,1.0
B,G,G,Y,Y,Y,0
B,G,G,Y,Y,Y,0.0
B,G,G,Y,Y,Y,0.0
B,G,Y,Y,Y,Y,0.0
B,G,Y,Y,Y,Y,0.0
B,G,G,Y,Y,Y,0.0
G,G,G,Y,Y,Y,1.0
B,G,G,Y,Y,Y,0
B,G,G,G,Y,Y,0.0
B,G,G,Y,Y,Y,0.0
B,G,G,Y,Y,Y,0.0
B,G,G,Y,Y,Y,0.0
B,G,G,Y,Y,Y,0.0
G,G,G,Y,Y,Y,1.0
B,G,G,G,Y,Y,0
B,G,G,G,Y,Y,0.0
B,G,G,G,Y,Y,0.0
B,G,G,Y,Y,Y,0.0
B,G,G,Y,Y,Y,0.0
B,G,G,Y,Y,Y,0.0
B,G,Y,Y,Y,Y,0.0
B,G,G,Y,Y,Y,0.0
G,G,G,Y,Y,Y,1.0
G,G,G,G,Y,Y,0.5
G,G,G,G,Y,Y,1.0
G,G,G,G,G,Y,0.5
G,G,G,G,G,G,2.0
G,G,G,G,G,G,2.5
G,G,G,G,G,G,3.0
G,G,G,G,G,Y,2.5
G,G,G,G,G,G,3.0
G,G,G,G,G,G,3.5
G,G,G,G,G,Y,3.0
G,G,G,G,G,G,3.5
G,G,G,G,G,Y,3.0
G,G,G,G,G,Y,2.5
G,G,G,G,G,G,3.0
G,G,G,G,G,G,3.5
G,G,G,G,G,G,4.0
G,G,G,G,G,G,4.5
G,G,G,B,G,Y,3.0
G,G,B,B,B,G,1.0
G,G,B,B,B,G,0
G,G,B,B,G,Y,0.0
G,G,B,B,G,Y,0.0
G,G,B,B,B,Y,0.0
G,G,B,B,B,Y,0.0
G,G,B,B,B,Y,0.0
G,G,B,B,B,Y,0.0
G,G,B,B,B,Y,0.0
G,G,G,B,B,Y,0.0
G,G,G,B,B,B,0
G,G,G,G,B,Y,0.0
G,G,G,G,G,B,0
G,G,G,G,G,B,0
G,G,G,G,G,B,0
G,G,G,G,G,G,2.0
G,G,G,G,G,G,2.5
G,G,G,G,G,G,3.0
G,G,G,G,G,G,3.5
G,Y,Y,G,G,G,3.0
Y,Y,Y,G,G,G,2.5
Y,Y,Y,G,G,G,2.0
Y,Y,Y,G,G,G,1.5
Y,Y,Y,G,G,G,1.0
Y,Y,Y,G,G,G,0.5
Y,Y,G,G,G,G,1.0
Y,Y,G,G,G,G,0.5
Y,G,G,G,G,G,1.0
Y,G,G,G,G,B,0
Y,G,G,G,G,B,0.0
G,G,G,G,B,B,0
G,G,G,G,G,B,0
Y,G,G,G,G,B,0.0
G,G,G,G,G,B,0
Y,G,G,G,G,B,0.0
G,G,G,G,G,B,0
Y,G,G,G,G,B,0.0
G,G,G,G,G,B,0
G,G,G,G,G,B,0
Y,G,G,G,G,G,1.0
G,G,G,G,G,G,1.5
G,G,G,G,G,G,2.0
G,G,G,G,G,G,2.5
G,G,G,G,G,G,3.0
G,G,G,G,G,G,3.5
G,G,G,G,G,G,4.0
G,G,G,G,G,G,4.5
G,G,G,G,G,Y,4.0
G,G,G,G,G,Y,3.5
G,G,G,G,G,Y,3.0
G,G,G,G,G,Y,2.5
G,G,G,G,G,G,3.0
G,G,G,G,G,G,3.5
G,G,G,G,G,G,4.0
G,G,G,G,G,G,4.5
G,G,G,G,G,G,5.0
G,G,G,G,G,G,5.5
G,G,G,G,G,G,6.0
G,G,G,G,G,G,6.5
G,G,G,O,G,G,5.0
G,G,G,O,O,O,3.5
Y,G,G,O,O,O,2.0
Y,Y,G,O,O,O,0.5
Y,Y,G,O,O,O,0.0
Y,Y,G,G,O,O,0.0
Y,Y,G,G,O,O,0.0
Y,Y,Y,G,O,O,0.0
Y,Y,Y,G,G,O,0.0
Y,Y,Y,G,G,O,0.0
Y,Y,Y,G,G,O,0.0
Y,Y,Y,G,G,O,0.0
Y,Y,Y,G,G,O,0.0
Y,Y,Y,G,G,G,1.0
Y,Y,Y,G,G,O,0
Y,Y,Y,G,G,O,0.0
Y,Y,Y,G,G,G,1.0
Y,Y,Y,Y,G,O,0
Y,Y,Y,G,G,O,0.0
Y,Y,Y,G,G,O,0.0
Y,Y,Y,G,G,G,1.0
Y,Y,Y,Y,G,O,0
Y,Y,Y,Y,G,O,0.0
Y,Y,Y,G,G,O,0.0
Y,Y,Y,G,G,G,1.0
Y,Y,Y,G,G,O,0
Y,Y,Y,G,G,O,0.0
Y,Y,Y,G,G,O,0.0
Y,Y,Y,G,G,O,0.0
Y,Y,Y,G,G,O,0.0
Y,Y,Y,G,G,G,1.0
Y,Y,Y,G,G,O,0
Y,Y,Y,G,G,O,0.0
Y,Y,Y,G,G,O,0.0
Y,Y,Y,G,G,G,1.0
Y,Y,Y,G,G,O,0
Y,Y,Y,G,G,O,0.0
Y,Y,Y,G,G,G,1.0
Y,Y,G,G,G,O,0
Y,Y,G,G,G,O,0.0
Y,Y,G,G,G,O,0.0
Y,Y,G,G,G,O,0.0
Y,Y,G,G,G,G,1.0
Y,Y,G,G,G,O,0
Y,Y,G,G,G,O,0.0
Y,Y,G,G,G,O,0.0
Y,Y,G,G,G,O,0.0
Y,Y,G,G,G,G,1.0
Y,G,G,G,G,O,0
Y,G,G,G,G,O,0.0
Y,Y,G,G,G,O,0.0
Y,G,G,G,G,O,0.0
Y,G,G,G,G,O,0.0
Y,G,G,G,G,G,1.0
G,G,G,G,G,O,0
Y,G,G,G,G,G,1.0
Y,G,G,G,G,G,0.5
G,G,G,G,G,O,0.0
Y,G,G,G,G,G,1.0
Y,G,G,G,G,G,0.5
G,G,G,G,G,O,0.0
Y,G,G,G,G,G,1.0
Y,G,G,G,G,G,0.5
G,G,G,G,G,G,2.0
G,G,G,G,G,G,2.5
G,G,G,G,G,G,3.0
G,G,G,G,G,G,3.5
G,G,G,G,G,Y,3.0
G,G,G,G,G,G,3.5
G,G,G,G,G,G,4.0
Y,G,G,G,G,G,3.5
G,G,G,G,G,G,4.0
G,G,G,G,G,G,4.5
G,G,G,G,G,Y,4.0
G,G,G,G,G,G,4.5
G,G,G,G,G,G,5.0
G,G,G,G,G,G,5.5
G,G,G,G,G,G,6.0
G,G,G,G,G,G,6.5
G,G,G,G,G,G,7.0
G,G,G,G,G,Y,6.5
G,G,G,G,G,G,7.0
G,G,G,G,G,G,7.5
G,G,G,G,G,G,8.0
Y,G,G,G,G,G,7.5
Y,G,G,G,G,G,7.0
G,G,G,G,G,G,7.5
G,G,G,G,G,G,8.0
G,G,G,G,G,G,8.5
Y,G,G,G,G,G,8.0
G,G,G,G,G,G,8.5
Y,G,G,G,G,G,8.0
G,G,G,G,G,Y,7.5
G,G,G,G,G,G,8.0
G,G,G,G,G,G,8.5
G,G,G,G,G,G,9.0
G,G,G,G,G,G,9.5
G,G,G,G,G,Y,9.0
G,G,G,G,G,Y,8.5
G,G,G,G,G,G,9.0
G,G,G,G,G,Y,8.5
G,G,G,G,G,Y,8.0
G,G,G,G,G,Y,7.5
G,G,G,G,Y,Y,7.0
G,G,G,G,Y,Y,6.5
G,G,G,G,Y,Y,6.0
G,G,G,G,G,Y,5.5
G,G,G,G,G,Y,5.0
G,G,G,G,G,Y,4.5
G,G,G,G,G,G,5.0
G,G,G,G,G,G,5.5
G,G,G,G,G,G,6.0
G,G,G,G,G,G,6.5
G,G,G,G,G,G,7.0
G,G,G,G,G,G,7.5
G,G,G,G,G,G,8.0
G,G,G,G,G,Y,7.5
G,G,G,G,G,G,8.0
G,G,G,G,Y,Y,7.5
G,G,G,G,G,G,8.0
G,G,G,G,G,Y,7.5
G,G,G,G,G,G,8.0
G,G,G,G,G,Y,7.5
G,G,G,G,G,G,8.0
G,G,G,G,G,G,8.5
G,G,G,G,G,Y,8.0
G,G,G,G,G,G,8.5
G,G,G,G,G,G,9.0
G,G,G,G,B,G,7.0
G,G,G,G,G,B,5.0
Y,Y,G,G,G,G,4.5
Y,G,G,G,G,G,4.0
G,G,G,G,G,G,4.5
G,G,G,G,G,G,5.0
G,G,G,G,G,G,5.5
G,G,G,G,G,G,6.0
G,G,G,G,G,G,6.5
G,G,G,G,G,G,7.0
G,G,G,G,G,G,7.5
G,G,G,G,G,G,8.0
G,G,G,G,G,G,8.5
G,G,G,G,G,G,9.0
G,G,G,G,G,G,9.5
G,G,G,G,G,G,10.0
G,G,G,G,G,G,10
G,G,G,G,G,Y,9.5
G,G,G,G,G,G,10.0
O,O,O,G,G,G,8.5
O,G,Y,Y,Y,Y,7.0
Y,Y,Y,R,R,R,8.5
Y,R,R,R,R,R,10
R,R,R,R,R,R,2
R,R,R,R,R,R,2
R,R,R,R,R,R,2
R,R,R,R,R,R,2
R,R,R,R,R,R,2
R,R,R,R,R,R,2
R,R,R,R,R,R,2
R,R,R,R,R,R,2
R,R,R,R,R,R,2
R,R,Y,R,R,R,2
R,Y,Y,Y,R,R,2
Y,Y,Y,Y,Y,R,2
Y,Y,Y,Y,Y,R,2
Y,Y,Y,Y,Y,Y,1.93
Y,Y,Y,Y,Y,Y,0.9
Y,Y,Y,Y,Y,Y,-0.6
Y,Y,Y,Y,Y,R,3.0
Y,G,G,Y,Y,Y,3.5
G,G,G,Y,Y,Y,3.0
G,G,G,G,Y,Y,2.5
G,G,G,G,G,Y,2.0
G,G,G,G,G,G,2.5
G,G,G,G,G,G,3.0
G,G,G,G,G,G,3.5
G,G,G,G,G,G,4.0
G,G,G,G,G,G,4.5
G,G,G,G,G,G,5.0
G,G,G,G,G,G,5.5
G,G,Y,Y,G,G,6.0
G,Y,Y,Y,Y,G,5.5
Y,Y,Y,Y,Y,G,4.0
Y,Y,Y,Y,Y,G,2.5
Y,Y,Y,Y,G,G,2.0
Y,Y,Y,Y,G,G,1.5
Y,Y,Y,G,G,G,1.0
Y,Y,G,G,G,G,0.5
Y,G,G,G,G,G,1.0
Y,G,G,G,G,G,0.5
G,G,G,G,G,G,2.0
G,G,G,G,G,G,2.5
G,G,G,G,G,G,3.0
G,G,G,G,G,G,3.5
G,G,G,G,G,G,4.0
G,G,G,G,G,G,4.5
G,G,G,G,Y,Y,4.0
G,G,G,G,G,Y,3.5
G,G,G,G,G,Y,3.0
G,G,G,G,G,G,3.5
G,G,G,G,G,G,4.0
G,G,G,G,G,Y,3.5
G,G,G,G,Y,Y,3.0
G,G,G,G,G,G,3.5
G,G,G,G,G,G,4.0
G,G,G,G,G,Y,3.5
G,G,G,G,G,G,4.0
G,G,G,G,G,Y,3.5
G,G,G,G,G,Y,3.0
G,G,G,G,G,G,3.5
G,G,G,G,G,G,4.0
G,G,G,G,G,Y,3.5
G,G,G,G,G,Y,3.0
G,G,G,G,G,G,3.5
G,G,G,G,G,G,4.0
G,O,G,G,G,Y,2.5
O,O,G,G,Y,Y,1.0
O,O,G,G,Y,Y,0
O,O,G,G,Y,Y,0.0
O,O,G,G,Y,Y,0.0
O,O,G,G,Y,Y,0.0
O,O,G,G,Y,Y,0.0
O,O,G,G,Y,Y,0.0
O,O,G,G,Y,Y,0.0
O,O,G,G,Y,Y,0.0
O,O,G,Y,Y,Y,0.0
O,O,O,Y,Y,Y,0.0
O,O,O,Y,Y,Y,0.0
O,O,O,Y,Y,Y,0.0
O,O,G,Y,Y,Y,0.0
O,O,G,Y,Y,Y,0.0
O,O,G,Y,Y,Y,0.0
O,O,Y,Y,Y,Y,0.0
O,O,Y,Y,Y,Y,0.0
O,G,Y,Y,Y,Y,0.0
O,G,Y,Y,Y,Y,0.0
O,G,Y,Y,Y,Y,0.0
O,Y,Y,Y,Y,Y,-1.0
G,Y,Y,Y,Y,Y,0.0
G,Y,Y,Y,Y,Y,0.0
Y,Y,Y,Y,Y,Y,0.0
Y,Y,Y,Y,Y,Y,0.0
Y,Y,Y,Y,Y,Y,0.0
Y,Y,Y,Y,Y,Y,0.0
Y,Y,Y,Y,Y,Y,0.0
Y,Y,Y,Y,Y,Y,0.0
Y,Y,Y,Y,Y,Y,0.0
Y,Y,Y,Y,Y,Y,0.0
R,R,Y,Y,Y,G,3.0
R,R,R,Y,Y,G,4.5
R,R,R,Y,Y,Y,5.0
R,R,R,R,Y,Y,6.5
R,R,R,R,R,Y,8.0
R,R,R,R,R,R,9.5
R,R,R,R,R,R,2
R,R,R,R,R,R,2
R,R,R,R,R,R,2
R,R,R,R,R,R,2
R,R,R,R,R,R,2
R,R,R,R,R,R,2
R,R,R,R,R,R,2
R,R,R,R,R,R,2
R,R,R,R,R,R,2
R,R,R,R,R,R,2
R,R,R,R,R,R,2
R,R,R,R,R,R,2
R,R,R,R,R,R,2
R,R,R,R,R,R,2
R,R,R,R,R,R,2
R,R,R,R,R,R,2
R,R,R,R,R,R,2
R,R,R,R,R,R,2
R,R,R,R,R,R,2
R,R,R,R,R,R,2
R,R,R,R,R,R,2
R,R,R,R,R,R,2
R,R,R,R,R,R,2
R,R,R,R,R,R,2
R,R,R,R,R,R,2
R,R,R,R,R,R,2
R,R,R,R,R,R,2
R,R,R,R,R,R,2
R,R,R,R,R,R,2
R,R,R,R,R,R,2
R,R,R,R,R,R,2
R,R,R,R,R,R,2
R,R,R,R,R,R,2
R,R,R,R,R,R,2
R,R,R,R,R,R,2
R,R,R,R,R,R,2
R,R,R,R,R,R,2
R,R,R,R,R,R,2
R,R,R,R,R,R,2
R,R,R,R,R,R,2
R,R,R,R,R,R,2
R,R,R,R,R,R,2
R,R,R,R,R,R,2
R,R,R,R,R,R,2
R,R,R,R,R,R,2
R,R,R,R,R,R,2
R,R,R,R,R,R,2
R,R,R,R,R,R,2
R,R,R,R,R,R,2
R,R,R,R,R,R,2
R,R,R,R,R,R,2
R,R,R,R,R,R,2
R,R,R,R,R,R,2
R,R,R,R,R,R,2
R,R,R,R,R,R,2
R,R,R,R,R,R,2
R,R,R,R,R,R,2
R,R,R,R,R,R,2
R,R,R,R,R,R,2
R,R,R,R,R,R,2
R,R,R,R,R,R,2
R,R,R,R,R,R,2
R,R,R,R,R,R,2
R,R,R,R,R,R,2
R,R,R,R,R,R,2
R,R,R,R,R,R,2
R,R,R,R,R,R,2
R,R,R,R,R,R,2
R,R,R,R,R,R,2
R,R,R,R,R,R,2
R,R,R,R,R,R,2
R,R,R,R,R,R,2
R,R,R,R,R,R,2
R,R,R,R,R,R,2
R,R,R,R,R,R,2
R,R,R,R,R,R,2
R,R,R,R,R,R,2
R,R,R,R,R,R,2
R,R,R,R,R,R,2
R,R,R,R,R,R,2
R,R,R,R,R,R,2
R,R,R,R,R,R,2
R,R,R,R,R,R,2
R,R,R,R,R,R,2
R,R,R,R,R,R,2
R,R,R,R,R,R,2
R,R,R,R,R,R,2
R,R,R,R,R,R,2
R,R,R,R,R,R,2
R,R,R,R,R,R,2
R,R,R,R,R,R,2
R,R,R,R,R,R,2
R,R,R,R,R,R,2
R,R,R,R,R,R,2
R,R,R,R,R,R,2
R,R,R,R,R,R,2
R,R,R,R,R,R,2
R,R,R,R,R,R,2
R,R,R,R,R,R,2
R,R,R,R,R,R,2
R,R,R,R,R,R,2
R,R,R,R,R,R,2
R,R,R,R,R,R,2
R,R,R,R,R,R,2
R,R,R,R,R,R,2
R,R,R,R,R,R,2
R,R,R,R,R,R,2
R,R,R,R,R,R,2
R,R,R,R,R,R,2
R,R,R,R,R,R,2
Y,R,R,R,R,R,2
Y,R,R,R,R,R,2
Y,Y,R,R,R,R,4.97
Y,Y,Y,Y,R,R,6.47
G,G,G,Y,Y,R,6.97
G,G,G,G,Y,Y,6.47
G,G,G,G,Y,Y,5.97
G,G,G,G,G,G,6.47
G,G,G,G,G,G,6.97
G,G,G,G,G,G,7.47
G,Y,G,G,G,G,6.97
Y,Y,Y,G,G,G,6.47
Y,Y,Y,G,G,G,5.97
Y,Y,Y,G,G,G,5.47
Y,Y,G,G,G,G,4.97
Y,Y,Y,G,G,G,4.47
Y,G,G,G,G,G,3.97
Y,G,G,G,G,G,3.47
Y,G,G,G,G,G,2.97
G,G,G,G,G,G,3.47
G,G,G,G,G,G,3.97
G,G,G,G,G,G,4.47
G,G,G,G,G,G,4.97
G,G,G,G,G,Y,4.47
G,G,G,G,G,Y,3.97
G,G,G,G,G,G,4.47
G,G,G,G,G,G,4.97
G,G,G,G,G,G,5.47
G,G,G,G,G,G,5.97
G,G,G,G,G,G,6.47
G,G,G,G,G,G,6.97
G,G,G,G,G,G,7.47
G,G,G,G,G,G,7.97
G,G,G,G,G,Y,7.47
G,G,G,G,G,Y,6.97
G,G,G,G,G,G,7.47
G,G,G,G,G,G,7.97
G,G,G,G,G,Y,7.47
G,G,G,G,G,Y,6.97
G,G,G,G,G,Y,6.47
G,G,G,G,G,G,6.97
G,G,G,G,G,G,7.47
G,G,G,G,G,Y,6.97
G,G,G,G,Y,Y,6.47
G,G,G,G,G,G,6.97
G,G,G,G,G,Y,6.47
G,G,G,G,G,G,6.97
Y,G,G,G,G,G,6.47
G,G,G,G,G,G,6.97
G,G,G,G,G,G,7.47
Y,G,G,G,G,G,6.97
Y,G,G,G,G,G,6.47
Y,G,G,G,G,G,5.97
Y,G,G,G,G,G,5.47
Y,G,G,G,G,G,4.97
Y,G,G,G,G,G,4.47
G,G,G,G,G,G,4.97
Y,G,G,G,G,G,4.47
Y,G,G,G,G,B,2.97
Y,Y,G,G,G,B,1.47
Y,Y,Y,G,G,B,0
Y,Y,G,G,G,B,0.0
Y,Y,G,G,B,B,0.0
Y,Y,G,G,B,B,0.0
Y,G,G,G,B,B,0.0
Y,Y,G,B,B,G,0.0
Y,G,G,B,B,B,0.0
Y,G,G,B,B,G,0.0
Y,G,G,B,B,G,0.0
Y,G,G,B,B,G,0.0
Y,G,G,B,B,G,0.0
G,G,G,B,B,G,0
Y,G,G,B,B,B,0.0
G,G,G,B,B,G,0
Y,G,G,B,B,B,0.0
G,G,G,B,B,G,0
Y,G,G,G,B,B,0.0
G,G,G,B,B,G,0
Y,G,G,G,B,B,0.0
G,G,G,B,B,G,0
G,G,G,G,B,B,0
Y,G,G,G,B,B,0.0
G,G,G,G,B,B,0
Y,G,G,G,B,B,0.0
G,G,G,G,B,B,0
Y,G,G,G,G,G,1.0
G,G,G,G,B,B,0
Y,G,G,G,G,G,1.0
G,G,G,G,G,B,0
Y,G,G,G,G,G,1.0
G,G,G,G,G,B,0
Y,G,G,G,G,G,1.0
G,G,G,G,G,B,0
Y,G,G,G,G,G,1.0
G,G,G,G,G,G,1.5
G,G,G,G,G,G,2.0
G,G,G,G,G,G,2.5
G,G,G,G,G,G,3.0
G,G,G,G,G,G,3.5
G,G,G,G,G,Y,3.0
G,G,G,G,G,G,3.5
G,G,G,G,G,G,4.0
G,G,G,G,G,G,4.5
G,G,G,G,G,G,5.0
G,G,G,G,G,G,5.5
G,G,G,G,G,G,6.0
G,G,G,G,G,Y,5.5
G,G,G,G,G,Y,5.0
G,G,G,G,G,Y,4.5
G,G,G,G,G,Y,4.0
G,G,G,G,G,Y,3.5
G,G,G,G,G,Y,3.0
G,G,G,G,G,G,3.5
G,G,G,G,G,Y,3.0
G,G,G,G,G,G,3.5
G,G,G,G,G,G,4.0
Y,G,G,G,G,G,3.5
G,G,G,G,G,G,4.0
G,G,G,G,G,G,4.5
G,G,G,G,G,G,5.0
G,G,G,G,G,G,5.5
G,G,G,G,G,Y,5.0
G,G,G,G,G,Y,4.5
G,G,G,G,G,G,5.0
G,B,G,G,G,G,3.0
B,G,G,Y,Y,Y,1.5
G,G,G,Y,Y,Y,1.0
B,G,G,Y,Y,Y,0
B,G,G,Y,Y,Y,0.0
B,G,G,Y,Y,Y,0.0
B,G,Y,Y,Y,Y,0.0
B,G,Y,Y,Y,Y,0.0
B,G,G,Y,Y,Y,0.0
G,G,G,Y,Y,Y,1.0
B,G,G,Y,Y,Y,0
B,G,G,G,Y,Y,0.0
B,G,G,Y,Y,Y,0.0
B,G,G,Y,Y,Y,0.0
B,G,G,Y,Y,Y,0.0
B,G,G,Y,Y,Y,0.0
G,G,G,Y,Y,Y,1.0
B,G,G,G,Y,Y,0
B,G,G,G,Y,Y,0.0
B,G,G,G,Y,Y,0.0
B,G,G,Y,Y,Y,0.0
B,G,G,Y,Y,Y,0.0
B,G,G,Y,Y,Y,0.0
B,G,Y,Y,Y,Y,0.0
B,G,G,Y,Y,Y,0.0
G,G,G,Y,Y,Y,1.0
G,G,G,G,Y,Y,0.5
G,G,G,G,Y,Y,1.0
G,G,G,G,G,Y,0.5
G,G,G,G,G,G,2.0
G,G,G,G,G,G,2.5
G,G,G,G,G,G,3.0
G,G,G,G,G,Y,2.5
G,G,G,G,G,G,3.0
G,G,G,G,G,G,3.5
G,G,G,G,G,Y,3.0
G,G,G,G,G,G,3.5
G,G,G,G,G,Y,3.0
G,G,G,G,G,Y,2.5
G,G,G,G,G,G,3.0
G,G,G,G,G,G,3.5
G,G,G,G,G,G,4.0
G,G,G,G,G,G,4.5
G,G,G,B,G,Y,3.0
G,G,B,B,B,G,1.0
G,G,B,B,B,G,0
G,G,B,B,G,Y,0.0
G,G,B,B,G,Y,0.0
G,G,B,B,B,Y,0.0
G,G,B,B,B,Y,0.0
G,G,B,B,B,Y,0.0
G,G,B,B,B,Y,0.0
G,G,B,B,B,Y,0.0
G,G,G,B,B,Y,0.0
G,G,G,B,B,B,0
G,G,G,G,B,Y,0.0
G,G,G,G,G,B,0
G,G,G,G,G,B,0
G,G,G,G,G,B,0
G,G,G,G,G,G,2.0
G,G,G,G,G,G,2.5
G,G,G,G,G,G,3.0
G,G,G,G,G,G,3.5
G,Y,Y,G,G,G,3.0
Y,Y,Y,G,G,G,2.5
Y,Y,Y,G,G,G,2.0
Y,Y,Y,G,G,G,1.5
Y,Y,Y,G,G,G,1.0
Y,Y,Y,G,G,G,0.5
Y,Y,G,G,G,G,1.0
Y,Y,G,G,G,G,0.5
Y,G,G,G,G,G,1.0
Y,G,G,G,G,B,0
Y,G,G,G,G,B,0.0
G,G,G,G,B,B,0
G,G,G,G,G,B,0
Y,G,G,G,G,B,0.0
G,G,G,G,G,B,0
Y,G,G,G,G,B,0.0
G,G,G,G,G,B,0
Y,G,G,G,G,B,0.0
G,G,G,G,G,B,0
G,G,G,G,G,B,0
Y,G,G,G,G,G,1.0
G,G,G,G,G,G,1.5
G,G,G,G,G,G,2.0
G,G,G,G,G,G,2.5
G,G,G,G,G,G,3.0
G,G,G,G,G,G,3.5
G,G,G,G,G,G,4.0
G,G,G,G,G,G,4.5
G,G,G,G,G,Y,4.0
G,G,G,G,G,Y,3.5
G,G,G,G,G,Y,3.0
G,G,G,G,G,Y,2.5
G,G,G,G,G,G,3.0
G,G,G,G,G,G,3.5
G,G,G,G,G,G,4.0
G,G,G,G,G,G,4.5
G,G,G,G,G,G,5.0
G,G,G,G,G,G,5.5
G,G,G,G,G,G,6.0
G,G,G,G,G,G,6.5
G,G,G,O,G,G,5.0
G,G,G,O,O,O,3.5
Y,G,G,O,O,O,2.0
Y,Y,G,O,O,O,0.5
Y,Y,G,O,O,O,0.0
Y,Y,G,G,O,O,0.0
Y,Y,G,G,O,O,0.0
Y,Y,Y,G,O,O,0.0
Y,Y,Y,G,G,O,0.0
Y,Y,Y,G,G,O,0.0
Y,Y,Y,G,G,O,0.0
Y,Y,Y,G,G,O,0.0
Y,Y,Y,G,G,O,0.0
Y,Y,Y,G,G,G,1.0
Y,Y,Y,G,G,O,0
Y,Y,Y,G,G,O,0.0
Y,Y,Y,G,G,G,1.0
Y,Y,Y,Y,G,O,0
Y,Y,Y,G,G,O,0.0
Y,Y,Y,G,G,O,0.0
Y,Y,Y,G,G,G,1.0
Y,Y,Y,Y,G,O,0
Y,Y,Y,Y,G,O,0.0
Y,Y,Y,G,G,O,0.0
Y,Y,Y,G,G,G,1.0
Y,Y,Y,G,G,O,0
Y,Y,Y,G,G,O,0.0
Y,Y,Y,G,G,O,0.0
Y,Y,Y,G,G,O,0.0
Y,Y,Y,G,G,O,0.0
Y,Y,Y,G,G,G,1.0
Y,Y,Y,G,G,O,0
Y,Y,Y,G,G,O,0.0
Y,Y,Y,G,G,O,0.0
Y,Y,Y,G,G,G,1.0
Y,Y,Y,G,G,O,0
Y,Y,Y,G,G,O,0.0
Y,Y,Y,G,G,G,1.0
Y,Y,G,G,G,O,0
Y,Y,G,G,G,O,0.0
Y,Y,G,G,G,O,0.0
Y,Y,G,G,G,O,0.0
Y,Y,G,G,G,G,1.0
Y,Y,G,G,G,O,0
Y,Y,G,G,G,O,0.0
Y,Y,G,G,G,O,0.0
Y,Y,G,G,G,O,0.0
Y,Y,G,G,G,G,1.0
Y,G,G,G,G,O,0
Y,G,G,G,G,O,0.0
Y,Y,G,G,G,O,0.0
Y,G,G,G,G,O,0.0
Y,G,G,G,G,O,0.0
Y,G,G,G,G,G,1.0
G,G,G,G,G,O,0
Y,G,G,G,G,G,1.0
Y,G,G,G,G,G,0.5
G,G,G,G,G,O,0.0
Y,G,G,G,G,G,1.0
Y,G,G,G,G,G,0.5
G,G,G,G,G,O,0.0
Y,G,G,G,G,G,1.0
Y,G,G,G,G,G,0.5
G,G,G,G,G,G,2.0
G,G,G,G,G,G,2.5
G,G,G,G,G,G,3.0
G,G,G,G,G,G,3.5
G,G,G,G,G,Y,3.0
G,G,G,G,G,G,3.5
G,G,G,G,G,G,4.0
Y,G,G,G,G,G,3.5
G,G,G,G,G,G,4.0
G,G,G,G,G,G,4.5
G,G,G,G,G,Y,4.0
G,G,G,G,G,G,4.5
G,G,G,G,G,G,5.0
G,G,G,G,G,G,5.5
G,G,G,G,G,G,6.0
G,G,G,G,G,G,6.5
G,G,G,G,G,G,7.0
G,G,G,G,G,Y,6.5
G,G,G,G,G,G,7.0
G,G,G,G,G,G,7.5
G,G,G,G,G,G,8.0
Y,G,G,G,G,G,7.5
Y,G,G,G,G,G,7.0
G,G,G,G,G,G,7.5
G,G,G,G,G,G,8.0
G,G,G,G,G,G,8.5
Y,G,G,G,G,G,8.0
G,G,G,G,G,G,8.5
Y,G,G,G,G,G,8.0
G,G,G,G,G,Y,7.5
G,G,G,G,G,G,8.0
G,G,G,G,G,G,8.5
G,G,G,G,G,G,9.0
G,G,G,G,G,G,9.5
G,G,G,G,G,Y,9.0
G,G,G,G,G,Y,8.5
G,G,G,G,G,G,9.0
G,G,G,G,G,Y,8.5
G,G,G,G,G,Y,8.0
G,G,G,G,G,Y,7.5
G,G,G,G,Y,Y,7.0
G,G,G,G,Y,Y,6.5
G,G,G,G,Y,Y,6.0
G,G,G,G,G,Y,5.5
G,G,G,G,G,Y,5.0
G,G,G,G,G,Y,4.5
G,G,G,G,G,G,5.0
G,G,G,G,G,G,5.5
G,G,G,G,G,G,6.0
G,G,G,G,G,G,6.5
G,G,G,G,G,G,7.0
G,G,G,G,G,G,7.5
G,G,G,G,G,G,8.0
G,G,G,G,G,Y,7.5
G,G,G,G,G,G,8.0
G,G,G,G,Y,Y,7.5
G,G,G,G,G,G,8.0
G,G,G,G,G,Y,7.5
G,G,G,G,G,G,8.0
G,G,G,G,G,Y,7.5
G,G,G,G,G,G,8.0
G,G,G,G,G,G,8.5
G,G,G,G,G,Y,8.0
G,G,G,G,G,G,8.5
G,G,G,G,G,G,9.0
G,G,G,G,B,G,7.0
G,G,G,G,G,B,5.0
Y,Y,G,G,G,G,4.5
Y,G,G,G,G,G,4.0
G,G,G,G,G,G,4.5
G,G,G,G,G,G,5.0
G,G,G,G,G,G,5.5
G,G,G,G,G,G,6.0
G,G,G,G,G,G,6.5
G,G,G,G,G,G,7.0
G,G,G,G,G,G,7.5
G,G,G,G,G,G,8.0
G,G,G,G,G,G,8.5
G,G,G,G,G,G,9.0
G,G,G,G,G,G,9.5
G,G,G,G,G,G,10.0
G,G,G,G,G,G,10
G,G,G,G,G,Y,9.5
G,G,G,G,G,G,10.0
O,O,O,G,G,G,8.5
O,G,Y,Y,Y,Y,7.0
Y,Y,Y,R,R,R,8.5
Y,R,R,R,R,R,10
R,R,R,R,R,R,2
R,R,R,R,R,R,2
R,R,R,R,R,R,2
R,R,R,R,R,R,2
R,R,R,R,R,R,2
R,R,R,R,R,R,2
R,R,R,R,R,R,2
R,R,R,R,R,R,2
R,R,R,R,R,R,2
R,R,Y,R,R,R,2
R,Y,Y,Y,R,R,2
Y,Y,Y,Y,Y,R,2
Y,Y,Y,Y,Y,R,2
Y,Y,Y,Y,Y,Y,1.93
Y,Y,Y,Y,Y,Y,0.9
Y,Y,Y,Y,Y,Y,-0.6
Y,Y,Y,Y,Y,R,3.0
Y,G,G,Y,Y,Y,3.5
G,G,G,Y,Y,Y,3.0
G,G,G,G,Y,Y,2.5
G,G,G,G,G,Y,2.0
G,G,G,G,G,G,2.5
G,G,G,G,G,G,3.0
G,G,G,G,G,G,3.5
G,G,G,G,G,G,4.0
G,G,G,G,G,G,4.5
G,G,G,G,G,G,5.0
G,G,G,G,G,G,5.5
G,G,Y,Y,G,G,6.0
G,Y,Y,Y,Y,G,5.5
Y,Y,Y,Y,Y,G,4.0
Y,Y,Y,Y,Y,G,2.5
Y,Y,Y,Y,G,G,2.0
Y,Y,Y,Y,G,G,1.5
Y,Y,Y,G,G,G,1.0
Y,Y,G,G,G,G,0.5
Y,G,G,G,G,G,1.0
Y,G,G,G,G,G,0.5
G,G,G,G,G,G,2.0
G,G,G,G,G,G,2.5
G,G,G,G,G,G,3.0
G,G,G,G,G,G,3.5
G,G,G,G,G,G,4.0
G,G,G,G,G,G,4.5
G,G,G,G,Y,Y,4.0
G,G,G,G,G,Y,3.5
G,G,G,G,G,Y,3.0
G,G,G,G,G,G,3.5
G,G,G,G,G,G,4.0
G,G,G,G,G,Y,3.5
G,G,G,G,Y,Y,3.0
G,G,G,G,G,G,3.5
G,G,G,G,G,G,4.0
G,G,G,G,G,Y,3.5
G,G,G,G,G,G,4.0
G,G,G,G,G,Y,3.5
G,G,G,G,G,Y,3.0
G,G,G,G,G,G,3.5
G,G,G,G,G,G,4.0
G,G,G,G,G,Y,3.5
G,G,G,G,G,Y,3.0
G,G,G,G,G,G,3.5
G,G,G,G,G,G,4.0
G,O,G,G,G,Y,2.5
O,O,G,G,Y,Y,1.0
O,O,G,G,Y,Y,0
O,O,G,G,Y,Y,0.0
O,O,G,G,Y,Y,0.0
O,O,G,G,Y,Y,0.0
O,O,G,G,Y,Y,0.0
O,O,G,G,Y,Y,0.0
O,O,G,G,Y,Y,0.0
O,O,G,G,Y,Y,0.0
O,O,G,Y,Y,Y,0.0
O,O,O,Y,Y,Y,0.0
O,O,O,Y,Y,Y,0.0
O,O,O,Y,Y,Y,0.0
O,O,G,Y,Y,Y,0.0
O,O,G,Y,Y,Y,0.0
O,O,G,Y,Y,Y,0.0
O,O,Y,Y,Y,Y,0.0
O,O,Y,Y,Y,Y,0.0
O,G,Y,Y,Y,Y,0.0
O,G,Y,Y,Y,Y,0.0
O,G,Y,Y,Y,Y,0.0
O,Y,Y,Y,Y,Y,-1.0
G,Y,Y,Y,Y,Y,0.0
G,Y,Y,Y,Y,Y,0.0
Y,Y,Y,Y,Y,Y,0.0
Y,Y,Y,Y,Y,Y,0.0
Y,Y,Y,Y,Y,Y,0.0
Y,Y,Y,Y,Y,Y,0.0
Y,Y,Y,Y,Y,Y,0.0
Y,Y,Y,Y,Y,Y,0.0
Y,Y,Y,Y,Y,Y,0.0
Y,Y,Y,Y,Y,Y,0.0
R,R,Y,Y,Y,G,3.0
R,R,R,Y,Y,G,4.5
R,R,R,Y,Y,Y,5.0
R,R,R,R,Y,Y,6.5
R,R,R,R,R,Y,8.0
R,R,R,R,R,R,9.5
R,R,R,R,R,R,2
R,R,R,R,R,R,2
R,R,R,R,R,R,2
R,R,R,R,R,R,2
R,R,R,R,R,R,2
R,R,R,R,R,R,2
R,R,R,R,R,R,2
R,R,R,R,R,R,2
R,R,R,R,R,R,2
R,R,R,R,R,R,2
R,R,R,R,R,R,2
R,R,R,R,R,R,2
R,R,R,R,R,R,2
R,R,R,R,R,R,2
R,R,R,R,R,R,2
R,R,R,R,R,R,2
R,R,R,R,R,R,2
R,R,R,R,R,R,2
R,R,R,R,R,R,2
R,R,R,R,R,R,2
R,R,R,R,R,R,2
R,R,R,R,R,R,2
R,R,R,R,R,R,2
R,R,R,R,R,R,2
R,R,R,R,R,R,2
R,R,R,R,R,R,2
R,R,R,R,R,R,2
R,R,R,R,R,R,2
R,R,R,R,R,R,2
R,R,R,R,R,R,2
R,R,R,R,R,R,2
R,R,R,R,R,R,2
R,R,R,R,R,R,2
R,R,R,R,R,R,2
R,R,R,R,R,R,2
R,R,R,R,R,R,2
R,R,R,R,R,R,2
R,R,R,R,R,R,2
R,R,R,R,R,R,2
R,R,R,R,R,R,2
R,R,R,R,R,R,2
R,R,R,R,R,R,2
R,R,R,R,R,R,2
R,R,R,R,R,R,2
R,R,R,R,R,R,2
R,R,R,R,R,R,2
R,R,R,R,R,R,2
R,R,R,R,R,R,2
R,R,R,R,R,R,2
R,R,R,R,R,R,2
R,R,R,R,R,R,2
R,R,R,R,R,R,2
R,R,R,R,R,R,2
R,R,R,R,R,R,2
R,R,R,R,R,R,2
R,R,R,R,R,R,2
R,R,R,R,R,R,2
R,R,R,R,R,R,2
R,R,R,R,R,R,2
R,R,R,R,R,R,2
R,R,R,R,R,R,2
R,R,R,R,R,R,2
R,R,R,R,R,R,2
R,R,R,R,R,R,2
R,R,R,R,R,R,2
R,R,R,R,R,R,2
R,R,R,R,R,R,2
R,R,R,R,R,R,2
R,R,R,R,R,R,2
R,R,R,R,R,R,2
R,R,R,R,R,R,2
R,R,R,R,R,R,2
R,R,R,R,R,R,2
R,R,R,R,R,R,2
R,R,R,R,R,R,2
R,R,R,R,R,R,2
R,R,R,R,R,R,2
R,R,R,R,R,R,2
R,R,R,R,R,R,2
R,R,R,R,R,R,2
R,R,R,R,R,R,2
R,R,R,R,R,R,2
R,R,R,R,R,R,2
R,R,R,R,R,R,2
R,R,R,R,R,R,2
R,R,R,R,R,R,2
R,R,R,R,R,R,2
R,R,R,R,R,R,2
R,R,R,R,R,R,2
R,R,R,R,R,R,2
R,R,R,R,R,R,2
R,R,R,R,R,R,2
R,R,R,R,R,R,2
R,R,R,R,R,R,2
R,R,R,R,R,R,2
R,R,R,R,R,R,2
R,R,R,R,R,R,2
R,R,R,R,R,R,2
R,R,R,R,R,R,2
R,R,R,R,R,R,2
R,R,R,R,R,R,2
R,R,R,R,R,R,2
R,R,R,R,R,R,2
R,R,R,R,R,R,2
R,R,R,R,R,R,2
R,R,R,R,R,R,2
R,R,R,R,R,R,2
R,R,R,R,R,R,2
R,R,R,R,R,R,2
R,R,R,R,R,R,2
Y,R,R,R,R,R,2
Y,R,R,R,R,R,2
Y,Y,R,R,R,R,4.97
Y,Y,Y,Y,R,R,6.47
G,G,G,Y,Y,R,6.97
G,G,G,G,Y,Y,6.47
G,G,G,G,Y,Y,5.97
G,G,G,G,G,G,6.47
G,G,G,G,G,G,6.97
G,G,G,G,G,G,7.47
G,Y,G,G,G,G,6.97
Y,Y,Y,G,G,G,6.47
Y,Y,Y,G,G,G,5.97
Y,Y,Y,G,G,G,5.47
Y,Y,G,G,G,G,4.97
Y,Y,Y,G,G,G,4.47
Y,G,G,G,G,G,3.97
Y,G,G,G,G,G,3.47
Y,G,G,G,G,G,2.97
G,G,G,G,G,G,3.47
G,G,G,G,G,G,3.97
G,G,G,G,G,G,4.47
G,G,G,G,G,G,4.97
G,G,G,G,G,Y,4.47
G,G,G,G,G,Y,3.97
G,G,G,G,G,G,4.47
G,G,G,G,G,G,4.97
G,G,G,G,G,G,5.47
G,G,G,G,G,G,5.97
G,G,G,G,G,G,6.47
G,G,G,G,G,G,6.97
G,G,G,G,G,G,7.47
G,G,G,G,G,G,7.97
G,G,G,G,G,Y,7.47
G,G,G,G,G,Y,6.97
G,G,G,G,G,G,7.47
G,G,G,G,G,G,7.97
G,G,G,G,G,Y,7.47
G,G,G,G,G,Y,6.97
G,G,G,G,G,Y,6.47
G,G,G,G,G,G,6.97
G,G,G,G,G,G,7.47
G,G,G,G,G,Y,6.97
G,G,G,G,Y,Y,6.47
G,G,G,G,G,G,6.97
G,G,G,G,G,Y,6.47
G,G,G,G,G,G,6.97
Y,G,G,G,G,G,6.47
G,G,G,G,G,G,6.97
G,G,G,G,G,G,7.47
Y,G,G,G,G,G,6.97
Y,G,G,G,G,G,6.47
Y,G,G,G,G,G,5.97
Y,G,G,G,G,G,5.47
Y,G,G,G,G,G,4.97
Y,G,G,G,G,G,4.47
G,G,G,G,G,G,4.97
Y,G,G,G,G,G,4.47
Y,G,G,G,G,B,2.97
Y,Y,G,G,G,B,1.47
Y,Y,Y,G,G,B,0
Y,Y,G,G,G,B,0.0
Y,Y,G,G,B,B,0.0
Y,Y,G,G,B,B,0.0
Y,G,G,G,B,B,0.0
Y,Y,G,B,B,G,0.0
Y,G,G,B,B,B,0.0
Y,G,G,B,B,G,0.0
Y,G,G,B,B,G,0.0
Y,G,G,B,B,G,0.0
Y,G,G,B,B,G,0.0
G,G,G,B,B,G,0
Y,G,G,B,B,B,0.0
G,G,G,B,B,G,0
Y,G,G,B,B,B,0.0
G,G,G,B,B,G,0
Y,G,G,G,B,B,0.0
G,G,G,B,B,G,0
Y,G,G,G,B,B,0.0
G,G,G,B,B,G,0
G,G,G,G,B,B,0
Y,G,G,G,B,B,0.0
G,G,G,G,B,B,0
Y,G,G,G,B,B,0.0
G,G,G,G,B,B,0
Y,G,G,G,G,G,1.0
G,G,G,G,B,B,0
Y,G,G,G,G,G,1.0
G,G,G,G,G,B,0
Y,G,G,G,G,G,1.0
G,G,G,G,G,B,0
Y,G,G,G,G,G,1.0
G,G,G,G,G,B,0
Y,G,G,G,G,G,1.0
G,G,G,G,G,G,1.5
G,G,G,G,G,G,2.0
G,G,G,G,G,G,2.5
G,G,G,G,G,G,3.0
G,G,G,G,G,G,3.5
G,G,G,G,G,Y,3.0
G,G,G,G,G,G,3.5
G,G,G,G,G,G,4.0
G,G,G,G,G,G,4.5
G,G,G,G,G,G,5.0
G,G,G,G,G,G,5.5
G,G,G,G,G,G,6.0
G,G,G,G,G,Y,5.5
G,G,G,G,G,Y,5.0
G,G,G,G,G,Y,4.5
G,G,G,G,G,Y,4.0
G,G,G,G,G,Y,3.5
G,G,G,G,G,Y,3.0
G,G,G,G,G,G,3.5
G,G,G,G,G,Y,3.0
G,G,G,G,G,G,3.5
G,G,G,G,G,G,4.0
Y,G,G,G,G,G,3.5
G,G,G,G,G,G,4.0
G,G,G,G,G,G,4.5
G,G,G,G,G,G,5.0
G,G,G,G,G,G,5.5
G,G,G,G,G,Y,5.0
G,G,G,G,G,Y,4.5
G,G,G,G,G,G,5.0
G,B,G,G,G,G,3.0
B,G,G,Y,Y,Y,1.5
G,G,G,Y,Y,Y,1.0
B,G,G,Y,Y,Y,0
B,G,G,Y,Y,Y,0.0
B,G,G,Y,Y,Y,0.0
B,G,Y,Y,Y,Y,0.0
B,G,Y,Y,Y,Y,0.0
B,G,G,Y,Y,Y,0.0
G,G,G,Y,Y,Y,1.0
B,G,G,Y,Y,Y,0
B,G,G,G,Y,Y,0.0
B,G,G,Y,Y,Y,0.0
B,G,G,Y,Y,Y,0.0
B,G,G,Y,Y,Y,0.0
B,G,G,Y,Y,Y,0.0
G,G,G,Y,Y,Y,1.0
B,G,G,G,Y,Y,0
B,G,G,G,Y,Y,0.0
B,G,G,G,Y,Y,0.0
B,G,G,Y,Y,Y,0.0
B,G,G,Y,Y,Y,0.0
B,G,G,Y,Y,Y,0.0
B,G,Y,Y,Y,Y,0.0
B,G,G,Y,Y,Y,0.0
G,G,G,Y,Y,Y,1.0
G,G,G,G,Y,Y,0.5
G,G,G,G,Y,Y,1.0
G,G,G,G,G,Y,0.5
G,G,G,G,G,G,2.0
G,G,G,G,G,G,2.5
G,G,G,G,G,G,3.0
G,G,G,G,G,Y,2.5
G,G,G,G,G,G,3.0
G,G,G,G,G,G,3.5
G,G,G,G,G,Y,3.0
G,G,G,G,G,G,3.5
G,G,G,G,G,Y,3.0
G,G,G,G,G,Y,2.5
G,G,G,G,G,G,3.0
G,G,G,G,G,G,3.5
G,G,G,G,G,G,4.0
G,G,G,G,G,G,4.5
G,G,G,B,G,Y,3.0
G,G,B,B,B,G,1.0
G,G,B,B,B,G,0
G,G,B,B,G,Y,0.0
G,G,B,B,G,Y,0.0
G,G,B,B,B,Y,0.0
G,G,B,B,B,Y,0.0
G,G,B,B,B,Y,0.0
G,G,B,B,B,Y,0.0
G,G,B,B,B,Y,0.0
G,G,G,B,B,Y,0.0
G,G,G,B,B,B,0
G,G,G,G,B,Y,0.0
G,G,G,G,G,B,0
G,G,G,G,G,B,0
G,G,G,G,G,B,0
G,G,G,G,G,G,2.0
G,G,G,G,G,G,2.5
G,G,G,G,G,G,3.0
G,G,G,G,G,G,3.5
G,Y,Y,G,G,G,3.0
Y,Y,Y,G,G,G,2.5
Y,Y,Y,G,G,G,2.0
Y,Y,Y,G,G,G,1.5
Y,Y,Y,G,G,G,1.0
Y,Y,Y,G,G,G,0.5
Y,Y,G,G,G,G,1.0
Y,Y,G,G,G,G,0.5
Y,G,G,G,G,G,1.0
Y,G,G,G,G,B,0
Y,G,G,G,G,B,0.0
G,G,G,G,B,B,0
G,G,G,G,G,B,0
Y,G,G,G,G,B,0.0
G,G,G,G,G,B,0
Y,G,G,G,G,B,0.0
G,G,G,G,G,B,0
Y,G,G,G,G,B,0.0
G,G,G,G,G,B,0
G,G,G,G,G,B,0
Y,G,G,G,G,G,1.0
G,G,G,G,G,G,1.5
G,G,G,G,G,G,2.0
G,G,G,G,G,G,2.5
G,G,G,G,G,G,3.0
G,G,G,G,G,G,3.5
G,G,G,G,G,G,4.0
G,G,G,G,G,G,4.5
G,G,G,G,G,Y,4.0
G,G,G,G,G,Y,3.5
G,G,G,G,G,Y,3.0
G,G,G,G,G,Y,2.5
G,G,G,G,G,G,3.0
G,G,G,G,G,G,3.5
G,G,G,G,G,G,4.0
G,G,G,G,G,G,4.5
G,G,G,G,G,G,5.0
G,G,G,G,G,G,5.5
G,G,G,G,G,G,6.0
G,G,G,G,G,G,6.5
G,G,G,O,G,G,5.0
G,G,G,O,O,O,3.5
Y,G,G,O,O,O,2.0
Y,Y,G,O,O,O,0.5
Y,Y,G,O,O,O,0.0
Y,Y,G,G,O,O,0.0
Y,Y,G,G,O,O,0.0
Y,Y,Y,G,O,O,0.0
Y,Y,Y,G,G,O,0.0
Y,Y,Y,G,G,O,0.0
Y,Y,Y,G,G,O,0.0
Y,Y,Y,G,G,O,0.0
Y,Y,Y,G,G,O,0.0
Y,Y,Y,G,G,G,1.0
Y,Y,Y,G,G,O,0
Y,Y,Y,G,G,O,0.0
Y,Y,Y,G,G,G,1.0
Y,Y,Y,Y,G,O,0
Y,Y,Y,G,G,O,0.0
Y,Y,Y,G,G,O,0.0
Y,Y,Y,G,G,G,1.0
Y,Y,Y,Y,G,O,0
Y,Y,Y,Y,G,O,0.0
Y,Y,Y,G,G,O,0.0
Y,Y,Y,G,G,G,1.0
Y,Y,Y,G,G,O,0
Y,Y,Y,G,G,O,0.0
Y,Y,Y,G,G,O,0.0
Y,Y,Y,G,G,O,0.0
Y,Y,Y,G,G,O,0.0
Y,Y,Y,G,G,G,1.0
Y,Y,Y,G,G,O,0
Y,Y,Y,G,G,O,0.0
Y,Y,Y,G,G,O,0.0
Y,Y,Y,G,G,G,1.0
Y,Y,Y,G,G,O,0
Y,Y,Y,G,G,O,0.0
Y,Y,Y,G,G,G,1.0
Y,Y,G,G,G,O,0
Y,Y,G,G,G,O,0.0
Y,Y,G,G,G,O,0.0
Y,Y,G,G,G,O,0.0
Y,Y,G,G,G,G,1.0
Y,Y,G,G,G,O,0
Y,Y,G,G,G,O,0.0
Y,Y,G,G,G,O,0.0
Y,Y,G,G,G,O,0.0
Y,Y,G,G,G,G,1.0
Y,G,G,G,G,O,0
Y,G,G,G,G,O,0.0
Y,Y,G,G,G,O,0.0
Y,G,G,G,G,O,0.0
Y,G,G,G,G,O,0.0
Y,G,G,G,G,G,1.0
G,G,G,G,G,O,0
Y,G,G,G,G,G,1.0
Y,G,G,G,G,G,0.5
G,G,G,G,G,O,0.0
Y,G,G,G,G,G,1.0
Y,G,G,G,G,G,0.5
G,G,G,G,G,O,0.0
Y,G,G,G,G,G,1.0
Y,G,G,G,G,G,0.5
G,G,G,G,G,G,2.0
G,G,G,G,G,G,2.5
G,G,G,G,G,G,3.0
G,G,G,G,G,G,3.5
G,G,G,G,G,Y,3.0
G,G,G,G,G,G,3.5
G,G,G,G,G,G,4.0
Y,G,G,G,G,G,3.5
G,G,G,G,G,G,4.0
G,G,G,G,G,G,4.5
G,G,G,G,G,Y,4.0
G,G,G,G,G,G,4.5
G,G,G,G,G,G,5.0
G,G,G,G,G,G,5.5
G,G,G,G,G,G,6.0
G,G,G,G,G,G,6.5
G,G,G,G,G,G,7.0
G,G,G,G,G,Y,6.5
G,G,G,G,G,G,7.0
G,G,G,G,G,G,7.5
G,G,G,G,G,G,8.0
Y,G,G,G,G,G,7.5
Y,G,G,G,G,G,7.0
G,G,G,G,G,G,7.5
G,G,G,G,G,G,8.0
G,G,G,G,G,G,8.5
Y,G,G,G,G,G,8.0
G,G,G,G,G,G,8.5
Y,G,G,G,G,G,8.0
G,G,G,G,G,Y,7.5
G,G,G,G,G,G,8.0
G,G,G,G,G,G,8.5
G,G,G,G,G,G,9.0
G,G,G,G,G,G,9.5
G,G,G,G,G,Y,9.0
G,G,G,G,G,Y,8.5
G,G,G,G,G,G,9.0
G,G,G,G,G,Y,8.5
G,G,G,G,G,Y,8.0
G,G,G,G,G,Y,7.5
G,G,G,G,Y,Y,7.0
G,G,G,G,Y,Y,6.5
G,G,G,G,Y,Y,6.0
G,G,G,G,G,Y,5.5
G,G,G,G,G,Y,5.0
G,G,G,G,G,Y,4.5
G,G,G,G,G,G,5.0
G,G,G,G,G,G,5.5
G,G,G,G,G,G,6.0
G,G,G,G,G,G,6.5
G,G,G,G,G,G,7.0
G,G,G,G,G,G,7.5
G,G,G,G,G,G,8.0
G,G,G,G,G,Y,7.5
G,G,G,G,G,G,8.0
G,G,G,G,Y,Y,7.5
G,G,G,G,G,G,8.0
G,G,G,G,G,Y,7.5
G,G,G,G,G,G,8.0
G,G,G,G,G,Y,7.5
G,G,G,G,G,G,8.0
G,G,G,G,G,G,8.5
G,G,G,G,G,Y,8.0
G,G,G,G,G,G,8.5
G,G,G,G,G,G,9.0
G,G,G,G,B,G,7.0
G,G,G,G,G,B,5.0
Y,Y,G,G,G,G,4.5
Y,G,G,G,G,G,4.0
G,G,G,G,G,G,4.5
G,G,G,G,G,G,5.0
G,G,G,G,G,G,5.5
G,G,G,G,G,G,6.0
G,G,G,G,G,G,6.5
G,G,G,G,G,G,7.0
G,G,G,G,G,G,7.5
G,G,G,G,G,G,8.0
G,G,G,G,G,G,8.5
G,G,G,G,G,G,9.0
G,G,G,G,G,G,9.5
G,G,G,G,G,G,10.0
G,G,G,G,G,G,10
G,G,G,G,G,Y,9.5
G,G,G,G,G,G,10.0
O,O,O,G,G,G,8.5
O,G,Y,Y,Y,Y,7.0
Y,Y,Y,R,R,R,8.5
Y,R,R,R,R,R,10
R,R,R,R,R,R,2
R,R,R,R,R,R,2
R,R,R,R,R,R,2
R,R,R,R,R,R,2
R,R,R,R,R,R,2
R,R,R,R,R,R,2
R,R,R,R,R,R,2
R,R,R,R,R,R,2
R,R,R,R,R,R,2
R,R,Y,R,R,R,2
R,Y,Y,Y,R,R,2
Y,Y,Y,Y,Y,R,2
Y,Y,Y,Y,Y,R,2
Y,Y,Y,Y,Y,Y,1.93
Y,Y,Y,Y,Y,Y,0.9
Y,Y,Y,Y,Y,Y,-0.6
Y,Y,Y,Y,Y,R,3.0
Y,G,G,Y,Y,Y,3.5
G,G,G,Y,Y,Y,3.0
G,G,G,G,Y,Y,2.5
G,G,G,G,G,Y,2.0
G,G,G,G,G,G,2.5
G,G,G,G,G,G,3.0
G,G,G,G,G,G,3.5
G,G,G,G,G,G,4.0
G,G,G,G,G,G,4.5
G,G,G,G,G,G,5.0
G,G,G,G,G,G,5.5
G,G,Y,Y,G,G,6.0
G,Y,Y,Y,Y,G,5.5
Y,Y,Y,Y,Y,G,4.0
Y,Y,Y,Y,Y,G,2.5
Y,Y,Y,Y,G,G,2.0
Y,Y,Y,Y,G,G,1.5
Y,Y,Y,G,G,G,1.0
Y,Y,G,G,G,G,0.5
Y,G,G,G,G,G,1.0
Y,G,G,G,G,G,0.5
G,G,G,G,G,G,2.0
G,G,G,G,G,G,2.5
G,G,G,G,G,G,3.0
G,G,G,G,G,G,3.5
G,G,G,G,G,G,4.0
G,G,G,G,G,G,4.5
G,G,G,G,Y,Y,4.0
G,G,G,G,G,Y,3.5
G,G,G,G,G,Y,3.0
G,G,G,G,G,G,3.5
G,G,G,G,G,G,4.0
G,G,G,G,G,Y,3.5
G,G,G,G,Y,Y,3.0
G,G,G,G,G,G,3.5
G,G,G,G,G,G,4.0
G,G,G,G,G,Y,3.5
G,G,G,G,G,G,4.0
G,G,G,G,G,Y,3.5
G,G,G,G,G,Y,3.0
G,G,G,G,G,G,3.5
G,G,G,G,G,G,4.0
G,G,G,G,G,Y,3.5
G,G,G,G,G,Y,3.0
G,G,G,G,G,G,3.5
G,G,G,G,G,G,4.0
G,O,G,G,G,Y,2.5
O,O,G,G,Y,Y,1.0
O,O,G,G,Y,Y,0
O,O,G,G,Y,Y,0.0
O,O,G,G,Y,Y,0.0
O,O,G,G,Y,Y,0.0
O,O,G,G,Y,Y,0.0
O,O,G,G,Y,Y,0.0
O,O,G,G,Y,Y,0.0
O,O,G,G,Y,Y,0.0
O,O,G,Y,Y,Y,0.0
O,O,O,Y,Y,Y,0.0
O,O,O,Y,Y,Y,0.0
O,O,O,Y,Y,Y,0.0
O,O,G,Y,Y,Y,0.0
O,O,G,Y,Y,Y,0.0
O,O,G,Y,Y,Y,0.0
O,O,Y,Y,Y,Y,0.0
O,O,Y,Y,Y,Y,0.0
O,G,Y,Y,Y,Y,0.0
O,G,Y,Y,Y,Y,0.0
O,G,Y,Y,Y,Y,0.0
O,Y,Y,Y,Y,Y,-1.0
G,Y,Y,Y,Y,Y,0.0
G,Y,Y,Y,Y,Y,0.0
Y,Y,Y,Y,Y,Y,0.0
Y,Y,Y,Y,Y,Y,0.0
Y,Y,Y,Y,Y,Y,0.0
Y,Y,Y,Y,Y,Y,0.0
Y,Y,Y,Y,Y,Y,0.0
Y,Y,Y,Y,Y,Y,0.0
Y,Y,Y,Y,Y,Y,0.0
Y,Y,Y,Y,Y,Y,0.0
R,R,Y,Y,Y,G,3.0
R,R,R,Y,Y,G,4.5
R,R,R,Y,Y,Y,5.0
R,R,R,R,Y,Y,6.5
R,R,R,R,R,Y,8.0
R,R,R,R,R,R,9.5
R,R,R,R,R,R,2
R,R,R,R,R,R,2
R,R,R,R,R,R,2
R,R,R,R,R,R,2
R,R,R,R,R,R,2
R,R,R,R,R,R,2
R,R,R,R,R,R,2
R,R,R,R,R,R,2
R,R,R,R,R,R,2
R,R,R,R,R,R,2
R,R,R,R,R,R,2
R,R,R,R,R,R,2
R,R,R,R,R,R,2
R,R,R,R,R,R,2
R,R,R,R,R,R,2
R,R,R,R,R,R,2
R,R,R,R,R,R,2
R,R,R,R,R,R,2
R,R,R,R,R,R,2
R,R,R,R,R,R,2
R,R,R,R,R,R,2
R,R,R,R,R,R,2
R,R,R,R,R,R,2
R,R,R,R,R,R,2
R,R,R,R,R,R,2
R,R,R,R,R,R,2
R,R,R,R,R,R,2
R,R,R,R,R,R,2
R,R,R,R,R,R,2
R,R,R,R,R,R,2
R,R,R,R,R,R,2
R,R,R,R,R,R,2
R,R,R,R,R,R,2
R,R,R,R,R,R,2
R,R,R,R,R,R,2
R,R,R,R,R,R,2
R,R,R,R,R,R,2
R,R,R,R,R,R,2
R,R,R,R,R,R,2
R,R,R,R,R,R,2
R,R,R,R,R,R,2
R,R,R,R,R,R,2
R,R,R,R,R,R,2
R,R,R,R,R,R,2
R,R,R,R,R,R,2
R,R,R,R,R,R,2
R,R,R,R,R,R,2
R,R,R,R,R,R,2
R,R,R,R,R,R,2
R,R,R,R,R,R,2
R,R,R,R,R,R,2
R,R,R,R,R,R,2
R,R,R,R,R,R,2
R,R,R,R,R,R,2
R,R,R,R,R,R,2
R,R,R,R,R,R,2
R,R,R,R,R,R,2
R,R,R,R,R,R,2
R,R,R,R,R,R,2
R,R,R,R,R,R,2
R,R,R,R,R,R,2
R,R,R,R,R,R,2
R,R,R,R,R,R,2
R,R,R,R,R,R,2
R,R,R,R,R,R,2
R,R,R,R,R,R,2
R,R,R,R,R,R,2
R,R,R,R,R,R,2
R,R,R,R,R,R,2
R,R,R,R,R,R,2
R,R,R,R,R,R,2
R,R,R,R,R,R,2
R,R,R,R,R,R,2
R,R,R,R,R,R,2
R,R,R,R,R,R,2
R,R,R,R,R,R,2
R,R,R,R,R,R,2
R,R,R,R,R,R,2
R,R,R,R,R,R,2
R,R,R,R,R,R,2
R,R,R,R,R,R,2
R,R,R,R,R,R,2
R,R,R,R,R,R,2
R,R,R,R,R,R,2
R,R,R,R,R,R,2
R,R,R,R,R,R,2
R,R,R,R,R,R,2
R,R,R,R,R,R,2
R,R,R,R,R,R,2
R,R,R,R,R,R,2
R,R,R,R,R,R,2
R,R,R,R,R,R,2
R,R,R,R,R,R,2
R,R,R,R,R,R,2
R,R,R,R,R,R,2
R,R,R,R,R,R,2
R,R,R,R,R,R,2
R,R,R,R,R,R,2
R,R,R,R,R,R,2
R,R,R,R,R,R,2
R,R,R,R,R,R,2
R,R,R,R,R,R,2
R,R,R,R,R,R,2
R,R,R,R,R,R,2
R,R,R,R,R,R,2
R,R,R,R,R,R,2
R,R,R,R,R,R,2
R,R,R,R,R,R,2
R,R,R,R,R,R,2
R,R,R,R,R,R,2
Y,R,R,R,R,R,2
Y,R,R,R,R,R,2
Y,Y,R,R,R,R,4.97
Y,Y,Y,Y,R,R,6.47
G,G,G,Y,Y,R,6.97
G,G,G,G,Y,Y,6.47
G,G,G,G,Y,Y,5.97
G,G,G,G,G,G,6.47
G,G,G,G,G,G,6.97
G,G,G,G,G,G,7.47
G,Y,G,G,G,G,6.97
Y,Y,Y,G,G,G,6.47
Y,Y,Y,G,G,G,5.97
Y,Y,Y,G,G,G,5.47
Y,Y,G,G,G,G,4.97
Y,Y,Y,G,G,G,4.47
Y,G,G,G,G,G,3.97
Y,G,G,G,G,G,3.47
Y,G,G,G,G,G,2.97
G,G,G,G,G,G,3.47
G,G,G,G,G,G,3.97
G,G,G,G,G,G,4.47
G,G,G,G,G,G,4.97
G,G,G,G,G,Y,4.47
G,G,G,G,G,Y,3.97
G,G,G,G,G,G,4.47
G,G,G,G,G,G,4.97
G,G,G,G,G,G,5.47
G,G,G,G,G,G,5.97
G,G,G,G,G,G,6.47
G,G,G,G,G,G,6.97
G,G,G,G,G,G,7.47
G,G,G,G,G,G,7.97
G,G,G,G,G,Y,7.47
G,G,G,G,G,Y,6.97
G,G,G,G,G,G,7.47
G,G,G,G,G,G,7.97
G,G,G,G,G,Y,7.47
G,G,G,G,G,Y,6.97
G,G,G,G,G,Y,6.47
G,G,G,G,G,G,6.97
G,G,G,G,G,G,7.47
G,G,G,G,G,Y,6.97
G,G,G,G,Y,Y,6.47
G,G,G,G,G,G,6.97
G,G,G,G,G,Y,6.47
G,G,G,G,G,G,6.97
Y,G,G,G,G,G,6.47
G,G,G,G,G,G,6.97
G,G,G,G,G,G,7.47
Y,G,G,G,G,G,6.97
Y,G,G,G,G,G,6.47
Y,G,G,G,G,G,5.97
Y,G,G,G,G,G,5.47
Y,G,G,G,G,G,4.97
Y,G,G,G,G,G,4.47
G,G,G,G,G,G,4.97
Y,G,G,G,G,G,4.47
Y,G,G,G,G,B,2.97
Y,Y,G,G,G,B,1.47
Y,Y,Y,G,G,B,0
Y,Y,G,G,G,B,0.0
Y,Y,G,G,B,B,0.0
Y,Y,G,G,B,B,0.0
Y,G,G,G,B,B,0.0
Y,Y,G,B,B,G,0.0
Y,G,G,B,B,B,0.0
Y,G,G,B,B,G,0.0
Y,G,G,B,B,G,0.0
Y,G,G,B,B,G,0.0
Y,G,G,B,B,G,0.0
G,G,G,B,B,G,0
Y,G,G,B,B,B,0.0
G,G,G,B,B,G,0
Y,G,G,B,B,B,0.0
G,G,G,B,B,G,0
Y,G,G,G,B,B,0.0
G,G,G,B,B,G,0
Y,G,G,G,B,B,0.0
G,G,G,B,B,G,0
G,G,G,G,B,B,0
Y,G,G,G,B,B,0.0
G,G,G,G,B,B,0
Y,G,G,G,B,B,0.0
G,G,G,G,B,B,0
Y,G,G,G,G,G,1.0
G,G,G,G,B,B,0
Y,G,G,G,G,G,1.0
G,G,G,G,G,B,0
Y,G,G,G,G,G,1.0
G,G,G,G,G,B,0
Y,G,G,G,G,G,1.0
G,G,G,G,G,B,0
Y,G,G,G,G,G,1.0
G,G,G,G,G,G,1.5
G,G,G,G,G,G,2.0
G,G,G,G,G,G,2.5
G,G,G,G,G,G,3.0
G,G,G,G,G,G,3.5
G,G,G,G,G,Y,3.0
G,G,G,G,G,G,3.5
G,G,G,G,G,G,4.0
G,G,G,G,G,G,4.5
G,G,G,G,G,G,5.0
G,G,G,G,G,G,5.5
G,G,G,G,G,G,6.0
G,G,G,G,G,Y,5.5
G,G,G,G,G,Y,5.0
G,G,G,G,G,Y,4.5
G,G,G,G,G,Y,4.0
G,G,G,G,G,Y,3.5
G,G,G,G,G,Y,3.0
G,G,G,G,G,G,3.5
G,G,G,G,G,Y,3.0
G,G,G,G,G,G,3.5
G,G,G,G,G,G,4.0
Y,G,G,G,G,G,3.5
G,G,G,G,G,G,4.0
G,G,G,G,G,G,4.5
G,G,G,G,G,G,5.0
G,G,G,G,G,G,5.5
G,G,G,G,G,Y,5.0
G,G,G,G,G,Y,4.5
G,G,G,G,G,G,5.0
G,B,G,G,G,G,3.0
B,G,G,Y,Y,Y,1.5
G,G,G,Y,Y,Y,1.0
B,G,G,Y,Y,Y,0
B,G,G,Y,Y,Y,0.0
B,G,G,Y,Y,Y,0.0
B,G,Y,Y,Y,Y,0.0
B,G,Y,Y,Y,Y,0.0
B,G,G,Y,Y,Y,0.0
G,G,G,Y,Y,Y,1.0
B,G,G,Y,Y,Y,0
B,G,G,G,Y,Y,0.0
B,G,G,Y,Y,Y,0.0
B,G,G,Y,Y,Y,0.0
B,G,G,Y,Y,Y,0.0
B,G,G,Y,Y,Y,0.0
G,G,G,Y,Y,Y,1.0
B,G,G,G,Y,Y,0
B,G,G,G,Y,Y,0.0
B,G,G,G,Y,Y,0.0
B,G,G,Y,Y,Y,0.0
B,G,G,Y,Y,Y,0.0
B,G,G,Y,Y,Y,0.0
B,G,Y,Y,Y,Y,0.0
B,G,G,Y,Y,Y,0.0
G,G,G,Y,Y,Y,1.0
G,G,G,G,Y,Y,0.5
G,G,G,G,Y,Y,1.0
G,G,G,G,G,Y,0.5
G,G,G,G,G,G,2.0
G,G,G,G,G,G,2.5
G,G,G,G,G,G,3.0
G,G,G,G,G,Y,2.5
G,G,G,G,G,G,3.0
G,G,G,G,G,G,3.5
G,G,G,G,G,Y,3.0
G,G,G,G,G,G,3.5
G,G,G,G,G,Y,3.0
G,G,G,G,G,Y,2.5
G,G,G,G,G,G,3.0
G,G,G,G,G,G,3.5
G,G,G,G,G,G,4.0
G,G,G,G,G,G,4.5
G,G,G,B,G,Y,3.0
G,G,B,B,B,G,1.0
G,G,B,B,B,G,0
G,G,B,B,G,Y,0.0
G,G,B,B,G,Y,0.0
G,G,B,B,B,Y,0.0
G,G,B,B,B,Y,0.0
G,G,B,B,B,Y,0.0
G,G,B,B,B,Y,0.0
G,G,B,B,B,Y,0.0
G,G,G,B,B,Y,0.0
G,G,G,B,B,B,0
G,G,G,G,B,Y,0.0
G,G,G,G,G,B,0
G,G,G,G,G,B,0
G,G,G,G,G,B,0
G,G,G,G,G,G,2.0
G,G,G,G,G,G,2.5
G,G,G,G,G,G,3.0
G,G,G,G,G,G,3.5
G,Y,Y,G,G,G,3.0
Y,Y,Y,G,G,G,2.5
Y,Y,Y,G,G,G,2.0
Y,Y,Y,G,G,G,1.5
Y,Y,Y,G,G,G,1.0
Y,Y,Y,G,G,G,0.5
Y,Y,G,G,G,G,1.0
Y,Y,G,G,G,G,0.5
Y,G,G,G,G,G,1.0
Y,G,G,G,G,B,0
Y,G,G,G,G,B,0.0
G,G,G,G,B,B,0
G,G,G,G,G,B,0
Y,G,G,G,G,B,0.0
G,G,G,G,G,B,0
Y,G,G,G,G,B,0.0
G,G,G,G,G,B,0
Y,G,G,G,G,B,0.0
G,G,G,G,G,B,0
G,G,G,G,G,B,0
Y,G,G,G,G,G,1.0
G,G,G,G,G,G,1.5
G,G,G,G,G,G,2.0
G,G,G,G,G,G,2.5
G,G,G,G,G,G,3.0
G,G,G,G,G,G,3.5
G,G,G,G,G,G,4.0
G,G,G,G,G,G,4.5
G,G,G,G,G,Y,4.0
G,G,G,G,G,Y,3.5
G,G,G,G,G,Y,3.0
G,G,G,G,G,Y,2.5
G,G,G,G,G,G,3.0
G,G,G,G,G,G,3.5
G,G,G,G,G,G,4.0
G,G,G,G,G,G,4.5
G,G,G,G,G,G,5.0
G,G,G,G,G,G,5.5
G,G,G,G,G,G,6.0
G,G,G,G,G,G,6.5
G,G,G,O,G,G,5.0
G,G,G,O,O,O,3.5
Y,G,G,O,O,O,2.0
Y,Y,G,O,O,O,0.5
Y,Y,G,O,O,O,0.0
Y,Y,G,G,O,O,0.0
Y,Y,G,G,O,O,0.0
Y,Y,Y,G,O,O,0.0
Y,Y,Y,G,G,O,0.0
Y,Y,Y,G,G,O,0.0
Y,Y,Y,G,G,O,0.0
Y,Y,Y,G,G,O,0.0
Y,Y,Y,G,G,O,0.0
Y,Y,Y,G,G,G,1.0
Y,Y,Y,G,G,O,0
Y,Y,Y,G,G,O,0.0
Y,Y,Y,G,G,G,1.0
Y,Y,Y,Y,G,O,0
Y,Y,Y,G,G,O,0.0
Y,Y,Y,G,G,O,0.0
Y,Y,Y,G,G,G,1.0
Y,Y,Y,Y,G,O,0
Y,Y,Y,Y,G,O,0.0
Y,Y,Y,G,G,O,0.0
Y,Y,Y,G,G,G,1.0
Y,Y,Y,G,G,O,0
Y,Y,Y,G,G,O,0.0
Y,Y,Y,G,G,O,0.0
Y,Y,Y,G,G,O,0.0
Y,Y,Y,G,G,O,0.0
Y,Y,Y,G,G,G,1.0
Y,Y,Y,G,G,O,0
Y,Y,Y,G,G,O,0.0
Y,Y,Y,G,G,O,0.0
Y,Y,Y,G,G,G,1.0
Y,Y,Y,G,G,O,0
Y,Y,Y,G,G,O,0.0
Y,Y,Y,G,G,G,1.0
Y,Y,G,G,G,O,0
Y,Y,G,G,G,O,0.0
Y,Y,G,G,G,O,0.0
Y,Y,G,G,G,O,0.0
Y,Y,G,G,G,G,1.0
Y,Y,G,G,G,O,0
Y,Y,G,G,G,O,0.0
Y,Y,G,G,G,O,0.0
Y,Y,G,G,G,O,0.0
Y,Y,G,G,G,G,1.0
Y,G,G,G,G,O,0
Y,G,G,G,G,O,0.0
Y,Y,G,G,G,O,0.0
Y,G,G,G,G,O,0.0
Y,G,G,G,G,O,0.0
Y,G,G,G,G,G,1.0
G,G,G,G,G,O,0
Y,G,G,G,G,G,1.0
Y,G,G,G,G,G,0.5
G,G,G,G,G,O,0.0
Y,G,G,G,G,G,1.0
Y,G,G,G,G,G,0.5
G,G,G,G,G,O,0.0
Y,G,G,G,G,G,1.0
Y,G,G,G,G,G,0.5
G,G,G,G,G,G,2.0
G,G,G,G,G,G,2.5
G,G,G,G,G,G,3.0
G,G,G,G,G,G,3.5
G,G,G,G,G,Y,3.0
G,G,G,G,G,G,3.5
G,G,G,G,G,G,4.0
Y,G,G,G,G,G,3.5
G,G,G,G,G,G,4.0
G,G,G,G,G,G,4.5
G,G,G,G,G,Y,4.0
G,G,G,G,G,G,4.5
G,G,G,G,G,G,5.0
G,G,G,G,G,G,5.5
G,G,G,G,G,G,6.0
G,G,G,G,G,G,6.5
G,G,G,G,G,G,7.0
G,G,G,G,G,Y,6.5
G,G,G,G,G,G,7.0
G,G,G,G,G,G,7.5
G,G,G,G,G,G,8.0
Y,G,G,G,G,G,7.5
Y,G,G,G,G,G,7.0
G,G,G,G,G,G,7.5
G,G,G,G,G,G,8.0
G,G,G,G,G,G,8.5
Y,G,G,G,G,G,8.0
G,G,G,G,G,G,8.5
Y,G,G,G,G,G,8.0
G,G,G,G,G,Y,7.5
G,G,G,G,G,G,8.0
G,G,G,G,G,G,8.5
G,G,G,G,G,G,9.0
G,G,G,G,G,G,9.5
G,G,G,G,G,Y,9.0
G,G,G,G,G,Y,8.5
G,G,G,G,G,G,9.0
G,G,G,G,G,Y,8.5
G,G,G,G,G,Y,8.0
G,G,G,G,G,Y,7.5
G,G,G,G,Y,Y,7.0
G,G,G,G,Y,Y,6.5
G,G,G,G,Y,Y,6.0
G,G,G,G,G,Y,5.5
G,G,G,G,G,Y,5.0
G,G,G,G,G,Y,4.5
G,G,G,G,G,G,5.0
G,G,G,G,G,G,5.5
G,G,G,G,G,G,6.0
G,G,G,G,G,G,6.5
G,G,G,G,G,G,7.0
G,G,G,G,G,G,7.5
G,G,G,G,G,G,8.0
G,G,G,G,G,Y,7.5
G,G,G,G,G,G,8.0
G,G,G,G,Y,Y,7.5
G,G,G,G,G,G,8.0
G,G,G,G,G,Y,7.5
G,G,G,G,G,G,8.0
G,G,G,G,G,Y,7.5
G,G,G,G,G,G,8.0
G,G,G,G,G,G,8.5
G,G,G,G,G,Y,8.0
G,G,G,G,G,G,8.5
G,G,G,G,G,G,9.0
G,G,G,G,B,G,7.0
G,G,G,G,G,B,5.0
Y,Y,G,G,G,G,4.5
Y,G,G,G,G,G,4.0
G,G,G,G,G,G,4.5
G,G,G,G,G,G,5.0
G,G,G,G,G,G,5.5
G,G,G,G,G,G,6.0
G,G,G,G,G,G,6.5
G,G,G,G,G,G,7.0
G,G,G,G,G,G,7.5
G,G,G,G,G,G,8.0
G,G,G,G,G,G,8.5
G,G,G,G,G,G,9.0
G,G,G,G,G,G,9.5
G,G,G,G,G,G,10.0
G,G,G,G,G,G,10
G,G,G,G,G,Y,9.5
G,G,G,G,G,G,10.0
O,O,O,G,G,G,8.5
O,G,Y,Y,Y,Y,7.0
Y,Y,Y,R,R,R,8.5
Y,R,R,R,R,R,10
R,R,R,R,R,R,2
R,R,R,R,R,R,2
R,R,R,R,R,R,2
R,R,R,R,R,R,2
R,R,R,R,R,R,2
R,R,R,R,R,R,2
R,R,R,R,R,R,2
R,R,R,R,R,R,2
R,R,R,R,R,R,2
R,R,Y,R,R,R,2
R,Y,Y,Y,R,R,2
Y,Y,Y,Y,Y,R,2
Y,Y,Y,Y,Y,R,2
Y,Y,Y,Y,Y,Y,1.93
Y,Y,Y,Y,Y,Y,0.9
Y,Y,Y,Y,Y,Y,-0.6
Y,Y,Y,Y,Y,R,3.0
Y,G,G,Y,Y,Y,3.5
G,G,G,Y,Y,Y,3.0
G,G,G,G,Y,Y,2.5
G,G,G,G,G,Y,2.0
G,G,G,G,G,G,2.5
G,G,G,G,G,G,3.0
G,G,G,G,G,G,3.5
G,G,G,G,G,G,4.0
G,G,G,G,G,G,4.5
G,G,G,G,G,G,5.0
G,G,G,G,G,G,5.5
G,G,Y,Y,G,G,6.0
G,Y,Y,Y,Y,G,5.5
Y,Y,Y,Y,Y,G,4.0
Y,Y,Y,Y,Y,G,2.5
Y,Y,Y,Y,G,G,2.0
Y,Y,Y,Y,G,G,1.5
Y,Y,Y,G,G,G,1.0
Y,Y,G,G,G,G,0.5
Y,G,G,G,G,G,1.0
Y,G,G,G,G,G,0.5
G,G,G,G,G,G,2.0
G,G,G,G,G,G,2.5
G,G,G,G,G,G,3.0
G,G,G,G,G,G,3.5
G,G,G,G,G,G,4.0
G,G,G,G,G,G,4.5
G,G,G,G,Y,Y,4.0
G,G,G,G,G,Y,3.5
G,G,G,G,G,Y,3.0
G,G,G,G,G,G,3.5
G,G,G,G,G,G,4.0
G,G,G,G,G,Y,3.5
G,G,G,G,Y,Y,3.0
G,G,G,G,G,G,3.5
G,G,G,G,G,G,4.0
G,G,G,G,G,Y,3.5
G,G,G,G,G,G,4.0
G,G,G,G,G,Y,3.5
G,G,G,G,G,Y,3.0
G,G,G,G,G,G,3.5
G,G,G,G,G,G,4.0
G,G,G,G,G,Y,3.5
G,G,G,G,G,Y,3.0
G,G,G,G,G,G,3.5
G,G,G,G,G,G,4.0
G,O,G,G,G,Y,2.5
O,O,G,G,Y,Y,1.0
O,O,G,G,Y,Y,0
O,O,G,G,Y,Y,0.0
O,O,G,G,Y,Y,0.0
O,O,G,G,Y,Y,0.0
O,O,G,G,Y,Y,0.0
O,O,G,G,Y,Y,0.0
O,O,G,G,Y,Y,0.0
O,O,G,G,Y,Y,0.0
O,O,G,Y,Y,Y,0.0
O,O,O,Y,Y,Y,0.0
O,O,O,Y,Y,Y,0.0
O,O,O,Y,Y,Y,0.0
O,O,G,Y,Y,Y,0.0
O,O,G,Y,Y,Y,0.0
O,O,G,Y,Y,Y,0.0
O,O,Y,Y,Y,Y,0.0
O,O,Y,Y,Y,Y,0.0
O,G,Y,Y,Y,Y,0.0
O,G,Y,Y,Y,Y,0.0
O,G,Y,Y,Y,Y,0.0
O,Y,Y,Y,Y,Y,-1.0
G,Y,Y,Y,Y,Y,0.0
G,Y,Y,Y,Y,Y,0.0
Y,Y,Y,Y,Y,Y,0.0
Y,Y,Y,Y,Y,Y,0.0
Y,Y,Y,Y,Y,Y,0.0
Y,Y,Y,Y,Y,Y,0.0
Y,Y,Y,Y,Y,Y,0.0
Y,Y,Y,Y,Y,Y,0.0
Y,Y,Y,Y,Y,Y,0.0
Y,Y,Y,Y,Y,Y,0.0
R,R,Y,Y,Y,G,3.0
R,R,R,Y,Y,G,4.5
R,R,R,Y,Y,Y,5.0
R,R,R,R,Y,Y,6.5
R,R,R,R,R,Y,8.0
R,R,R,R,R,R,9.5
R,R,R,R,R,R,2
R,R,R,R,R,R,2
R,R,R,R,R,R,2
R,R,R,R,R,R,2
R,R,R,R,R,R,2
R,R,R,R,R,R,2
R,R,R,R,R,R,2
R,R,R,R,R,R,2
R,R,R,R,R,R,2
R,R,R,R,R,R,2
R,R,R,R,R,R,2
R,R,R,R,R,R,2
R,R,R,R,R,R,2
R,R,R,R,R,R,2
R,R,R,R,R,R,2
R,R,R,R,R,R,2
R,R,R,R,R,R,2
R,R,R,R,R,R,2
R,R,R,R,R,R,2
R,R,R,R,R,R,2
R,R,R,R,R,R,2
R,R,R,R,R,R,2
R,R,R,R,R,R,2
R,R,R,R,R,R,2
R,R,R,R,R,R,2
R,R,R,R,R,R,2
R,R,R,R,R,R,2
R,R,R,R,R,R,2
R,R,R,R,R,R,2
R,R,R,R,R,R,2
R,R,R,R,R,R,2
R,R,R,R,R,R,2
R,R,R,R,R,R,2
R,R,R,R,R,R,2
R,R,R,R,R,R,2
R,R,R,R,R,R,2
R,R,R,R,R,R,2
R,R,R,R,R,R,2
R,R,R,R,R,R,2
R,R,R,R,R,R,2
R,R,R,R,R,R,2
R,R,R,R,R,R,2
R,R,R,R,R,R,2
R,R,R,R,R,R,2
R,R,R,R,R,R,2
R,R,R,R,R,R,2
R,R,R,R,R,R,2
R,R,R,R,R,R,2
R,R,R,R,R,R,2
R,R,R,R,R,R,2
R,R,R,R,R,R,2
R,R,R,R,R,R,2
R,R,R,R,R,R,2
R,R,R,R,R,R,2
R,R,R,R,R,R,2
R,R,R,R,R,R,2
R,R,R,R,R,R,2
R,R,R,R,R,R,2
R,R,R,R,R,R,2
R,R,R,R,R,R,2
R,R,R,R,R,R,2
R,R,R,R,R,R,2
R,R,R,R,R,R,2
R,R,R,R,R,R,2
R,R,R,R,R,R,2
R,R,R,R,R,R,2
R,R,R,R,R,R,2
R,R,R,R,R,R,2
R,R,R,R,R,R,2
R,R,R,R,R,R,2
R,R,R,R,R,R,2
R,R,R,R,R,R,2
R,R,R,R,R,R,2
R,R,R,R,R,R,2
R,R,R,R,R,R,2
R,R,R,R,R,R,2
R,R,R,R,R,R,2
R,R,R,R,R,R,2
R,R,R,R,R,R,2
R,R,R,R,R,R,2
R,R,R,R,R,R,2
R,R,R,R,R,R,2
R,R,R,R,R,R,2
R,R,R,R,R,R,2
R,R,R,R,R,R,2
R,R,R,R,R,R,2
R,R,R,R,R,R,2
R,R,R,R,R,R,2
R,R,R,R,R,R,2
R,R,R,R,R,R,2
R,R,R,R,R,R,2
R,R,R,R,R,R,2
R,R,R,R,R,R,2
R,R,R,R,R,R,2
R,R,R,R,R,R,2
R,R,R,R,R,R,2
R,R,R,R,R,R,2
R,R,R,R,R,R,2
R,R,R,R,R,R,2
R,R,R,R,R,R,2
R,R,R,R,R,R,2
R,R,R,R,R,R,2
R,R,R,R,R,R,2
R,R,R,R,R,R,2
R,R,R,R,R,R,2
R,R,R,R,R,R,2
R,R,R,R,R,R,2
R,R,R,R,R,R,2
R,R,R,R,R,R,2
R,R,R,R,R,R,2
Y,R,R,R,R,R,2
Y,R,R,R,R,R,2
Y,Y,R,R,R,R,4.97
Y,Y,Y,Y,R,R,6.47
G,G,G,Y,Y,R,6.97
G,G,G,G,Y,Y,6.47
G,G,G,G,Y,Y,5.97
G,G,G,G,G,G,6.47
G,G,G,G,G,G,6.97
G,G,G,G,G,G,7.47
G,Y,G,G,G,G,6.97
Y,Y,Y,G,G,G,6.47
Y,Y,Y,G,G,G,5.97
Y,Y,Y,G,G,G,5.47
Y,Y,G,G,G,G,4.97
Y,Y,Y,G,G,G,4.47
Y,G,G,G,G,G,3.97
Y,G,G,G,G,G,3.47
Y,G,G,G,G,G,2.97
G,G,G,G,G,G,3.47
G,G,G,G,G,G,3.97
G,G,G,G,G,G,4.47
G,G,G,G,G,G,4.97
G,G,G,G,G,Y,4.47
G,G,G,G,G,Y,3.97
G,G,G,G,G,G,4.47
G,G,G,G,G,G,4.97
G,G,G,G,G,G,5.47
G,G,G,G,G,G,5.97
G,G,G,G,G,G,6.47
G,G,G,G,G,G,6.97
G,G,G,G,G,G,7.47
G,G,G,G,G,G,7.97
G,G,G,G,G,Y,7.47
G,G,G,G,G,Y,6.97
G,G,G,G,G,G,7.47
G,G,G,G,G,G,7.97
G,G,G,G,G,Y,7.47
G,G,G,G,G,Y,6.97
G,G,G,G,G,Y,6.47
G,G,G,G,G,G,6.97
G,G,G,G,G,G,7.47
G,G,G,G,G,Y,6.97
G,G,G,G,Y,Y,6.47
G,G,G,G,G,G,6.97
G,G,G,G,G,Y,6.47
G,G,G,G,G,G,6.97
Y,G,G,G,G,G,6.47
G,G,G,G,G,G,6.97
G,G,G,G,G,G,7.47
Y,G,G,G,G,G,6.97
Y,G,G,G,G,G,6.47
Y,G,G,G,G,G,5.97
Y,G,G,G,G,G,5.47
Y,G,G,G,G,G,4.97
Y,G,G,G,G,G,4.47
G,G,G,G,G,G,4.97
Y,G,G,G,G,G,4.47
Y,G,G,G,G,B,2.97
Y,Y,G,G,G,B,1.47
Y,Y,Y,G,G,B,0
Y,Y,G,G,G,B,0.0
Y,Y,G,G,B,B,0.0
Y,Y,G,G,B,B,0.0
Y,G,G,G,B,B,0.0
Y,Y,G,B,B,G,0.0
Y,G,G,B,B,B,0.0
Y,G,G,B,B,G,0.0
Y,G,G,B,B,G,0.0
Y,G,G,B,B,G,0.0
Y,G,G,B,B,G,0.0
G,G,G,B,B,G,0
Y,G,G,B,B,B,0.0
G,G,G,B,B,G,0
Y,G,G,B,B,B,0.0
G,G,G,B,B,G,0
Y,G,G,G,B,B,0.0
G,G,G,B,B,G,0
Y,G,G,G,B,B,0.0
G,G,G,B,B,G,0
G,G,G,G,B,B,0
Y,G,G,G,B,B,0.0
G,G,G,G,B,B,0
Y,G,G,G,B,B,0.0
G,G,G,G,B,B,0
Y,G,G,G,G,G,1.0
G,G,G,G,B,B,0
Y,G,G,G,G,G,1.0
G,G,G,G,G,B,0
Y,G,G,G,G,G,1.0
G,G,G,G,G,B,0
Y,G,G,G,G,G,1.0
G,G,G,G,G,B,0
Y,G,G,G,G,G,1.0
G,G,G,G,G,G,1.5
G,G,G,G,G,G,2.0
G,G,G,G,G,G,2.5
G,G,G,G,G,G,3.0
G,G,G,G,G,G,3.5
G,G,G,G,G,Y,3.0
G,G,G,G,G,G,3.5
G,G,G,G,G,G,4.0
G,G,G,G,G,G,4.5
G,G,G,G,G,G,5.0
G,G,G,G,G,G,5.5
G,G,G,G,G,G,6.0
G,G,G,G,G,Y,5.5
G,G,G,G,G,Y,5.0
G,G,G,G,G,Y,4.5
G,G,G,G,G,Y,4.0
G,G,G,G,G,Y,3.5
G,G,G,G,G,Y,3.0
G,G,G,G,G,G,3.5
G,G,G,G,G,Y,3.0
G,G,G,G,G,G,3.5
G,G,G,G,G,G,4.0
Y,G,G,G,G,G,3.5
G,G,G,G,G,G,4.0
G,G,G,G,G,G,4.5
G,G,G,G,G,G,5.0
G,G,G,G,G,G,5.5
G,G,G,G,G,Y,5.0
G,G,G,G,G,Y,4.5
G,G,G,G,G,G,5.0
G,B,G,G,G,G,3.0
B,G,G,Y,Y,Y,1.5
G,G,G,Y,Y,Y,1.0
B,G,G,Y,Y,Y,0
B,G,G,Y,Y,Y,0.0
B,G,G,Y,Y,Y,0.0
B,G,Y,Y,Y,Y,0.0
B,G,Y,Y,Y,Y,0.0
B,G,G,Y,Y,Y,0.0
G,G,G,Y,Y,Y,1.0
B,G,G,Y,Y,Y,0
B,G,G,G,Y,Y,0.0
B,G,G,Y,Y,Y,0.0
B,G,G,Y,Y,Y,0.0
B,G,G,Y,Y,Y,0.0
B,G,G,Y,Y,Y,0.0
G,G,G,Y,Y,Y,1.0
B,G,G,G,Y,Y,0
B,G,G,G,Y,Y,0.0
B,G,G,G,Y,Y,0.0
B,G,G,Y,Y,Y,0.0
B,G,G,Y,Y,Y,0.0
B,G,G,Y,Y,Y,0.0
B,G,Y,Y,Y,Y,0.0
B,G,G,Y,Y,Y,0.0
G,G,G,Y,Y,Y,1.0
G,G,G,G,Y,Y,0.5
G,G,G,G,Y,Y,1.0
G,G,G,G,G,Y,0.5
G,G,G,G,G,G,2.0
G,G,G,G,G,G,2.5
G,G,G,G,G,G,3.0
G,G,G,G,G,Y,2.5
G,G,G,G,G,G,3.0
G,G,G,G,G,G,3.5
G,G,G,G,G,Y,3.0
G,G,G,G,G,G,3.5
G,G,G,G,G,Y,3.0
G,G,G,G,G,Y,2.5
G,G,G,G,G,G,3.0
G,G,G,G,G,G,3.5
G,G,G,G,G,G,4.0
G,G,G,G,G,G,4.5
G,G,G,B,G,Y,3.0
G,G,B,B,B,G,1.0
G,G,B,B,B,G,0
G,G,B,B,G,Y,0.0
G,G,B,B,G,Y,0.0
G,G,B,B,B,Y,0.0
G,G,B,B,B,Y,0.0
G,G,B,B,B,Y,0.0
G,G,B,B,B,Y,0.0
G,G,B,B,B,Y,0.0
G,G,G,B,B,Y,0.0
G,G,G,B,B,B,0
G,G,G,G,B,Y,0.0
G,G,G,G,G,B,0
G,G,G,G,G,B,0
G,G,G,G,G,B,0
G,G,G,G,G,G,2.0
G,G,G,G,G,G,2.5
G,G,G,G,G,G,3.0
G,G,G,G,G,G,3.5
G,Y,Y,G,G,G,3.0
Y,Y,Y,G,G,G,2.5
Y,Y,Y,G,G,G,2.0
Y,Y,Y,G,G,G,1.5
Y,Y,Y,G,G,G,1.0
Y,Y,Y,G,G,G,0.5
Y,Y,G,G,G,G,1.0
Y,Y,G,G,G,G,0.5
Y,G,G,G,G,G,1.0
Y,G,G,G,G,B,0
Y,G,G,G,G,B,0.0
G,G,G,G,B,B,0
G,G,G,G,G,B,0
Y,G,G,G,G,B,0.0
G,G,G,G,G,B,0
Y,G,G,G,G,B,0.0
G,G,G,G,G,B,0
Y,G,G,G,G,B,0.0
G,G,G,G,G,B,0
G,G,G,G,G,B,0
Y,G,G,G,G,G,1.0
G,G,G,G,G,G,1.5
G,G,G,G,G,G,2.0
G,G,G,G,G,G,2.5
G,G,G,G,G,G,3.0
G,G,G,G,G,G,3.5
G,G,G,G,G,G,4.0
G,G,G,G,G,G,4.5
G,G,G,G,G,Y,4.0
G,G,G,G,G,Y,3.5
G,G,G,G,G,Y,3.0
G,G,G,G,G,Y,2.5
G,G,G,G,G,G,3.0
G,G,G,G,G,G,3.5
G,G,G,G,G,G,4.0
G,G,G,G,G,G,4.5
G,G,G,G,G,G,5.0
G,G,G,G,G,G,5.5
G,G,G,G,G,G,6.0
G,G,G,G,G,G,6.5
G,G,G,O,G,G,5.0
G,G,G,O,O,O,3.5
Y,G,G,O,O,O,2.0
Y,Y,G,O,O,O,0.5
Y,Y,G,O,O,O,0.0
Y,Y,G,G,O,O,0.0
Y,Y,G,G,O,O,0.0
Y,Y,Y,G,O,O,0.0
Y,Y,Y,G,G,O,0.0
Y,Y,Y,G,G,O,0.0
Y,Y,Y,G,G,O,0.0
Y,Y,Y,G,G,O,0.0
Y,Y,Y,G,G,O,0.0
Y,Y,Y,G,G,G,1.0
Y,Y,Y,G,G,O,0
Y,Y,Y,G,G,O,0.0
Y,Y,Y,G,G,G,1.0
Y,Y,Y,Y,G,O,0
Y,Y,Y,G,G,O,0.0
Y,Y,Y,G,G,O,0.0
Y,Y,Y,G,G,G,1.0
Y,Y,Y,Y,G,O,0
Y,Y,Y,Y,G,O,0.0
Y,Y,Y,G,G,O,0.0
Y,Y,Y,G,G,G,1.0
Y,Y,Y,G,G,O,0
Y,Y,Y,G,G,O,0.0
Y,Y,Y,G,G,O,0.0
Y,Y,Y,G,G,O,0.0
Y,Y,Y,G,G,O,0.0
Y,Y,Y,G,G,G,1.0
Y,Y,Y,G,G,O,0
Y,Y,Y,G,G,O,0.0
Y,Y,Y,G,G,O,0.0
Y,Y,Y,G,G,G,1.0
Y,Y,Y,G,G,O,0
Y,Y,Y,G,G,O,0.0
Y,Y,Y,G,G,G,1.0
Y,Y,G,G,G,O,0
Y,Y,G,G,G,O,0.0
Y,Y,G,G,G,O,0.0
Y,Y,G,G,G,O,0.0
Y,Y,G,G,G,G,1.0
Y,Y,G,G,G,O,0
Y,Y,G,G,G,O,0.0
Y,Y,G,G,G,O,0.0
Y,Y,G,G,G,O,0.0
Y,Y,G,G,G,G,1.0
Y,G,G,G,G,O,0
Y,G,G,G,G,O,0.0
Y,Y,G,G,G,O,0.0
Y,G,G,G,G,O,0.0
Y,G,G,G,G,O,0.0
Y,G,G,G,G,G,1.0
G,G,G,G,G,O,0
Y,G,G,G,G,G,1.0
Y,G,G,G,G,G,0.5
G,G,G,G,G,O,0.0
Y,G,G,G,G,G,1.0
Y,G,G,G,G,G,0.5
G,G,G,G,G,O,0.0
Y,G,G,G,G,G,1.0
Y,G,G,G,G,G,0.5
G,G,G,G,G,G,2.0
G,G,G,G,G,G,2.5
G,G,G,G,G,G,3.0
G,G,G,G,G,G,3.5
G,G,G,G,G,Y,3.0
G,G,G,G,G,G,3.5
G,G,G,G,G,G,4.0
Y,G,G,G,G,G,3.5
G,G,G,G,G,G,4.0
G,G,G,G,G,G,4.5
G,G,G,G,G,Y,4.0
G,G,G,G,G,G,4.5
G,G,G,G,G,G,5.0
G,G,G,G,G,G,5.5
G,G,G,G,G,G,6.0
G,G,G,G,G,G,6.5
G,G,G,G,G,G,7.0
G,G,G,G,G,Y,6.5
G,G,G,G,G,G,7.0
G,G,G,G,G,G,7.5
G,G,G,G,G,G,8.0
Y,G,G,G,G,G,7.5
Y,G,G,G,G,G,7.0
G,G,G,G,G,G,7.5
G,G,G,G,G,G,8.0
G,G,G,G,G,G,8.5
Y,G,G,G,G,G,8.0
G,G,G,G,G,G,8.5
Y,G,G,G,G,G,8.0
G,G,G,G,G,Y,7.5
G,G,G,G,G,G,8.0
G,G,G,G,G,G,8.5
G,G,G,G,G,G,9.0
G,G,G,G,G,G,9.5
G,G,G,G,G,Y,9.0
G,G,G,G,G,Y,8.5
G,G,G,G,G,G,9.0
G,G,G,G,G,Y,8.5
G,G,G,G,G,Y,8.0
G,G,G,G,G,Y,7.5
G,G,G,G,Y,Y,7.0
G,G,G,G,Y,Y,6.5
G,G,G,G,Y,Y,6.0
G,G,G,G,G,Y,5.5
G,G,G,G,G,Y,5.0
G,G,G,G,G,Y,4.5
G,G,G,G,G,G,5.0
G,G,G,G,G,G,5.5
G,G,G,G,G,G,6.0
G,G,G,G,G,G,6.5
G,G,G,G,G,G,7.0
G,G,G,G,G,G,7.5
G,G,G,G,G,G,8.0
G,G,G,G,G,Y,7.5
G,G,G,G,G,G,8.0
G,G,G,G,Y,Y,7.5
G,G,G,G,G,G,8.0
G,G,G,G,G,Y,7.5
G,G,G,G,G,G,8.0
G,G,G,G,G,Y,7.5
G,G,G,G,G,G,8.0
G,G,G,G,G,G,8.5
G,G,G,G,G,Y,8.0
G,G,G,G,G,G,8.5
G,G,G,G,G,G,9.0
G,G,G,G,B,G,7.0
G,G,G,G,G,B,5.0
Y,Y,G,G,G,G,4.5
Y,G,G,G,G,G,4.0
G,G,G,G,G,G,4.5
G,G,G,G,G,G,5.0
G,G,G,G,G,G,5.5
G,G,G,G,G,G,6.0
G,G,G,G,G,G,6.5
G,G,G,G,G,G,7.0
G,G,G,G,G,G,7.5
G,G,G,G,G,G,8.0
G,G,G,G,G,G,8.5
G,G,G,G,G,G,9.0
G,G,G,G,G,G,9.5
G,G,G,G,G,G,10.0
G,G,G,G,G,G,10
G,G,G,G,G,Y,9.5
G,G,G,G,G,G,10.0
O,O,O,G,G,G,8.5
O,G,Y,Y,Y,Y,7.0
Y,Y,Y,R,R,R,8.5
Y,R,R,R,R,R,10
R,R,R,R,R,R,2
R,R,R,R,R,R,2
R,R,R,R,R,R,2
R,R,R,R,R,R,2
R,R,R,R,R,R,2
R,R,R,R,R,R,2
R,R,R,R,R,R,2
R,R,R,R,R,R,2
R,R,R,R,R,R,2
R,R,Y,R,R,R,2
R,Y,Y,Y,R,R,2
Y,Y,Y,Y,Y,R,2
Y,Y,Y,Y,Y,R,2
Y,Y,Y,Y,Y,Y,1.93
Y,Y,Y,Y,Y,Y,0.9
Y,Y,Y,Y,Y,Y,-0.6
Y,Y,Y,Y,Y,R,3.0
Y,G,G,Y,Y,Y,3.5
G,G,G,Y,Y,Y,3.0
G,G,G,G,Y,Y,2.5
G,G,G,G,G,Y,2.0
G,G,G,G,G,G,2.5
G,G,G,G,G,G,3.0
G,G,G,G,G,G,3.5
G,G,G,G,G,G,4.0
G,G,G,G,G,G,4.5
G,G,G,G,G,G,5.0
G,G,G,G,G,G,5.5
G,G,Y,Y,G,G,6.0
G,Y,Y,Y,Y,G,5.5
Y,Y,Y,Y,Y,G,4.0
Y,Y,Y,Y,Y,G,2.5
Y,Y,Y,Y,G,G,2.0
Y,Y,Y,Y,G,G,1.5
Y,Y,Y,G,G,G,1.0
Y,Y,G,G,G,G,0.5
Y,G,G,G,G,G,1.0
Y,G,G,G,G,G,0.5
G,G,G,G,G,G,2.0
G,G,G,G,G,G,2.5
G,G,G,G,G,G,3.0
G,G,G,G,G,G,3.5
G,G,G,G,G,G,4.0
G,G,G,G,G,G,4.5
G,G,G,G,Y,Y,4.0
G,G,G,G,G,Y,3.5
G,G,G,G,G,Y,3.0
G,G,G,G,G,G,3.5
G,G,G,G,G,G,4.0
G,G,G,G,G,Y,3.5
G,G,G,G,Y,Y,3.0
G,G,G,G,G,G,3.5
G,G,G,G,G,G,4.0
G,G,G,G,G,Y,3.5
G,G,G,G,G,G,4.0
G,G,G,G,G,Y,3.5
G,G,G,G,G,Y,3.0
G,G,G,G,G,G,3.5
G,G,G,G,G,G,4.0
G,G,G,G,G,Y,3.5
G,G,G,G,G,Y,3.0
G,G,G,G,G,G,3.5
G,G,G,G,G,G,4.0
G,O,G,G,G,Y,2.5
O,O,G,G,Y,Y,1.0
O,O,G,G,Y,Y,0
O,O,G,G,Y,Y,0.0
O,O,G,G,Y,Y,0.0
O,O,G,G,Y,Y,0.0
O,O,G,G,Y,Y,0.0
O,O,G,G,Y,Y,0.0
O,O,G,G,Y,Y,0.0
O,O,G,G,Y,Y,0.0
O,O,G,Y,Y,Y,0.0
O,O,O,Y,Y,Y,0.0
O,O,O,Y,Y,Y,0.0
O,O,O,Y,Y,Y,0.0
O,O,G,Y,Y,Y,0.0
O,O,G,Y,Y,Y,0.0
O,O,G,Y,Y,Y,0.0
O,O,Y,Y,Y,Y,0.0
O,O,Y,Y,Y,Y,0.0
O,G,Y,Y,Y,Y,0.0
O,G,Y,Y,Y,Y,0.0
O,G,Y,Y,Y,Y,0.0
O,Y,Y,Y,Y,Y,-1.0
G,Y,Y,Y,Y,Y,0.0
G,Y,Y,Y,Y,Y,0.0
Y,Y,Y,Y,Y,Y,0.0
Y,Y,Y,Y,Y,Y,0.0
Y,Y,Y,Y,Y,Y,0.0
Y,Y,Y,Y,Y,Y,0.0
Y,Y,Y,Y,Y,Y,0.0
Y,Y,Y,Y,Y,Y,0.0
Y,Y,Y,Y,Y,Y,0.0
Y,Y,Y,Y,Y,Y,0.0
R,R,Y,Y,Y,G,3.0
R,R,R,Y,Y,G,4.5
R,R,R,Y,Y,Y,5.0
R,R,R,R,Y,Y,6.5
R,R,R,R,R,Y,8.0
R,R,R,R,R,R,9.5
R,R,R,R,R,R,2
R,R,R,R,R,R,2
R,R,R,R,R,R,2
R,R,R,R,R,R,2
R,R,R,R,R,R,2
R,R,R,R,R,R,2
R,R,R,R,R,R,2
R,R,R,R,R,R,2
R,R,R,R,R,R,2
R,R,R,R,R,R,2
R,R,R,R,R,R,2
R,R,R,R,R,R,2
R,R,R,R,R,R,2
R,R,R,R,R,R,2
R,R,R,R,R,R,2
R,R,R,R,R,R,2
R,R,R,R,R,R,2
R,R,R,R,R,R,2
R,R,R,R,R,R,2
R,R,R,R,R,R,2
R,R,R,R,R,R,2
R,R,R,R,R,R,2
R,R,R,R,R,R,2
R,R,R,R,R,R,2
R,R,R,R,R,R,2
R,R,R,R,R,R,2
R,R,R,R,R,R,2
R,R,R,R,R,R,2
R,R,R,R,R,R,2
R,R,R,R,R,R,2
R,R,R,R,R,R,2
R,R,R,R,R,R,2
R,R,R,R,R,R,2
R,R,R,R,R,R,2
R,R,R,R,R,R,2
R,R,R,R,R,R,2
R,R,R,R,R,R,2
R,R,R,R,R,R,2
R,R,R,R,R,R,2
R,R,R,R,R,R,2
R,R,R,R,R,R,2
R,R,R,R,R,R,2
R,R,R,R,R,R,2
R,R,R,R,R,R,2
R,R,R,R,R,R,2
R,R,R,R,R,R,2
R,R,R,R,R,R,2
R,R,R,R,R,R,2
R,R,R,R,R,R,2
R,R,R,R,R,R,2
R,R,R,R,R,R,2
R,R,R,R,R,R,2
R,R,R,R,R,R,2
R,R,R,R,R,R,2
R,R,R,R,R,R,2
R,R,R,R,R,R,2
R,R,R,R,R,R,2
R,R,R,R,R,R,2
R,R,R,R,R,R,2
R,R,R,R,R,R,2
R,R,R,R,R,R,2
R,R,R,R,R,R,2
R,R,R,R,R,R,2
R,R,R,R,R,R,2
R,R,R,R,R,R,2
R,R,R,R,R,R,2
R,R,R,R,R,R,2
R,R,R,R,R,R,2
R,R,R,R,R,R,2
R,R,R,R,R,R,2
R,R,R,R,R,R,2
R,R,R,R,R,R,2
R,R,R,R,R,R,2
R,R,R,R,R,R,2
R,R,R,R,R,R,2
R,R,R,R,R,R,2
R,R,R,R,R,R,2
R,R,R,R,R,R,2
R,R,R,R,R,R,2
R,R,R,R,R,R,2
R,R,R,R,R,R,2
R,R,R,R,R,R,2
R,R,R,R,R,R,2
R,R,R,R,R,R,2
R,R,R,R,R,R,2
R,R,R,R,R,R,2
R,R,R,R,R,R,2
R,R,R,R,R,R,2
R,R,R,R,R,R,2
R,R,R,R,R,R,2
R,R,R,R,R,R,2
R,R,R,R,R,R,2
R,R,R,R,R,R,2
R,R,R,R,R,R,2
R,R,R,R,R,R,2
R,R,R,R,R,R,2
R,R,R,R,R,R,2
R,R,R,R,R,R,2
R,R,R,R,R,R,2
R,R,R,R,R,R,2
R,R,R,R,R,R,2
R,R,R,R,R,R,2
R,R,R,R,R,R,2
R,R,R,R,R,R,2
R,R,R,R,R,R,2
R,R,R,R,R,R,2
R,R,R,R,R,R,2
R,R,R,R,R,R,2
R,R,R,R,R,R,2
R,R,R,R,R,R,2
Y,R,R,R,R,R,2
Y,R,R,R,R,R,2
Y,Y,R,R,R,R,4.97
Y,Y,Y,Y,R,R,6.47
G,G,G,Y,Y,R,6.97
G,G,G,G,Y,Y,6.47
G,G,G,G,Y,Y,5.97
G,G,G,G,G,G,6.47
G,G,G,G,G,G,6.97
G,G,G,G,G,G,7.47
G,Y,G,G,G,G,6.97
Y,Y,Y,G,G,G,6.47
Y,Y,Y,G,G,G,5.97
Y,Y,Y,G,G,G,5.47
Y,Y,G,G,G,G,4.97
Y,Y,Y,G,G,G,4.47
Y,G,G,G,G,G,3.97
Y,G,G,G,G,G,3.47
Y,G,G,G,G,G,2.97
G,G,G,G,G,G,3.47
G,G,G,G,G,G,3.97
G,G,G,G,G,G,4.47
G,G,G,G,G,G,4.97
G,G,G,G,G,Y,4.47
G,G,G,G,G,Y,3.97
G,G,G,G,G,G,4.47
G,G,G,G,G,G,4.97
G,G,G,G,G,G,5.47
G,G,G,G,G,G,5.97
G,G,G,G,G,G,6.47
G,G,G,G,G,G,6.97
G,G,G,G,G,G,7.47
G,G,G,G,G,G,7.97
G,G,G,G,G,Y,7.47
G,G,G,G,G,Y,6.97
G,G,G,G,G,G,7.47
G,G,G,G,G,G,7.97
G,G,G,G,G,Y,7.47
G,G,G,G,G,Y,6.97
G,G,G,G,G,Y,6.47
G,G,G,G,G,G,6.97
G,G,G,G,G,G,7.47
G,G,G,G,G,Y,6.97
G,G,G,G,Y,Y,6.47
G,G,G,G,G,G,6.97
G,G,G,G,G,Y,6.47
G,G,G,G,G,G,6.97
Y,G,G,G,G,G,6.47
G,G,G,G,G,G,6.97
G,G,G,G,G,G,7.47
Y,G,G,G,G,G,6.97
Y,G,G,G,G,G,6.47
Y,G,G,G,G,G,5.97
Y,G,G,G,G,G,5.47
Y,G,G,G,G,G,4.97
Y,G,G,G,G,G,4.47
G,G,G,G,G,G,4.97
Y,G,G,G,G,G,4.47
Y,G,G,G,G,B,2.97
Y,Y,G,G,G,B,1.47
Y,Y,Y,G,G,B,0
Y,Y,G,G,G,B,0.0
Y,Y,G,G,B,B,0.0
Y,Y,G,G,B,B,0.0
Y,G,G,G,B,B,0.0
Y,Y,G,B,B,G,0.0
Y,G,G,B,B,B,0.0
Y,G,G,B,B,G,0.0
Y,G,G,B,B,G,0.0
Y,G,G,B,B,G,0.0
Y,G,G,B,B,G,0.0
G,G,G,B,B,G,0
Y,G,G,B,B,B,0.0
G,G,G,B,B,G,0
Y,G,G,B,B,B,0.0
G,G,G,B,B,G,0
Y,G,G,G,B,B,0.0
G,G,G,B,B,G,0
Y,G,G,G,B,B,0.0
G,G,G,B,B,G,0
G,G,G,G,B,B,0
Y,G,G,G,B,B,0.0
G,G,G,G,B,B,0
Y,G,G,G,B,B,0.0
G,G,G,G,B,B,0
Y,G,G,G,G,G,1.0
G,G,G,G,B,B,0
Y,G,G,G,G,G,1.0
G,G,G,G,G,B,0
Y,G,G,G,G,G,1.0
G,G,G,G,G,B,0
Y,G,G,G,G,G,1.0
G,G,G,G,G,B,0
Y,G,G,G,G,G,1.0
G,G,G,G,G,G,1.5
G,G,G,G,G,G,2.0
G,G,G,G,G,G,2.5
G,G,G,G,G,G,3.0
G,G,G,G,G,G,3.5
G,G,G,G,G,Y,3.0
G,G,G,G,G,G,3.5
G,G,G,G,G,G,4.0
G,G,G,G,G,G,4.5
G,G,G,G,G,G,5.0
G,G,G,G,G,G,5.5
G,G,G,G,G,G,6.0
G,G,G,G,G,Y,5.5
G,G,G,G,G,Y,5.0
G,G,G,G,G,Y,4.5
G,G,G,G,G,Y,4.0
G,G,G,G,G,Y,3.5
G,G,G,G,G,Y,3.0
G,G,G,G,G,G,3.5
G,G,G,G,G,Y,3.0
G,G,G,G,G,G,3.5
G,G,G,G,G,G,4.0
Y,G,G,G,G,G,3.5
G,G,G,G,G,G,4.0
G,G,G,G,G,G,4.5
G,G,G,G,G,G,5.0
G,G,G,G,G,G,5.5
G,G,G,G,G,Y,5.0
G,G,G,G,G,Y,4.5
G,G,G,G,G,G,5.0
G,B,G,G,G,G,3.0
B,G,G,Y,Y,Y,1.5
G,G,G,Y,Y,Y,1.0
B,G,G,Y,Y,Y,0
B,G,G,Y,Y,Y,0.0
B,G,G,Y,Y,Y,0.0
B,G,Y,Y,Y,Y,0.0
B,G,Y,Y,Y,Y,0.0
B,G,G,Y,Y,Y,0.0
G,G,G,Y,Y,Y,1.0
B,G,G,Y,Y,Y,0
B,G,G,G,Y,Y,0.0
B,G,G,Y,Y,Y,0.0
B,G,G,Y,Y,Y,0.0
B,G,G,Y,Y,Y,0.0
B,G,G,Y,Y,Y,0.0
G,G,G,Y,Y,Y,1.0
B,G,G,G,Y,Y,0
B,G,G,G,Y,Y,0.0
B,G,G,G,Y,Y,0.0
B,G,G,Y,Y,Y,0.0
B,G,G,Y,Y,Y,0.0
B,G,G,Y,Y,Y,0.0
B,G,Y,Y,Y,Y,0.0
B,G,G,Y,Y,Y,0.0
G,G,G,Y,Y,Y,1.0
G,G,G,G,Y,Y,0.5
G,G,G,G,Y,Y,1.0
G,G,G,G,G,Y,0.5
G,G,G,G,G,G,2.0
G,G,G,G,G,G,2.5
G,G,G,G,G,G,3.0
G,G,G,G,G,Y,2.5
G,G,G,G,G,G,3.0
G,G,G,G,G,G,3.5
G,G,G,G,G,Y,3.0
G,G,G,G,G,G,3.5
G,G,G,G,G,Y,3.0
G,G,G,G,G,Y,2.5
G,G,G,G,G,G,3.0
G,G,G,G,G,G,3.5
G,G,G,G,G,G,4.0
G,G,G,G,G,G,4.5
G,G,G,B,G,Y,3.0
G,G,B,B,B,G,1.0
G,G,B,B,B,G,0
G,G,B,B,G,Y,0.0
G,G,B,B,G,Y,0.0
G,G,B,B,B,Y,0.0
G,G,B,B,B,Y,0.0
G,G,B,B,B,Y,0.0
G,G,B,B,B,Y,0.0
G,G,B,B,B,Y,0.0
G,G,G,B,B,Y,0.0
G,G,G,B,B,B,0
G,G,G,G,B,Y,0.0
G,G,G,G,G,B,0
G,G,G,G,G,B,0
G,G,G,G,G,B,0
G,G,G,G,G,G,2.0
G,G,G,G,G,G,2.5
G,G,G,G,G,G,3.0
G,G,G,G,G,G,3.5
G,Y,Y,G,G,G,3.0
Y,Y,Y,G,G,G,2.5
Y,Y,Y,G,G,G,2.0
Y,Y,Y,G,G,G,1.5
Y,Y,Y,G,G,G,1.0
Y,Y,Y,G,G,G,0.5
Y,Y,G,G,G,G,1.0
Y,Y,G,G,G,G,0.5
Y,G,G,G,G,G,1.0
Y,G,G,G,G,B,0
Y,G,G,G,G,B,0.0
G,G,G,G,B,B,0
G,G,G,G,G,B,0
Y,G,G,G,G,B,0.0
G,G,G,G,G,B,0
Y,G,G,G,G,B,0.0
G,G,G,G,G,B,0
Y,G,G,G,G,B,0.0
G,G,G,G,G,B,0
G,G,G,G,G,B,0
Y,G,G,G,G,G,1.0
G,G,G,G,G,G,1.5
G,G,G,G,G,G,2.0
G,G,G,G,G,G,2.5
G,G,G,G,G,G,3.0
G,G,G,G,G,G,3.5
G,G,G,G,G,G,4.0
G,G,G,G,G,G,4.5
G,G,G,G,G,Y,4.0
G,G,G,G,G,Y,3.5
G,G,G,G,G,Y,3.0
G,G,G,G,G,Y,2.5
G,G,G,G,G,G,3.0
G,G,G,G,G,G,3.5
G,G,G,G,G,G,4.0
G,G,G,G,G,G,4.5
G,G,G,G,G,G,5.0
G,G,G,G,G,G,5.5
G,G,G,G,G,G,6.0
G,G,G,G,G,G,6.5
G,G,G,O,G,G,5.0
G,G,G,O,O,O,3.5
Y,G,G,O,O,O,2.0
Y,Y,G,O,O,O,0.5
Y,Y,G,O,O,O,0.0
Y,Y,G,G,O,O,0.0
Y,Y,G,G,O,O,0.0
Y,Y,Y,G,O,O,0.0
Y,Y,Y,G,G,O,0.0
Y,Y,Y,G,G,O,0.0
Y,Y,Y,G,G,O,0.0
Y,Y,Y,G,G,O,0.0
Y,Y,Y,G,G,O,0.0
Y,Y,Y,G,G,G,1.0
Y,Y,Y,G,G,O,0
Y,Y,Y,G,G,O,0.0
Y,Y,Y,G,G,G,1.0
Y,Y,Y,Y,G,O,0
Y,Y,Y,G,G,O,0.0
Y,Y,Y,G,G,O,0.0
Y,Y,Y,G,G,G,1.0
Y,Y,Y,Y,G,O,0
Y,Y,Y,Y,G,O,0.0
Y,Y,Y,G,G,O,0.0
Y,Y,Y,G,G,G,1.0
Y,Y,Y,G,G,O,0
Y,Y,Y,G,G,O,0.0
Y,Y,Y,G,G,O,0.0
Y,Y,Y,G,G,O,0.0
Y,Y,Y,G,G,O,0.0
Y,Y,Y,G,G,G,1.0
Y,Y,Y,G,G,O,0
Y,Y,Y,G,G,O,0.0
Y,Y,Y,G,G,O,0.0
Y,Y,Y,G,G,G,1.0
Y,Y,Y,G,G,O,0
Y,Y,Y,G,G,O,0.0
Y,Y,Y,G,G,G,1.0
Y,Y,G,G,G,O,0
Y,Y,G,G,G,O,0.0
Y,Y,G,G,G,O,0.0
Y,Y,G,G,G,O,0.0
Y,Y,G,G,G,G,1.0
Y,Y,G,G,G,O,0
Y,Y,G,G,G,O,0.0
Y,Y,G,G,G,O,0.0
Y,Y,G,G,G,O,0.0
Y,Y,G,G,G,G,1.0
Y,G,G,G,G,O,0
Y,G,G,G,G,O,0.0
Y,Y,G,G,G,O,0.0
Y,G,G,G,G,O,0.0
Y,G,G,G,G,O,0.0
Y,G,G,G,G,G,1.0
G,G,G,G,G,O,0
Y,G,G,G,G,G,1.0
Y,G,G,G,G,G,0.5
G,G,G,G,G,O,0.0
Y,G,G,G,G,G,1.0
Y,G,G,G,G,G,0.5
G,G,G,G,G,O,0.0
Y,G,G,G,G,G,1.0
Y,G,G,G,G,G,0.5
G,G,G,G,G,G,2.0
G,G,G,G,G,G,2.5
G,G,G,G,G,G,3.0
G,G,G,G,G,G,3.5
G,G,G,G,G,Y,3.0
G,G,G,G,G,G,3.5
G,G,G,G,G,G,4.0
Y,G,G,G,G,G,3.5
G,G,G,G,G,G,4.0
G,G,G,G,G,G,4.5
G,G,G,G,G,Y,4.0
G,G,G,G,G,G,4.5
G,G,G,G,G,G,5.0
G,G,G,G,G,G,5.5
G,G,G,G,G,G,6.0
G,G,G,G,G,G,6.5
G,G,G,G,G,G,7.0
G,G,G,G,G,Y,6.5
G,G,G,G,G,G,7.0
G,G,G,G,G,G,7.5
G,G,G,G,G,G,8.0
Y,G,G,G,G,G,7.5
Y,G,G,G,G,G,7.0
G,G,G,G,G,G,7.5
G,G,G,G,G,G,8.0
G,G,G,G,G,G,8.5
Y,G,G,G,G,G,8.0
G,G,G,G,G,G,8.5
Y,G,G,G,G,G,8.0
G,G,G,G,G,Y,7.5
G,G,G,G,G,G,8.0
G,G,G,G,G,G,8.5
G,G,G,G,G,G,9.0
G,G,G,G,G,G,9.5
G,G,G,G,G,Y,9.0
G,G,G,G,G,Y,8.5
G,G,G,G,G,G,9.0
G,G,G,G,G,Y,8.5
G,G,G,G,G,Y,8.0
G,G,G,G,G,Y,7.5
G,G,G,G,Y,Y,7.0
G,G,G,G,Y,Y,6.5
G,G,G,G,Y,Y,6.0
G,G,G,G,G,Y,5.5
G,G,G,G,G,Y,5.0
G,G,G,G,G,Y,4.5
G,G,G,G,G,G,5.0
G,G,G,G,G,G,5.5
G,G,G,G,G,G,6.0
G,G,G,G,G,G,6.5
G,G,G,G,G,G,7.0
G,G,G,G,G,G,7.5
G,G,G,G,G,G,8.0
G,G,G,G,G,Y,7.5
G,G,G,G,G,G,8.0
G,G,G,G,Y,Y,7.5
G,G,G,G,G,G,8.0
G,G,G,G,G,Y,7.5
G,G,G,G,G,G,8.0
G,G,G,G,G,Y,7.5
G,G,G,G,G,G,8.0
G,G,G,G,G,G,8.5
G,G,G,G,G,Y,8.0
G,G,G,G,G,G,8.5
G,G,G,G,G,G,9.0
G,G,G,G,B,G,7.0
G,G,G,G,G,B,5.0
Y,Y,G,G,G,G,4.5
Y,G,G,G,G,G,4.0
G,G,G,G,G,G,4.5
G,G,G,G,G,G,5.0
G,G,G,G,G,G,5.5
G,G,G,G,G,G,6.0
G,G,G,G,G,G,6.5
G,G,G,G,G,G,7.0
G,G,G,G,G,G,7.5
G,G,G,G,G,G,8.0
G,G,G,G,G,G,8.5
G,G,G,G,G,G,9.0
G,G,G,G,G,G,9.5
G,G,G,G,G,G,10.0
G,G,G,G,G,G,10
G,G,G,G,G,Y,9.5
G,G,G,G,G,G,10.0
O,O,O,G,G,G,8.5
O,G,Y,Y,Y,Y,7.0
Y,Y,Y,R,R,R,8.5
Y,R,R,R,R,R,10
R,R,R,R,R,R,2
R,R,R,R,R,R,2
R,R,R,R,R,R,2
R,R,R,R,R,R,2
R,R,R,R,R,R,2
R,R,R,R,R,R,2
R,R,R,R,R,R,2
R,R,R,R,R,R,2
R,R,R,R,R,R,2
R,R,Y,R,R,R,2
R,Y,Y,Y,R,R,2
Y,Y,Y,Y,Y,R,2
Y,Y,Y,Y,Y,R,2
Y,Y,Y,Y,Y,Y,1.93
Y,Y,Y,Y,Y,Y,0.9
Y,Y,Y,Y,Y,Y,-0.6
Y,Y,Y,Y,Y,R,3.0
Y,G,G,Y,Y,Y,3.5
G,G,G,Y,Y,Y,3.0
G,G,G,G,Y,Y,2.5
G,G,G,G,G,Y,2.0
G,G,G,G,G,G,2.5
G,G,G,G,G,G,3.0
G,G,G,G,G,G,3.5
G,G,G,G,G,G,4.0
G,G,G,G,G,G,4.5
G,G,G,G,G,G,5.0
G,G,G,G,G,G,5.5
G,G,Y,Y,G,G,6.0
G,Y,Y,Y,Y,G,5.5
Y,Y,Y,Y,Y,G,4.0
Y,Y,Y,Y,Y,G,2.5
Y,Y,Y,Y,G,G,2.0
Y,Y,Y,Y,G,G,1.5
Y,Y,Y,G,G,G,1.0
Y,Y,G,G,G,G,0.5
Y,G,G,G,G,G,1.0
Y,G,G,G,G,G,0.5
G,G,G,G,G,G,2.0
G,G,G,G,G,G,2.5
G,G,G,G,G,G,3.0
G,G,G,G,G,G,3.5
G,G,G,G,G,G,4.0
G,G,G,G,G,G,4.5
G,G,G,G,Y,Y,4.0
G,G,G,G,G,Y,3.5
G,G,G,G,G,Y,3.0
G,G,G,G,G,G,3.5
G,G,G,G,G,G,4.0
G,G,G,G,G,Y,3.5
G,G,G,G,Y,Y,3.0
G,G,G,G,G,G,3.5
G,G,G,G,G,G,4.0
G,G,G,G,G,Y,3.5
G,G,G,G,G,G,4.0
G,G,G,G,G,Y,3.5
G,G,G,G,G,Y,3.0
G,G,G,G,G,G,3.5
G,G,G,G,G,G,4.0
G,G,G,G,G,Y,3.5
G,G,G,G,G,Y,3.0
G,G,G,G,G,G,3.5
G,G,G,G,G,G,4.0
G,O,G,G,G,Y,2.5
O,O,G,G,Y,Y,1.0
O,O,G,G,Y,Y,0
O,O,G,G,Y,Y,0.0
O,O,G,G,Y,Y,0.0
O,O,G,G,Y,Y,0.0
O,O,G,G,Y,Y,0.0
O,O,G,G,Y,Y,0.0
O,O,G,G,Y,Y,0.0
O,O,G,G,Y,Y,0.0
O,O,G,Y,Y,Y,0.0
O,O,O,Y,Y,Y,0.0
O,O,O,Y,Y,Y,0.0
O,O,O,Y,Y,Y,0.0
O,O,G,Y,Y,Y,0.0
O,O,G,Y,Y,Y,0.0
O,O,G,Y,Y,Y,0.0
O,O,Y,Y,Y,Y,0.0
O,O,Y,Y,Y,Y,0.0
O,G,Y,Y,Y,Y,0.0
O,G,Y,Y,Y,Y,0.0
O,G,Y,Y,Y,Y,0.0
O,Y,Y,Y,Y,Y,-1.0
G,Y,Y,Y,Y,Y,0.0
G,Y,Y,Y,Y,Y,0.0
Y,Y,Y,Y,Y,Y,0.0
Y,Y,Y,Y,Y,Y,0.0
Y,Y,Y,Y,Y,Y,0.0
Y,Y,Y,Y,Y,Y,0.0
Y,Y,Y,Y,Y,Y,0.0
Y,Y,Y,Y,Y,Y,0.0
Y,Y,Y,Y,Y,Y,0.0
Y,Y,Y,Y,Y,Y,0.0
R,R,Y,Y,Y,G,3.0
R,R,R,Y,Y,G,4.5
R,R,R,Y,Y,Y,5.0
R,R,R,R,Y,Y,6.5
R,R,R,R,R,Y,8.0
R,R,R,R,R,R,9.5
R,R,R,R,R,R,2
R,R,R,R,R,R,2
R,R,R,R,R,R,2
R,R,R,R,R,R,2
R,R,R,R,R,R,2
R,R,R,R,R,R,2
R,R,R,R,R,R,2
R,R,R,R,R,R,2
R,R,R,R,R,R,2
R,R,R,R,R,R,2
R,R,R,R,R,R,2
R,R,R,R,R,R,2
R,R,R,R,R,R,2
R,R,R,R,R,R,2
R,R,R,R,R,R,2
R,R,R,R,R,R,2
R,R,R,R,R,R,2
R,R,R,R,R,R,2
R,R,R,R,R,R,2
R,R,R,R,R,R,2
R,R,R,R,R,R,2
R,R,R,R,R,R,2
R,R,R,R,R,R,2
R,R,R,R,R,R,2
R,R,R,R,R,R,2
R,R,R,R,R,R,2
R,R,R,R,R,R,2
R,R,R,R,R,R,2
R,R,R,R,R,R,2
R,R,R,R,R,R,2
R,R,R,R,R,R,2
R,R,R,R,R,R,2
R,R,R,R,R,R,2
R,R,R,R,R,R,2
R,R,R,R,R,R,2
R,R,R,R,R,R,2
R,R,R,R,R,R,2
R,R,R,R,R,R,2
R,R,R,R,R,R,2
R,R,R,R,R,R,2
R,R,R,R,R,R,2
R,R,R,R,R,R,2
R,R,R,R,R,R,2
R,R,R,R,R,R,2
R,R,R,R,R,R,2
R,R,R,R,R,R,2
R,R,R,R,R,R,2
R,R,R,R,R,R,2
R,R,R,R,R,R,2
R,R,R,R,R,R,2
R,R,R,R,R,R,2
R,R,R,R,R,R,2
R,R,R,R,R,R,2
R,R,R,R,R,R,2
R,R,R,R,R,R,2
R,R,R,R,R,R,2
R,R,R,R,R,R,2
R,R,R,R,R,R,2
R,R,R,R,R,R,2
R,R,R,R,R,R,2
R,R,R,R,R,R,2
R,R,R,R,R,R,2
R,R,R,R,R,R,2
R,R,R,R,R,R,2
R,R,R,R,R,R,2
R,R,R,R,R,R,2
R,R,R,R,R,R,2
R,R,R,R,R,R,2
R,R,R,R,R,R,2
R,R,R,R,R,R,2
R,R,R,R,R,R,2
R,R,R,R,R,R,2
R,R,R,R,R,R,2
R,R,R,R,R,R,2
R,R,R,R,R,R,2
R,R,R,R,R,R,2
R,R,R,R,R,R,2
R,R,R,R,R,R,2
R,R,R,R,R,R,2
R,R,R,R,R,R,2
R,R,R,R,R,R,2
R,R,R,R,R,R,2
R,R,R,R,R,R,2
R,R,R,R,R,R,2
R,R,R,R,R,R,2
R,R,R,R,R,R,2
R,R,R,R,R,R,2
R,R,R,R,R,R,2
R,R,R,R,R,R,2
R,R,R,R,R,R,2
R,R,R,R,R,R,2
R,R,R,R,R,R,2
R,R,R,R,R,R,2
R,R,R,R,R,R,2
R,R,R,R,R,R,2
R,R,R,R,R,R,2
R,R,R,R,R,R,2
R,R,R,R,R,R,2
R,R,R,R,R,R,2
R,R,R,R,R,R,2
R,R,R,R,R,R,2
R,R,R,R,R,R,2
R,R,R,R,R,R,2
R,R,R,R,R,R,2
R,R,R,R,R,R,2
R,R,R,R,R,R,2
R,R,R,R,R,R,2
R,R,R,R,R,R,2
R,R,R,R,R,R,2
R,R,R,R,R,R,2
Y,R,R,R,R,R,2
Y,R,R,R,R,R,2
Y,Y,R,R,R,R,4.97
Y,Y,Y,Y,R,R,6.47
G,G,G,Y,Y,R,6.97
G,G,G,G,Y,Y,6.47
G,G,G,G,Y,Y,5.97
G,G,G,G,G,G,6.47
G,G,G,G,G,G,6.97
G,G,G,G,G,G,7.47
G,Y,G,G,G,G,6.97
Y,Y,Y,G,G,G,6.47
Y,Y,Y,G,G,G,5.97
Y,Y,Y,G,G,G,5.47
Y,Y,G,G,G,G,4.97
Y,Y,Y,G,G,G,4.47
Y,G,G,G,G,G,3.97
Y,G,G,G,G,G,3.47
Y,G,G,G,G,G,2.97
G,G,G,G,G,G,3.47
G,G,G,G,G,G,3.97
G,G,G,G,G,G,4.47
G,G,G,G,G,G,4.97
G,G,G,G,G,Y,4.47
G,G,G,G,G,Y,3.97
G,G,G,G,G,G,4.47
G,G,G,G,G,G,4.97
G,G,G,G,G,G,5.47
G,G,G,G,G,G,5.97
G,G,G,G,G,G,6.47
G,G,G,G,G,G,6.97
G,G,G,G,G,G,7.47
G,G,G,G,G,G,7.97
G,G,G,G,G,Y,7.47
G,G,G,G,G,Y,6.97
G,G,G,G,G,G,7.47
G,G,G,G,G,G,7.97
G,G,G,G,G,Y,7.47
G,G,G,G,G,Y,6.97
G,G,G,G,G,Y,6.47
G,G,G,G,G,G,6.97
G,G,G,G,G,G,7.47
G,G,G,G,G,Y,6.97
G,G,G,G,Y,Y,6.47
G,G,G,G,G,G,6.97
G,G,G,G,G,Y,6.47
G,G,G,G,G,G,6.97
Y,G,G,G,G,G,6.47
G,G,G,G,G,G,6.97
G,G,G,G,G,G,7.47
Y,G,G,G,G,G,6.97
Y,G,G,G,G,G,6.47
Y,G,G,G,G,G,5.97
Y,G,G,G,G,G,5.47
Y,G,G,G,G,G,4.97
Y,G,G,G,G,G,4.47
G,G,G,G,G,G,4.97
Y,G,G,G,G,G,4.47
Y,G,G,G,G,B,2.97
Y,Y,G,G,G,B,1.47
Y,Y,Y,G,G,B,0
Y,Y,G,G,G,B,0.0
Y,Y,G,G,B,B,0.0
Y,Y,G,G,B,B,0.0
Y,G,G,G,B,B,0.0
Y,Y,G,B,B,G,0.0
Y,G,G,B,B,B,0.0
Y,G,G,B,B,G,0.0
Y,G,G,B,B,G,0.0
Y,G,G,B,B,G,0.0
Y,G,G,B,B,G,0.0
G,G,G,B,B,G,0
Y,G,G,B,B,B,0.0
G,G,G,B,B,G,0
Y,G,G,B,B,B,0.0
G,G,G,B,B,G,0
Y,G,G,G,B,B,0.0
G,G,G,B,B,G,0
Y,G,G,G,B,B,0.0
G,G,G,B,B,G,0
G,G,G,G,B,B,0
Y,G,G,G,B,B,0.0
G,G,G,G,B,B,0
Y,G,G,G,B,B,0.0
G,G,G,G,B,B,0
Y,G,G,G,G,G,1.0
G,G,G,G,B,B,0
Y,G,G,G,G,G,1.0
G,G,G,G,G,B,0
Y,G,G,G,G,G,1.0
G,G,G,G,G,B,0
Y,G,G,G,G,G,1.0
G,G,G,G,G,B,0
Y,G,G,G,G,G,1.0
G,G,G,G,G,G,1.5
G,G,G,G,G,G,2.0
G,G,G,G,G,G,2.5
G,G,G,G,G,G,3.0
G,G,G,G,G,G,3.5
G,G,G,G,G,Y,3.0
G,G,G,G,G,G,3.5
G,G,G,G,G,G,4.0
G,G,G,G,G,G,4.5
G,G,G,G,G,G,5.0
G,G,G,G,G,G,5.5
G,G,G,G,G,G,6.0
G,G,G,G,G,Y,5.5
G,G,G,G,G,Y,5.0
G,G,G,G,G,Y,4.5
G,G,G,G,G,Y,4.0
G,G,G,G,G,Y,3.5
G,G,G,G,G,Y,3.0
G,G,G,G,G,G,3.5
G,G,G,G,G,Y,3.0
G,G,G,G,G,G,3.5
G,G,G,G,G,G,4.0
Y,G,G,G,G,G,3.5
G,G,G,G,G,G,4.0
G,G,G,G,G,G,4.5
G,G,G,G,G,G,5.0
G,G,G,G,G,G,5.5
G,G,G,G,G,Y,5.0
G,G,G,G,G,Y,4.5
G,G,G,G,G,G,5.0
G,B,G,G,G,G,3.0
B,G,G,Y,Y,Y,1.5
G,G,G,Y,Y,Y,1.0
B,G,G,Y,Y,Y,0
B,G,G,Y,Y,Y,0.0
B,G,G,Y,Y,Y,0.0
B,G,Y,Y,Y,Y,0.0
B,G,Y,Y,Y,Y,0.0
B,G,G,Y,Y,Y,0.0
G,G,G,Y,Y,Y,1.0
B,G,G,Y,Y,Y,0
B,G,G,G,Y,Y,0.0
B,G,G,Y,Y,Y,0.0
B,G,G,Y,Y,Y,0.0
B,G,G,Y,Y,Y,0.0
B,G,G,Y,Y,Y,0.0
G,G,G,Y,Y,Y,1.0
B,G,G,G,Y,Y,0
B,G,G,G,Y,Y,0.0
B,G,G,G,Y,Y,0.0
B,G,G,Y,Y,Y,0.0
B,G,G,Y,Y,Y,0.0
B,G,G,Y,Y,Y,0.0
B,G,Y,Y,Y,Y,0.0
B,G,G,Y,Y,Y,0.0
G,G,G,Y,Y,Y,1.0
G,G,G,G,Y,Y,0.5
G,G,G,G,Y,Y,1.0
G,G,G,G,G,Y,0.5
G,G,G,G,G,G,2.0
G,G,G,G,G,G,2.5
G,G,G,G,G,G,3.0
G,G,G,G,G,Y,2.5
G,G,G,G,G,G,3.0
G,G,G,G,G,G,3.5
G,G,G,G,G,Y,3.0
G,G,G,G,G,G,3.5
G,G,G,G,G,Y,3.0
G,G,G,G,G,Y,2.5
G,G,G,G,G,G,3.0
G,G,G,G,G,G,3.5
G,G,G,G,G,G,4.0
G,G,G,G,G,G,4.5
G,G,G,B,G,Y,3.0
G,G,B,B,B,G,1.0
G,G,B,B,B,G,0
G,G,B,B,G,Y,0.0
G,G,B,B,G,Y,0.0
G,G,B,B,B,Y,0.0
G,G,B,B,B,Y,0.0
G,G,B,B,B,Y,0.0
G,G,B,B,B,Y,0.0
G,G,B,B,B,Y,0.0
G,G,G,B,B,Y,0.0
G,G,G,B,B,B,0
G,G,G,G,B,Y,0.0
G,G,G,G,G,B,0
G,G,G,G,G,B,0
G,G,G,G,G,B,0
G,G,G,G,G,G,2.0
G,G,G,G,G,G,2.5
G,G,G,G,G,G,3.0
G,G,G,G,G,G,3.5
G,Y,Y,G,G,G,3.0
Y,Y,Y,G,G,G,2.5
Y,Y,Y,G,G,G,2.0
Y,Y,Y,G,G,G,1.5
Y,Y,Y,G,G,G,1.0
Y,Y,Y,G,G,G,0.5
Y,Y,G,G,G,G,1.0
Y,Y,G,G,G,G,0.5
Y,G,G,G,G,G,1.0
Y,G,G,G,G,B,0
Y,G,G,G,G,B,0.0
G,G,G,G,B,B,0
G,G,G,G,G,B,0
Y,G,G,G,G,B,0.0
G,G,G,G,G,B,0
Y,G,G,G,G,B,0.0
G,G,G,G,G,B,0
Y,G,G,G,G,B,0.0
G,G,G,G,G,B,0
G,G,G,G,G,B,0
Y,G,G,G,G,G,1.0
G,G,G,G,G,G,1.5
G,G,G,G,G,G,2.0
G,G,G,G,G,G,2.5
G,G,G,G,G,G,3.0
G,G,G,G,G,G,3.5
G,G,G,G,G,G,4.0
G,G,G,G,G,G,4.5
G,G,G,G,G,Y,4.0
G,G,G,G,G,Y,3.5
G,G,G,G,G,Y,3.0
G,G,G,G,G,Y,2.5
G,G,G,G,G,G,3.0
G,G,G,G,G,G,3.5
G,G,G,G,G,G,4.0
G,G,G,G,G,G,4.5
G,G,G,G,G,G,5.0
G,G,G,G,G,G,5.5
G,G,G,G,G,G,6.0
G,G,G,G,G,G,6.5
G,G,G,O,G,G,5.0
G,G,G,O,O,O,3.5
Y,G,G,O,O,O,2.0
Y,Y,G,O,O,O,0.5
Y,Y,G,O,O,O,0.0
Y,Y,G,G,O,O,0.0
Y,Y,G,G,O,O,0.0
Y,Y,Y,G,O,O,0.0
Y,Y,Y,G,G,O,0.0
Y,Y,Y,G,G,O,0.0
Y,Y,Y,G,G,O,0.0
Y,Y,Y,G,G,O,0.0
Y,Y,Y,G,G,O,0.0
Y,Y,Y,G,G,G,1.0
Y,Y,Y,G,G,O,0
Y,Y,Y,G,G,O,0.0
Y,Y,Y,G,G,G,1.0
Y,Y,Y,Y,G,O,0
Y,Y,Y,G,G,O,0.0
Y,Y,Y,G,G,O,0.0
Y,Y,Y,G,G,G,1.0
Y,Y,Y,Y,G,O,0
Y,Y,Y,Y,G,O,0.0
Y,Y,Y,G,G,O,0.0
Y,Y,Y,G,G,G,1.0
Y,Y,Y,G,G,O,0
Y,Y,Y,G,G,O,0.0
Y,Y,Y,G,G,O,0.0
Y,Y,Y,G,G,O,0.0
Y,Y,Y,G,G,O,0.0
Y,Y,Y,G,G,G,1.0
Y,Y,Y,G,G,O,0
Y,Y,Y,G,G,O,0.0
Y,Y,Y,G,G,O,0.0
Y,Y,Y,G,G,G,1.0
Y,Y,Y,G,G,O,0
Y,Y,Y,G,G,O,0.0
Y,Y,Y,G,G,G,1.0
Y,Y,G,G,G,O,0
Y,Y,G,G,G,O,0.0
Y,Y,G,G,G,O,0.0
Y,Y,G,G,G,O,0.0
Y,Y,G,G,G,G,1.0
Y,Y,G,G,G,O,0
Y,Y,G,G,G,O,0.0
Y,Y,G,G,G,O,0.0
Y,Y,G,G,G,O,0.0
Y,Y,G,G,G,G,1.0
Y,G,G,G,G,O,0
Y,G,G,G,G,O,0.0
Y,Y,G,G,G,O,0.0
Y,G,G,G,G,O,0.0
Y,G,G,G,G,O,0.0
Y,G,G,G,G,G,1.0
G,G,G,G,G,O,0
Y,G,G,G,G,G,1.0
Y,G,G,G,G,G,0.5
G,G,G,G,G,O,0.0
Y,G,G,G,G,G,1.0
Y,G,G,G,G,G,0.5
G,G,G,G,G,O,0.0
Y,G,G,G,G,G,1.0
Y,G,G,G,G,G,0.5
G,G,G,G,G,G,2.0
G,G,G,G,G,G,2.5
G,G,G,G,G,G,3.0
G,G,G,G,G,G,3.5
G,G,G,G,G,Y,3.0
G,G,G,G,G,G,3.5
G,G,G,G,G,G,4.0
Y,G,G,G,G,G,3.5
G,G,G,G,G,G,4.0
G,G,G,G,G,G,4.5
G,G,G,G,G,Y,4.0
G,G,G,G,G,G,4.5
G,G,G,G,G,G,5.0
G,G,G,G,G,G,5.5
G,G,G,G,G,G,6.0
G,G,G,G,G,G,6.5
G,G,G,G,G,G,7.0
G,G,G,G,G,Y,6.5
G,G,G,G,G,G,7.0
G,G,G,G,G,G,7.5
G,G,G,G,G,G,8.0
Y,G,G,G,G,G,7.5
Y,G,G,G,G,G,7.0
G,G,G,G,G,G,7.5
G,G,G,G,G,G,8.0
G,G,G,G,G,G,8.5
Y,G,G,G,G,G,8.0
G,G,G,G,G,G,8.5
Y,G,G,G,G,G,8.0
G,G,G,G,G,Y,7.5
G,G,G,G,G,G,8.0
G,G,G,G,G,G,8.5
G,G,G,G,G,G,9.0
G,G,G,G,G,G,9.5
G,G,G,G,G,Y,9.0
G,G,G,G,G,Y,8.5
G,G,G,G,G,G,9.0
G,G,G,G,G,Y,8.5
G,G,G,G,G,Y,8.0
G,G,G,G,G,Y,7.5
G,G,G,G,Y,Y,7.0
G,G,G,G,Y,Y,6.5
G,G,G,G,Y,Y,6.0
G,G,G,G,G,Y,5.5
G,G,G,G,G,Y,5.0
G,G,G,G,G,Y,4.5
G,G,G,G,G,G,5.0
G,G,G,G,G,G,5.5
G,G,G,G,G,G,6.0
G,G,G,G,G,G,6.5
G,G,G,G,G,G,7.0
G,G,G,G,G,G,7.5
G,G,G,G,G,G,8.0
G,G,G,G,G,Y,7.5
G,G,G,G,G,G,8.0
G,G,G,G,Y,Y,7.5
G,G,G,G,G,G,8.0
G,G,G,G,G,Y,7.5
G,G,G,G,G,G,8.0
G,G,G,G,G,Y,7.5
G,G,G,G,G,G,8.0
G,G,G,G,G,G,8.5
G,G,G,G,G,Y,8.0
G,G,G,G,G,G,8.5
G,G,G,G,G,G,9.0
G,G,G,G,B,G,7.0
G,G,G,G,G,B,5.0
Y,Y,G,G,G,G,4.5
Y,G,G,G,G,G,4.0
G,G,G,G,G,G,4.5
G,G,G,G,G,G,5.0
G,G,G,G,G,G,5.5
G,G,G,G,G,G,6.0
G,G,G,G,G,G,6.5
G,G,G,G,G,G,7.0
G,G,G,G,G,G,7.5
G,G,G,G,G,G,8.0
G,G,G,G,G,G,8.5
G,G,G,G,G,G,9.0
G,G,G,G,G,G,9.5
G,G,G,G,G,G,10.0
G,G,G,G,G,G,10
G,G,G,G,G,Y,9.5
G,G,G,G,G,G,10.0
O,O,O,G,G,G,8.5
O,G,Y,Y,Y,Y,7.0
Y,Y,Y,R,R,R,8.5
Y,R,R,R,R,R,10
R,R,R,R,R,R,2
R,R,R,R,R,R,2
R,R,R,R,R,R,2
R,R,R,R,R,R,2
R,R,R,R,R,R,2
R,R,R,R,R,R,2
R,R,R,R,R,R,2
R,R,R,R,R,R,2
R,R,R,R,R,R,2
R,R,Y,R,R,R,2
R,Y,Y,Y,R,R,2
Y,Y,Y,Y,Y,R,2
Y,Y,Y,Y,Y,R,2
Y,Y,Y,Y,Y,Y,1.93
Y,Y,Y,Y,Y,Y,0.9
Y,Y,Y,Y,Y,Y,-0.6
Y,Y,Y,Y,Y,R,3.0
Y,G,G,Y,Y,Y,3.5
G,G,G,Y,Y,Y,3.0
G,G,G,G,Y,Y,2.5
G,G,G,G,G,Y,2.0
G,G,G,G,G,G,2.5
G,G,G,G,G,G,3.0
G,G,G,G,G,G,3.5
G,G,G,G,G,G,4.0
G,G,G,G,G,G,4.5
G,G,G,G,G,G,5.0
G,G,G,G,G,G,5.5
G,G,Y,Y,G,G,6.0
G,Y,Y,Y,Y,G,5.5
Y,Y,Y,Y,Y,G,4.0
Y,Y,Y,Y,Y,G,2.5
Y,Y,Y,Y,G,G,2.0
Y,Y,Y,Y,G,G,1.5
Y,Y,Y,G,G,G,1.0
Y,Y,G,G,G,G,0.5
Y,G,G,G,G,G,1.0
Y,G,G,G,G,G,0.5
G,G,G,G,G,G,2.0
G,G,G,G,G,G,2.5
G,G,G,G,G,G,3.0
G,G,G,G,G,G,3.5
G,G,G,G,G,G,4.0
G,G,G,G,G,G,4.5
G,G,G,G,Y,Y,4.0
G,G,G,G,G,Y,3.5
G,G,G,G,G,Y,3.0
G,G,G,G,G,G,3.5
G,G,G,G,G,G,4.0
G,G,G,G,G,Y,3.5
G,G,G,G,Y,Y,3.0
G,G,G,G,G,G,3.5
G,G,G,G,G,G,4.0
G,G,G,G,G,Y,3.5
G,G,G,G,G,G,4.0
G,G,G,G,G,Y,3.5
G,G,G,G,G,Y,3.0
G,G,G,G,G,G,3.5
G,G,G,G,G,G,4.0
G,G,G,G,G,Y,3.5
G,G,G,G,G,Y,3.0
G,G,G,G,G,G,3.5
G,G,G,G,G,G,4.0
G,O,G,G,G,Y,2.5
O,O,G,G,Y,Y,1.0
O,O,G,G,Y,Y,0
O,O,G,G,Y,Y,0.0
O,O,G,G,Y,Y,0.0
O,O,G,G,Y,Y,0.0
O,O,G,G,Y,Y,0.0
O,O,G,G,Y,Y,0.0
O,O,G,G,Y,Y,0.0
O,O,G,G,Y,Y,0.0
O,O,G,Y,Y,Y,0.0
O,O,O,Y,Y,Y,0.0
O,O,O,Y,Y,Y,0.0
O,O,O,Y,Y,Y,0.0
O,O,G,Y,Y,Y,0.0
O,O,G,Y,Y,Y,0.0
O,O,G,Y,Y,Y,0.0
O,O,Y,Y,Y,Y,0.0
O,O,Y,Y,Y,Y,0.0
O,G,Y,Y,Y,Y,0.0
O,G,Y,Y,Y,Y,0.0
O,G,Y,Y,Y,Y,0.0
O,Y,Y,Y,Y,Y,-1.0
G,Y,Y,Y,Y,Y,0.0
G,Y,Y,Y,Y,Y,0.0
Y,Y,Y,Y,Y,Y,0.0
Y,Y,Y,Y,Y,Y,0.0
Y,Y,Y,Y,Y,Y,0.0
Y,Y,Y,Y,Y,Y,0.0
Y,Y,Y,Y,Y,Y,0.0
Y,Y,Y,Y,Y,Y,0.0
Y,Y,Y,Y,Y,Y,0.0
Y,Y,Y,Y,Y,Y,0.0
R,R,Y,Y,Y,G,3.0
R,R,R,Y,Y,G,4.5
R,R,R,Y,Y,Y,5.0
R,R,R,R,Y,Y,6.5
R,R,R,R,R,Y,8.0
R,R,R,R,R,R,9.5
R,R,R,R,R,R,2
R,R,R,R,R,R,2
R,R,R,R,R,R,2
R,R,R,R,R,R,2
R,R,R,R,R,R,2
R,R,R,R,R,R,2
R,R,R,R,R,R,2
R,R,R,R,R,R,2
R,R,R,R,R,R,2
R,R,R,R,R,R,2
R,R,R,R,R,R,2
R,R,R,R,R,R,2
R,R,R,R,R,R,2
R,R,R,R,R,R,2
R,R,R,R,R,R,2
R,R,R,R,R,R,2
R,R,R,R,R,R,2
R,R,R,R,R,R,2
R,R,R,R,R,R,2
R,R,R,R,R,R,2
R,R,R,R,R,R,2
R,R,R,R,R,R,2
R,R,R,R,R,R,2
R,R,R,R,R,R,2
R,R,R,R,R,R,2
R,R,R,R,R,R,2
R,R,R,R,R,R,2
R,R,R,R,R,R,2
R,R,R,R,R,R,2
R,R,R,R,R,R,2
R,R,R,R,R,R,2
R,R,R,R,R,R,2
R,R,R,R,R,R,2
R,R,R,R,R,R,2
R,R,R,R,R,R,2
R,R,R,R,R,R,2
R,R,R,R,R,R,2
R,R,R,R,R,R,2
R,R,R,R,R,R,2
R,R,R,R,R,R,2
R,R,R,R,R,R,2
R,R,R,R,R,R,2
R,R,R,R,R,R,2
R,R,R,R,R,R,2
R,R,R,R,R,R,2
R,R,R,R,R,R,2
R,R,R,R,R,R,2
R,R,R,R,R,R,2
R,R,R,R,R,R,2
R,R,R,R,R,R,2
R,R,R,R,R,R,2
R,R,R,R,R,R,2
R,R,R,R,R,R,2
R,R,R,R,R,R,2
R,R,R,R,R,R,2
R,R,R,R,R,R,2
R,R,R,R,R,R,2
R,R,R,R,R,R,2
R,R,R,R,R,R,2
R,R,R,R,R,R,2
R,R,R,R,R,R,2
R,R,R,R,R,R,2
R,R,R,R,R,R,2
R,R,R,R,R,R,2
R,R,R,R,R,R,2
R,R,R,R,R,R,2
R,R,R,R,R,R,2
R,R,R,R,R,R,2
R,R,R,R,R,R,2
R,R,R,R,R,R,2
R,R,R,R,R,R,2
R,R,R,R,R,R,2
R,R,R,R,R,R,2
R,R,R,R,R,R,2
R,R,R,R,R,R,2
R,R,R,R,R,R,2
R,R,R,R,R,R,2
R,R,R,R,R,R,2
R,R,R,R,R,R,2
R,R,R,R,R,R,2
R,R,R,R,R,R,2
R,R,R,R,R,R,2
R,R,R,R,R,R,2
R,R,R,R,R,R,2
R,R,R,R,R,R,2
R,R,R,R,R,R,2
R,R,R,R,R,R,2
R,R,R,R,R,R,2
R,R,R,R,R,R,2
R,R,R,R,R,R,2
R,R,R,R,R,R,2
R,R,R,R,R,R,2
R,R,R,R,R,R,2
R,R,R,R,R,R,2
R,R,R,R,R,R,2
R,R,R,R,R,R,2
R,R,R,R,R,R,2
R,R,R,R,R,R,2
R,R,R,R,R,R,2
R,R,R,R,R,R,2
R,R,R,R,R,R,2
R,R,R,R,R,R,2
R,R,R,R,R,R,2
R,R,R,R,R,R,2
R,R,R,R,R,R,2
R,R,R,R,R,R,2
R,R,R,R,R,R,2
R,R,R,R,R,R,2
R,R,R,R,R,R,2
R,R,R,R,R,R,2
Y,R,R,R,R,R,2
Y,R,R,R,R,R,2
Y,Y,R,R,R,R,4.97
Y,Y,Y,Y,R,R,6.47
G,G,G,Y,Y,R,6.97
G,G,G,G,Y,Y,6.47
G,G,G,G,Y,Y,5.97
G,G,G,G,G,G,6.47
G,G,G,G,G,G,6.97
G,G,G,G,G,G,7.47
G,Y,G,G,G,G,6.97
Y,Y,Y,G,G,G,6.47
Y,Y,Y,G,G,G,5.97
Y,Y,Y,G,G,G,5.47
Y,Y,G,G,G,G,4.97
Y,Y,Y,G,G,G,4.47
Y,G,G,G,G,G,3.97
Y,G,G,G,G,G,3.47
Y,G,G,G,G,G,2.97
G,G,G,G,G,G,3.47
G,G,G,G,G,G,3.97
G,G,G,G,G,G,4.47
G,G,G,G,G,G,4.97
G,G,G,G,G,Y,4.47
G,G,G,G,G,Y,3.97
G,G,G,G,G,G,4.47
G,G,G,G,G,G,4.97
G,G,G,G,G,G,5.47
G,G,G,G,G,G,5.97
G,G,G,G,G,G,6.47
G,G,G,G,G,G,6.97
G,G,G,G,G,G,7.47
G,G,G,G,G,G,7.97
G,G,G,G,G,Y,7.47
G,G,G,G,G,Y,6.97
G,G,G,G,G,G,7.47
G,G,G,G,G,G,7.97
G,G,G,G,G,Y,7.47
G,G,G,G,G,Y,6.97
G,G,G,G,G,Y,6.47
G,G,G,G,G,G,6.97
G,G,G,G,G,G,7.47
G,G,G,G,G,Y,6.97
G,G,G,G,Y,Y,6.47
G,G,G,G,G,G,6.97
G,G,G,G,G,Y,6.47
G,G,G,G,G,G,6.97
Y,G,G,G,G,G,6.47
G,G,G,G,G,G,6.97
G,G,G,G,G,G,7.47
Y,G,G,G,G,G,6.97
Y,G,G,G,G,G,6.47
Y,G,G,G,G,G,5.97
Y,G,G,G,G,G,5.47
Y,G,G,G,G,G,4.97
Y,G,G,G,G,G,4.47
G,G,G,G,G,G,4.97
Y,G,G,G,G,G,4.47
Y,G,G,G,G,B,2.97
Y,Y,G,G,G,B,1.47
Y,Y,Y,G,G,B,0
Y,Y,G,G,G,B,0.0
Y,Y,G,G,B,B,0.0
Y,Y,G,G,B,B,0.0
Y,G,G,G,B,B,0.0
Y,Y,G,B,B,G,0.0
Y,G,G,B,B,B,0.0
Y,G,G,B,B,G,0.0
Y,G,G,B,B,G,0.0
Y,G,G,B,B,G,0.0
Y,G,G,B,B,G,0.0
G,G,G,B,B,G,0
Y,G,G,B,B,B,0.0
G,G,G,B,B,G,0
Y,G,G,B,B,B,0.0
G,G,G,B,B,G,0
Y,G,G,G,B,B,0.0
G,G,G,B,B,G,0
Y,G,G,G,B,B,0.0
G,G,G,B,B,G,0
G,G,G,G,B,B,0
Y,G,G,G,B,B,0.0
G,G,G,G,B,B,0
Y,G,G,G,B,B,0.0
G,G,G,G,B,B,0
Y,G,G,G,G,G,1.0
G,G,G,G,B,B,0
Y,G,G,G,G,G,1.0
G,G,G,G,G,B,0
Y,G,G,G,G,G,1.0
G,G,G,G,G,B,0
Y,G,G,G,G,G,1.0
G,G,G,G,G,B,0
Y,G,G,G,G,G,1.0
G,G,G,G,G,G,1.5
G,G,G,G,G,G,2.0
G,G,G,G,G,G,2.5
G,G,G,G,G,G,3.0
G,G,G,G,G,G,3.5
G,G,G,G,G,Y,3.0
G,G,G,G,G,G,3.5
G,G,G,G,G,G,4.0
G,G,G,G,G,G,4.5
G,G,G,G,G,G,5.0
G,G,G,G,G,G,5.5
G,G,G,G,G,G,6.0
G,G,G,G,G,Y,5.5
G,G,G,G,G,Y,5.0
G,G,G,G,G,Y,4.5
G,G,G,G,G,Y,4.0
G,G,G,G,G,Y,3.5
G,G,G,G,G,Y,3.0
G,G,G,G,G,G,3.5
G,G,G,G,G,Y,3.0
G,G,G,G,G,G,3.5
G,G,G,G,G,G,4.0
Y,G,G,G,G,G,3.5
G,G,G,G,G,G,4.0
G,G,G,G,G,G,4.5
G,G,G,G,G,G,5.0
G,G,G,G,G,G,5.5
G,G,G,G,G,Y,5.0
G,G,G,G,G,Y,4.5
G,G,G,G,G,G,5.0
G,B,G,G,G,G,3.0
B,G,G,Y,Y,Y,1.5
G,G,G,Y,Y,Y,1.0
B,G,G,Y,Y,Y,0
B,G,G,Y,Y,Y,0.0
B,G,G,Y,Y,Y,0.0
B,G,Y,Y,Y,Y,0.0
B,G,Y,Y,Y,Y,0.0
B,G,G,Y,Y,Y,0.0
G,G,G,Y,Y,Y,1.0
B,G,G,Y,Y,Y,0
B,G,G,G,Y,Y,0.0
B,G,G,Y,Y,Y,0.0
B,G,G,Y,Y,Y,0.0
B,G,G,Y,Y,Y,0.0
B,G,G,Y,Y,Y,0.0
G,G,G,Y,Y,Y,1.0
B,G,G,G,Y,Y,0
B,G,G,G,Y,Y,0.0
B,G,G,G,Y,Y,0.0
B,G,G,Y,Y,Y,0.0
B,G,G,Y,Y,Y,0.0
B,G,G,Y,Y,Y,0.0
B,G,Y,Y,Y,Y,0.0
B,G,G,Y,Y,Y,0.0
G,G,G,Y,Y,Y,1.0
G,G,G,G,Y,Y,0.5
G,G,G,G,Y,Y,1.0
G,G,G,G,G,Y,0.5
G,G,G,G,G,G,2.0
G,G,G,G,G,G,2.5
G,G,G,G,G,G,3.0
G,G,G,G,G,Y,2.5
G,G,G,G,G,G,3.0
G,G,G,G,G,G,3.5
G,G,G,G,G,Y,3.0
G,G,G,G,G,G,3.5
G,G,G,G,G,Y,3.0
G,G,G,G,G,Y,2.5
G,G,G,G,G,G,3.0
G,G,G,G,G,G,3.5
G,G,G,G,G,G,4.0
G,G,G,G,G,G,4.5
G,G,G,B,G,Y,3.0
G,G,B,B,B,G,1.0
G,G,B,B,B,G,0
G,G,B,B,G,Y,0.0
G,G,B,B,G,Y,0.0
G,G,B,B,B,Y,0.0
G,G,B,B,B,Y,0.0
G,G,B,B,B,Y,0.0
G,G,B,B,B,Y,0.0
G,G,B,B,B,Y,0.0
G,G,G,B,B,Y,0.0
G,G,G,B,B,B,0
G,G,G,G,B,Y,0.0
G,G,G,G,G,B,0
G,G,G,G,G,B,0
G,G,G,G,G,B,0
G,G,G,G,G,G,2.0
G,G,G,G,G,G,2.5
G,G,G,G,G,G,3.0
G,G,G,G,G,G,3.5
G,Y,Y,G,G,G,3.0
Y,Y,Y,G,G,G,2.5
Y,Y,Y,G,G,G,2.0
Y,Y,Y,G,G,G,1.5
Y,Y,Y,G,G,G,1.0
Y,Y,Y,G,G,G,0.5
Y,Y,G,G,G,G,1.0
Y,Y,G,G,G,G,0.5
Y,G,G,G,G,G,1.0
Y,G,G,G,G,B,0
Y,G,G,G,G,B,0.0
G,G,G,G,B,B,0
G,G,G,G,G,B,0
Y,G,G,G,G,B,0.0
G,G,G,G,G,B,0
Y,G,G,G,G,B,0.0
G,G,G,G,G,B,0
Y,G,G,G,G,B,0.0
G,G,G,G,G,B,0
G,G,G,G,G,B,0
Y,G,G,G,G,G,1.0
G,G,G,G,G,G,1.5
G,G,G,G,G,G,2.0
G,G,G,G,G,G,2.5
G,G,G,G,G,G,3.0
G,G,G,G,G,G,3.5
G,G,G,G,G,G,4.0
G,G,G,G,G,G,4.5
G,G,G,G,G,Y,4.0
G,G,G,G,G,Y,3.5
G,G,G,G,G,Y,3.0
G,G,G,G,G,Y,2.5
G,G,G,G,G,G,3.0
G,G,G,G,G,G,3.5
G,G,G,G,G,G,4.0
G,G,G,G,G,G,4.5
G,G,G,G,G,G,5.0
G,G,G,G,G,G,5.5
G,G,G,G,G,G,6.0
G,G,G,G,G,G,6.5
G,G,G,O,G,G,5.0
G,G,G,O,O,O,3.5
Y,G,G,O,O,O,2.0
Y,Y,G,O,O,O,0.5
Y,Y,G,O,O,O,0.0
Y,Y,G,G,O,O,0.0
Y,Y,G,G,O,O,0.0
Y,Y,Y,G,O,O,0.0
Y,Y,Y,G,G,O,0.0
Y,Y,Y,G,G,O,0.0
Y,Y,Y,G,G,O,0.0
Y,Y,Y,G,G,O,0.0
Y,Y,Y,G,G,O,0.0
Y,Y,Y,G,G,G,1.0
Y,Y,Y,G,G,O,0
Y,Y,Y,G,G,O,0.0
Y,Y,Y,G,G,G,1.0
Y,Y,Y,Y,G,O,0
Y,Y,Y,G,G,O,0.0
Y,Y,Y,G,G,O,0.0
Y,Y,Y,G,G,G,1.0
Y,Y,Y,Y,G,O,0
Y,Y,Y,Y,G,O,0.0
Y,Y,Y,G,G,O,0.0
Y,Y,Y,G,G,G,1.0
Y,Y,Y,G,G,O,0
Y,Y,Y,G,G,O,0.0
Y,Y,Y,G,G,O,0.0
Y,Y,Y,G,G,O,0.0
Y,Y,Y,G,G,O,0.0
Y,Y,Y,G,G,G,1.0
Y,Y,Y,G,G,O,0
Y,Y,Y,G,G,O,0.0
Y,Y,Y,G,G,O,0.0
Y,Y,Y,G,G,G,1.0
Y,Y,Y,G,G,O,0
Y,Y,Y,G,G,O,0.0
Y,Y,Y,G,G,G,1.0
Y,Y,G,G,G,O,0
Y,Y,G,G,G,O,0.0
Y,Y,G,G,G,O,0.0
Y,Y,G,G,G,O,0.0
Y,Y,G,G,G,G,1.0
Y,Y,G,G,G,O,0
Y,Y,G,G,G,O,0.0
Y,Y,G,G,G,O,0.0
Y,Y,G,G,G,O,0.0
Y,Y,G,G,G,G,1.0
Y,G,G,G,G,O,0
Y,G,G,G,G,O,0.0
Y,Y,G,G,G,O,0.0
Y,G,G,G,G,O,0.0
Y,G,G,G,G,O,0.0
Y,G,G,G,G,G,1.0
G,G,G,G,G,O,0
Y,G,G,G,G,G,1.0
Y,G,G,G,G,G,0.5
G,G,G,G,G,O,0.0
Y,G,G,G,G,G,1.0
Y,G,G,G,G,G,0.5
G,G,G,G,G,O,0.0
Y,G,G,G,G,G,1.0
Y,G,G,G,G,G,0.5
G,G,G,G,G,G,2.0
G,G,G,G,G,G,2.5
G,G,G,G,G,G,3.0
G,G,G,G,G,G,3.5
G,G,G,G,G,Y,3.0
G,G,G,G,G,G,3.5
G,G,G,G,G,G,4.0
Y,G,G,G,G,G,3.5
G,G,G,G,G,G,4.0
G,G,G,G,G,G,4.5
G,G,G,G,G,Y,4.0
G,G,G,G,G,G,4.5
G,G,G,G,G,G,5.0
G,G,G,G,G,G,5.5
G,G,G,G,G,G,6.0
G,G,G,G,G,G,6.5
G,G,G,G,G,G,7.0
G,G,G,G,G,Y,6.5
G,G,G,G,G,G,7.0
G,G,G,G,G,G,7.5
G,G,G,G,G,G,8.0
Y,G,G,G,G,G,7.5
Y,G,G,G,G,G,7.0
G,G,G,G,G,G,7.5
G,G,G,G,G,G,8.0
G,G,G,G,G,G,8.5
Y,G,G,G,G,G,8.0
G,G,G,G,G,G,8.5
Y,G,G,G,G,G,8.0
G,G,G,G,G,Y,7.5
G,G,G,G,G,G,8.0
G,G,G,G,G,G,8.5
G,G,G,G,G,G,9.0
G,G,G,G,G,G,9.5
G,G,G,G,G,Y,9.0
G,G,G,G,G,Y,8.5
G,G,G,G,G,G,9.0
G,G,G,G,G,Y,8.5
G,G,G,G,G,Y,8.0
G,G,G,G,G,Y,7.5
G,G,G,G,Y,Y,7.0
G,G,G,G,Y,Y,6.5
G,G,G,G,Y,Y,6.0
G,G,G,G,G,Y,5.5
G,G,G,G,G,Y,5.0
G,G,G,G,G,Y,4.5
G,G,G,G,G,G,5.0
G,G,G,G,G,G,5.5
G,G,G,G,G,G,6.0
G,G,G,G,G,G,6.5
G,G,G,G,G,G,7.0
G,G,G,G,G,G,7.5
G,G,G,G,G,G,8.0
G,G,G,G,G,Y,7.5
G,G,G,G,G,G,8.0
G,G,G,G,Y,Y,7.5
G,G,G,G,G,G,8.0
G,G,G,G,G,Y,7.5
G,G,G,G,G,G,8.0
G,G,G,G,G,Y,7.5
G,G,G,G,G,G,8.0
G,G,G,G,G,G,8.5
G,G,G,G,G,Y,8.0
G,G,G,G,G,G,8.5
G,G,G,G,G,G,9.0
G,G,G,G,B,G,7.0
G,G,G,G,G,B,5.0
Y,Y,G,G,G,G,4.5
Y,G,G,G,G,G,4.0
G,G,G,G,G,G,4.5
G,G,G,G,G,G,5.0
G,G,G,G,G,G,5.5
G,G,G,G,G,G,6.0
G,G,G,G,G,G,6.5
G,G,G,G,G,G,7.0
G,G,G,G,G,G,7.5
G,G,G,G,G,G,8.0
G,G,G,G,G,G,8.5
G,G,G,G,G,G,9.0
G,G,G,G,G,G,9.5
G,G,G,G,G,G,10.0
G,G,G,G,G,G,10
G,G,G,G,G,Y,9.5
G,G,G,G,G,G,10.0
O,O,O,G,G,G,8.5
O,G,Y,Y,Y,Y,7.0
Y,Y,Y,R,R,R,8.5
Y,R,R,R,R,R,10
R,R,R,R,R,R,2
R,R,R,R,R,R,2
R,R,R,R,R,R,2
R,R,R,R,R,R,2
R,R,R,R,R,R,2
R,R,R,R,R,R,2
R,R,R,R,R,R,2
R,R,R,R,R,R,2
R,R,R,R,R,R,2
R,R,Y,R,R,R,2
R,Y,Y,Y,R,R,2
Y,Y,Y,Y,Y,R,2
Y,Y,Y,Y,Y,R,2
Y,Y,Y,Y,Y,Y,1.93
Y,Y,Y,Y,Y,Y,0.9
Y,Y,Y,Y,Y,Y,-0.6
Y,Y,Y,Y,Y,R,3.0
Y,G,G,Y,Y,Y,3.5
G,G,G,Y,Y,Y,3.0
G,G,G,G,Y,Y,2.5
G,G,G,G,G,Y,2.0
G,G,G,G,G,G,2.5
G,G,G,G,G,G,3.0
G,G,G,G,G,G,3.5
G,G,G,G,G,G,4.0
G,G,G,G,G,G,4.5
G,G,G,G,G,G,5.0
G,G,G,G,G,G,5.5
G,G,Y,Y,G,G,6.0
G,Y,Y,Y,Y,G,5.5
Y,Y,Y,Y,Y,G,4.0
Y,Y,Y,Y,Y,G,2.5
Y,Y,Y,Y,G,G,2.0
Y,Y,Y,Y,G,G,1.5
Y,Y,Y,G,G,G,1.0
Y,Y,G,G,G,G,0.5
Y,G,G,G,G,G,1.0
Y,G,G,G,G,G,0.5
G,G,G,G,G,G,2.0
G,G,G,G,G,G,2.5
G,G,G,G,G,G,3.0
G,G,G,G,G,G,3.5
G,G,G,G,G,G,4.0
G,G,G,G,G,G,4.5
G,G,G,G,Y,Y,4.0
G,G,G,G,G,Y,3.5
G,G,G,G,G,Y,3.0
G,G,G,G,G,G,3.5
G,G,G,G,G,G,4.0
G,G,G,G,G,Y,3.5
G,G,G,G,Y,Y,3.0
G,G,G,G,G,G,3.5
G,G,G,G,G,G,4.0
G,G,G,G,G,Y,3.5
G,G,G,G,G,G,4.0
G,G,G,G,G,Y,3.5
G,G,G,G,G,Y,3.0
G,G,G,G,G,G,3.5
G,G,G,G,G,G,4.0
G,G,G,G,G,Y,3.5
G,G,G,G,G,Y,3.0
G,G,G,G,G,G,3.5
G,G,G,G,G,G,4.0
G,O,G,G,G,Y,2.5
O,O,G,G,Y,Y,1.0
O,O,G,G,Y,Y,0
O,O,G,G,Y,Y,0.0
O,O,G,G,Y,Y,0.0
O,O,G,G,Y,Y,0.0
O,O,G,G,Y,Y,0.0
O,O,G,G,Y,Y,0.0
O,O,G,G,Y,Y,0.0
O,O,G,G,Y,Y,0.0
O,O,G,Y,Y,Y,0.0
O,O,O,Y,Y,Y,0.0
O,O,O,Y,Y,Y,0.0
O,O,O,Y,Y,Y,0.0
O,O,G,Y,Y,Y,0.0
O,O,G,Y,Y,Y,0.0
O,O,G,Y,Y,Y,0.0
O,O,Y,Y,Y,Y,0.0
O,O,Y,Y,Y,Y,0.0
O,G,Y,Y,Y,Y,0.0
O,G,Y,Y,Y,Y,0.0
O,G,Y,Y,Y,Y,0.0
O,Y,Y,Y,Y,Y,-1.0
G,Y,Y,Y,Y,Y,0.0
G,Y,Y,Y,Y,Y,0.0
Y,Y,Y,Y,Y,Y,0.0
Y,Y,Y,Y,Y,Y,0.0
Y,Y,Y,Y,Y,Y,0.0
Y,Y,Y,Y,Y,Y,0.0
Y,Y,Y,Y,Y,Y,0.0
Y,Y,Y,Y,Y,Y,0.0
Y,Y,Y,Y,Y,Y,0.0
Y,Y,Y,Y,Y,Y,0.0
R,R,Y,Y,Y,G,3.0
R,R,R,Y,Y,G,4.5
R,R,R,Y,Y,Y,5.0
R,R,R,R,Y,Y,6.5
R,R,R,R,R,Y,8.0
R,R,R,R,R,R,9.5
R,R,R,R,R,R,2
R,R,R,R,R,R,2
R,R,R,R,R,R,2
R,R,R,R,R,R,2
R,R,R,R,R,R,2
R,R,R,R,R,R,2
R,R,R,R,R,R,2
R,R,R,R,R,R,2
R,R,R,R,R,R,2
R,R,R,R,R,R,2
R,R,R,R,R,R,2
R,R,R,R,R,R,2
R,R,R,R,R,R,2
R,R,R,R,R,R,2
R,R,R,R,R,R,2
R,R,R,R,R,R,2
R,R,R,R,R,R,2
R,R,R,R,R,R,2
R,R,R,R,R,R,2
R,R,R,R,R,R,2
R,R,R,R,R,R,2
R,R,R,R,R,R,2
R,R,R,R,R,R,2
R,R,R,R,R,R,2
R,R,R,R,R,R,2
R,R,R,R,R,R,2
R,R,R,R,R,R,2
R,R,R,R,R,R,2
R,R,R,R,R,R,2
R,R,R,R,R,R,2
R,R,R,R,R,R,2
R,R,R,R,R,R,2
R,R,R,R,R,R,2
R,R,R,R,R,R,2
R,R,R,R,R,R,2
R,R,R,R,R,R,2
R,R,R,R,R,R,2
R,R,R,R,R,R,2
R,R,R,R,R,R,2
R,R,R,R,R,R,2
R,R,R,R,R,R,2
R,R,R,R,R,R,2
R,R,R,R,R,R,2
R,R,R,R,R,R,2
R,R,R,R,R,R,2
R,R,R,R,R,R,2
R,R,R,R,R,R,2
R,R,R,R,R,R,2
R,R,R,R,R,R,2
R,R,R,R,R,R,2
R,R,R,R,R,R,2
R,R,R,R,R,R,2
R,R,R,R,R,R,2
R,R,R,R,R,R,2
R,R,R,R,R,R,2
R,R,R,R,R,R,2
R,R,R,R,R,R,2
R,R,R,R,R,R,2
R,R,R,R,R,R,2
R,R,R,R,R,R,2
R,R,R,R,R,R,2
R,R,R,R,R,R,2
R,R,R,R,R,R,2
R,R,R,R,R,R,2
R,R,R,R,R,R,2
R,R,R,R,R,R,2
R,R,R,R,R,R,2
R,R,R,R,R,R,2
R,R,R,R,R,R,2
R,R,R,R,R,R,2
R,R,R,R,R,R,2
R,R,R,R,R,R,2
R,R,R,R,R,R,2
R,R,R,R,R,R,2
R,R,R,R,R,R,2
R,R,R,R,R,R,2
R,R,R,R,R,R,2
R,R,R,R,R,R,2
R,R,R,R,R,R,2
R,R,R,R,R,R,2
R,R,R,R,R,R,2
R,R,R,R,R,R,2
R,R,R,R,R,R,2
R,R,R,R,R,R,2
R,R,R,R,R,R,2
R,R,R,R,R,R,2
R,R,R,R,R,R,2
R,R,R,R,R,R,2
R,R,R,R,R,R,2
R,R,R,R,R,R,2
R,R,R,R,R,R,2
R,R,R,R,R,R,2
R,R,R,R,R,R,2
R,R,R,R,R,R,2
R,R,R,R,R,R,2
R,R,R,R,R,R,2
R,R,R,R,R,R,2
R,R,R,R,R,R,2
R,R,R,R,R,R,2
R,R,R,R,R,R,2
R,R,R,R,R,R,2
R,R,R,R,R,R,2
R,R,R,R,R,R,2
R,R,R,R,R,R,2
R,R,R,R,R,R,2
R,R,R,R,R,R,2
R,R,R,R,R,R,2
R,R,R,R,R,R,2
R,R,R,R,R,R,2
R,R,R,R,R,R,2
Y,R,R,R,R,R,2
Y,R,R,R,R,R,2
Y,Y,R,R,R,R,4.97
Y,Y,Y,Y,R,R,6.47
G,G,G,Y,Y,R,6.97
G,G,G,G,Y,Y,6.47
G,G,G,G,Y,Y,5.97
G,G,G,G,G,G,6.47
G,G,G,G,G,G,6.97
G,G,G,G,G,G,7.47
G,Y,G,G,G,G,6.97
Y,Y,Y,G,G,G,6.47
Y,Y,Y,G,G,G,5.97
Y,Y,Y,G,G,G,5.47
Y,Y,G,G,G,G,4.97
Y,Y,Y,G,G,G,4.47
Y,G,G,G,G,G,3.97
Y,G,G,G,G,G,3.47
Y,G,G,G,G,G,2.97
G,G,G,G,G,G,3.47
G,G,G,G,G,G,3.97
G,G,G,G,G,G,4.47
G,G,G,G,G,G,4.97
G,G,G,G,G,Y,4.47
G,G,G,G,G,Y,3.97
G,G,G,G,G,G,4.47
G,G,G,G,G,G,4.97
G,G,G,G,G,G,5.47
G,G,G,G,G,G,5.97
G,G,G,G,G,G,6.47
G,G,G,G,G,G,6.97
G,G,G,G,G,G,7.47
G,G,G,G,G,G,7.97
G,G,G,G,G,Y,7.47
G,G,G,G,G,Y,6.97
G,G,G,G,G,G,7.47
G,G,G,G,G,G,7.97
G,G,G,G,G,Y,7.47
G,G,G,G,G,Y,6.97
G,G,G,G,G,Y,6.47
G,G,G,G,G,G,6.97
G,G,G,G,G,G,7.47
G,G,G,G,G,Y,6.97
G,G,G,G,Y,Y,6.47
G,G,G,G,G,G,6.97
G,G,G,G,G,Y,6.47
G,G,G,G,G,G,6.97
Y,G,G,G,G,G,6.47
G,G,G,G,G,G,6.97
G,G,G,G,G,G,7.47
Y,G,G,G,G,G,6.97
Y,G,G,G,G,G,6.47
Y,G,G,G,G,G,5.97
Y,G,G,G,G,G,5.47
Y,G,G,G,G,G,4.97
Y,G,G,G,G,G,4.47
G,G,G,G,G,G,4.97
Y,G,G,G,G,G,4.47
Y,G,G,G,G,B,2.97
Y,Y,G,G,G,B,1.47
Y,Y,Y,G,G,B,0
Y,Y,G,G,G,B,0.0
Y,Y,G,G,B,B,0.0
Y,Y,G,G,B,B,0.0
Y,G,G,G,B,B,0.0
Y,Y,G,B,B,G,0.0
Y,G,G,B,B,B,0.0
Y,G,G,B,B,G,0.0
Y,G,G,B,B,G,0.0
Y,G,G,B,B,G,0.0
Y,G,G,B,B,G,0.0
G,G,G,B,B,G,0
Y,G,G,B,B,B,0.0
G,G,G,B,B,G,0
Y,G,G,B,B,B,0.0
G,G,G,B,B,G,0
Y,G,G,G,B,B,0.0
G,G,G,B,B,G,0
Y,G,G,G,B,B,0.0
G,G,G,B,B,G,0
G,G,G,G,B,B,0
Y,G,G,G,B,B,0.0
G,G,G,G,B,B,0
Y,G,G,G,B,B,0.0
G,G,G,G,B,B,0
Y,G,G,G,G,G,1.0
G,G,G,G,B,B,0
Y,G,G,G,G,G,1.0
G,G,G,G,G,B,0
Y,G,G,G,G,G,1.0
G,G,G,G,G,B,0
Y,G,G,G,G,G,1.0
G,G,G,G,G,B,0
Y,G,G,G,G,G,1.0
G,G,G,G,G,G,1.5
G,G,G,G,G,G,2.0
G,G,G,G,G,G,2.5
G,G,G,G,G,G,3.0
G,G,G,G,G,G,3.5
G,G,G,G,G,Y,3.0
G,G,G,G,G,G,3.5
G,G,G,G,G,G,4.0
G,G,G,G,G,G,4.5
G,G,G,G,G,G,5.0
G,G,G,G,G,G,5.5
G,G,G,G,G,G,6.0
G,G,G,G,G,Y,5.5
G,G,G,G,G,Y,5.0
G,G,G,G,G,Y,4.5
G,G,G,G,G,Y,4.0
G,G,G,G,G,Y,3.5
G,G,G,G,G,Y,3.0
G,G,G,G,G,G,3.5
G,G,G,G,G,Y,3.0
G,G,G,G,G,G,3.5
G,G,G,G,G,G,4.0
Y,G,G,G,G,G,3.5
G,G,G,G,G,G,4.0
G,G,G,G,G,G,4.5
G,G,G,G,G,G,5.0
G,G,G,G,G,G,5.5
G,G,G,G,G,Y,5.0
G,G,G,G,G,Y,4.5
G,G,G,G,G,G,5.0
G,B,G,G,G,G,3.0
B,G,G,Y,Y,Y,1.5
G,G,G,Y,Y,Y,1.0
B,G,G,Y,Y,Y,0
B,G,G,Y,Y,Y,0.0
B,G,G,Y,Y,Y,0.0
B,G,Y,Y,Y,Y,0.0
B,G,Y,Y,Y,Y,0.0
B,G,G,Y,Y,Y,0.0
G,G,G,Y,Y,Y,1.0
B,G,G,Y,Y,Y,0
B,G,G,G,Y,Y,0.0
B,G,G,Y,Y,Y,0.0
B,G,G,Y,Y,Y,0.0
B,G,G,Y,Y,Y,0.0
B,G,G,Y,Y,Y,0.0
G,G,G,Y,Y,Y,1.0
B,G,G,G,Y,Y,0
B,G,G,G,Y,Y,0.0
B,G,G,G,Y,Y,0.0
B,G,G,Y,Y,Y,0.0
B,G,G,Y,Y,Y,0.0
B,G,G,Y,Y,Y,0.0
B,G,Y,Y,Y,Y,0.0
B,G,G,Y,Y,Y,0.0
G,G,G,Y,Y,Y,1.0
G,G,G,G,Y,Y,0.5
G,G,G,G,Y,Y,1.0
G,G,G,G,G,Y,0.5
G,G,G,G,G,G,2.0
G,G,G,G,G,G,2.5
G,G,G,G,G,G,3.0
G,G,G,G,G,Y,2.5
G,G,G,G,G,G,3.0
G,G,G,G,G,G,3.5
G,G,G,G,G,Y,3.0
G,G,G,G,G,G,3.5
G,G,G,G,G,Y,3.0
G,G,G,G,G,Y,2.5
G,G,G,G,G,G,3.0
G,G,G,G,G,G,3.5
G,G,G,G,G,G,4.0
G,G,G,G,G,G,4.5
G,G,G,B,G,Y,3.0
G,G,B,B,B,G,1.0
G,G,B,B,B,G,0
G,G,B,B,G,Y,0.0
G,G,B,B,G,Y,0.0
G,G,B,B,B,Y,0.0
G,G,B,B,B,Y,0.0
G,G,B,B,B,Y,0.0
G,G,B,B,B,Y,0.0
G,G,B,B,B,Y,0.0
G,G,G,B,B,Y,0.0
G,G,G,B,B,B,0
G,G,G,G,B,Y,0.0
G,G,G,G,G,B,0
G,G,G,G,G,B,0
G,G,G,G,G,B,0
G,G,G,G,G,G,2.0
G,G,G,G,G,G,2.5
G,G,G,G,G,G,3.0
G,G,G,G,G,G,3.5
G,Y,Y,G,G,G,3.0
Y,Y,Y,G,G,G,2.5
Y,Y,Y,G,G,G,2.0
Y,Y,Y,G,G,G,1.5
Y,Y,Y,G,G,G,1.0
Y,Y,Y,G,G,G,0.5
Y,Y,G,G,G,G,1.0
Y,Y,G,G,G,G,0.5
Y,G,G,G,G,G,1.0
Y,G,G,G,G,B,0
Y,G,G,G,G,B,0.0
G,G,G,G,B,B,0
G,G,G,G,G,B,0
Y,G,G,G,G,B,0.0
G,G,G,G,G,B,0
Y,G,G,G,G,B,0.0
G,G,G,G,G,B,0
Y,G,G,G,G,B,0.0
G,G,G,G,G,B,0
G,G,G,G,G,B,0
Y,G,G,G,G,G,1.0
G,G,G,G,G,G,1.5
G,G,G,G,G,G,2.0
G,G,G,G,G,G,2.5
G,G,G,G,G,G,3.0
G,G,G,G,G,G,3.5
G,G,G,G,G,G,4.0
G,G,G,G,G,G,4.5
G,G,G,G,G,Y,4.0
G,G,G,G,G,Y,3.5
G,G,G,G,G,Y,3.0
G,G,G,G,G,Y,2.5
G,G,G,G,G,G,3.0
G,G,G,G,G,G,3.5
G,G,G,G,G,G,4.0
G,G,G,G,G,G,4.5
G,G,G,G,G,G,5.0
G,G,G,G,G,G,5.5
G,G,G,G,G,G,6.0
G,G,G,G,G,G,6.5
G,G,G,O,G,G,5.0
G,G,G,O,O,O,3.5
Y,G,G,O,O,O,2.0
Y,Y,G,O,O,O,0.5
Y,Y,G,O,O,O,0.0
Y,Y,G,G,O,O,0.0
Y,Y,G,G,O,O,0.0
Y,Y,Y,G,O,O,0.0
Y,Y,Y,G,G,O,0.0
Y,Y,Y,G,G,O,0.0
Y,Y,Y,G,G,O,0.0
Y,Y,Y,G,G,O,0.0
Y,Y,Y,G,G,O,0.0
Y,Y,Y,G,G,G,1.0
Y,Y,Y,G,G,O,0
Y,Y,Y,G,G,O,0.0
Y,Y,Y,G,G,G,1.0
Y,Y,Y,Y,G,O,0
Y,Y,Y,G,G,O,0.0
Y,Y,Y,G,G,O,0.0
Y,Y,Y,G,G,G,1.0
Y,Y,Y,Y,G,O,0
Y,Y,Y,Y,G,O,0.0
Y,Y,Y,G,G,O,0.0
Y,Y,Y,G,G,G,1.0
Y,Y,Y,G,G,O,0
Y,Y,Y,G,G,O,0.0
Y,Y,Y,G,G,O,0.0
Y,Y,Y,G,G,O,0.0
Y,Y,Y,G,G,O,0.0
Y,Y,Y,G,G,G,1.0
Y,Y,Y,G,G,O,0
Y,Y,Y,G,G,O,0.0
Y,Y,Y,G,G,O,0.0
Y,Y,Y,G,G,G,1.0
Y,Y,Y,G,G,O,0
Y,Y,Y,G,G,O,0.0
Y,Y,Y,G,G,G,1.0
Y,Y,G,G,G,O,0
Y,Y,G,G,G,O,0.0
Y,Y,G,G,G,O,0.0
Y,Y,G,G,G,O,0.0
Y,Y,G,G,G,G,1.0
Y,Y,G,G,G,O,0
Y,Y,G,G,G,O,0.0
Y,Y,G,G,G,O,0.0
Y,Y,G,G,G,O,0.0
Y,Y,G,G,G,G,1.0
Y,G,G,G,G,O,0
Y,G,G,G,G,O,0.0
Y,Y,G,G,G,O,0.0
Y,G,G,G,G,O,0.0
Y,G,G,G,G,O,0.0
Y,G,G,G,G,G,1.0
G,G,G,G,G,O,0
Y,G,G,G,G,G,1.0
Y,G,G,G,G,G,0.5
G,G,G,G,G,O,0.0
Y,G,G,G,G,G,1.0
Y,G,G,G,G,G,0.5
G,G,G,G,G,O,0.0
Y,G,G,G,G,G,1.0
Y,G,G,G,G,G,0.5
G,G,G,G,G,G,2.0
G,G,G,G,G,G,2.5
G,G,G,G,G,G,3.0
G,G,G,G,G,G,3.5
G,G,G,G,G,Y,3.0
G,G,G,G,G,G,3.5
G,G,G,G,G,G,4.0
Y,G,G,G,G,G,3.5
G,G,G,G,G,G,4.0
G,G,G,G,G,G,4.5
G,G,G,G,G,Y,4.0
G,G,G,G,G,G,4.5
G,G,G,G,G,G,5.0
G,G,G,G,G,G,5.5
G,G,G,G,G,G,6.0
G,G,G,G,G,G,6.5
G,G,G,G,G,G,7.0
G,G,G,G,G,Y,6.5
G,G,G,G,G,G,7.0
G,G,G,G,G,G,7.5
G,G,G,G,G,G,8.0
Y,G,G,G,G,G,7.5
Y,G,G,G,G,G,7.0
G,G,G,G,G,G,7.5
G,G,G,G,G,G,8.0
G,G,G,G,G,G,8.5
Y,G,G,G,G,G,8.0
G,G,G,G,G,G,8.5
Y,G,G,G,G,G,8.0
G,G,G,G,G,Y,7.5
G,G,G,G,G,G,8.0
G,G,G,G,G,G,8.5
G,G,G,G,G,G,9.0
G,G,G,G,G,G,9.5
G,G,G,G,G,Y,9.0
G,G,G,G,G,Y,8.5
G,G,G,G,G,G,9.0
G,G,G,G,G,Y,8.5
G,G,G,G,G,Y,8.0
G,G,G,G,G,Y,7.5
G,G,G,G,Y,Y,7.0
G,G,G,G,Y,Y,6.5
G,G,G,G,Y,Y,6.0
G,G,G,G,G,Y,5.5
G,G,G,G,G,Y,5.0
G,G,G,G,G,Y,4.5
G,G,G,G,G,G,5.0
G,G,G,G,G,G,5.5
G,G,G,G,G,G,6.0
G,G,G,G,G,G,6.5
G,G,G,G,G,G,7.0
G,G,G,G,G,G,7.5
G,G,G,G,G,G,8.0
G,G,G,G,G,Y,7.5
G,G,G,G,G,G,8.0
G,G,G,G,Y,Y,7.5
G,G,G,G,G,G,8.0
G,G,G,G,G,Y,7.5
G,G,G,G,G,G,8.0
G,G,G,G,G,Y,7.5
G,G,G,G,G,G,8.0
G,G,G,G,G,G,8.5
G,G,G,G,G,Y,8.0
G,G,G,G,G,G,8.5
G,G,G,G,G,G,9.0
G,G,G,G,B,G,7.0
G,G,G,G,G,B,5.0
Y,Y,G,G,G,G,4.5
Y,G,G,G,G,G,4.0
G,G,G,G,G,G,4.5
G,G,G,G,G,G,5.0
G,G,G,G,G,G,5.5
G,G,G,G,G,G,6.0
G,G,G,G,G,G,6.5
G,G,G,G,G,G,7.0
G,G,G,G,G,G,7.5
G,G,G,G,G,G,8.0
G,G,G,G,G,G,8.5
G,G,G,G,G,G,9.0
G,G,G,G,G,G,9.5
G,G,G,G,G,G,10.0
G,G,G,G,G,G,10
G,G,G,G,G,Y,9.5
G,G,G,G,G,G,10.0
O,O,O,G,G,G,8.5
O,G,Y,Y,Y,Y,7.0
Y,Y,Y,R,R,R,8.5
Y,R,R,R,R,R,10
R,R,R,R,R,R,2
R,R,R,R,R,R,2
R,R,R,R,R,R,2
R,R,R,R,R,R,2
R,R,R,R,R,R,2
R,R,R,R,R,R,2
R,R,R,R,R,R,2
R,R,R,R,R,R,2
R,R,R,R,R,R,2
R,R,Y,R,R,R,2
R,Y,Y,Y,R,R,2
Y,Y,Y,Y,Y,R,2
Y,Y,Y,Y,Y,R,2
Y,Y,Y,Y,Y,Y,1.93
Y,Y,Y,Y,Y,Y,0.9
Y,Y,Y,Y,Y,Y,-0.6
Y,Y,Y,Y,Y,R,3.0
Y,G,G,Y,Y,Y,3.5
G,G,G,Y,Y,Y,3.0
G,G,G,G,Y,Y,2.5
G,G,G,G,G,Y,2.0
G,G,G,G,G,G,2.5
G,G,G,G,G,G,3.0
G,G,G,G,G,G,3.5
G,G,G,G,G,G,4.0
G,G,G,G,G,G,4.5
G,G,G,G,G,G,5.0
G,G,G,G,G,G,5.5
G,G,Y,Y,G,G,6.0
G,Y,Y,Y,Y,G,5.5
Y,Y,Y,Y,Y,G,4.0
Y,Y,Y,Y,Y,G,2.5
Y,Y,Y,Y,G,G,2.0
Y,Y,Y,Y,G,G,1.5
Y,Y,Y,G,G,G,1.0
Y,Y,G,G,G,G,0.5
Y,G,G,G,G,G,1.0
Y,G,G,G,G,G,0.5
G,G,G,G,G,G,2.0
G,G,G,G,G,G,2.5
G,G,G,G,G,G,3.0
G,G,G,G,G,G,3.5
G,G,G,G,G,G,4.0
G,G,G,G,G,G,4.5
G,G,G,G,Y,Y,4.0
G,G,G,G,G,Y,3.5
G,G,G,G,G,Y,3.0
G,G,G,G,G,G,3.5
G,G,G,G,G,G,4.0
G,G,G,G,G,Y,3.5
G,G,G,G,Y,Y,3.0
G,G,G,G,G,G,3.5
G,G,G,G,G,G,4.0
G,G,G,G,G,Y,3.5
G,G,G,G,G,G,4.0
G,G,G,G,G,Y,3.5
G,G,G,G,G,Y,3.0
G,G,G,G,G,G,3.5
G,G,G,G,G,G,4.0
G,G,G,G,G,Y,3.5
G,G,G,G,G,Y,3.0
G,G,G,G,G,G,3.5
G,G,G,G,G,G,4.0
G,O,G,G,G,Y,2.5
O,O,G,G,Y,Y,1.0
O,O,G,G,Y,Y,0
O,O,G,G,Y,Y,0.0
O,O,G,G,Y,Y,0.0
O,O,G,G,Y,Y,0.0
O,O,G,G,Y,Y,0.0
O,O,G,G,Y,Y,0.0
O,O,G,G,Y,Y,0.0
O,O,G,G,Y,Y,0.0
O,O,G,Y,Y,Y,0.0
O,O,O,Y,Y,Y,0.0
O,O,O,Y,Y,Y,0.0
O,O,O,Y,Y,Y,0.0
O,O,G,Y,Y,Y,0.0
O,O,G,Y,Y,Y,0.0
O,O,G,Y,Y,Y,0.0
O,O,Y,Y,Y,Y,0.0
O,O,Y,Y,Y,Y,0.0
O,G,Y,Y,Y,Y,0.0
O,G,Y,Y,Y,Y,0.0
O,G,Y,Y,Y,Y,0.0
O,Y,Y,Y,Y,Y,-1.0
G,Y,Y,Y,Y,Y,0.0
G,Y,Y,Y,Y,Y,0.0
Y,Y,Y,Y,Y,Y,0.0
Y,Y,Y,Y,Y,Y,0.0
Y,Y,Y,Y,Y,Y,0.0
Y,Y,Y,Y,Y,Y,0.0
Y,Y,Y,Y,Y,Y,0.0
Y,Y,Y,Y,Y,Y,0.0
Y,Y,Y,Y,Y,Y,0.0
Y,Y,Y,Y,Y,Y,0.0
R,R,Y,Y,Y,G,3.0
R,R,R,Y,Y,G,4.5
R,R,R,Y,Y,Y,5.0
R,R,R,R,Y,Y,6.5
R,R,R,R,R,Y,8.0
R,R,R,R,R,R,9.5
R,R,R,R,R,R,2
R,R,R,R,R,R,2
R,R,R,R,R,R,2
R,R,R,R,R,R,2
R,R,R,R,R,R,2
R,R,R,R,R,R,2
R,R,R,R,R,R,2
R,R,R,R,R,R,2
R,R,R,R,R,R,2
R,R,R,R,R,R,2
R,R,R,R,R,R,2
R,R,R,R,R,R,2
R,R,R,R,R,R,2
R,R,R,R,R,R,2
R,R,R,R,R,R,2
R,R,R,R,R,R,2
R,R,R,R,R,R,2
R,R,R,R,R,R,2
R,R,R,R,R,R,2
R,R,R,R,R,R,2
R,R,R,R,R,R,2
R,R,R,R,R,R,2
R,R,R,R,R,R,2
R,R,R,R,R,R,2
R,R,R,R,R,R,2
R,R,R,R,R,R,2
R,R,R,R,R,R,2
R,R,R,R,R,R,2
R,R,R,R,R,R,2
R,R,R,R,R,R,2
R,R,R,R,R,R,2
R,R,R,R,R,R,2
R,R,R,R,R,R,2
R,R,R,R,R,R,2
R,R,R,R,R,R,2
R,R,R,R,R,R,2
R,R,R,R,R,R,2
R,R,R,R,R,R,2
R,R,R,R,R,R,2
R,R,R,R,R,R,2
R,R,R,R,R,R,2
R,R,R,R,R,R,2
R,R,R,R,R,R,2
R,R,R,R,R,R,2
R,R,R,R,R,R,2
R,R,R,R,R,R,2
R,R,R,R,R,R,2
R,R,R,R,R,R,2
R,R,R,R,R,R,2
R,R,R,R,R,R,2
R,R,R,R,R,R,2
R,R,R,R,R,R,2
R,R,R,R,R,R,2
R,R,R,R,R,R,2
R,R,R,R,R,R,2
R,R,R,R,R,R,2
R,R,R,R,R,R,2
R,R,R,R,R,R,2
R,R,R,R,R,R,2
R,R,R,R,R,R,2
R,R,R,R,R,R,2
R,R,R,R,R,R,2
R,R,R,R,R,R,2
R,R,R,R,R,R,2
R,R,R,R,R,R,2
R,R,R,R,R,R,2
R,R,R,R,R,R,2
R,R,R,R,R,R,2
R,R,R,R,R,R,2
R,R,R,R,R,R,2
R,R,R,R,R,R,2
R,R,R,R,R,R,2
R,R,R,R,R,R,2
R,R,R,R,R,R,2
R,R,R,R,R,R,2
R,R,R,R,R,R,2
R,R,R,R,R,R,2
R,R,R,R,R,R,2
R,R,R,R,R,R,2
R,R,R,R,R,R,2
R,R,R,R,R,R,2
R,R,R,R,R,R,2
R,R,R,R,R,R,2
R,R,R,R,R,R,2
R,R,R,R,R,R,2
R,R,R,R,R,R,2
R,R,R,R,R,R,2
R,R,R,R,R,R,2
R,R,R,R,R,R,2
R,R,R,R,R,R,2
R,R,R,R,R,R,2
R,R,R,R,R,R,2
R,R,R,R,R,R,2
R,R,R,R,R,R,2
R,R,R,R,R,R,2
R,R,R,R,R,R,2
R,R,R,R,R,R,2
R,R,R,R,R,R,2
R,R,R,R,R,R,2
R,R,R,R,R,R,2
R,R,R,R,R,R,2
R,R,R,R,R,R,2
R,R,R,R,R,R,2
R,R,R,R,R,R,2
R,R,R,R,R,R,2
R,R,R,R,R,R,2
R,R,R,R,R,R,2
R,R,R,R,R,R,2
R,R,R,R,R,R,2
R,R,R,R,R,R,2
Y,R,R,R,R,R,2
Y,R,R,R,R,R,2
Y,Y,R,R,R,R,4.97
Y,Y,Y,Y,R,R,6.47
G,G,G,Y,Y,R,6.97
G,G,G,G,Y,Y,6.47
G,G,G,G,Y,Y,5.97
G,G,G,G,G,G,6.47
G,G,G,G,G,G,6.97
G,G,G,G,G,G,7.47
G,Y,G,G,G,G,6.97
Y,Y,Y,G,G,G,6.47
Y,Y,Y,G,G,G,5.97
Y,Y,Y,G,G,G,5.47
Y,Y,G,G,G,G,4.97
Y,Y,Y,G,G,G,4.47
Y,G,G,G,G,G,3.97
Y,G,G,G,G,G,3.47
Y,G,G,G,G,G,2.97
G,G,G,G,G,G,3.47
G,G,G,G,G,G,3.97
G,G,G,G,G,G,4.47
G,G,G,G,G,G,4.97
G,G,G,G,G,Y,4.47
G,G,G,G,G,Y,3.97
G,G,G,G,G,G,4.47
G,G,G,G,G,G,4.97
G,G,G,G,G,G,5.47
G,G,G,G,G,G,5.97
G,G,G,G,G,G,6.47
G,G,G,G,G,G,6.97
G,G,G,G,G,G,7.47
G,G,G,G,G,G,7.97
G,G,G,G,G,Y,7.47
G,G,G,G,G,Y,6.97
G,G,G,G,G,G,7.47
G,G,G,G,G,G,7.97
G,G,G,G,G,Y,7.47
G,G,G,G,G,Y,6.97
G,G,G,G,G,Y,6.47
G,G,G,G,G,G,6.97
G,G,G,G,G,G,7.47
G,G,G,G,G,Y,6.97
G,G,G,G,Y,Y,6.47
G,G,G,G,G,G,6.97
G,G,G,G,G,Y,6.47
G,G,G,G,G,G,6.97
Y,G,G,G,G,G,6.47
G,G,G,G,G,G,6.97
G,G,G,G,G,G,7.47
Y,G,G,G,G,G,6.97
Y,G,G,G,G,G,6.47
Y,G,G,G,G,G,5.97
Y,G,G,G,G,G,5.47
Y,G,G,G,G,G,4.97
Y,G,G,G,G,G,4.47
G,G,G,G,G,G,4.97
Y,G,G,G,G,G,4.47
Y,G,G,G,G,B,2.97
Y,Y,G,G,G,B,1.47
Y,Y,Y,G,G,B,0
Y,Y,G,G,G,B,0.0
Y,Y,G,G,B,B,0.0
Y,Y,G,G,B,B,0.0
Y,G,G,G,B,B,0.0
Y,Y,G,B,B,G,0.0
Y,G,G,B,B,B,0.0
Y,G,G,B,B,G,0.0
Y,G,G,B,B,G,0.0
Y,G,G,B,B,G,0.0
Y,G,G,B,B,G,0.0
G,G,G,B,B,G,0
Y,G,G,B,B,B,0.0
G,G,G,B,B,G,0
Y,G,G,B,B,B,0.0
G,G,G,B,B,G,0
Y,G,G,G,B,B,0.0
G,G,G,B,B,G,0
Y,G,G,G,B,B,0.0
G,G,G,B,B,G,0
G,G,G,G,B,B,0
Y,G,G,G,B,B,0.0
G,G,G,G,B,B,0
Y,G,G,G,B,B,0.0
G,G,G,G,B,B,0
Y,G,G,G,G,G,1.0
G,G,G,G,B,B,0
Y,G,G,G,G,G,1.0
G,G,G,G,G,B,0
Y,G,G,G,G,G,1.0
G,G,G,G,G,B,0
Y,G,G,G,G,G,1.0
G,G,G,G,G,B,0
Y,G,G,G,G,G,1.0
G,G,G,G,G,G,1.5
G,G,G,G,G,G,2.0
G,G,G,G,G,G,2.5
G,G,G,G,G,G,3.0
G,G,G,G,G,G,3.5
G,G,G,G,G,Y,3.0
G,G,G,G,G,G,3.5
G,G,G,G,G,G,4.0
G,G,G,G,G,G,4.5
G,G,G,G,G,G,5.0
G,G,G,G,G,G,5.5
G,G,G,G,G,G,6.0
G,G,G,G,G,Y,5.5
G,G,G,G,G,Y,5.0
G,G,G,G,G,Y,4.5
G,G,G,G,G,Y,4.0
G,G,G,G,G,Y,3.5
G,G,G,G,G,Y,3.0
G,G,G,G,G,G,3.5
G,G,G,G,G,Y,3.0
G,G,G,G,G,G,3.5
G,G,G,G,G,G,4.0
Y,G,G,G,G,G,3.5
G,G,G,G,G,G,4.0
G,G,G,G,G,G,4.5
G,G,G,G,G,G,5.0
G,G,G,G,G,G,5.5
G,G,G,G,G,Y,5.0
G,G,G,G,G,Y,4.5
G,G,G,G,G,G,5.0
G,B,G,G,G,G,3.0
B,G,G,Y,Y,Y,1.5
G,G,G,Y,Y,Y,1.0
B,G,G,Y,Y,Y,0
B,G,G,Y,Y,Y,0.0
B,G,G,Y,Y,Y,0.0
B,G,Y,Y,Y,Y,0.0
B,G,Y,Y,Y,Y,0.0
B,G,G,Y,Y,Y,0.0
G,G,G,Y,Y,Y,1.0
B,G,G,Y,Y,Y,0
B,G,G,G,Y,Y,0.0
B,G,G,Y,Y,Y,0.0
B,G,G,Y,Y,Y,0.0
B,G,G,Y,Y,Y,0.0
B,G,G,Y,Y,Y,0.0
G,G,G,Y,Y,Y,1.0
B,G,G,G,Y,Y,0
B,G,G,G,Y,Y,0.0
B,G,G,G,Y,Y,0.0
B,G,G,Y,Y,Y,0.0
B,G,G,Y,Y,Y,0.0
B,G,G,Y,Y,Y,0.0
B,G,Y,Y,Y,Y,0.0
B,G,G,Y,Y,Y,0.0
G,G,G,Y,Y,Y,1.0
G,G,G,G,Y,Y,0.5
G,G,G,G,Y,Y,1.0
G,G,G,G,G,Y,0.5
G,G,G,G,G,G,2.0
G,G,G,G,G,G,2.5
G,G,G,G,G,G,3.0
G,G,G,G,G,Y,2.5
G,G,G,G,G,G,3.0
G,G,G,G,G,G,3.5
G,G,G,G,G,Y,3.0
G,G,G,G,G,G,3.5
G,G,G,G,G,Y,3.0
G,G,G,G,G,Y,2.5
G,G,G,G,G,G,3.0
G,G,G,G,G,G,3.5
G,G,G,G,G,G,4.0
G,G,G,G,G,G,4.5
G,G,G,B,G,Y,3.0
G,G,B,B,B,G,1.0
G,G,B,B,B,G,0
G,G,B,B,G,Y,0.0
G,G,B,B,G,Y,0.0
G,G,B,B,B,Y,0.0
G,G,B,B,B,Y,0.0
G,G,B,B,B,Y,0.0
G,G,B,B,B,Y,0.0
G,G,B,B,B,Y,0.0
G,G,G,B,B,Y,0.0
G,G,G,B,B,B,0
G,G,G,G,B,Y,0.0
G,G,G,G,G,B,0
G,G,G,G,G,B,0
G,G,G,G,G,B,0
G,G,G,G,G,G,2.0
G,G,G,G,G,G,2.5
G,G,G,G,G,G,3.0
G,G,G,G,G,G,3.5
G,Y,Y,G,G,G,3.0
Y,Y,Y,G,G,G,2.5
Y,Y,Y,G,G,G,2.0
Y,Y,Y,G,G,G,1.5
Y,Y,Y,G,G,G,1.0
Y,Y,Y,G,G,G,0.5
Y,Y,G,G,G,G,1.0
Y,Y,G,G,G,G,0.5
Y,G,G,G,G,G,1.0
Y,G,G,G,G,B,0
Y,G,G,G,G,B,0.0
G,G,G,G,B,B,0
G,G,G,G,G,B,0
Y,G,G,G,G,B,0.0
G,G,G,G,G,B,0
Y,G,G,G,G,B,0.0
G,G,G,G,G,B,0
Y,G,G,G,G,B,0.0
G,G,G,G,G,B,0
G,G,G,G,G,B,0
Y,G,G,G,G,G,1.0
G,G,G,G,G,G,1.5
G,G,G,G,G,G,2.0
G,G,G,G,G,G,2.5
G,G,G,G,G,G,3.0
G,G,G,G,G,G,3.5
G,G,G,G,G,G,4.0
G,G,G,G,G,G,4.5
G,G,G,G,G,Y,4.0
G,G,G,G,G,Y,3.5
G,G,G,G,G,Y,3.0
G,G,G,G,G,Y,2.5
G,G,G,G,G,G,3.0
G,G,G,G,G,G,3.5
G,G,G,G,G,G,4.0
G,G,G,G,G,G,4.5
G,G,G,G,G,G,5.0
G,G,G,G,G,G,5.5
G,G,G,G,G,G,6.0
G,G,G,G,G,G,6.5
G,G,G,O,G,G,5.0
G,G,G,O,O,O,3.5
Y,G,G,O,O,O,2.0
Y,Y,G,O,O,O,0.5
Y,Y,G,O,O,O,0.0
Y,Y,G,G,O,O,0.0
Y,Y,G,G,O,O,0.0
Y,Y,Y,G,O,O,0.0
Y,Y,Y,G,G,O,0.0
Y,Y,Y,G,G,O,0.0
Y,Y,Y,G,G,O,0.0
Y,Y,Y,G,G,O,0.0
Y,Y,Y,G,G,O,0.0
Y,Y,Y,G,G,G,1.0
Y,Y,Y,G,G,O,0
Y,Y,Y,G,G,O,0.0
Y,Y,Y,G,G,G,1.0
Y,Y,Y,Y,G,O,0
Y,Y,Y,G,G,O,0.0
Y,Y,Y,G,G,O,0.0
Y,Y,Y,G,G,G,1.0
Y,Y,Y,Y,G,O,0
Y,Y,Y,Y,G,O,0.0
Y,Y,Y,G,G,O,0.0
Y,Y,Y,G,G,G,1.0
Y,Y,Y,G,G,O,0
Y,Y,Y,G,G,O,0.0
Y,Y,Y,G,G,O,0.0
Y,Y,Y,G,G,O,0.0
Y,Y,Y,G,G,O,0.0
Y,Y,Y,G,G,G,1.0
Y,Y,Y,G,G,O,0
Y,Y,Y,G,G,O,0.0
Y,Y,Y,G,G,O,0.0
Y,Y,Y,G,G,G,1.0
Y,Y,Y,G,G,O,0
Y,Y,Y,G,G,O,0.0
Y,Y,Y,G,G,G,1.0
Y,Y,G,G,G,O,0
Y,Y,G,G,G,O,0.0
Y,Y,G,G,G,O,0.0
Y,Y,G,G,G,O,0.0
Y,Y,G,G,G,G,1.0
Y,Y,G,G,G,O,0
Y,Y,G,G,G,O,0.0
Y,Y,G,G,G,O,0.0
Y,Y,G,G,G,O,0.0
Y,Y,G,G,G,G,1.0
Y,G,G,G,G,O,0
Y,G,G,G,G,O,0.0
Y,Y,G,G,G,O,0.0
Y,G,G,G,G,O,0.0
Y,G,G,G,G,O,0.0
Y,G,G,G,G,G,1.0
G,G,G,G,G,O,0
Y,G,G,G,G,G,1.0
Y,G,G,G,G,G,0.5
G,G,G,G,G,O,0.0
Y,G,G,G,G,G,1.0
Y,G,G,G,G,G,0.5
G,G,G,G,G,O,0.0
Y,G,G,G,G,G,1.0
Y,G,G,G,G,G,0.5
G,G,G,G,G,G,2.0
G,G,G,G,G,G,2.5
G,G,G,G,G,G,3.0
G,G,G,G,G,G,3.5
G,G,G,G,G,Y,3.0
G,G,G,G,G,G,3.5
G,G,G,G,G,G,4.0
Y,G,G,G,G,G,3.5
G,G,G,G,G,G,4.0
G,G,G,G,G,G,4.5
G,G,G,G,G,Y,4.0
G,G,G,G,G,G,4.5
G,G,G,G,G,G,5.0
G,G,G,G,G,G,5.5
G,G,G,G,G,G,6.0
G,G,G,G,G,G,6.5
G,G,G,G,G,G,7.0
G,G,G,G,G,Y,6.5
G,G,G,G,G,G,7.0
G,G,G,G,G,G,7.5
G,G,G,G,G,G,8.0
Y,G,G,G,G,G,7.5
Y,G,G,G,G,G,7.0
G,G,G,G,G,G,7.5
G,G,G,G,G,G,8.0
G,G,G,G,G,G,8.5
Y,G,G,G,G,G,8.0
G,G,G,G,G,G,8.5
Y,G,G,G,G,G,8.0
G,G,G,G,G,Y,7.5
G,G,G,G,G,G,8.0
G,G,G,G,G,G,8.5
G,G,G,G,G,G,9.0
G,G,G,G,G,G,9.5
G,G,G,G,G,Y,9.0
G,G,G,G,G,Y,8.5
G,G,G,G,G,G,9.0
G,G,G,G,G,Y,8.5
G,G,G,G,G,Y,8.0
G,G,G,G,G,Y,7.5
G,G,G,G,Y,Y,7.0
G,G,G,G,Y,Y,6.5
G,G,G,G,Y,Y,6.0
G,G,G,G,G,Y,5.5
G,G,G,G,G,Y,5.0
G,G,G,G,G,Y,4.5
G,G,G,G,G,G,5.0
G,G,G,G,G,G,5.5
G,G,G,G,G,G,6.0
G,G,G,G,G,G,6.5
G,G,G,G,G,G,7.0
G,G,G,G,G,G,7.5
G,G,G,G,G,G,8.0
G,G,G,G,G,Y,7.5
G,G,G,G,G,G,8.0
G,G,G,G,Y,Y,7.5
G,G,G,G,G,G,8.0
G,G,G,G,G,Y,7.5
G,G,G,G,G,G,8.0
G,G,G,G,G,Y,7.5
G,G,G,G,G,G,8.0
G,G,G,G,G,G,8.5
G,G,G,G,G,Y,8.0
G,G,G,G,G,G,8.5
G,G,G,G,G,G,9.0
G,G,G,G,B,G,7.0
G,G,G,G,G,B,5.0
Y,Y,G,G,G,G,4.5
Y,G,G,G,G,G,4.0
G,G,G,G,G,G,4.5
G,G,G,G,G,G,5.0
G,G,G,G,G,G,5.5
G,G,G,G,G,G,6.0
G,G,G,G,G,G,6.5
G,G,G,G,G,G,7.0
G,G,G,G,G,G,7.5
G,G,G,G,G,G,8.0
G,G,G,G,G,G,8.5
G,G,G,G,G,G,9.0
G,G,G,G,G,G,9.5
G,G,G,G,G,G,10.0
G,G,G,G,G,G,10
G,G,G,G,G,Y,9.5
G,G,G,G,G,G,10.0
O,O,O,G,G,G,8.5
O,G,Y,Y,Y,Y,7.0
Y,Y,Y,R,R,R,8.5
Y,R,R,R,R,R,10
R,R,R,R,R,R,2
R,R,R,R,R,R,2
R,R,R,R,R,R,2
R,R,R,R,R,R,2
R,R,R,R,R,R,2
R,R,R,R,R,R,2
R,R,R,R,R,R,2
R,R,R,R,R,R,2
R,R,R,R,R,R,2
R,R,Y,R,R,R,2
R,Y,Y,Y,R,R,2
Y,Y,Y,Y,Y,R,2
Y,Y,Y,Y,Y,R,2
Y,Y,Y,Y,Y,Y,1.93
Y,Y,Y,Y,Y,Y,0.9
Y,Y,Y,Y,Y,Y,-0.6
Y,Y,Y,Y,Y,R,3.0
Y,G,G,Y,Y,Y,3.5
G,G,G,Y,Y,Y,3.0
G,G,G,G,Y,Y,2.5
G,G,G,G,G,Y,2.0
G,G,G,G,G,G,2.5
G,G,G,G,G,G,3.0
G,G,G,G,G,G,3.5
G,G,G,G,G,G,4.0
G,G,G,G,G,G,4.5
G,G,G,G,G,G,5.0
G,G,G,G,G,G,5.5
G,G,Y,Y,G,G,6.0
G,Y,Y,Y,Y,G,5.5
Y,Y,Y,Y,Y,G,4.0
Y,Y,Y,Y,Y,G,2.5
Y,Y,Y,Y,G,G,2.0
Y,Y,Y,Y,G,G,1.5
Y,Y,Y,G,G,G,1.0
Y,Y,G,G,G,G,0.5
Y,G,G,G,G,G,1.0
Y,G,G,G,G,G,0.5
G,G,G,G,G,G,2.0
G,G,G,G,G,G,2.5
G,G,G,G,G,G,3.0
G,G,G,G,G,G,3.5
G,G,G,G,G,G,4.0
G,G,G,G,G,G,4.5
G,G,G,G,Y,Y,4.0
G,G,G,G,G,Y,3.5
G,G,G,G,G,Y,3.0
G,G,G,G,G,G,3.5
G,G,G,G,G,G,4.0
G,G,G,G,G,Y,3.5
G,G,G,G,Y,Y,3.0
G,G,G,G,G,G,3.5
G,G,G,G,G,G,4.0
G,G,G,G,G,Y,3.5
G,G,G,G,G,G,4.0
G,G,G,G,G,Y,3.5
G,G,G,G,G,Y,3.0
G,G,G,G,G,G,3.5
G,G,G,G,G,G,4.0
G,G,G,G,G,Y,3.5
G,G,G,G,G,Y,3.0
G,G,G,G,G,G,3.5
G,G,G,G,G,G,4.0
G,O,G,G,G,Y,2.5
O,O,G,G,Y,Y,1.0
O,O,G,G,Y,Y,0
O,O,G,G,Y,Y,0.0
O,O,G,G,Y,Y,0.0
O,O,G,G,Y,Y,0.0
O,O,G,G,Y,Y,0.0
O,O,G,G,Y,Y,0.0
O,O,G,G,Y,Y,0.0
O,O,G,G,Y,Y,0.0
O,O,G,Y,Y,Y,0.0
O,O,O,Y,Y,Y,0.0
O,O,O,Y,Y,Y,0.0
O,O,O,Y,Y,Y,0.0
O,O,G,Y,Y,Y,0.0
O,O,G,Y,Y,Y,0.0
O,O,G,Y,Y,Y,0.0
O,O,Y,Y,Y,Y,0.0
O,O,Y,Y,Y,Y,0.0
O,G,Y,Y,Y,Y,0.0
O,G,Y,Y,Y,Y,0.0
O,G,Y,Y,Y,Y,0.0
O,Y,Y,Y,Y,Y,-1.0
G,Y,Y,Y,Y,Y,0.0
G,Y,Y,Y,Y,Y,0.0
Y,Y,Y,Y,Y,Y,0.0
Y,Y,Y,Y,Y,Y,0.0
Y,Y,Y,Y,Y,Y,0.0
Y,Y,Y,Y,Y,Y,0.0
Y,Y,Y,Y,Y,Y,0.0
Y,Y,Y,Y,Y,Y,0.0
Y,Y,Y,Y,Y,Y,0.0
Y,Y,Y,Y,Y,Y,0.0
R,R,Y,Y,Y,G,3.0
R,R,R,Y,Y,G,4.5
R,R,R,Y,Y,Y,5.0
R,R,R,R,Y,Y,6.5
R,R,R,R,R,Y,8.0
R,R,R,R,R,R,9.5
R,R,R,R,R,R,2
R,R,R,R,R,R,2
R,R,R,R,R,R,2
R,R,R,R,R,R,2
R,R,R,R,R,R,2
R,R,R,R,R,R,2
R,R,R,R,R,R,2
R,R,R,R,R,R,2
R,R,R,R,R,R,2
R,R,R,R,R,R,2
R,R,R,R,R,R,2
R,R,R,R,R,R,2
R,R,R,R,R,R,2
R,R,R,R,R,R,2
R,R,R,R,R,R,2
R,R,R,R,R,R,2
R,R,R,R,R,R,2
R,R,R,R,R,R,2
R,R,R,R,R,R,2
R,R,R,R,R,R,2
R,R,R,R,R,R,2
R,R,R,R,R,R,2
R,R,R,R,R,R,2
R,R,R,R,R,R,2
R,R,R,R,R,R,2
R,R,R,R,R,R,2
R,R,R,R,R,R,2
R,R,R,R,R,R,2
R,R,R,R,R,R,2
R,R,R,R,R,R,2
R,R,R,R,R,R,2
R,R,R,R,R,R,2
R,R,R,R,R,R,2
R,R,R,R,R,R,2
R,R,R,R,R,R,2
R,R,R,R,R,R,2
R,R,R,R,R,R,2
R,R,R,R,R,R,2
R,R,R,R,R,R,2
R,R,R,R,R,R,2
R,R,R,R,R,R,2
R,R,R,R,R,R,2
R,R,R,R,R,R,2
R,R,R,R,R,R,2
R,R,R,R,R,R,2
R,R,R,R,R,R,2
R,R,R,R,R,R,2
R,R,R,R,R,R,2
R,R,R,R,R,R,2
R,R,R,R,R,R,2
R,R,R,R,R,R,2
R,R,R,R,R,R,2
R,R,R,R,R,R,2
R,R,R,R,R,R,2
R,R,R,R,R,R,2
R,R,R,R,R,R,2
R,R,R,R,R,R,2
R,R,R,R,R,R,2
R,R,R,R,R,R,2
R,R,R,R,R,R,2
R,R,R,R,R,R,2
R,R,R,R,R,R,2
R,R,R,R,R,R,2
R,R,R,R,R,R,2
R,R,R,R,R,R,2
R,R,R,R,R,R,2
R,R,R,R,R,R,2
R,R,R,R,R,R,2
R,R,R,R,R,R,2
R,R,R,R,R,R,2
R,R,R,R,R,R,2
R,R,R,R,R,R,2
R,R,R,R,R,R,2
R,R,R,R,R,R,2
R,R,R,R,R,R,2
R,R,R,R,R,R,2
R,R,R,R,R,R,2
R,R,R,R,R,R,2
R,R,R,R,R,R,2
R,R,R,R,R,R,2
R,R,R,R,R,R,2
R,R,R,R,R,R,2
R,R,R,R,R,R,2
R,R,R,R,R,R,2
R,R,R,R,R,R,2
R,R,R,R,R,R,2
R,R,R,R,R,R,2
R,R,R,R,R,R,2
R,R,R,R,R,R,2
R,R,R,R,R,R,2
R,R,R,R,R,R,2
R,R,R,R,R,R,2
R,R,R,R,R,R,2
R,R,R,R,R,R,2
R,R,R,R,R,R,2
R,R,R,R,R,R,2
R,R,R,R,R,R,2
R,R,R,R,R,R,2
R,R,R,R,R,R,2
R,R,R,R,R,R,2
R,R,R,R,R,R,2
R,R,R,R,R,R,2
R,R,R,R,R,R,2
R,R,R,R,R,R,2
R,R,R,R,R,R,2
R,R,R,R,R,R,2
R,R,R,R,R,R,2
R,R,R,R,R,R,2
R,R,R,R,R,R,2
R,R,R,R,R,R,2
Y,R,R,R,R,R,2
Y,R,R,R,R,R,2
Y,Y,R,R,R,R,4.97
Y,Y,Y,Y,R,R,6.47
G,G,G,Y,Y,R,6.97
G,G,G,G,Y,Y,6.47
G,G,G,G,Y,Y,5.97
G,G,G,G,G,G,6.47
G,G,G,G,G,G,6.97
G,G,G,G,G,G,7.47
G,Y,G,G,G,G,6.97
Y,Y,Y,G,G,G,6.47
Y,Y,Y,G,G,G,5.97
Y,Y,Y,G,G,G,5.47
Y,Y,G,G,G,G,4.97
Y,Y,Y,G,G,G,4.47
Y,G,G,G,G,G,3.97
Y,G,G,G,G,G,3.47
Y,G,G,G,G,G,2.97
G,G,G,G,G,G,3.47
G,G,G,G,G,G,3.97
G,G,G,G,G,G,4.47
G,G,G,G,G,G,4.97
G,G,G,G,G,Y,4.47
G,G,G,G,G,Y,3.97
G,G,G,G,G,G,4.47
G,G,G,G,G,G,4.97
G,G,G,G,G,G,5.47
G,G,G,G,G,G,5.97
G,G,G,G,G,G,6.47
G,G,G,G,G,G,6.97
G,G,G,G,G,G,7.47
G,G,G,G,G,G,7.97
G,G,G,G,G,Y,7.47
G,G,G,G,G,Y,6.97
G,G,G,G,G,G,7.47
G,G,G,G,G,G,7.97
G,G,G,G,G,Y,7.47
G,G,G,G,G,Y,6.97
G,G,G,G,G,Y,6.47
G,G,G,G,G,G,6.97
G,G,G,G,G,G,7.47
G,G,G,G,G,Y,6.97
G,G,G,G,Y,Y,6.47
G,G,G,G,G,G,6.97
G,G,G,G,G,Y,6.47
G,G,G,G,G,G,6.97
Y,G,G,G,G,G,6.47
G,G,G,G,G,G,6.97
G,G,G,G,G,G,7.47
Y,G,G,G,G,G,6.97
Y,G,G,G,G,G,6.47
Y,G,G,G,G,G,5.97
Y,G,G,G,G,G,5.47
Y,G,G,G,G,G,4.97
Y,G,G,G,G,G,4.47
G,G,G,G,G,G,4.97
Y,G,G,G,G,G,4.47
Y,G,G,G,G,B,2.97
Y,Y,G,G,G,B,1.47
Y,Y,Y,G,G,B,0
Y,Y,G,G,G,B,0.0
Y,Y,G,G,B,B,0.0
Y,Y,G,G,B,B,0.0
Y,G,G,G,B,B,0.0
Y,Y,G,B,B,G,0.0
Y,G,G,B,B,B,0.0
Y,G,G,B,B,G,0.0
Y,G,G,B,B,G,0.0
Y,G,G,B,B,G,0.0
Y,G,G,B,B,G,0.0
G,G,G,B,B,G,0
Y,G,G,B,B,B,0.0
G,G,G,B,B,G,0
Y,G,G,B,B,B,0.0
G,G,G,B,B,G,0
Y,G,G,G,B,B,0.0
G,G,G,B,B,G,0
Y,G,G,G,B,B,0.0
G,G,G,B,B,G,0
G,G,G,G,B,B,0
Y,G,G,G,B,B,0.0
G,G,G,G,B,B,0
Y,G,G,G,B,B,0.0
G,G,G,G,B,B,0
Y,G,G,G,G,G,1.0
G,G,G,G,B,B,0
Y,G,G,G,G,G,1.0
G,G,G,G,G,B,0
Y,G,G,G,G,G,1.0
G,G,G,G,G,B,0
Y,G,G,G,G,G,1.0
G,G,G,G,G,B,0
Y,G,G,G,G,G,1.0
G,G,G,G,G,G,1.5
G,G,G,G,G,G,2.0
G,G,G,G,G,G,2.5
G,G,G,G,G,G,3.0
G,G,G,G,G,G,3.5
G,G,G,G,G,Y,3.0
G,G,G,G,G,G,3.5
G,G,G,G,G,G,4.0
G,G,G,G,G,G,4.5
G,G,G,G,G,G,5.0
G,G,G,G,G,G,5.5
G,G,G,G,G,G,6.0
G,G,G,G,G,Y,5.5
G,G,G,G,G,Y,5.0
G,G,G,G,G,Y,4.5
G,G,G,G,G,Y,4.0
G,G,G,G,G,Y,3.5
G,G,G,G,G,Y,3.0
G,G,G,G,G,G,3.5
G,G,G,G,G,Y,3.0
G,G,G,G,G,G,3.5
G,G,G,G,G,G,4.0
Y,G,G,G,G,G,3.5
G,G,G,G,G,G,4.0
G,G,G,G,G,G,4.5
G,G,G,G,G,G,5.0
G,G,G,G,G,G,5.5
G,G,G,G,G,Y,5.0
G,G,G,G,G,Y,4.5
G,G,G,G,G,G,5.0
G,B,G,G,G,G,3.0
B,G,G,Y,Y,Y,1.5
G,G,G,Y,Y,Y,1.0
B,G,G,Y,Y,Y,0
B,G,G,Y,Y,Y,0.0
B,G,G,Y,Y,Y,0.0
B,G,Y,Y,Y,Y,0.0
B,G,Y,Y,Y,Y,0.0
B,G,G,Y,Y,Y,0.0
G,G,G,Y,Y,Y,1.0
B,G,G,Y,Y,Y,0
B,G,G,G,Y,Y,0.0
B,G,G,Y,Y,Y,0.0
B,G,G,Y,Y,Y,0.0
B,G,G,Y,Y,Y,0.0
B,G,G,Y,Y,Y,0.0
G,G,G,Y,Y,Y,1.0
B,G,G,G,Y,Y,0
B,G,G,G,Y,Y,0.0
B,G,G,G,Y,Y,0.0
B,G,G,Y,Y,Y,0.0
B,G,G,Y,Y,Y,0.0
B,G,G,Y,Y,Y,0.0
B,G,Y,Y,Y,Y,0.0
B,G,G,Y,Y,Y,0.0
G,G,G,Y,Y,Y,1.0
G,G,G,G,Y,Y,0.5
G,G,G,G,Y,Y,1.0
G,G,G,G,G,Y,0.5
G,G,G,G,G,G,2.0
G,G,G,G,G,G,2.5
G,G,G,G,G,G,3.0
G,G,G,G,G,Y,2.5
G,G,G,G,G,G,3.0
G,G,G,G,G,G,3.5
G,G,G,G,G,Y,3.0
G,G,G,G,G,G,3.5
G,G,G,G,G,Y,3.0
G,G,G,G,G,Y,2.5
G,G,G,G,G,G,3.0
G,G,G,G,G,G,3.5
G,G,G,G,G,G,4.0
G,G,G,G,G,G,4.5
G,G,G,B,G,Y,3.0
G,G,B,B,B,G,1.0
G,G,B,B,B,G,0
G,G,B,B,G,Y,0.0
G,G,B,B,G,Y,0.0
G,G,B,B,B,Y,0.0
G,G,B,B,B,Y,0.0
G,G,B,B,B,Y,0.0
G,G,B,B,B,Y,0.0
G,G,B,B,B,Y,0.0
G,G,G,B,B,Y,0.0
G,G,G,B,B,B,0
G,G,G,G,B,Y,0.0
G,G,G,G,G,B,0
G,G,G,G,G,B,0
G,G,G,G,G,B,0
G,G,G,G,G,G,2.0
G,G,G,G,G,G,2.5
G,G,G,G,G,G,3.0
G,G,G,G,G,G,3.5
G,Y,Y,G,G,G,3.0
Y,Y,Y,G,G,G,2.5
Y,Y,Y,G,G,G,2.0
Y,Y,Y,G,G,G,1.5
Y,Y,Y,G,G,G,1.0
Y,Y,Y,G,G,G,0.5
Y,Y,G,G,G,G,1.0
Y,Y,G,G,G,G,0.5
Y,G,G,G,G,G,1.0
Y,G,G,G,G,B,0
Y,G,G,G,G,B,0.0
G,G,G,G,B,B,0
G,G,G,G,G,B,0
Y,G,G,G,G,B,0.0
G,G,G,G,G,B,0
Y,G,G,G,G,B,0.0
G,G,G,G,G,B,0
Y,G,G,G,G,B,0.0
G,G,G,G,G,B,0
G,G,G,G,G,B,0
Y,G,G,G,G,G,1.0
G,G,G,G,G,G,1.5
G,G,G,G,G,G,2.0
G,G,G,G,G,G,2.5
G,G,G,G,G,G,3.0
G,G,G,G,G,G,3.5
G,G,G,G,G,G,4.0
G,G,G,G,G,G,4.5
G,G,G,G,G,Y,4.0
G,G,G,G,G,Y,3.5
G,G,G,G,G,Y,3.0
G,G,G,G,G,Y,2.5
G,G,G,G,G,G,3.0
G,G,G,G,G,G,3.5
G,G,G,G,G,G,4.0
G,G,G,G,G,G,4.5
G,G,G,G,G,G,5.0
G,G,G,G,G,G,5.5
G,G,G,G,G,G,6.0
G,G,G,G,G,G,6.5
G,G,G,O,G,G,5.0
G,G,G,O,O,O,3.5
Y,G,G,O,O,O,2.0
Y,Y,G,O,O,O,0.5
Y,Y,G,O,O,O,0.0
Y,Y,G,G,O,O,0.0
Y,Y,G,G,O,O,0.0
Y,Y,Y,G,O,O,0.0
Y,Y,Y,G,G,O,0.0
Y,Y,Y,G,G,O,0.0
Y,Y,Y,G,G,O,0.0
Y,Y,Y,G,G,O,0.0
Y,Y,Y,G,G,O,0.0
Y,Y,Y,G,G,G,1.0
Y,Y,Y,G,G,O,0
Y,Y,Y,G,G,O,0.0
Y,Y,Y,G,G,G,1.0
Y,Y,Y,Y,G,O,0
Y,Y,Y,G,G,O,0.0
Y,Y,Y,G,G,O,0.0
Y,Y,Y,G,G,G,1.0
Y,Y,Y,Y,G,O,0
Y,Y,Y,Y,G,O,0.0
Y,Y,Y,G,G,O,0.0
Y,Y,Y,G,G,G,1.0
Y,Y,Y,G,G,O,0
Y,Y,Y,G,G,O,0.0
Y,Y,Y,G,G,O,0.0
Y,Y,Y,G,G,O,0.0
Y,Y,Y,G,G,O,0.0
Y,Y,Y,G,G,G,1.0
Y,Y,Y,G,G,O,0
Y,Y,Y,G,G,O,0.0
Y,Y,Y,G,G,O,0.0
Y,Y,Y,G,G,G,1.0
Y,Y,Y,G,G,O,0
Y,Y,Y,G,G,O,0.0
Y,Y,Y,G,G,G,1.0
Y,Y,G,G,G,O,0
Y,Y,G,G,G,O,0.0
Y,Y,G,G,G,O,0.0
Y,Y,G,G,G,O,0.0
Y,Y,G,G,G,G,1.0
Y,Y,G,G,G,O,0
Y,Y,G,G,G,O,0.0
Y,Y,G,G,G,O,0.0
Y,Y,G,G,G,O,0.0
Y,Y,G,G,G,G,1.0
Y,G,G,G,G,O,0
Y,G,G,G,G,O,0.0
Y,Y,G,G,G,O,0.0
Y,G,G,G,G,O,0.0
Y,G,G,G,G,O,0.0
Y,G,G,G,G,G,1.0
G,G,G,G,G,O,0
Y,G,G,G,G,G,1.0
Y,G,G,G,G,G,0.5
G,G,G,G,G,O,0.0
Y,G,G,G,G,G,1.0
Y,G,G,G,G,G,0.5
G,G,G,G,G,O,0.0
Y,G,G,G,G,G,1.0
Y,G,G,G,G,G,0.5
G,G,G,G,G,G,2.0
G,G,G,G,G,G,2.5
G,G,G,G,G,G,3.0
G,G,G,G,G,G,3.5
G,G,G,G,G,Y,3.0
G,G,G,G,G,G,3.5
G,G,G,G,G,G,4.0
Y,G,G,G,G,G,3.5
G,G,G,G,G,G,4.0
G,G,G,G,G,G,4.5
G,G,G,G,G,Y,4.0
G,G,G,G,G,G,4.5
G,G,G,G,G,G,5.0
G,G,G,G,G,G,5.5
G,G,G,G,G,G,6.0
G,G,G,G,G,G,6.5
G,G,G,G,G,G,7.0
G,G,G,G,G,Y,6.5
G,G,G,G,G,G,7.0
G,G,G,G,G,G,7.5
G,G,G,G,G,G,8.0
Y,G,G,G,G,G,7.5
Y,G,G,G,G,G,7.0
G,G,G,G,G,G,7.5
G,G,G,G,G,G,8.0
G,G,G,G,G,G,8.5
Y,G,G,G,G,G,8.0
G,G,G,G,G,G,8.5
Y,G,G,G,G,G,8.0
G,G,G,G,G,Y,7.5
G,G,G,G,G,G,8.0
G,G,G,G,G,G,8.5
G,G,G,G,G,G,9.0
G,G,G,G,G,G,9.5
G,G,G,G,G,Y,9.0
G,G,G,G,G,Y,8.5
G,G,G,G,G,G,9.0
G,G,G,G,G,Y,8.5
G,G,G,G,G,Y,8.0
G,G,G,G,G,Y,7.5
G,G,G,G,Y,Y,7.0
G,G,G,G,Y,Y,6.5
G,G,G,G,Y,Y,6.0
G,G,G,G,G,Y,5.5
G,G,G,G,G,Y,5.0
G,G,G,G,G,Y,4.5
G,G,G,G,G,G,5.0
G,G,G,G,G,G,5.5
G,G,G,G,G,G,6.0
G,G,G,G,G,G,6.5
G,G,G,G,G,G,7.0
G,G,G,G,G,G,7.5
G,G,G,G,G,G,8.0
G,G,G,G,G,Y,7.5
G,G,G,G,G,G,8.0
G,G,G,G,Y,Y,7.5
G,G,G,G,G,G,8.0
G,G,G,G,G,Y,7.5
G,G,G,G,G,G,8.0
G,G,G,G,G,Y,7.5
G,G,G,G,G,G,8.0
G,G,G,G,G,G,8.5
G,G,G,G,G,Y,8.0
G,G,G,G,G,G,8.5
G,G,G,G,G,G,9.0
G,G,G,G,B,G,7.0
G,G,G,G,G,B,5.0
Y,Y,G,G,G,G,4.5
Y,G,G,G,G,G,4.0
G,G,G,G,G,G,4.5
G,G,G,G,G,G,5.0
G,G,G,G,G,G,5.5
G,G,G,G,G,G,6.0
G,G,G,G,G,G,6.5
G,G,G,G,G,G,7.0
G,G,G,G,G,G,7.5
G,G,G,G,G,G,8.0
G,G,G,G,G,G,8.5
G,G,G,G,G,G,9.0
G,G,G,G,G,G,9.5
G,G,G,G,G,G,10.0
G,G,G,G,G,G,10
G,G,G,G,G,Y,9.5
G,G,G,G,G,G,10.0
O,O,O,G,G,G,8.5
O,G,Y,Y,Y,Y,7.0
Y,Y,Y,R,R,R,8.5
Y,R,R,R,R,R,10
R,R,R,R,R,R,2
R,R,R,R,R,R,2
R,R,R,R,R,R,2
R,R,R,R,R,R,2
R,R,R,R,R,R,2
R,R,R,R,R,R,2
R,R,R,R,R,R,2
R,R,R,R,R,R,2
R,R,R,R,R,R,2
R,R,Y,R,R,R,2
R,Y,Y,Y,R,R,2
Y,Y,Y,Y,Y,R,2
Y,Y,Y,Y,Y,R,2
Y,Y,Y,Y,Y,Y,1.93
Y,Y,Y,Y,Y,Y,0.9
Y,Y,Y,Y,Y,Y,-0.6
Y,Y,Y,Y,Y,R,3.0
Y,G,G,Y,Y,Y,3.5
G,G,G,Y,Y,Y,3.0
G,G,G,G,Y,Y,2.5
G,G,G,G,G,Y,2.0
G,G,G,G,G,G,2.5
G,G,G,G,G,G,3.0
G,G,G,G,G,G,3.5
G,G,G,G,G,G,4.0
G,G,G,G,G,G,4.5
G,G,G,G,G,G,5.0
G,G,G,G,G,G,5.5
G,G,Y,Y,G,G,6.0
G,Y,Y,Y,Y,G,5.5
Y,Y,Y,Y,Y,G,4.0
Y,Y,Y,Y,Y,G,2.5
Y,Y,Y,Y,G,G,2.0
Y,Y,Y,Y,G,G,1.5
Y,Y,Y,G,G,G,1.0
Y,Y,G,G,G,G,0.5
Y,G,G,G,G,G,1.0
Y,G,G,G,G,G,0.5
G,G,G,G,G,G,2.0
G,G,G,G,G,G,2.5
G,G,G,G,G,G,3.0
G,G,G,G,G,G,3.5
G,G,G,G,G,G,4.0
G,G,G,G,G,G,4.5
G,G,G,G,Y,Y,4.0
G,G,G,G,G,Y,3.5
G,G,G,G,G,Y,3.0
G,G,G,G,G,G,3.5
G,G,G,G,G,G,4.0
G,G,G,G,G,Y,3.5
G,G,G,G,Y,Y,3.0
G,G,G,G,G,G,3.5
G,G,G,G,G,G,4.0
G,G,G,G,G,Y,3.5
G,G,G,G,G,G,4.0
G,G,G,G,G,Y,3.5
G,G,G,G,G,Y,3.0
G,G,G,G,G,G,3.5
G,G,G,G,G,G,4.0
G,G,G,G,G,Y,3.5
G,G,G,G,G,Y,3.0
G,G,G,G,G,G,3.5
G,G,G,G,G,G,4.0
G,O,G,G,G,Y,2.5
O,O,G,G,Y,Y,1.0
O,O,G,G,Y,Y,0
O,O,G,G,Y,Y,0.0
O,O,G,G,Y,Y,0.0
O,O,G,G,Y,Y,0.0
O,O,G,G,Y,Y,0.0
O,O,G,G,Y,Y,0.0
O,O,G,G,Y,Y,0.0
O,O,G,G,Y,Y,0.0
O,O,G,Y,Y,Y,0.0
O,O,O,Y,Y,Y,0.0
O,O,O,Y,Y,Y,0.0
O,O,O,Y,Y,Y,0.0
O,O,G,Y,Y,Y,0.0
O,O,G,Y,Y,Y,0.0
O,O,G,Y,Y,Y,0.0
O,O,Y,Y,Y,Y,0.0
O,O,Y,Y,Y,Y,0.0
O,G,Y,Y,Y,Y,0.0
O,G,Y,Y,Y,Y,0.0
O,G,Y,Y,Y,Y,0.0
O,Y,Y,Y,Y,Y,-1.0
G,Y,Y,Y,Y,Y,0.0
G,Y,Y,Y,Y,Y,0.0
Y,Y,Y,Y,Y,Y,0.0
Y,Y,Y,Y,Y,Y,0.0
Y,Y,Y,Y,Y,Y,0.0
Y,Y,Y,Y,Y,Y,0.0
Y,Y,Y,Y,Y,Y,0.0
Y,Y,Y,Y,Y,Y,0.0
Y,Y,Y,Y,Y,Y,0.0
Y,Y,Y,Y,Y,Y,0.0
R,R,Y,Y,Y,G,3.0
R,R,R,Y,Y,G,4.5
R,R,R,Y,Y,Y,5.0
R,R,R,R,Y,Y,6.5
R,R,R,R,R,Y,8.0
R,R,R,R,R,R,9.5
R,R,R,R,R,R,2
R,R,R,R,R,R,2
R,R,R,R,R,R,2
R,R,R,R,R,R,2
R,R,R,R,R,R,2
R,R,R,R,R,R,2
R,R,R,R,R,R,2
R,R,R,R,R,R,2
R,R,R,R,R,R,2
R,R,R,R,R,R,2
R,R,R,R,R,R,2
R,R,R,R,R,R,2
R,R,R,R,R,R,2
R,R,R,R,R,R,2
R,R,R,R,R,R,2
R,R,R,R,R,R,2
R,R,R,R,R,R,2
R,R,R,R,R,R,2
R,R,R,R,R,R,2
R,R,R,R,R,R,2
R,R,R,R,R,R,2
R,R,R,R,R,R,2
R,R,R,R,R,R,2
R,R,R,R,R,R,2
R,R,R,R,R,R,2
R,R,R,R,R,R,2
R,R,R,R,R,R,2
R,R,R,R,R,R,2
R,R,R,R,R,R,2
R,R,R,R,R,R,2
R,R,R,R,R,R,2
R,R,R,R,R,R,2
R,R,R,R,R,R,2
R,R,R,R,R,R,2
R,R,R,R,R,R,2
R,R,R,R,R,R,2
R,R,R,R,R,R,2
R,R,R,R,R,R,2
R,R,R,R,R,R,2
R,R,R,R,R,R,2
R,R,R,R,R,R,2
R,R,R,R,R,R,2
R,R,R,R,R,R,2
R,R,R,R,R,R,2
R,R,R,R,R,R,2
R,R,R,R,R,R,2
R,R,R,R,R,R,2
R,R,R,R,R,R,2
R,R,R,R,R,R,2
R,R,R,R,R,R,2
R,R,R,R,R,R,2
R,R,R,R,R,R,2
R,R,R,R,R,R,2
R,R,R,R,R,R,2
R,R,R,R,R,R,2
R,R,R,R,R,R,2
R,R,R,R,R,R,2
R,R,R,R,R,R,2
R,R,R,R,R,R,2
R,R,R,R,R,R,2
R,R,R,R,R,R,2
R,R,R,R,R,R,2
R,R,R,R,R,R,2
R,R,R,R,R,R,2
R,R,R,R,R,R,2
R,R,R,R,R,R,2
R,R,R,R,R,R,2
R,R,R,R,R,R,2
R,R,R,R,R,R,2
R,R,R,R,R,R,2
R,R,R,R,R,R,2
R,R,R,R,R,R,2
R,R,R,R,R,R,2
R,R,R,R,R,R,2
R,R,R,R,R,R,2
R,R,R,R,R,R,2
R,R,R,R,R,R,2
R,R,R,R,R,R,2
R,R,R,R,R,R,2
R,R,R,R,R,R,2
R,R,R,R,R,R,2
R,R,R,R,R,R,2
R,R,R,R,R,R,2
R,R,R,R,R,R,2
R,R,R,R,R,R,2
R,R,R,R,R,R,2
R,R,R,R,R,R,2
R,R,R,R,R,R,2
R,R,R,R,R,R,2
R,R,R,R,R,R,2
R,R,R,R,R,R,2
R,R,R,R,R,R,2
R,R,R,R,R,R,2
R,R,R,R,R,R,2
R,R,R,R,R,R,2
R,R,R,R,R,R,2
R,R,R,R,R,R,2
R,R,R,R,R,R,2
R,R,R,R,R,R,2
R,R,R,R,R,R,2
R,R,R,R,R,R,2
R,R,R,R,R,R,2
R,R,R,R,R,R,2
R,R,R,R,R,R,2
R,R,R,R,R,R,2
R,R,R,R,R,R,2
R,R,R,R,R,R,2
R,R,R,R,R,R,2
R,R,R,R,R,R,2
R,R,R,R,R,R,2
Y,R,R,R,R,R,2
Y,R,R,R,R,R,2
Y,Y,R,R,R,R,4.97
Y,Y,Y,Y,R,R,6.47
G,G,G,Y,Y,R,6.97
G,G,G,G,Y,Y,6.47
G,G,G,G,Y,Y,5.97
G,G,G,G,G,G,6.47
G,G,G,G,G,G,6.97
G,G,G,G,G,G,7.47
G,Y,G,G,G,G,6.97
Y,Y,Y,G,G,G,6.47
Y,Y,Y,G,G,G,5.97
Y,Y,Y,G,G,G,5.47
Y,Y,G,G,G,G,4.97
Y,Y,Y,G,G,G,4.47
Y,G,G,G,G,G,3.97
Y,G,G,G,G,G,3.47
Y,G,G,G,G,G,2.97
G,G,G,G,G,G,3.47
G,G,G,G,G,G,3.97
G,G,G,G,G,G,4.47
G,G,G,G,G,G,4.97
G,G,G,G,G,Y,4.47
G,G,G,G,G,Y,3.97
G,G,G,G,G,G,4.47
G,G,G,G,G,G,4.97
G,G,G,G,G,G,5.47
G,G,G,G,G,G,5.97
G,G,G,G,G,G,6.47
G,G,G,G,G,G,6.97
G,G,G,G,G,G,7.47
G,G,G,G,G,G,7.97
G,G,G,G,G,Y,7.47
G,G,G,G,G,Y,6.97
G,G,G,G,G,G,7.47
G,G,G,G,G,G,7.97
G,G,G,G,G,Y,7.47
G,G,G,G,G,Y,6.97
G,G,G,G,G,Y,6.47
G,G,G,G,G,G,6.97
G,G,G,G,G,G,7.47
G,G,G,G,G,Y,6.97
G,G,G,G,Y,Y,6.47
G,G,G,G,G,G,6.97
G,G,G,G,G,Y,6.47
G,G,G,G,G,G,6.97
Y,G,G,G,G,G,6.47
G,G,G,G,G,G,6.97
G,G,G,G,G,G,7.47
Y,G,G,G,G,G,6.97
Y,G,G,G,G,G,6.47
Y,G,G,G,G,G,5.97
Y,G,G,G,G,G,5.47
Y,G,G,G,G,G,4.97
Y,G,G,G,G,G,4.47
G,G,G,G,G,G,4.97
Y,G,G,G,G,G,4.47
Y,G,G,G,G,B,2.97
Y,Y,G,G,G,B,1.47
Y,Y,Y,G,G,B,0
Y,Y,G,G,G,B,0.0
Y,Y,G,G,B,B,0.0
Y,Y,G,G,B,B,0.0
Y,G,G,G,B,B,0.0
Y,Y,G,B,B,G,0.0
Y,G,G,B,B,B,0.0
Y,G,G,B,B,G,0.0
Y,G,G,B,B,G,0.0
Y,G,G,B,B,G,0.0
Y,G,G,B,B,G,0.0
G,G,G,B,B,G,0
Y,G,G,B,B,B,0.0
G,G,G,B,B,G,0
Y,G,G,B,B,B,0.0
G,G,G,B,B,G,0
Y,G,G,G,B,B,0.0
G,G,G,B,B,G,0
Y,G,G,G,B,B,0.0
G,G,G,B,B,G,0
G,G,G,G,B,B,0
Y,G,G,G,B,B,0.0
G,G,G,G,B,B,0
Y,G,G,G,B,B,0.0
G,G,G,G,B,B,0
Y,G,G,G,G,G,1.0
G,G,G,G,B,B,0
Y,G,G,G,G,G,1.0
G,G,G,G,G,B,0
Y,G,G,G,G,G,1.0
G,G,G,G,G,B,0
Y,G,G,G,G,G,1.0
G,G,G,G,G,B,0
Y,G,G,G,G,G,1.0
G,G,G,G,G,G,1.5
G,G,G,G,G,G,2.0
G,G,G,G,G,G,2.5
G,G,G,G,G,G,3.0
G,G,G,G,G,G,3.5
G,G,G,G,G,Y,3.0
G,G,G,G,G,G,3.5
G,G,G,G,G,G,4.0
G,G,G,G,G,G,4.5
G,G,G,G,G,G,5.0
G,G,G,G,G,G,5.5
G,G,G,G,G,G,6.0
G,G,G,G,G,Y,5.5
G,G,G,G,G,Y,5.0
G,G,G,G,G,Y,4.5
G,G,G,G,G,Y,4.0
G,G,G,G,G,Y,3.5
G,G,G,G,G,Y,3.0
G,G,G,G,G,G,3.5
G,G,G,G,G,Y,3.0
G,G,G,G,G,G,3.5
G,G,G,G,G,G,4.0
Y,G,G,G,G,G,3.5
G,G,G,G,G,G,4.0
G,G,G,G,G,G,4.5
G,G,G,G,G,G,5.0
G,G,G,G,G,G,5.5
G,G,G,G,G,Y,5.0
G,G,G,G,G,Y,4.5
G,G,G,G,G,G,5.0
G,B,G,G,G,G,3.0
B,G,G,Y,Y,Y,1.5
G,G,G,Y,Y,Y,1.0
B,G,G,Y,Y,Y,0
B,G,G,Y,Y,Y,0.0
B,G,G,Y,Y,Y,0.0
B,G,Y,Y,Y,Y,0.0
B,G,Y,Y,Y,Y,0.0
B,G,G,Y,Y,Y,0.0
G,G,G,Y,Y,Y,1.0
B,G,G,Y,Y,Y,0
B,G,G,G,Y,Y,0.0
B,G,G,Y,Y,Y,0.0
B,G,G,Y,Y,Y,0.0
B,G,G,Y,Y,Y,0.0
B,G,G,Y,Y,Y,0.0
G,G,G,Y,Y,Y,1.0
B,G,G,G,Y,Y,0
B,G,G,G,Y,Y,0.0
B,G,G,G,Y,Y,0.0
B,G,G,Y,Y,Y,0.0
B,G,G,Y,Y,Y,0.0
B,G,G,Y,Y,Y,0.0
B,G,Y,Y,Y,Y,0.0
B,G,G,Y,Y,Y,0.0
G,G,G,Y,Y,Y,1.0
G,G,G,G,Y,Y,0.5
G,G,G,G,Y,Y,1.0
G,G,G,G,G,Y,0.5
G,G,G,G,G,G,2.0
G,G,G,G,G,G,2.5
G,G,G,G,G,G,3.0
G,G,G,G,G,Y,2.5
G,G,G,G,G,G,3.0
G,G,G,G,G,G,3.5
G,G,G,G,G,Y,3.0
G,G,G,G,G,G,3.5
G,G,G,G,G,Y,3.0
G,G,G,G,G,Y,2.5
G,G,G,G,G,G,3.0
G,G,G,G,G,G,3.5
G,G,G,G,G,G,4.0
G,G,G,G,G,G,4.5
G,G,G,B,G,Y,3.0
G,G,B,B,B,G,1.0
G,G,B,B,B,G,0
G,G,B,B,G,Y,0.0
G,G,B,B,G,Y,0.0
G,G,B,B,B,Y,0.0
G,G,B,B,B,Y,0.0
G,G,B,B,B,Y,0.0
G,G,B,B,B,Y,0.0
G,G,B,B,B,Y,0.0
G,G,G,B,B,Y,0.0
G,G,G,B,B,B,0
G,G,G,G,B,Y,0.0
G,G,G,G,G,B,0
G,G,G,G,G,B,0
G,G,G,G,G,B,0
G,G,G,G,G,G,2.0
G,G,G,G,G,G,2.5
G,G,G,G,G,G,3.0
G,G,G,G,G,G,3.5
G,Y,Y,G,G,G,3.0
Y,Y,Y,G,G,G,2.5
Y,Y,Y,G,G,G,2.0
Y,Y,Y,G,G,G,1.5
Y,Y,Y,G,G,G,1.0
Y,Y,Y,G,G,G,0.5
Y,Y,G,G,G,G,1.0
Y,Y,G,G,G,G,0.5
Y,G,G,G,G,G,1.0
Y,G,G,G,G,B,0
Y,G,G,G,G,B,0.0
G,G,G,G,B,B,0
G,G,G,G,G,B,0
Y,G,G,G,G,B,0.0
G,G,G,G,G,B,0
Y,G,G,G,G,B,0.0
G,G,G,G,G,B,0
Y,G,G,G,G,B,0.0
G,G,G,G,G,B,0
G,G,G,G,G,B,0
Y,G,G,G,G,G,1.0
G,G,G,G,G,G,1.5
G,G,G,G,G,G,2.0
G,G,G,G,G,G,2.5
G,G,G,G,G,G,3.0
G,G,G,G,G,G,3.5
G,G,G,G,G,G,4.0
G,G,G,G,G,G,4.5
G,G,G,G,G,Y,4.0
G,G,G,G,G,Y,3.5
G,G,G,G,G,Y,3.0
G,G,G,G,G,Y,2.5
G,G,G,G,G,G,3.0
G,G,G,G,G,G,3.5
G,G,G,G,G,G,4.0
G,G,G,G,G,G,4.5
G,G,G,G,G,G,5.0
G,G,G,G,G,G,5.5
G,G,G,G,G,G,6.0
G,G,G,G,G,G,6.5
G,G,G,O,G,G,5.0
G,G,G,O,O,O,3.5
Y,G,G,O,O,O,2.0
Y,Y,G,O,O,O,0.5
Y,Y,G,O,O,O,0.0
Y,Y,G,G,O,O,0.0
Y,Y,G,G,O,O,0.0
Y,Y,Y,G,O,O,0.0
Y,Y,Y,G,G,O,0.0
Y,Y,Y,G,G,O,0.0
Y,Y,Y,G,G,O,0.0
Y,Y,Y,G,G,O,0.0
Y,Y,Y,G,G,O,0.0
Y,Y,Y,G,G,G,1.0
Y,Y,Y,G,G,O,0
Y,Y,Y,G,G,O,0.0
Y,Y,Y,G,G,G,1.0
Y,Y,Y,Y,G,O,0
Y,Y,Y,G,G,O,0.0
Y,Y,Y,G,G,O,0.0
Y,Y,Y,G,G,G,1.0
Y,Y,Y,Y,G,O,0
Y,Y,Y,Y,G,O,0.0
Y,Y,Y,G,G,O,0.0
Y,Y,Y,G,G,G,1.0
Y,Y,Y,G,G,O,0
Y,Y,Y,G,G,O,0.0
Y,Y,Y,G,G,O,0.0
Y,Y,Y,G,G,O,0.0
Y,Y,Y,G,G,O,0.0
Y,Y,Y,G,G,G,1.0
Y,Y,Y,G,G,O,0
Y,Y,Y,G,G,O,0.0
Y,Y,Y,G,G,O,0.0
Y,Y,Y,G,G,G,1.0
Y,Y,Y,G,G,O,0
Y,Y,Y,G,G,O,0.0
Y,Y,Y,G,G,G,1.0
Y,Y,G,G,G,O,0
Y,Y,G,G,G,O,0.0
Y,Y,G,G,G,O,0.0
Y,Y,G,G,G,O,0.0
Y,Y,G,G,G,G,1.0
Y,Y,G,G,G,O,0
Y,Y,G,G,G,O,0.0
Y,Y,G,G,G,O,0.0
Y,Y,G,G,G,O,0.0
Y,Y,G,G,G,G,1.0
Y,G,G,G,G,O,0
Y,G,G,G,G,O,0.0
Y,Y,G,G,G,O,0.0
Y,G,G,G,G,O,0.0
Y,G,G,G,G,O,0.0
Y,G,G,G,G,G,1.0
G,G,G,G,G,O,0
Y,G,G,G,G,G,1.0
Y,G,G,G,G,G,0.5
G,G,G,G,G,O,0.0
Y,G,G,G,G,G,1.0
Y,G,G,G,G,G,0.5
G,G,G,G,G,O,0.0
Y,G,G,G,G,G,1.0
Y,G,G,G,G,G,0.5
G,G,G,G,G,G,2.0
G,G,G,G,G,G,2.5
G,G,G,G,G,G,3.0
G,G,G,G,G,G,3.5
G,G,G,G,G,Y,3.0
G,G,G,G,G,G,3.5
G,G,G,G,G,G,4.0
Y,G,G,G,G,G,3.5
G,G,G,G,G,G,4.0
G,G,G,G,G,G,4.5
G,G,G,G,G,Y,4.0
G,G,G,G,G,G,4.5
G,G,G,G,G,G,5.0
G,G,G,G,G,G,5.5
G,G,G,G,G,G,6.0
G,G,G,G,G,G,6.5
G,G,G,G,G,G,7.0
G,G,G,G,G,Y,6.5
G,G,G,G,G,G,7.0
G,G,G,G,G,G,7.5
G,G,G,G,G,G,8.0
Y,G,G,G,G,G,7.5
Y,G,G,G,G,G,7.0
G,G,G,G,G,G,7.5
G,G,G,G,G,G,8.0
G,G,G,G,G,G,8.5
Y,G,G,G,G,G,8.0
G,G,G,G,G,G,8.5
Y,G,G,G,G,G,8.0
G,G,G,G,G,Y,7.5
G,G,G,G,G,G,8.0
G,G,G,G,G,G,8.5
G,G,G,G,G,G,9.0
G,G,G,G,G,G,9.5
G,G,G,G,G,Y,9.0
G,G,G,G,G,Y,8.5
G,G,G,G,G,G,9.0
G,G,G,G,G,Y,8.5
G,G,G,G,G,Y,8.0
G,G,G,G,G,Y,7.5
G,G,G,G,Y,Y,7.0
G,G,G,G,Y,Y,6.5
G,G,G,G,Y,Y,6.0
G,G,G,G,G,Y,5.5
G,G,G,G,G,Y,5.0
G,G,G,G,G,Y,4.5
G,G,G,G,G,G,5.0
G,G,G,G,G,G,5.5
G,G,G,G,G,G,6.0
G,G,G,G,G,G,6.5
G,G,G,G,G,G,7.0
G,G,G,G,G,G,7.5
G,G,G,G,G,G,8.0
G,G,G,G,G,Y,7.5
G,G,G,G,G,G,8.0
G,G,G,G,Y,Y,7.5
G,G,G,G,G,G,8.0
G,G,G,G,G,Y,7.5
G,G,G,G,G,G,8.0
G,G,G,G,G,Y,7.5
G,G,G,G,G,G,8.0
G,G,G,G,G,G,8.5
G,G,G,G,G,Y,8.0
G,G,G,G,G,G,8.5
G,G,G,G,G,G,9.0
G,G,G,G,B,G,7.0
G,G,G,G,G,B,5.0
Y,Y,G,G,G,G,4.5
Y,G,G,G,G,G,4.0
G,G,G,G,G,G,4.5
G,G,G,G,G,G,5.0
G,G,G,G,G,G,5.5
G,G,G,G,G,G,6.0
G,G,G,G,G,G,6.5
G,G,G,G,G,G,7.0
G,G,G,G,G,G,7.5
G,G,G,G,G,G,8.0
G,G,G,G,G,G,8.5
G,G,G,G,G,G,9.0
G,G,G,G,G,G,9.5
G,G,G,G,G,G,10.0
G,G,G,G,G,G,10
G,G,G,G,G,Y,9.5
G,G,G,G,G,G,10.0
O,O,O,G,G,G,8.5
O,G,Y,Y,Y,Y,7.0
Y,Y,Y,R,R,R,8.5
Y,R,R,R,R,R,10
R,R,R,R,R,R,2
R,R,R,R,R,R,2
R,R,R,R,R,R,2
R,R,R,R,R,R,2
R,R,R,R,R,R,2
R,R,R,R,R,R,2
R,R,R,R,R,R,2
R,R,R,R,R,R,2
R,R,R,R,R,R,2
R,R,Y,R,R,R,2
R,Y,Y,Y,R,R,2
Y,Y,Y,Y,Y,R,2
Y,Y,Y,Y,Y,R,2
Y,Y,Y,Y,Y,Y,1.93
Y,Y,Y,Y,Y,Y,0.9
Y,Y,Y,Y,Y,Y,-0.6
Y,Y,Y,Y,Y,R,3.0
Y,G,G,Y,Y,Y,3.5
G,G,G,Y,Y,Y,3.0
G,G,G,G,Y,Y,2.5
G,G,G,G,G,Y,2.0
G,G,G,G,G,G,2.5
G,G,G,G,G,G,3.0
G,G,G,G,G,G,3.5
G,G,G,G,G,G,4.0
G,G,G,G,G,G,4.5
G,G,G,G,G,G,5.0
G,G,G,G,G,G,5.5
G,G,Y,Y,G,G,6.0
G,Y,Y,Y,Y,G,5.5
Y,Y,Y,Y,Y,G,4.0
Y,Y,Y,Y,Y,G,2.5
Y,Y,Y,Y,G,G,2.0
Y,Y,Y,Y,G,G,1.5
Y,Y,Y,G,G,G,1.0
Y,Y,G,G,G,G,0.5
Y,G,G,G,G,G,1.0
Y,G,G,G,G,G,0.5
G,G,G,G,G,G,2.0
G,G,G,G,G,G,2.5
G,G,G,G,G,G,3.0
G,G,G,G,G,G,3.5
G,G,G,G,G,G,4.0
G,G,G,G,G,G,4.5
G,G,G,G,Y,Y,4.0
G,G,G,G,G,Y,3.5
G,G,G,G,G,Y,3.0
G,G,G,G,G,G,3.5
G,G,G,G,G,G,4.0
G,G,G,G,G,Y,3.5
G,G,G,G,Y,Y,3.0
G,G,G,G,G,G,3.5
G,G,G,G,G,G,4.0
G,G,G,G,G,Y,3.5
G,G,G,G,G,G,4.0
G,G,G,G,G,Y,3.5
G,G,G,G,G,Y,3.0
G,G,G,G,G,G,3.5
G,G,G,G,G,G,4.0
G,G,G,G,G,Y,3.5
G,G,G,G,G,Y,3.0
G,G,G,G,G,G,3.5
G,G,G,G,G,G,4.0
G,O,G,G,G,Y,2.5
O,O,G,G,Y,Y,1.0
O,O,G,G,Y,Y,0
O,O,G,G,Y,Y,0.0
O,O,G,G,Y,Y,0.0
O,O,G,G,Y,Y,0.0
O,O,G,G,Y,Y,0.0
O,O,G,G,Y,Y,0.0
O,O,G,G,Y,Y,0.0
O,O,G,G,Y,Y,0.0
O,O,G,Y,Y,Y,0.0
O,O,O,Y,Y,Y,0.0
O,O,O,Y,Y,Y,0.0
O,O,O,Y,Y,Y,0.0
O,O,G,Y,Y,Y,0.0
O,O,G,Y,Y,Y,0.0
O,O,G,Y,Y,Y,0.0
O,O,Y,Y,Y,Y,0.0
O,O,Y,Y,Y,Y,0.0
O,G,Y,Y,Y,Y,0.0
O,G,Y,Y,Y,Y,0.0
O,G,Y,Y,Y,Y,0.0
O,Y,Y,Y,Y,Y,-1.0
G,Y,Y,Y,Y,Y,0.0
G,Y,Y,Y,Y,Y,0.0
Y,Y,Y,Y,Y,Y,0.0
Y,Y,Y,Y,Y,Y,0.0
Y,Y,Y,Y,Y,Y,0.0
Y,Y,Y,Y,Y,Y,0.0
Y,Y,Y,Y,Y,Y,0.0
Y,Y,Y,Y,Y,Y,0.0
Y,Y,Y,Y,Y,Y,0.0
Y,Y,Y,Y,Y,Y,0.0
R,R,Y,Y,Y,G,3.0
R,R,R,Y,Y,G,4.5
R,R,R,Y,Y,Y,5.0
R,R,R,R,Y,Y,6.5
R,R,R,R,R,Y,8.0
R,R,R,R,R,R,9.5
R,R,R,R,R,R,2
R,R,R,R,R,R,2
R,R,R,R,R,R,2
R,R,R,R,R,R,2
R,R,R,R,R,R,2
R,R,R,R,R,R,2
R,R,R,R,R,R,2
R,R,R,R,R,R,2
R,R,R,R,R,R,2
R,R,R,R,R,R,2
R,R,R,R,R,R,2
R,R,R,R,R,R,2
R,R,R,R,R,R,2
R,R,R,R,R,R,2
R,R,R,R,R,R,2
R,R,R,R,R,R,2
R,R,R,R,R,R,2
R,R,R,R,R,R,2
R,R,R,R,R,R,2
R,R,R,R,R,R,2
R,R,R,R,R,R,2
R,R,R,R,R,R,2
R,R,R,R,R,R,2
R,R,R,R,R,R,2
R,R,R,R,R,R,2
R,R,R,R,R,R,2
R,R,R,R,R,R,2
R,R,R,R,R,R,2
R,R,R,R,R,R,2
R,R,R,R,R,R,2
R,R,R,R,R,R,2
R,R,R,R,R,R,2
R,R,R,R,R,R,2
R,R,R,R,R,R,2
R,R,R,R,R,R,2
R,R,R,R,R,R,2
R,R,R,R,R,R,2
R,R,R,R,R,R,2
R,R,R,R,R,R,2
R,R,R,R,R,R,2
R,R,R,R,R,R,2
R,R,R,R,R,R,2
R,R,R,R,R,R,2
R,R,R,R,R,R,2
R,R,R,R,R,R,2
R,R,R,R,R,R,2
R,R,R,R,R,R,2
R,R,R,R,R,R,2
R,R,R,R,R,R,2
R,R,R,R,R,R,2
R,R,R,R,R,R,2
R,R,R,R,R,R,2
R,R,R,R,R,R,2
R,R,R,R,R,R,2
R,R,R,R,R,R,2
R,R,R,R,R,R,2
R,R,R,R,R,R,2
R,R,R,R,R,R,2
R,R,R,R,R,R,2
R,R,R,R,R,R,2
R,R,R,R,R,R,2
R,R,R,R,R,R,2
R,R,R,R,R,R,2
R,R,R,R,R,R,2
R,R,R,R,R,R,2
R,R,R,R,R,R,2
R,R,R,R,R,R,2
R,R,R,R,R,R,2
R,R,R,R,R,R,2
R,R,R,R,R,R,2
R,R,R,R,R,R,2
R,R,R,R,R,R,2
R,R,R,R,R,R,2
R,R,R,R,R,R,2
R,R,R,R,R,R,2
R,R,R,R,R,R,2
R,R,R,R,R,R,2
R,R,R,R,R,R,2
R,R,R,R,R,R,2
R,R,R,R,R,R,2
R,R,R,R,R,R,2
R,R,R,R,R,R,2
R,R,R,R,R,R,2
R,R,R,R,R,R,2
R,R,R,R,R,R,2
R,R,R,R,R,R,2
R,R,R,R,R,R,2
R,R,R,R,R,R,2
R,R,R,R,R,R,2
R,R,R,R,R,R,2
R,R,R,R,R,R,2
R,R,R,R,R,R,2
R,R,R,R,R,R,2
R,R,R,R,R,R,2
R,R,R,R,R,R,2
R,R,R,R,R,R,2
R,R,R,R,R,R,2
R,R,R,R,R,R,2
R,R,R,R,R,R,2
R,R,R,R,R,R,2
R,R,R,R,R,R,2
R,R,R,R,R,R,2
R,R,R,R,R,R,2
R,R,R,R,R,R,2
R,R,R,R,R,R,2
R,R,R,R,R,R,2
R,R,R,R,R,R,2
R,R,R,R,R,R,2
R,R,R,R,R,R,2
R,R,R,R,R,R,2
Y,R,R,R,R,R,2
Y,R,R,R,R,R,2
Y,Y,R,R,R,R,4.97
Y,Y,Y,Y,R,R,6.47
G,G,G,Y,Y,R,6.97
G,G,G,G,Y,Y,6.47
G,G,G,G,Y,Y,5.97
G,G,G,G,G,G,6.47
G,G,G,G,G,G,6.97
G,G,G,G,G,G,7.47
G,Y,G,G,G,G,6.97
Y,Y,Y,G,G,G,6.47
Y,Y,Y,G,G,G,5.97
Y,Y,Y,G,G,G,5.47
Y,Y,G,G,G,G,4.97
Y,Y,Y,G,G,G,4.47
Y,G,G,G,G,G,3.97
Y,G,G,G,G,G,3.47
Y,G,G,G,G,G,2.97
G,G,G,G,G,G,3.47
G,G,G,G,G,G,3.97
G,G,G,G,G,G,4.47
G,G,G,G,G,G,4.97
G,G,G,G,G,Y,4.47
G,G,G,G,G,Y,3.97
G,G,G,G,G,G,4.47
G,G,G,G,G,G,4.97
G,G,G,G,G,G,5.47
G,G,G,G,G,G,5.97
G,G,G,G,G,G,6.47
G,G,G,G,G,G,6.97
G,G,G,G,G,G,7.47
G,G,G,G,G,G,7.97
G,G,G,G,G,Y,7.47
G,G,G,G,G,Y,6.97
G,G,G,G,G,G,7.47
G,G,G,G,G,G,7.97
G,G,G,G,G,Y,7.47
G,G,G,G,G,Y,6.97
G,G,G,G,G,Y,6.47
G,G,G,G,G,G,6.97
G,G,G,G,G,G,7.47
G,G,G,G,G,Y,6.97
G,G,G,G,Y,Y,6.47
G,G,G,G,G,G,6.97
G,G,G,G,G,Y,6.47
G,G,G,G,G,G,6.97
Y,G,G,G,G,G,6.47
G,G,G,G,G,G,6.97
G,G,G,G,G,G,7.47
Y,G,G,G,G,G,6.97
Y,G,G,G,G,G,6.47
Y,G,G,G,G,G,5.97
Y,G,G,G,G,G,5.47
Y,G,G,G,G,G,4.97
Y,G,G,G,G,G,4.47
G,G,G,G,G,G,4.97
Y,G,G,G,G,G,4.47
Y,G,G,G,G,B,2.97
Y,Y,G,G,G,B,1.47
Y,Y,Y,G,G,B,0
Y,Y,G,G,G,B,0.0
Y,Y,G,G,B,B,0.0
Y,Y,G,G,B,B,0.0
Y,G,G,G,B,B,0.0
Y,Y,G,B,B,G,0.0
Y,G,G,B,B,B,0.0
Y,G,G,B,B,G,0.0
Y,G,G,B,B,G,0.0
Y,G,G,B,B,G,0.0
Y,G,G,B,B,G,0.0
G,G,G,B,B,G,0
Y,G,G,B,B,B,0.0
G,G,G,B,B,G,0
Y,G,G,B,B,B,0.0
G,G,G,B,B,G,0
Y,G,G,G,B,B,0.0
G,G,G,B,B,G,0
Y,G,G,G,B,B,0.0
G,G,G,B,B,G,0
G,G,G,G,B,B,0
Y,G,G,G,B,B,0.0
G,G,G,G,B,B,0
Y,G,G,G,B,B,0.0
G,G,G,G,B,B,0
Y,G,G,G,G,G,1.0
G,G,G,G,B,B,0
Y,G,G,G,G,G,1.0
G,G,G,G,G,B,0
Y,G,G,G,G,G,1.0
G,G,G,G,G,B,0
Y,G,G,G,G,G,1.0
G,G,G,G,G,B,0
Y,G,G,G,G,G,1.0
G,G,G,G,G,G,1.5
G,G,G,G,G,G,2.0
G,G,G,G,G,G,2.5
G,G,G,G,G,G,3.0
G,G,G,G,G,G,3.5
G,G,G,G,G,Y,3.0
G,G,G,G,G,G,3.5
G,G,G,G,G,G,4.0
G,G,G,G,G,G,4.5
G,G,G,G,G,G,5.0
G,G,G,G,G,G,5.5
G,G,G,G,G,G,6.0
G,G,G,G,G,Y,5.5
G,G,G,G,G,Y,5.0
G,G,G,G,G,Y,4.5
G,G,G,G,G,Y,4.0
G,G,G,G,G,Y,3.5
G,G,G,G,G,Y,3.0
G,G,G,G,G,G,3.5
G,G,G,G,G,Y,3.0
G,G,G,G,G,G,3.5
G,G,G,G,G,G,4.0
Y,G,G,G,G,G,3.5
G,G,G,G,G,G,4.0
G,G,G,G,G,G,4.5
G,G,G,G,G,G,5.0
G,G,G,G,G,G,5.5
G,G,G,G,G,Y,5.0
G,G,G,G,G,Y,4.5
G,G,G,G,G,G,5.0
G,B,G,G,G,G,3.0
B,G,G,Y,Y,Y,1.5
G,G,G,Y,Y,Y,1.0
B,G,G,Y,Y,Y,0
B,G,G,Y,Y,Y,0.0
B,G,G,Y,Y,Y,0.0
B,G,Y,Y,Y,Y,0.0
B,G,Y,Y,Y,Y,0.0
B,G,G,Y,Y,Y,0.0
G,G,G,Y,Y,Y,1.0
B,G,G,Y,Y,Y,0
B,G,G,G,Y,Y,0.0
B,G,G,Y,Y,Y,0.0
B,G,G,Y,Y,Y,0.0
B,G,G,Y,Y,Y,0.0
B,G,G,Y,Y,Y,0.0
G,G,G,Y,Y,Y,1.0
B,G,G,G,Y,Y,0
B,G,G,G,Y,Y,0.0
B,G,G,G,Y,Y,0.0
B,G,G,Y,Y,Y,0.0
B,G,G,Y,Y,Y,0.0
B,G,G,Y,Y,Y,0.0
B,G,Y,Y,Y,Y,0.0
B,G,G,Y,Y,Y,0.0
G,G,G,Y,Y,Y,1.0
G,G,G,G,Y,Y,0.5
G,G,G,G,Y,Y,1.0
G,G,G,G,G,Y,0.5
G,G,G,G,G,G,2.0
G,G,G,G,G,G,2.5
G,G,G,G,G,G,3.0
G,G,G,G,G,Y,2.5
G,G,G,G,G,G,3.0
G,G,G,G,G,G,3.5
G,G,G,G,G,Y,3.0
G,G,G,G,G,G,3.5
G,G,G,G,G,Y,3.0
G,G,G,G,G,Y,2.5
G,G,G,G,G,G,3.0
G,G,G,G,G,G,3.5
G,G,G,G,G,G,4.0
G,G,G,G,G,G,4.5
G,G,G,B,G,Y,3.0
G,G,B,B,B,G,1.0
G,G,B,B,B,G,0
G,G,B,B,G,Y,0.0
G,G,B,B,G,Y,0.0
G,G,B,B,B,Y,0.0
G,G,B,B,B,Y,0.0
G,G,B,B,B,Y,0.0
G,G,B,B,B,Y,0.0
G,G,B,B,B,Y,0.0
G,G,G,B,B,Y,0.0
G,G,G,B,B,B,0
G,G,G,G,B,Y,0.0
G,G,G,G,G,B,0
G,G,G,G,G,B,0
G,G,G,G,G,B,0
G,G,G,G,G,G,2.0
G,G,G,G,G,G,2.5
G,G,G,G,G,G,3.0
G,G,G,G,G,G,3.5
G,Y,Y,G,G,G,3.0
Y,Y,Y,G,G,G,2.5
Y,Y,Y,G,G,G,2.0
Y,Y,Y,G,G,G,1.5
Y,Y,Y,G,G,G,1.0
Y,Y,Y,G,G,G,0.5
Y,Y,G,G,G,G,1.0
Y,Y,G,G,G,G,0.5
Y,G,G,G,G,G,1.0
Y,G,G,G,G,B,0
Y,G,G,G,G,B,0.0
G,G,G,G,B,B,0
G,G,G,G,G,B,0
Y,G,G,G,G,B,0.0
G,G,G,G,G,B,0
Y,G,G,G,G,B,0.0
G,G,G,G,G,B,0
Y,G,G,G,G,B,0.0
G,G,G,G,G,B,0
G,G,G,G,G,B,0
Y,G,G,G,G,G,1.0
G,G,G,G,G,G,1.5
G,G,G,G,G,G,2.0
G,G,G,G,G,G,2.5
G,G,G,G,G,G,3.0
G,G,G,G,G,G,3.5
G,G,G,G,G,G,4.0
G,G,G,G,G,G,4.5
G,G,G,G,G,Y,4.0
G,G,G,G,G,Y,3.5
G,G,G,G,G,Y,3.0
G,G,G,G,G,Y,2.5
G,G,G,G,G,G,3.0
G,G,G,G,G,G,3.5
G,G,G,G,G,G,4.0
G,G,G,G,G,G,4.5
G,G,G,G,G,G,5.0
G,G,G,G,G,G,5.5
G,G,G,G,G,G,6.0
G,G,G,G,G,G,6.5
G,G,G,O,G,G,5.0
G,G,G,O,O,O,3.5
Y,G,G,O,O,O,2.0
Y,Y,G,O,O,O,0.5
Y,Y,G,O,O,O,0.0
Y,Y,G,G,O,O,0.0
Y,Y,G,G,O,O,0.0
Y,Y,Y,G,O,O,0.0
Y,Y,Y,G,G,O,0.0
Y,Y,Y,G,G,O,0.0
Y,Y,Y,G,G,O,0.0
Y,Y,Y,G,G,O,0.0
Y,Y,Y,G,G,O,0.0
Y,Y,Y,G,G,G,1.0
Y,Y,Y,G,G,O,0
Y,Y,Y,G,G,O,0.0
Y,Y,Y,G,G,G,1.0
Y,Y,Y,Y,G,O,0
Y,Y,Y,G,G,O,0.0
Y,Y,Y,G,G,O,0.0
Y,Y,Y,G,G,G,1.0
Y,Y,Y,Y,G,O,0
Y,Y,Y,Y,G,O,0.0
Y,Y,Y,G,G,O,0.0
Y,Y,Y,G,G,G,1.0
Y,Y,Y,G,G,O,0
Y,Y,Y,G,G,O,0.0
Y,Y,Y,G,G,O,0.0
Y,Y,Y,G,G,O,0.0
Y,Y,Y,G,G,O,0.0
Y,Y,Y,G,G,G,1.0
Y,Y,Y,G,G,O,0
Y,Y,Y,G,G,O,0.0
Y,Y,Y,G,G,O,0.0
Y,Y,Y,G,G,G,1.0
Y,Y,Y,G,G,O,0
Y,Y,Y,G,G,O,0.0
Y,Y,Y,G,G,G,1.0
Y,Y,G,G,G,O,0
Y,Y,G,G,G,O,0.0
Y,Y,G,G,G,O,0.0
Y,Y,G,G,G,O,0.0
Y,Y,G,G,G,G,1.0
Y,Y,G,G,G,O,0
Y,Y,G,G,G,O,0.0
Y,Y,G,G,G,O,0.0
Y,Y,G,G,G,O,0.0
Y,Y,G,G,G,G,1.0
Y,G,G,G,G,O,0
Y,G,G,G,G,O,0.0
Y,Y,G,G,G,O,0.0
Y,G,G,G,G,O,0.0
Y,G,G,G,G,O,0.0
Y,G,G,G,G,G,1.0
G,G,G,G,G,O,0
Y,G,G,G,G,G,1.0
Y,G,G,G,G,G,0.5
G,G,G,G,G,O,0.0
Y,G,G,G,G,G,1.0
Y,G,G,G,G,G,0.5
G,G,G,G,G,O,0.0
Y,G,G,G,G,G,1.0
Y,G,G,G,G,G,0.5
G,G,G,G,G,G,2.0
G,G,G,G,G,G,2.5
G,G,G,G,G,G,3.0
G,G,G,G,G,G,3.5
G,G,G,G,G,Y,3.0
G,G,G,G,G,G,3.5
G,G,G,G,G,G,4.0
Y,G,G,G,G,G,3.5
G,G,G,G,G,G,4.0
G,G,G,G,G,G,4.5
G,G,G,G,G,Y,4.0
G,G,G,G,G,G,4.5
G,G,G,G,G,G,5.0
G,G,G,G,G,G,5.5
G,G,G,G,G,G,6.0
G,G,G,G,G,G,6.5
G,G,G,G,G,G,7.0
G,G,G,G,G,Y,6.5
G,G,G,G,G,G,7.0
G,G,G,G,G,G,7.5
G,G,G,G,G,G,8.0
Y,G,G,G,G,G,7.5
Y,G,G,G,G,G,7.0
G,G,G,G,G,G,7.5
G,G,G,G,G,G,8.0
G,G,G,G,G,G,8.5
Y,G,G,G,G,G,8.0
G,G,G,G,G,G,8.5
Y,G,G,G,G,G,8.0
G,G,G,G,G,Y,7.5
G,G,G,G,G,G,8.0
G,G,G,G,G,G,8.5
G,G,G,G,G,G,9.0
G,G,G,G,G,G,9.5
G,G,G,G,G,Y,9.0
G,G,G,G,G,Y,8.5
G,G,G,G,G,G,9.0
G,G,G,G,G,Y,8.5
G,G,G,G,G,Y,8.0
G,G,G,G,G,Y,7.5
G,G,G,G,Y,Y,7.0
G,G,G,G,Y,Y,6.5
G,G,G,G,Y,Y,6.0
G,G,G,G,G,Y,5.5
G,G,G,G,G,Y,5.0
G,G,G,G,G,Y,4.5
G,G,G,G,G,G,5.0
G,G,G,G,G,G,5.5
G,G,G,G,G,G,6.0
G,G,G,G,G,G,6.5
G,G,G,G,G,G,7.0
G,G,G,G,G,G,7.5
G,G,G,G,G,G,8.0
G,G,G,G,G,Y,7.5
G,G,G,G,G,G,8.0
G,G,G,G,Y,Y,7.5
G,G,G,G,G,G,8.0
G,G,G,G,G,Y,7.5
G,G,G,G,G,G,8.0
G,G,G,G,G,Y,7.5
G,G,G,G,G,G,8.0
G,G,G,G,G,G,8.5
G,G,G,G,G,Y,8.0
G,G,G,G,G,G,8.5
G,G,G,G,G,G,9.0
G,G,G,G,B,G,7.0
G,G,G,G,G,B,5.0
Y,Y,G,G,G,G,4.5
Y,G,G,G,G,G,4.0
G,G,G,G,G,G,4.5
G,G,G,G,G,G,5.0
G,G,G,G,G,G,5.5
G,G,G,G,G,G,6.0
G,G,G,G,G,G,6.5
G,G,G,G,G,G,7.0
G,G,G,G,G,G,7.5
G,G,G,G,G,G,8.0
G,G,G,G,G,G,8.5
G,G,G,G,G,G,9.0
G,G,G,G,G,G,9.5
G,G,G,G,G,G,10.0
G,G,G,G,G,G,10
G,G,G,G,G,Y,9.5
G,G,G,G,G,G,10.0
O,O,O,G,G,G,8.5
O,G,Y,Y,Y,Y,7.0
Y,Y,Y,R,R,R,8.5
Y,R,R,R,R,R,10
R,R,R,R,R,R,2
R,R,R,R,R,R,2
R,R,R,R,R,R,2
R,R,R,R,R,R,2
R,R,R,R,R,R,2
R,R,R,R,R,R,2
R,R,R,R,R,R,2
R,R,R,R,R,R,2
R,R,R,R,R,R,2
R,R,Y,R,R,R,2
R,Y,Y,Y,R,R,2
Y,Y,Y,Y,Y,R,2
Y,Y,Y,Y,Y,R,2
Y,Y,Y,Y,Y,Y,1.93
Y,Y,Y,Y,Y,Y,0.9
Y,Y,Y,Y,Y,Y,-0.6
Y,Y,Y,Y,Y,R,3.0
Y,G,G,Y,Y,Y,3.5
G,G,G,Y,Y,Y,3.0
G,G,G,G,Y,Y,2.5
G,G,G,G,G,Y,2.0
G,G,G,G,G,G,2.5
G,G,G,G,G,G,3.0
G,G,G,G,G,G,3.5
G,G,G,G,G,G,4.0
G,G,G,G,G,G,4.5
G,G,G,G,G,G,5.0
G,G,G,G,G,G,5.5
G,G,Y,Y,G,G,6.0
G,Y,Y,Y,Y,G,5.5
Y,Y,Y,Y,Y,G,4.0
Y,Y,Y,Y,Y,G,2.5
Y,Y,Y,Y,G,G,2.0
Y,Y,Y,Y,G,G,1.5
Y,Y,Y,G,G,G,1.0
Y,Y,G,G,G,G,0.5
Y,G,G,G,G,G,1.0
Y,G,G,G,G,G,0.5
G,G,G,G,G,G,2.0
G,G,G,G,G,G,2.5
G,G,G,G,G,G,3.0
G,G,G,G,G,G,3.5
G,G,G,G,G,G,4.0
G,G,G,G,G,G,4.5
G,G,G,G,Y,Y,4.0
G,G,G,G,G,Y,3.5
G,G,G,G,G,Y,3.0
G,G,G,G,G,G,3.5
G,G,G,G,G,G,4.0
G,G,G,G,G,Y,3.5
G,G,G,G,Y,Y,3.0
G,G,G,G,G,G,3.5
G,G,G,G,G,G,4.0
G,G,G,G,G,Y,3.5
G,G,G,G,G,G,4.0
G,G,G,G,G,Y,3.5
G,G,G,G,G,Y,3.0
G,G,G,G,G,G,3.5
G,G,G,G,G,G,4.0
G,G,G,G,G,Y,3.5
G,G,G,G,G,Y,3.0
G,G,G,G,G,G,3.5
G,G,G,G,G,G,4.0
G,O,G,G,G,Y,2.5
O,O,G,G,Y,Y,1.0
O,O,G,G,Y,Y,0
O,O,G,G,Y,Y,0.0
O,O,G,G,Y,Y,0.0
O,O,G,G,Y,Y,0.0
O,O,G,G,Y,Y,0.0
O,O,G,G,Y,Y,0.0
O,O,G,G,Y,Y,0.0
O,O,G,G,Y,Y,0.0
O,O,G,Y,Y,Y,0.0
O,O,O,Y,Y,Y,0.0
O,O,O,Y,Y,Y,0.0
O,O,O,Y,Y,Y,0.0
O,O,G,Y,Y,Y,0.0
O,O,G,Y,Y,Y,0.0
O,O,G,Y,Y,Y,0.0
O,O,Y,Y,Y,Y,0.0
O,O,Y,Y,Y,Y,0.0
O,G,Y,Y,Y,Y,0.0
O,G,Y,Y,Y,Y,0.0
O,G,Y,Y,Y,Y,0.0
O,Y,Y,Y,Y,Y,-1.0
G,Y,Y,Y,Y,Y,0.0
G,Y,Y,Y,Y,Y,0.0
Y,Y,Y,Y,Y,Y,0.0
Y,Y,Y,Y,Y,Y,0.0
Y,Y,Y,Y,Y,Y,0.0
Y,Y,Y,Y,Y,Y,0.0
Y,Y,Y,Y,Y,Y,0.0
Y,Y,Y,Y,Y,Y,0.0
Y,Y,Y,Y,Y,Y,0.0
Y,Y,Y,Y,Y,Y,0.0
R,R,Y,Y,Y,G,3.0
R,R,R,Y,Y,G,4.5
R,R,R,Y,Y,Y,5.0
R,R,R,R,Y,Y,6.5
R,R,R,R,R,Y,8.0
R,R,R,R,R,R,9.5
R,R,R,R,R,R,2
R,R,R,R,R,R,2
R,R,R,R,R,R,2
R,R,R,R,R,R,2
R,R,R,R,R,R,2
R,R,R,R,R,R,2
R,R,R,R,R,R,2
R,R,R,R,R,R,2
R,R,R,R,R,R,2
R,R,R,R,R,R,2
R,R,R,R,R,R,2
R,R,R,R,R,R,2
R,R,R,R,R,R,2
R,R,R,R,R,R,2
R,R,R,R,R,R,2
R,R,R,R,R,R,2
R,R,R,R,R,R,2
R,R,R,R,R,R,2
R,R,R,R,R,R,2
R,R,R,R,R,R,2
R,R,R,R,R,R,2
R,R,R,R,R,R,2
R,R,R,R,R,R,2
R,R,R,R,R,R,2
R,R,R,R,R,R,2
R,R,R,R,R,R,2
R,R,R,R,R,R,2
R,R,R,R,R,R,2
R,R,R,R,R,R,2
R,R,R,R,R,R,2
R,R,R,R,R,R,2
R,R,R,R,R,R,2
R,R,R,R,R,R,2
R,R,R,R,R,R,2
R,R,R,R,R,R,2
R,R,R,R,R,R,2
R,R,R,R,R,R,2
R,R,R,R,R,R,2
R,R,R,R,R,R,2
R,R,R,R,R,R,2
R,R,R,R,R,R,2
R,R,R,R,R,R,2
R,R,R,R,R,R,2
R,R,R,R,R,R,2
R,R,R,R,R,R,2
R,R,R,R,R,R,2
R,R,R,R,R,R,2
R,R,R,R,R,R,2
R,R,R,R,R,R,2
R,R,R,R,R,R,2
R,R,R,R,R,R,2
R,R,R,R,R,R,2
R,R,R,R,R,R,2
R,R,R,R,R,R,2
R,R,R,R,R,R,2
R,R,R,R,R,R,2
R,R,R,R,R,R,2
R,R,R,R,R,R,2
R,R,R,R,R,R,2
R,R,R,R,R,R,2
R,R,R,R,R,R,2
R,R,R,R,R,R,2
R,R,R,R,R,R,2
R,R,R,R,R,R,2
R,R,R,R,R,R,2
R,R,R,R,R,R,2
R,R,R,R,R,R,2
R,R,R,R,R,R,2
R,R,R,R,R,R,2
R,R,R,R,R,R,2
R,R,R,R,R,R,2
R,R,R,R,R,R,2
R,R,R,R,R,R,2
R,R,R,R,R,R,2
R,R,R,R,R,R,2
R,R,R,R,R,R,2
R,R,R,R,R,R,2
R,R,R,R,R,R,2
R,R,R,R,R,R,2
R,R,R,R,R,R,2
R,R,R,R,R,R,2
R,R,R,R,R,R,2
R,R,R,R,R,R,2
R,R,R,R,R,R,2
R,R,R,R,R,R,2
R,R,R,R,R,R,2
R,R,R,R,R,R,2
R,R,R,R,R,R,2
R,R,R,R,R,R,2
R,R,R,R,R,R,2
R,R,R,R,R,R,2
R,R,R,R,R,R,2
R,R,R,R,R,R,2
R,R,R,R,R,R,2
R,R,R,R,R,R,2
R,R,R,R,R,R,2
R,R,R,R,R,R,2
R,R,R,R,R,R,2
R,R,R,R,R,R,2
R,R,R,R,R,R,2
R,R,R,R,R,R,2
R,R,R,R,R,R,2
R,R,R,R,R,R,2
R,R,R,R,R,R,2
R,R,R,R,R,R,2
R,R,R,R,R,R,2
R,R,R,R,R,R,2
R,R,R,R,R,R,2
R,R,R,R,R,R,2
R,R,R,R,R,R,2
Y,R,R,R,R,R,2
Y,R,R,R,R,R,2
Y,Y,R,R,R,R,4.97
Y,Y,Y,Y,R,R,6.47
G,G,G,Y,Y,R,6.97
G,G,G,G,Y,Y,6.47
G,G,G,G,Y,Y,5.97
G,G,G,G,G,G,6.47
G,G,G,G,G,G,6.97
G,G,G,G,G,G,7.47
G,Y,G,G,G,G,6.97
Y,Y,Y,G,G,G,6.47
Y,Y,Y,G,G,G,5.97
Y,Y,Y,G,G,G,5.47
Y,Y,G,G,G,G,4.97
Y,Y,Y,G,G,G,4.47
Y,G,G,G,G,G,3.97
Y,G,G,G,G,G,3.47
Y,G,G,G,G,G,2.97
G,G,G,G,G,G,3.47
G,G,G,G,G,G,3.97
G,G,G,G,G,G,4.47
G,G,G,G,G,G,4.97
G,G,G,G,G,Y,4.47
G,G,G,G,G,Y,3.97
G,G,G,G,G,G,4.47
G,G,G,G,G,G,4.97
G,G,G,G,G,G,5.47
G,G,G,G,G,G,5.97
G,G,G,G,G,G,6.47
G,G,G,G,G,G,6.97
G,G,G,G,G,G,7.47
G,G,G,G,G,G,7.97
G,G,G,G,G,Y,7.47
G,G,G,G,G,Y,6.97
G,G,G,G,G,G,7.47
G,G,G,G,G,G,7.97
G,G,G,G,G,Y,7.47
G,G,G,G,G,Y,6.97
G,G,G,G,G,Y,6.47
G,G,G,G,G,G,6.97
G,G,G,G,G,G,7.47
G,G,G,G,G,Y,6.97
G,G,G,G,Y,Y,6.47
G,G,G,G,G,G,6.97
G,G,G,G,G,Y,6.47
G,G,G,G,G,G,6.97
Y,G,G,G,G,G,6.47
G,G,G,G,G,G,6.97
G,G,G,G,G,G,7.47
Y,G,G,G,G,G,6.97
Y,G,G,G,G,G,6.47
Y,G,G,G,G,G,5.97
Y,G,G,G,G,G,5.47
Y,G,G,G,G,G,4.97
Y,G,G,G,G,G,4.47
G,G,G,G,G,G,4.97
Y,G,G,G,G,G,4.47
Y,G,G,G,G,B,2.97
Y,Y,G,G,G,B,1.47
Y,Y,Y,G,G,B,0
Y,Y,G,G,G,B,0.0
Y,Y,G,G,B,B,0.0
Y,Y,G,G,B,B,0.0
Y,G,G,G,B,B,0.0
Y,Y,G,B,B,G,0.0
Y,G,G,B,B,B,0.0
Y,G,G,B,B,G,0.0
Y,G,G,B,B,G,0.0
Y,G,G,B,B,G,0.0
Y,G,G,B,B,G,0.0
G,G,G,B,B,G,0
Y,G,G,B,B,B,0.0
G,G,G,B,B,G,0
Y,G,G,B,B,B,0.0
G,G,G,B,B,G,0
Y,G,G,G,B,B,0.0
G,G,G,B,B,G,0
Y,G,G,G,B,B,0.0
G,G,G,B,B,G,0
G,G,G,G,B,B,0
Y,G,G,G,B,B,0.0
G,G,G,G,B,B,0
Y,G,G,G,B,B,0.0
G,G,G,G,B,B,0
Y,G,G,G,G,G,1.0
G,G,G,G,B,B,0
Y,G,G,G,G,G,1.0
G,G,G,G,G,B,0
Y,G,G,G,G,G,1.0
G,G,G,G,G,B,0
Y,G,G,G,G,G,1.0
G,G,G,G,G,B,0
Y,G,G,G,G,G,1.0
G,G,G,G,G,G,1.5
G,G,G,G,G,G,2.0
G,G,G,G,G,G,2.5
G,G,G,G,G,G,3.0
G,G,G,G,G,G,3.5
G,G,G,G,G,Y,3.0
G,G,G,G,G,G,3.5
G,G,G,G,G,G,4.0
G,G,G,G,G,G,4.5
G,G,G,G,G,G,5.0
G,G,G,G,G,G,5.5
G,G,G,G,G,G,6.0
G,G,G,G,G,Y,5.5
G,G,G,G,G,Y,5.0
G,G,G,G,G,Y,4.5
G,G,G,G,G,Y,4.0
G,G,G,G,G,Y,3.5
G,G,G,G,G,Y,3.0
G,G,G,G,G,G,3.5
G,G,G,G,G,Y,3.0
G,G,G,G,G,G,3.5
G,G,G,G,G,G,4.0
Y,G,G,G,G,G,3.5
G,G,G,G,G,G,4.0
G,G,G,G,G,G,4.5
G,G,G,G,G,G,5.0
G,G,G,G,G,G,5.5
G,G,G,G,G,Y,5.0
G,G,G,G,G,Y,4.5
G,G,G,G,G,G,5.0
G,B,G,G,G,G,3.0
B,G,G,Y,Y,Y,1.5
G,G,G,Y,Y,Y,1.0
B,G,G,Y,Y,Y,0
B,G,G,Y,Y,Y,0.0
B,G,G,Y,Y,Y,0.0
B,G,Y,Y,Y,Y,0.0
B,G,Y,Y,Y,Y,0.0
B,G,G,Y,Y,Y,0.0
G,G,G,Y,Y,Y,1.0
B,G,G,Y,Y,Y,0
B,G,G,G,Y,Y,0.0
B,G,G,Y,Y,Y,0.0
B,G,G,Y,Y,Y,0.0
B,G,G,Y,Y,Y,0.0
B,G,G,Y,Y,Y,0.0
G,G,G,Y,Y,Y,1.0
B,G,G,G,Y,Y,0
B,G,G,G,Y,Y,0.0
B,G,G,G,Y,Y,0.0
B,G,G,Y,Y,Y,0.0
B,G,G,Y,Y,Y,0.0
B,G,G,Y,Y,Y,0.0
B,G,Y,Y,Y,Y,0.0
B,G,G,Y,Y,Y,0.0
G,G,G,Y,Y,Y,1.0
G,G,G,G,Y,Y,0.5
G,G,G,G,Y,Y,1.0
G,G,G,G,G,Y,0.5
G,G,G,G,G,G,2.0
G,G,G,G,G,G,2.5
G,G,G,G,G,G,3.0
G,G,G,G,G,Y,2.5
G,G,G,G,G,G,3.0
G,G,G,G,G,G,3.5
G,G,G,G,G,Y,3.0
G,G,G,G,G,G,3.5
G,G,G,G,G,Y,3.0
G,G,G,G,G,Y,2.5
G,G,G,G,G,G,3.0
G,G,G,G,G,G,3.5
G,G,G,G,G,G,4.0
G,G,G,G,G,G,4.5
G,G,G,B,G,Y,3.0
G,G,B,B,B,G,1.0
G,G,B,B,B,G,0
G,G,B,B,G,Y,0.0
G,G,B,B,G,Y,0.0
G,G,B,B,B,Y,0.0
G,G,B,B,B,Y,0.0
G,G,B,B,B,Y,0.0
G,G,B,B,B,Y,0.0
G,G,B,B,B,Y,0.0
G,G,G,B,B,Y,0.0
G,G,G,B,B,B,0
G,G,G,G,B,Y,0.0
G,G,G,G,G,B,0
G,G,G,G,G,B,0
G,G,G,G,G,B,0
G,G,G,G,G,G,2.0
G,G,G,G,G,G,2.5
G,G,G,G,G,G,3.0
G,G,G,G,G,G,3.5
G,Y,Y,G,G,G,3.0
Y,Y,Y,G,G,G,2.5
Y,Y,Y,G,G,G,2.0
Y,Y,Y,G,G,G,1.5
Y,Y,Y,G,G,G,1.0
Y,Y,Y,G,G,G,0.5
Y,Y,G,G,G,G,1.0
Y,Y,G,G,G,G,0.5
Y,G,G,G,G,G,1.0
Y,G,G,G,G,B,0
Y,G,G,G,G,B,0.0
G,G,G,G,B,B,0
G,G,G,G,G,B,0
Y,G,G,G,G,B,0.0
G,G,G,G,G,B,0
Y,G,G,G,G,B,0.0
G,G,G,G,G,B,0
Y,G,G,G,G,B,0.0
G,G,G,G,G,B,0
G,G,G,G,G,B,0
Y,G,G,G,G,G,1.0
G,G,G,G,G,G,1.5
G,G,G,G,G,G,2.0
G,G,G,G,G,G,2.5
G,G,G,G,G,G,3.0
G,G,G,G,G,G,3.5
G,G,G,G,G,G,4.0
G,G,G,G,G,G,4.5
G,G,G,G,G,Y,4.0
G,G,G,G,G,Y,3.5
G,G,G,G,G,Y,3.0
G,G,G,G,G,Y,2.5
G,G,G,G,G,G,3.0
G,G,G,G,G,G,3.5
G,G,G,G,G,G,4.0
G,G,G,G,G,G,4.5
G,G,G,G,G,G,5.0
G,G,G,G,G,G,5.5
G,G,G,G,G,G,6.0
G,G,G,G,G,G,6.5
G,G,G,O,G,G,5.0
G,G,G,O,O,O,3.5
Y,G,G,O,O,O,2.0
Y,Y,G,O,O,O,0.5
Y,Y,G,O,O,O,0.0
Y,Y,G,G,O,O,0.0
Y,Y,G,G,O,O,0.0
Y,Y,Y,G,O,O,0.0
Y,Y,Y,G,G,O,0.0
Y,Y,Y,G,G,O,0.0
Y,Y,Y,G,G,O,0.0
Y,Y,Y,G,G,O,0.0
Y,Y,Y,G,G,O,0.0
Y,Y,Y,G,G,G,1.0
Y,Y,Y,G,G,O,0
Y,Y,Y,G,G,O,0.0
Y,Y,Y,G,G,G,1.0
Y,Y,Y,Y,G,O,0
Y,Y,Y,G,G,O,0.0
Y,Y,Y,G,G,O,0.0
Y,Y,Y,G,G,G,1.0
Y,Y,Y,Y,G,O,0
Y,Y,Y,Y,G,O,0.0
Y,Y,Y,G,G,O,0.0
Y,Y,Y,G,G,G,1.0
Y,Y,Y,G,G,O,0
Y,Y,Y,G,G,O,0.0
Y,Y,Y,G,G,O,0.0
Y,Y,Y,G,G,O,0.0
Y,Y,Y,G,G,O,0.0
Y,Y,Y,G,G,G,1.0
Y,Y,Y,G,G,O,0
Y,Y,Y,G,G,O,0.0
Y,Y,Y,G,G,O,0.0
Y,Y,Y,G,G,G,1.0
Y,Y,Y,G,G,O,0
Y,Y,Y,G,G,O,0.0
Y,Y,Y,G,G,G,1.0
Y,Y,G,G,G,O,0
Y,Y,G,G,G,O,0.0
Y,Y,G,G,G,O,0.0
Y,Y,G,G,G,O,0.0
Y,Y,G,G,G,G,1.0
Y,Y,G,G,G,O,0
Y,Y,G,G,G,O,0.0
Y,Y,G,G,G,O,0.0
Y,Y,G,G,G,O,0.0
Y,Y,G,G,G,G,1.0
Y,G,G,G,G,O,0
Y,G,G,G,G,O,0.0
Y,Y,G,G,G,O,0.0
Y,G,G,G,G,O,0.0
Y,G,G,G,G,O,0.0
Y,G,G,G,G,G,1.0
G,G,G,G,G,O,0
Y,G,G,G,G,G,1.0
Y,G,G,G,G,G,0.5
G,G,G,G,G,O,0.0
Y,G,G,G,G,G,1.0
Y,G,G,G,G,G,0.5
G,G,G,G,G,O,0.0
Y,G,G,G,G,G,1.0
Y,G,G,G,G,G,0.5
G,G,G,G,G,G,2.0
G,G,G,G,G,G,2.5
G,G,G,G,G,G,3.0
G,G,G,G,G,G,3.5
G,G,G,G,G,Y,3.0
G,G,G,G,G,G,3.5
G,G,G,G,G,G,4.0
Y,G,G,G,G,G,3.5
G,G,G,G,G,G,4.0
G,G,G,G,G,G,4.5
G,G,G,G,G,Y,4.0
G,G,G,G,G,G,4.5
G,G,G,G,G,G,5.0
G,G,G,G,G,G,5.5
G,G,G,G,G,G,6.0
G,G,G,G,G,G,6.5
G,G,G,G,G,G,7.0
G,G,G,G,G,Y,6.5
G,G,G,G,G,G,7.0
G,G,G,G,G,G,7.5
G,G,G,G,G,G,8.0
Y,G,G,G,G,G,7.5
Y,G,G,G,G,G,7.0
G,G,G,G,G,G,7.5
G,G,G,G,G,G,8.0
G,G,G,G,G,G,8.5
Y,G,G,G,G,G,8.0
G,G,G,G,G,G,8.5
Y,G,G,G,G,G,8.0
G,G,G,G,G,Y,7.5
G,G,G,G,G,G,8.0
G,G,G,G,G,G,8.5
G,G,G,G,G,G,9.0
G,G,G,G,G,G,9.5
G,G,G,G,G,Y,9.0
G,G,G,G,G,Y,8.5
G,G,G,G,G,G,9.0
G,G,G,G,G,Y,8.5
G,G,G,G,G,Y,8.0
G,G,G,G,G,Y,7.5
G,G,G,G,Y,Y,7.0
G,G,G,G,Y,Y,6.5
G,G,G,G,Y,Y,6.0
G,G,G,G,G,Y,5.5
G,G,G,G,G,Y,5.0
G,G,G,G,G,Y,4.5
G,G,G,G,G,G,5.0
G,G,G,G,G,G,5.5
G,G,G,G,G,G,6.0
G,G,G,G,G,G,6.5
G,G,G,G,G,G,7.0
G,G,G,G,G,G,7.5
G,G,G,G,G,G,8.0
G,G,G,G,G,Y,7.5
G,G,G,G,G,G,8.0
G,G,G,G,Y,Y,7.5
G,G,G,G,G,G,8.0
G,G,G,G,G,Y,7.5
G,G,G,G,G,G,8.0
G,G,G,G,G,Y,7.5
G,G,G,G,G,G,8.0
G,G,G,G,G,G,8.5
G,G,G,G,G,Y,8.0
G,G,G,G,G,G,8.5
G,G,G,G,G,G,9.0
G,G,G,G,B,G,7.0
G,G,G,G,G,B,5.0
Y,Y,G,G,G,G,4.5
Y,G,G,G,G,G,4.0
G,G,G,G,G,G,4.5
G,G,G,G,G,G,5.0
G,G,G,G,G,G,5.5
G,G,G,G,G,G,6.0
G,G,G,G,G,G,6.5
G,G,G,G,G,G,7.0
G,G,G,G,G,G,7.5
G,G,G,G,G,G,8.0
G,G,G,G,G,G,8.5
G,G,G,G,G,G,9.0
G,G,G,G,G,G,9.5
G,G,G,G,G,G,10.0
G,G,G,G,G,G,10
G,G,G,G,G,Y,9.5
G,G,G,G,G,G,10.0
O,O,O,G,G,G,8.5
O,G,Y,Y,Y,Y,7.0
Y,Y,Y,R,R,R,8.5
Y,R,R,R,R,R,10
R,R,R,R,R,R,2
R,R,R,R,R,R,2
R,R,R,R,R,R,2
R,R,R,R,R,R,2
R,R,R,R,R,R,2
R,R,R,R,R,R,2
R,R,R,R,R,R,2
R,R,R,R,R,R,2
R,R,R,R,R,R,2
R,R,Y,R,R,R,2
R,Y,Y,Y,R,R,2
Y,Y,Y,Y,Y,R,2
Y,Y,Y,Y,Y,R,2
Y,Y,Y,Y,Y,Y,1.93
Y,Y,Y,Y,Y,Y,0.9
Y,Y,Y,Y,Y,Y,-0.6
Y,Y,Y,Y,Y,R,3.0
Y,G,G,Y,Y,Y,3.5
G,G,G,Y,Y,Y,3.0
G,G,G,G,Y,Y,2.5
G,G,G,G,G,Y,2.0
G,G,G,G,G,G,2.5
G,G,G,G,G,G,3.0
G,G,G,G,G,G,3.5
G,G,G,G,G,G,4.0
G,G,G,G,G,G,4.5
G,G,G,G,G,G,5.0
G,G,G,G,G,G,5.5
G,G,Y,Y,G,G,6.0
G,Y,Y,Y,Y,G,5.5
Y,Y,Y,Y,Y,G,4.0
Y,Y,Y,Y,Y,G,2.5
Y,Y,Y,Y,G,G,2.0
Y,Y,Y,Y,G,G,1.5
Y,Y,Y,G,G,G,1.0
Y,Y,G,G,G,G,0.5
Y,G,G,G,G,G,1.0
Y,G,G,G,G,G,0.5
G,G,G,G,G,G,2.0
G,G,G,G,G,G,2.5
G,G,G,G,G,G,3.0
G,G,G,G,G,G,3.5
G,G,G,G,G,G,4.0
G,G,G,G,G,G,4.5
G,G,G,G,Y,Y,4.0
G,G,G,G,G,Y,3.5
G,G,G,G,G,Y,3.0
G,G,G,G,G,G,3.5
G,G,G,G,G,G,4.0
G,G,G,G,G,Y,3.5
G,G,G,G,Y,Y,3.0
G,G,G,G,G,G,3.5
G,G,G,G,G,G,4.0
G,G,G,G,G,Y,3.5
G,G,G,G,G,G,4.0
G,G,G,G,G,Y,3.5
G,G,G,G,G,Y,3.0
G,G,G,G,G,G,3.5
G,G,G,G,G,G,4.0
G,G,G,G,G,Y,3.5
G,G,G,G,G,Y,3.0
G,G,G,G,G,G,3.5
G,G,G,G,G,G,4.0
G,O,G,G,G,Y,2.5
O,O,G,G,Y,Y,1.0
O,O,G,G,Y,Y,0
O,O,G,G,Y,Y,0.0
O,O,G,G,Y,Y,0.0
O,O,G,G,Y,Y,0.0
O,O,G,G,Y,Y,0.0
O,O,G,G,Y,Y,0.0
O,O,G,G,Y,Y,0.0
O,O,G,G,Y,Y,0.0
O,O,G,Y,Y,Y,0.0
O,O,O,Y,Y,Y,0.0
O,O,O,Y,Y,Y,0.0
O,O,O,Y,Y,Y,0.0
O,O,G,Y,Y,Y,0.0
O,O,G,Y,Y,Y,0.0
O,O,G,Y,Y,Y,0.0
O,O,Y,Y,Y,Y,0.0
O,O,Y,Y,Y,Y,0.0
O,G,Y,Y,Y,Y,0.0
O,G,Y,Y,Y,Y,0.0
O,G,Y,Y,Y,Y,0.0
O,Y,Y,Y,Y,Y,-1.0
G,Y,Y,Y,Y,Y,0.0
G,Y,Y,Y,Y,Y,0.0
Y,Y,Y,Y,Y,Y,0.0
Y,Y,Y,Y,Y,Y,0.0
Y,Y,Y,Y,Y,Y,0.0
Y,Y,Y,Y,Y,Y,0.0
Y,Y,Y,Y,Y,Y,0.0
Y,Y,Y,Y,Y,Y,0.0
Y,Y,Y,Y,Y,Y,0.0
Y,Y,Y,Y,Y,Y,0.0
R,R,Y,Y,Y,G,3.0
R,R,R,Y,Y,G,4.5
R,R,R,Y,Y,Y,5.0
R,R,R,R,Y,Y,6.5
R,R,R,R,R,Y,8.0
R,R,R,R,R,R,9.5
R,R,R,R,R,R,2
R,R,R,R,R,R,2
R,R,R,R,R,R,2
R,R,R,R,R,R,2
R,R,R,R,R,R,2
R,R,R,R,R,R,2
R,R,R,R,R,R,2
R,R,R,R,R,R,2
R,R,R,R,R,R,2
R,R,R,R,R,R,2
R,R,R,R,R,R,2
R,R,R,R,R,R,2
R,R,R,R,R,R,2
R,R,R,R,R,R,2
R,R,R,R,R,R,2
R,R,R,R,R,R,2
R,R,R,R,R,R,2
R,R,R,R,R,R,2
R,R,R,R,R,R,2
R,R,R,R,R,R,2
R,R,R,R,R,R,2
R,R,R,R,R,R,2
R,R,R,R,R,R,2
R,R,R,R,R,R,2
R,R,R,R,R,R,2
R,R,R,R,R,R,2
R,R,R,R,R,R,2
R,R,R,R,R,R,2
R,R,R,R,R,R,2
R,R,R,R,R,R,2
R,R,R,R,R,R,2
R,R,R,R,R,R,2
R,R,R,R,R,R,2
R,R,R,R,R,R,2
R,R,R,R,R,R,2
R,R,R,R,R,R,2
R,R,R,R,R,R,2
R,R,R,R,R,R,2
R,R,R,R,R,R,2
R,R,R,R,R,R,2
R,R,R,R,R,R,2
R,R,R,R,R,R,2
R,R,R,R,R,R,2
R,R,R,R,R,R,2
R,R,R,R,R,R,2
R,R,R,R,R,R,2
R,R,R,R,R,R,2
R,R,R,R,R,R,2
R,R,R,R,R,R,2
R,R,R,R,R,R,2
R,R,R,R,R,R,2
R,R,R,R,R,R,2
R,R,R,R,R,R,2
R,R,R,R,R,R,2
R,R,R,R,R,R,2
R,R,R,R,R,R,2
R,R,R,R,R,R,2
R,R,R,R,R,R,2
R,R,R,R,R,R,2
R,R,R,R,R,R,2
R,R,R,R,R,R,2
R,R,R,R,R,R,2
R,R,R,R,R,R,2
R,R,R,R,R,R,2
R,R,R,R,R,R,2
R,R,R,R,R,R,2
R,R,R,R,R,R,2
R,R,R,R,R,R,2
R,R,R,R,R,R,2
R,R,R,R,R,R,2
R,R,R,R,R,R,2
R,R,R,R,R,R,2
R,R,R,R,R,R,2
R,R,R,R,R,R,2
R,R,R,R,R,R,2
R,R,R,R,R,R,2
R,R,R,R,R,R,2
R,R,R,R,R,R,2
R,R,R,R,R,R,2
R,R,R,R,R,R,2
R,R,R,R,R,R,2
R,R,R,R,R,R,2
R,R,R,R,R,R,2
R,R,R,R,R,R,2
R,R,R,R,R,R,2
R,R,R,R,R,R,2
R,R,R,R,R,R,2
R,R,R,R,R,R,2
R,R,R,R,R,R,2
R,R,R,R,R,R,2
R,R,R,R,R,R,2
R,R,R,R,R,R,2
R,R,R,R,R,R,2
R,R,R,R,R,R,2
R,R,R,R,R,R,2
R,R,R,R,R,R,2
R,R,R,R,R,R,2
R,R,R,R,R,R,2
R,R,R,R,R,R,2
R,R,R,R,R,R,2
R,R,R,R,R,R,2
R,R,R,R,R,R,2
R,R,R,R,R,R,2
R,R,R,R,R,R,2
R,R,R,R,R,R,2
R,R,R,R,R,R,2
R,R,R,R,R,R,2
R,R,R,R,R,R,2
R,R,R,R,R,R,2
R,R,R,R,R,R,2
Y,R,R,R,R,R,2
Y,R,R,R,R,R,2
Y,Y,R,R,R,R,4.97
Y,Y,Y,Y,R,R,6.47
G,G,G,Y,Y,R,6.97
G,G,G,G,Y,Y,6.47
G,G,G,G,Y,Y,5.97
G,G,G,G,G,G,6.47
G,G,G,G,G,G,6.97
G,G,G,G,G,G,7.47
G,Y,G,G,G,G,6.97
Y,Y,Y,G,G,G,6.47
Y,Y,Y,G,G,G,5.97
Y,Y,Y,G,G,G,5.47
Y,Y,G,G,G,G,4.97
Y,Y,Y,G,G,G,4.47
Y,G,G,G,G,G,3.97
Y,G,G,G,G,G,3.47
Y,G,G,G,G,G,2.97
G,G,G,G,G,G,3.47
G,G,G,G,G,G,3.97
G,G,G,G,G,G,4.47
G,G,G,G,G,G,4.97
G,G,G,G,G,Y,4.47
G,G,G,G,G,Y,3.97
G,G,G,G,G,G,4.47
G,G,G,G,G,G,4.97
G,G,G,G,G,G,5.47
G,G,G,G,G,G,5.97
G,G,G,G,G,G,6.47
G,G,G,G,G,G,6.97
G,G,G,G,G,G,7.47
G,G,G,G,G,G,7.97
G,G,G,G,G,Y,7.47
G,G,G,G,G,Y,6.97
G,G,G,G,G,G,7.47
G,G,G,G,G,G,7.97
G,G,G,G,G,Y,7.47
G,G,G,G,G,Y,6.97
G,G,G,G,G,Y,6.47
G,G,G,G,G,G,6.97
G,G,G,G,G,G,7.47
G,G,G,G,G,Y,6.97
G,G,G,G,Y,Y,6.47
G,G,G,G,G,G,6.97
G,G,G,G,G,Y,6.47
G,G,G,G,G,G,6.97
Y,G,G,G,G,G,6.47
G,G,G,G,G,G,6.97
G,G,G,G,G,G,7.47
Y,G,G,G,G,G,6.97
Y,G,G,G,G,G,6.47
Y,G,G,G,G,G,5.97
Y,G,G,G,G,G,5.47
Y,G,G,G,G,G,4.97
Y,G,G,G,G,G,4.47
G,G,G,G,G,G,4.97
Y,G,G,G,G,G,4.47
Y,G,G,G,G,B,2.97
Y,Y,G,G,G,B,1.47
Y,Y,Y,G,G,B,0
Y,Y,G,G,G,B,0.0
Y,Y,G,G,B,B,0.0
Y,Y,G,G,B,B,0.0
Y,G,G,G,B,B,0.0
Y,Y,G,B,B,G,0.0
Y,G,G,B,B,B,0.0
Y,G,G,B,B,G,0.0
Y,G,G,B,B,G,0.0
Y,G,G,B,B,G,0.0
Y,G,G,B,B,G,0.0
G,G,G,B,B,G,0
Y,G,G,B,B,B,0.0
G,G,G,B,B,G,0
Y,G,G,B,B,B,0.0
G,G,G,B,B,G,0
Y,G,G,G,B,B,0.0
G,G,G,B,B,G,0
Y,G,G,G,B,B,0.0
G,G,G,B,B,G,0
G,G,G,G,B,B,0
Y,G,G,G,B,B,0.0
G,G,G,G,B,B,0
Y,G,G,G,B,B,0.0
G,G,G,G,B,B,0
Y,G,G,G,G,G,1.0
G,G,G,G,B,B,0
Y,G,G,G,G,G,1.0
G,G,G,G,G,B,0
Y,G,G,G,G,G,1.0
G,G,G,G,G,B,0
Y,G,G,G,G,G,1.0
G,G,G,G,G,B,0
Y,G,G,G,G,G,1.0
G,G,G,G,G,G,1.5
G,G,G,G,G,G,2.0
G,G,G,G,G,G,2.5
G,G,G,G,G,G,3.0
G,G,G,G,G,G,3.5
G,G,G,G,G,Y,3.0
G,G,G,G,G,G,3.5
G,G,G,G,G,G,4.0
G,G,G,G,G,G,4.5
G,G,G,G,G,G,5.0
G,G,G,G,G,G,5.5
G,G,G,G,G,G,6.0
G,G,G,G,G,Y,5.5
G,G,G,G,G,Y,5.0
G,G,G,G,G,Y,4.5
G,G,G,G,G,Y,4.0
G,G,G,G,G,Y,3.5
G,G,G,G,G,Y,3.0
G,G,G,G,G,G,3.5
G,G,G,G,G,Y,3.0
G,G,G,G,G,G,3.5
G,G,G,G,G,G,4.0
Y,G,G,G,G,G,3.5
G,G,G,G,G,G,4.0
G,G,G,G,G,G,4.5
G,G,G,G,G,G,5.0
G,G,G,G,G,G,5.5
G,G,G,G,G,Y,5.0
G,G,G,G,G,Y,4.5
G,G,G,G,G,G,5.0
G,B,G,G,G,G,3.0
B,G,G,Y,Y,Y,1.5
G,G,G,Y,Y,Y,1.0
B,G,G,Y,Y,Y,0
B,G,G,Y,Y,Y,0.0
B,G,G,Y,Y,Y,0.0
B,G,Y,Y,Y,Y,0.0
B,G,Y,Y,Y,Y,0.0
B,G,G,Y,Y,Y,0.0
G,G,G,Y,Y,Y,1.0
B,G,G,Y,Y,Y,0
B,G,G,G,Y,Y,0.0
B,G,G,Y,Y,Y,0.0
B,G,G,Y,Y,Y,0.0
B,G,G,Y,Y,Y,0.0
B,G,G,Y,Y,Y,0.0
G,G,G,Y,Y,Y,1.0
B,G,G,G,Y,Y,0
B,G,G,G,Y,Y,0.0
B,G,G,G,Y,Y,0.0
B,G,G,Y,Y,Y,0.0
B,G,G,Y,Y,Y,0.0
B,G,G,Y,Y,Y,0.0
B,G,Y,Y,Y,Y,0.0
B,G,G,Y,Y,Y,0.0
G,G,G,Y,Y,Y,1.0
G,G,G,G,Y,Y,0.5
G,G,G,G,Y,Y,1.0
G,G,G,G,G,Y,0.5
G,G,G,G,G,G,2.0
G,G,G,G,G,G,2.5
G,G,G,G,G,G,3.0
G,G,G,G,G,Y,2.5
G,G,G,G,G,G,3.0
G,G,G,G,G,G,3.5
G,G,G,G,G,Y,3.0
G,G,G,G,G,G,3.5
G,G,G,G,G,Y,3.0
G,G,G,G,G,Y,2.5
G,G,G,G,G,G,3.0
G,G,G,G,G,G,3.5
G,G,G,G,G,G,4.0
G,G,G,G,G,G,4.5
G,G,G,B,G,Y,3.0
G,G,B,B,B,G,1.0
G,G,B,B,B,G,0
G,G,B,B,G,Y,0.0
G,G,B,B,G,Y,0.0
G,G,B,B,B,Y,0.0
G,G,B,B,B,Y,0.0
G,G,B,B,B,Y,0.0
G,G,B,B,B,Y,0.0
G,G,B,B,B,Y,0.0
G,G,G,B,B,Y,0.0
G,G,G,B,B,B,0
G,G,G,G,B,Y,0.0
G,G,G,G,G,B,0
G,G,G,G,G,B,0
G,G,G,G,G,B,0
G,G,G,G,G,G,2.0
G,G,G,G,G,G,2.5
G,G,G,G,G,G,3.0
G,G,G,G,G,G,3.5
G,Y,Y,G,G,G,3.0
Y,Y,Y,G,G,G,2.5
Y,Y,Y,G,G,G,2.0
Y,Y,Y,G,G,G,1.5
Y,Y,Y,G,G,G,1.0
Y,Y,Y,G,G,G,0.5
Y,Y,G,G,G,G,1.0
Y,Y,G,G,G,G,0.5
Y,G,G,G,G,G,1.0
Y,G,G,G,G,B,0
Y,G,G,G,G,B,0.0
G,G,G,G,B,B,0
G,G,G,G,G,B,0
Y,G,G,G,G,B,0.0
G,G,G,G,G,B,0
Y,G,G,G,G,B,0.0
G,G,G,G,G,B,0
Y,G,G,G,G,B,0.0
G,G,G,G,G,B,0
G,G,G,G,G,B,0
Y,G,G,G,G,G,1.0
G,G,G,G,G,G,1.5
G,G,G,G,G,G,2.0
G,G,G,G,G,G,2.5
G,G,G,G,G,G,3.0
G,G,G,G,G,G,3.5
G,G,G,G,G,G,4.0
G,G,G,G,G,G,4.5
G,G,G,G,G,Y,4.0
G,G,G,G,G,Y,3.5
G,G,G,G,G,Y,3.0
G,G,G,G,G,Y,2.5
G,G,G,G,G,G,3.0
G,G,G,G,G,G,3.5
G,G,G,G,G,G,4.0
G,G,G,G,G,G,4.5
G,G,G,G,G,G,5.0
G,G,G,G,G,G,5.5
G,G,G,G,G,G,6.0
G,G,G,G,G,G,6.5
G,G,G,O,G,G,5.0
G,G,G,O,O,O,3.5
Y,G,G,O,O,O,2.0
Y,Y,G,O,O,O,0.5
Y,Y,G,O,O,O,0.0
Y,Y,G,G,O,O,0.0
Y,Y,G,G,O,O,0.0
Y,Y,Y,G,O,O,0.0
Y,Y,Y,G,G,O,0.0
Y,Y,Y,G,G,O,0.0
Y,Y,Y,G,G,O,0.0
Y,Y,Y,G,G,O,0.0
Y,Y,Y,G,G,O,0.0
Y,Y,Y,G,G,G,1.0
Y,Y,Y,G,G,O,0
Y,Y,Y,G,G,O,0.0
Y,Y,Y,G,G,G,1.0
Y,Y,Y,Y,G,O,0
Y,Y,Y,G,G,O,0.0
Y,Y,Y,G,G,O,0.0
Y,Y,Y,G,G,G,1.0
Y,Y,Y,Y,G,O,0
Y,Y,Y,Y,G,O,0.0
Y,Y,Y,G,G,O,0.0
Y,Y,Y,G,G,G,1.0
Y,Y,Y,G,G,O,0
Y,Y,Y,G,G,O,0.0
Y,Y,Y,G,G,O,0.0
Y,Y,Y,G,G,O,0.0
Y,Y,Y,G,G,O,0.0
Y,Y,Y,G,G,G,1.0
Y,Y,Y,G,G,O,0
Y,Y,Y,G,G,O,0.0
Y,Y,Y,G,G,O,0.0
Y,Y,Y,G,G,G,1.0
Y,Y,Y,G,G,O,0
Y,Y,Y,G,G,O,0.0
Y,Y,Y,G,G,G,1.0
Y,Y,G,G,G,O,0
Y,Y,G,G,G,O,0.0
Y,Y,G,G,G,O,0.0
Y,Y,G,G,G,O,0.0
Y,Y,G,G,G,G,1.0
Y,Y,G,G,G,O,0
Y,Y,G,G,G,O,0.0
Y,Y,G,G,G,O,0.0
Y,Y,G,G,G,O,0.0
Y,Y,G,G,G,G,1.0
Y,G,G,G,G,O,0
Y,G,G,G,G,O,0.0
Y,Y,G,G,G,O,0.0
Y,G,G,G,G,O,0.0
Y,G,G,G,G,O,0.0
Y,G,G,G,G,G,1.0
G,G,G,G,G,O,0
Y,G,G,G,G,G,1.0
Y,G,G,G,G,G,0.5
G,G,G,G,G,O,0.0
Y,G,G,G,G,G,1.0
Y,G,G,G,G,G,0.5
G,G,G,G,G,O,0.0
Y,G,G,G,G,G,1.0
Y,G,G,G,G,G,0.5
G,G,G,G,G,G,2.0
G,G,G,G,G,G,2.5
G,G,G,G,G,G,3.0
G,G,G,G,G,G,3.5
G,G,G,G,G,Y,3.0
G,G,G,G,G,G,3.5
G,G,G,G,G,G,4.0
Y,G,G,G,G,G,3.5
G,G,G,G,G,G,4.0
G,G,G,G,G,G,4.5
G,G,G,G,G,Y,4.0
G,G,G,G,G,G,4.5
G,G,G,G,G,G,5.0
G,G,G,G,G,G,5.5
G,G,G,G,G,G,6.0
G,G,G,G,G,G,6.5
G,G,G,G,G,G,7.0
G,G,G,G,G,Y,6.5
G,G,G,G,G,G,7.0
G,G,G,G,G,G,7.5
G,G,G,G,G,G,8.0
Y,G,G,G,G,G,7.5
Y,G,G,G,G,G,7.0
G,G,G,G,G,G,7.5
G,G,G,G,G,G,8.0
G,G,G,G,G,G,8.5
Y,G,G,G,G,G,8.0
G,G,G,G,G,G,8.5
Y,G,G,G,G,G,8.0
G,G,G,G,G,Y,7.5
G,G,G,G,G,G,8.0
G,G,G,G,G,G,8.5
G,G,G,G,G,G,9.0
G,G,G,G,G,G,9.5
G,G,G,G,G,Y,9.0
G,G,G,G,G,Y,8.5
G,G,G,G,G,G,9.0
G,G,G,G,G,Y,8.5
G,G,G,G,G,Y,8.0
G,G,G,G,G,Y,7.5
G,G,G,G,Y,Y,7.0
G,G,G,G,Y,Y,6.5
G,G,G,G,Y,Y,6.0
G,G,G,G,G,Y,5.5
G,G,G,G,G,Y,5.0
G,G,G,G,G,Y,4.5
G,G,G,G,G,G,5.0
G,G,G,G,G,G,5.5
G,G,G,G,G,G,6.0
G,G,G,G,G,G,6.5
G,G,G,G,G,G,7.0
G,G,G,G,G,G,7.5
G,G,G,G,G,G,8.0
G,G,G,G,G,Y,7.5
G,G,G,G,G,G,8.0
G,G,G,G,Y,Y,7.5
G,G,G,G,G,G,8.0
G,G,G,G,G,Y,7.5
G,G,G,G,G,G,8.0
G,G,G,G,G,Y,7.5
G,G,G,G,G,G,8.0
G,G,G,G,G,G,8.5
G,G,G,G,G,Y,8.0
G,G,G,G,G,G,8.5
G,G,G,G,G,G,9.0
G,G,G,G,B,G,7.0
G,G,G,G,G,B,5.0
Y,Y,G,G,G,G,4.5
Y,G,G,G,G,G,4.0
G,G,G,G,G,G,4.5
G,G,G,G,G,G,5.0
G,G,G,G,G,G,5.5
G,G,G,G,G,G,6.0
G,G,G,G,G,G,6.5
G,G,G,G,G,G,7.0
G,G,G,G,G,G,7.5
G,G,G,G,G,G,8.0
G,G,G,G,G,G,8.5
G,G,G,G,G,G,9.0
G,G,G,G,G,G,9.5
G,G,G,G,G,G,10.0
G,G,G,G,G,G,10
G,G,G,G,G,Y,9.5
G,G,G,G,G,G,10.0
O,O,O,G,G,G,8.5
O,G,Y,Y,Y,Y,7.0
Y,Y,Y,R,R,R,8.5
Y,R,R,R,R,R,10
R,R,R,R,R,R,2
R,R,R,R,R,R,2
R,R,R,R,R,R,2
R,R,R,R,R,R,2
R,R,R,R,R,R,2
R,R,R,R,R,R,2
R,R,R,R,R,R,2
R,R,R,R,R,R,2
R,R,R,R,R,R,2
R,R,Y,R,R,R,2
R,Y,Y,Y,R,R,2
Y,Y,Y,Y,Y,R,2
Y,Y,Y,Y,Y,R,2
Y,Y,Y,Y,Y,Y,1.93
Y,Y,Y,Y,Y,Y,0.9
Y,Y,Y,Y,Y,Y,-0.6
Y,Y,Y,Y,Y,R,3.0
Y,G,G,Y,Y,Y,3.5
G,G,G,Y,Y,Y,3.0
G,G,G,G,Y,Y,2.5
G,G,G,G,G,Y,2.0
G,G,G,G,G,G,2.5
G,G,G,G,G,G,3.0
G,G,G,G,G,G,3.5
G,G,G,G,G,G,4.0
G,G,G,G,G,G,4.5
G,G,G,G,G,G,5.0
G,G,G,G,G,G,5.5
G,G,Y,Y,G,G,6.0
G,Y,Y,Y,Y,G,5.5
Y,Y,Y,Y,Y,G,4.0
Y,Y,Y,Y,Y,G,2.5
Y,Y,Y,Y,G,G,2.0
Y,Y,Y,Y,G,G,1.5
Y,Y,Y,G,G,G,1.0
Y,Y,G,G,G,G,0.5
Y,G,G,G,G,G,1.0
Y,G,G,G,G,G,0.5
G,G,G,G,G,G,2.0
G,G,G,G,G,G,2.5
G,G,G,G,G,G,3.0
G,G,G,G,G,G,3.5
G,G,G,G,G,G,4.0
G,G,G,G,G,G,4.5
G,G,G,G,Y,Y,4.0
G,G,G,G,G,Y,3.5
G,G,G,G,G,Y,3.0
G,G,G,G,G,G,3.5
G,G,G,G,G,G,4.0
G,G,G,G,G,Y,3.5
G,G,G,G,Y,Y,3.0
G,G,G,G,G,G,3.5
G,G,G,G,G,G,4.0
G,G,G,G,G,Y,3.5
G,G,G,G,G,G,4.0
G,G,G,G,G,Y,3.5
G,G,G,G,G,Y,3.0
G,G,G,G,G,G,3.5
G,G,G,G,G,G,4.0
G,G,G,G,G,Y,3.5
G,G,G,G,G,Y,3.0
G,G,G,G,G,G,3.5
G,G,G,G,G,G,4.0
G,O,G,G,G,Y,2.5
O,O,G,G,Y,Y,1.0
O,O,G,G,Y,Y,0
O,O,G,G,Y,Y,0.0
O,O,G,G,Y,Y,0.0
O,O,G,G,Y,Y,0.0
O,O,G,G,Y,Y,0.0
O,O,G,G,Y,Y,0.0
O,O,G,G,Y,Y,0.0
O,O,G,G,Y,Y,0.0
O,O,G,Y,Y,Y,0.0
O,O,O,Y,Y,Y,0.0
O,O,O,Y,Y,Y,0.0
O,O,O,Y,Y,Y,0.0
O,O,G,Y,Y,Y,0.0
O,O,G,Y,Y,Y,0.0
O,O,G,Y,Y,Y,0.0
O,O,Y,Y,Y,Y,0.0
O,O,Y,Y,Y,Y,0.0
O,G,Y,Y,Y,Y,0.0
O,G,Y,Y,Y,Y,0.0
O,G,Y,Y,Y,Y,0.0
O,Y,Y,Y,Y,Y,-1.0
G,Y,Y,Y,Y,Y,0.0
G,Y,Y,Y,Y,Y,0.0
Y,Y,Y,Y,Y,Y,0.0
Y,Y,Y,Y,Y,Y,0.0
Y,Y,Y,Y,Y,Y,0.0
Y,Y,Y,Y,Y,Y,0.0
Y,Y,Y,Y,Y,Y,0.0
Y,Y,Y,Y,Y,Y,0.0
Y,Y,Y,Y,Y,Y,0.0
Y,Y,Y,Y,Y,Y,0.0
R,R,Y,Y,Y,G,3.0
R,R,R,Y,Y,G,4.5
R,R,R,Y,Y,Y,5.0
R,R,R,R,Y,Y,6.5
R,R,R,R,R,Y,8.0
R,R,R,R,R,R,9.5
R,R,R,R,R,R,2
R,R,R,R,R,R,2
R,R,R,R,R,R,2
R,R,R,R,R,R,2
R,R,R,R,R,R,2
R,R,R,R,R,R,2
R,R,R,R,R,R,2
R,R,R,R,R,R,2
R,R,R,R,R,R,2
R,R,R,R,R,R,2
R,R,R,R,R,R,2
R,R,R,R,R,R,2
R,R,R,R,R,R,2
R,R,R,R,R,R,2
R,R,R,R,R,R,2
R,R,R,R,R,R,2
R,R,R,R,R,R,2
R,R,R,R,R,R,2
R,R,R,R,R,R,2
R,R,R,R,R,R,2
R,R,R,R,R,R,2
R,R,R,R,R,R,2
R,R,R,R,R,R,2
R,R,R,R,R,R,2
R,R,R,R,R,R,2
R,R,R,R,R,R,2
R,R,R,R,R,R,2
R,R,R,R,R,R,2
R,R,R,R,R,R,2
R,R,R,R,R,R,2
R,R,R,R,R,R,2
R,R,R,R,R,R,2
R,R,R,R,R,R,2
R,R,R,R,R,R,2
R,R,R,R,R,R,2
R,R,R,R,R,R,2
R,R,R,R,R,R,2
R,R,R,R,R,R,2
R,R,R,R,R,R,2
R,R,R,R,R,R,2
R,R,R,R,R,R,2
R,R,R,R,R,R,2
R,R,R,R,R,R,2
R,R,R,R,R,R,2
R,R,R,R,R,R,2
R,R,R,R,R,R,2
R,R,R,R,R,R,2
R,R,R,R,R,R,2
R,R,R,R,R,R,2
R,R,R,R,R,R,2
R,R,R,R,R,R,2
R,R,R,R,R,R,2
R,R,R,R,R,R,2
R,R,R,R,R,R,2
R,R,R,R,R,R,2
R,R,R,R,R,R,2
R,R,R,R,R,R,2
R,R,R,R,R,R,2
R,R,R,R,R,R,2
R,R,R,R,R,R,2
R,R,R,R,R,R,2
R,R,R,R,R,R,2
R,R,R,R,R,R,2
R,R,R,R,R,R,2
R,R,R,R,R,R,2
R,R,R,R,R,R,2
R,R,R,R,R,R,2
R,R,R,R,R,R,2
R,R,R,R,R,R,2
R,R,R,R,R,R,2
R,R,R,R,R,R,2
R,R,R,R,R,R,2
R,R,R,R,R,R,2
R,R,R,R,R,R,2
R,R,R,R,R,R,2
R,R,R,R,R,R,2
R,R,R,R,R,R,2
R,R,R,R,R,R,2
R,R,R,R,R,R,2
R,R,R,R,R,R,2
R,R,R,R,R,R,2
R,R,R,R,R,R,2
R,R,R,R,R,R,2
R,R,R,R,R,R,2
R,R,R,R,R,R,2
R,R,R,R,R,R,2
R,R,R,R,R,R,2
R,R,R,R,R,R,2
R,R,R,R,R,R,2
R,R,R,R,R,R,2
R,R,R,R,R,R,2
R,R,R,R,R,R,2
R,R,R,R,R,R,2
R,R,R,R,R,R,2
R,R,R,R,R,R,2
R,R,R,R,R,R,2
R,R,R,R,R,R,2
R,R,R,R,R,R,2
R,R,R,R,R,R,2
R,R,R,R,R,R,2
R,R,R,R,R,R,2
R,R,R,R,R,R,2
R,R,R,R,R,R,2
R,R,R,R,R,R,2
R,R,R,R,R,R,2
R,R,R,R,R,R,2
R,R,R,R,R,R,2
R,R,R,R,R,R,2
R,R,R,R,R,R,2
R,R,R,R,R,R,2
Y,R,R,R,R,R,2
Y,R,R,R,R,R,2
Y,Y,R,R,R,R,4.97
Y,Y,Y,Y,R,R,6.47
G,G,G,Y,Y,R,6.97
G,G,G,G,Y,Y,6.47
G,G,G,G,Y,Y,5.97
G,G,G,G,G,G,6.47
G,G,G,G,G,G,6.97
G,G,G,G,G,G,7.47
G,Y,G,G,G,G,6.97
Y,Y,Y,G,G,G,6.47
Y,Y,Y,G,G,G,5.97
Y,Y,Y,G,G,G,5.47
Y,Y,G,G,G,G,4.97
Y,Y,Y,G,G,G,4.47
Y,G,G,G,G,G,3.97
Y,G,G,G,G,G,3.47
Y,G,G,G,G,G,2.97
G,G,G,G,G,G,3.47
G,G,G,G,G,G,3.97
G,G,G,G,G,G,4.47
G,G,G,G,G,G,4.97
G,G,G,G,G,Y,4.47
G,G,G,G,G,Y,3.97
G,G,G,G,G,G,4.47
G,G,G,G,G,G,4.97
G,G,G,G,G,G,5.47
G,G,G,G,G,G,5.97
G,G,G,G,G,G,6.47
G,G,G,G,G,G,6.97
G,G,G,G,G,G,7.47
G,G,G,G,G,G,7.97
G,G,G,G,G,Y,7.47
G,G,G,G,G,Y,6.97
G,G,G,G,G,G,7.47
G,G,G,G,G,G,7.97
G,G,G,G,G,Y,7.47
G,G,G,G,G,Y,6.97
G,G,G,G,G,Y,6.47
G,G,G,G,G,G,6.97
G,G,G,G,G,G,7.47
G,G,G,G,G,Y,6.97
G,G,G,G,Y,Y,6.47
G,G,G,G,G,G,6.97
G,G,G,G,G,Y,6.47
G,G,G,G,G,G,6.97
Y,G,G,G,G,G,6.47
G,G,G,G,G,G,6.97
G,G,G,G,G,G,7.47
Y,G,G,G,G,G,6.97
Y,G,G,G,G,G,6.47
Y,G,G,G,G,G,5.97
Y,G,G,G,G,G,5.47
Y,G,G,G,G,G,4.97
Y,G,G,G,G,G,4.47
G,G,G,G,G,G,4.97
Y,G,G,G,G,G,4.47
Y,G,G,G,G,B,2.97
Y,Y,G,G,G,B,1.47
Y,Y,Y,G,G,B,0
Y,Y,G,G,G,B,0.0
Y,Y,G,G,B,B,0.0
Y,Y,G,G,B,B,0.0
Y,G,G,G,B,B,0.0
Y,Y,G,B,B,G,0.0
Y,G,G,B,B,B,0.0
Y,G,G,B,B,G,0.0
Y,G,G,B,B,G,0.0
Y,G,G,B,B,G,0.0
Y,G,G,B,B,G,0.0
G,G,G,B,B,G,0
Y,G,G,B,B,B,0.0
G,G,G,B,B,G,0
Y,G,G,B,B,B,0.0
G,G,G,B,B,G,0
Y,G,G,G,B,B,0.0
G,G,G,B,B,G,0
Y,G,G,G,B,B,0.0
G,G,G,B,B,G,0
G,G,G,G,B,B,0
Y,G,G,G,B,B,0.0
G,G,G,G,B,B,0
Y,G,G,G,B,B,0.0
G,G,G,G,B,B,0
Y,G,G,G,G,G,1.0
G,G,G,G,B,B,0
Y,G,G,G,G,G,1.0
G,G,G,G,G,B,0
Y,G,G,G,G,G,1.0
G,G,G,G,G,B,0
Y,G,G,G,G,G,1.0
G,G,G,G,G,B,0
Y,G,G,G,G,G,1.0
G,G,G,G,G,G,1.5
G,G,G,G,G,G,2.0
G,G,G,G,G,G,2.5
G,G,G,G,G,G,3.0
G,G,G,G,G,G,3.5
G,G,G,G,G,Y,3.0
G,G,G,G,G,G,3.5
G,G,G,G,G,G,4.0
G,G,G,G,G,G,4.5
G,G,G,G,G,G,5.0
G,G,G,G,G,G,5.5
G,G,G,G,G,G,6.0
G,G,G,G,G,Y,5.5
G,G,G,G,G,Y,5.0
G,G,G,G,G,Y,4.5
G,G,G,G,G,Y,4.0
G,G,G,G,G,Y,3.5
G,G,G,G,G,Y,3.0
G,G,G,G,G,G,3.5
G,G,G,G,G,Y,3.0
G,G,G,G,G,G,3.5
G,G,G,G,G,G,4.0
Y,G,G,G,G,G,3.5
G,G,G,G,G,G,4.0
G,G,G,G,G,G,4.5
G,G,G,G,G,G,5.0
G,G,G,G,G,G,5.5
G,G,G,G,G,Y,5.0
G,G,G,G,G,Y,4.5
G,G,G,G,G,G,5.0
G,B,G,G,G,G,3.0
B,G,G,Y,Y,Y,1.5
G,G,G,Y,Y,Y,1.0
B,G,G,Y,Y,Y,0
B,G,G,Y,Y,Y,0.0
B,G,G,Y,Y,Y,0.0
B,G,Y,Y,Y,Y,0.0
B,G,Y,Y,Y,Y,0.0
B,G,G,Y,Y,Y,0.0
G,G,G,Y,Y,Y,1.0
B,G,G,Y,Y,Y,0
B,G,G,G,Y,Y,0.0
B,G,G,Y,Y,Y,0.0
B,G,G,Y,Y,Y,0.0
B,G,G,Y,Y,Y,0.0
B,G,G,Y,Y,Y,0.0
G,G,G,Y,Y,Y,1.0
B,G,G,G,Y,Y,0
B,G,G,G,Y,Y,0.0
B,G,G,G,Y,Y,0.0
B,G,G,Y,Y,Y,0.0
B,G,G,Y,Y,Y,0.0
B,G,G,Y,Y,Y,0.0
B,G,Y,Y,Y,Y,0.0
B,G,G,Y,Y,Y,0.0
G,G,G,Y,Y,Y,1.0
G,G,G,G,Y,Y,0.5
G,G,G,G,Y,Y,1.0
G,G,G,G,G,Y,0.5
G,G,G,G,G,G,2.0
G,G,G,G,G,G,2.5
G,G,G,G,G,G,3.0
G,G,G,G,G,Y,2.5
G,G,G,G,G,G,3.0
G,G,G,G,G,G,3.5
G,G,G,G,G,Y,3.0
G,G,G,G,G,G,3.5
G,G,G,G,G,Y,3.0
G,G,G,G,G,Y,2.5
G,G,G,G,G,G,3.0
G,G,G,G,G,G,3.5
G,G,G,G,G,G,4.0
G,G,G,G,G,G,4.5
G,G,G,B,G,Y,3.0
G,G,B,B,B,G,1.0
G,G,B,B,B,G,0
G,G,B,B,G,Y,0.0
G,G,B,B,G,Y,0.0
G,G,B,B,B,Y,0.0
G,G,B,B,B,Y,0.0
G,G,B,B,B,Y,0.0
G,G,B,B,B,Y,0.0
G,G,B,B,B,Y,0.0
G,G,G,B,B,Y,0.0
G,G,G,B,B,B,0
G,G,G,G,B,Y,0.0
G,G,G,G,G,B,0
G,G,G,G,G,B,0
G,G,G,G,G,B,0
G,G,G,G,G,G,2.0
G,G,G,G,G,G,2.5
G,G,G,G,G,G,3.0
G,G,G,G,G,G,3.5
G,Y,Y,G,G,G,3.0
Y,Y,Y,G,G,G,2.5
Y,Y,Y,G,G,G,2.0
Y,Y,Y,G,G,G,1.5
Y,Y,Y,G,G,G,1.0
Y,Y,Y,G,G,G,0.5
Y,Y,G,G,G,G,1.0
Y,Y,G,G,G,G,0.5
Y,G,G,G,G,G,1.0
Y,G,G,G,G,B,0
Y,G,G,G,G,B,0.0
G,G,G,G,B,B,0
G,G,G,G,G,B,0
Y,G,G,G,G,B,0.0
G,G,G,G,G,B,0
Y,G,G,G,G,B,0.0
G,G,G,G,G,B,0
Y,G,G,G,G,B,0.0
G,G,G,G,G,B,0
G,G,G,G,G,B,0
Y,G,G,G,G,G,1.0
G,G,G,G,G,G,1.5
G,G,G,G,G,G,2.0
G,G,G,G,G,G,2.5
G,G,G,G,G,G,3.0
G,G,G,G,G,G,3.5
G,G,G,G,G,G,4.0
G,G,G,G,G,G,4.5
G,G,G,G,G,Y,4.0
G,G,G,G,G,Y,3.5
G,G,G,G,G,Y,3.0
G,G,G,G,G,Y,2.5
G,G,G,G,G,G,3.0
G,G,G,G,G,G,3.5
G,G,G,G,G,G,4.0
G,G,G,G,G,G,4.5
G,G,G,G,G,G,5.0
G,G,G,G,G,G,5.5
G,G,G,G,G,G,6.0
G,G,G,G,G,G,6.5
G,G,G,O,G,G,5.0
G,G,G,O,O,O,3.5
Y,G,G,O,O,O,2.0
Y,Y,G,O,O,O,0.5
Y,Y,G,O,O,O,0.0
Y,Y,G,G,O,O,0.0
Y,Y,G,G,O,O,0.0
Y,Y,Y,G,O,O,0.0
Y,Y,Y,G,G,O,0.0
Y,Y,Y,G,G,O,0.0
Y,Y,Y,G,G,O,0.0
Y,Y,Y,G,G,O,0.0
Y,Y,Y,G,G,O,0.0
Y,Y,Y,G,G,G,1.0
Y,Y,Y,G,G,O,0
Y,Y,Y,G,G,O,0.0
Y,Y,Y,G,G,G,1.0
Y,Y,Y,Y,G,O,0
Y,Y,Y,G,G,O,0.0
Y,Y,Y,G,G,O,0.0
Y,Y,Y,G,G,G,1.0
Y,Y,Y,Y,G,O,0
Y,Y,Y,Y,G,O,0.0
Y,Y,Y,G,G,O,0.0
Y,Y,Y,G,G,G,1.0
Y,Y,Y,G,G,O,0
Y,Y,Y,G,G,O,0.0
Y,Y,Y,G,G,O,0.0
Y,Y,Y,G,G,O,0.0
Y,Y,Y,G,G,O,0.0
Y,Y,Y,G,G,G,1.0
Y,Y,Y,G,G,O,0
Y,Y,Y,G,G,O,0.0
Y,Y,Y,G,G,O,0.0
Y,Y,Y,G,G,G,1.0
Y,Y,Y,G,G,O,0
Y,Y,Y,G,G,O,0.0
Y,Y,Y,G,G,G,1.0
Y,Y,G,G,G,O,0
Y,Y,G,G,G,O,0.0
Y,Y,G,G,G,O,0.0
Y,Y,G,G,G,O,0.0
Y,Y,G,G,G,G,1.0
Y,Y,G,G,G,O,0
Y,Y,G,G,G,O,0.0
Y,Y,G,G,G,O,0.0
Y,Y,G,G,G,O,0.0
Y,Y,G,G,G,G,1.0
Y,G,G,G,G,O,0
Y,G,G,G,G,O,0.0
Y,Y,G,G,G,O,0.0
Y,G,G,G,G,O,0.0
Y,G,G,G,G,O,0.0
Y,G,G,G,G,G,1.0
G,G,G,G,G,O,0
Y,G,G,G,G,G,1.0
Y,G,G,G,G,G,0.5
G,G,G,G,G,O,0.0
Y,G,G,G,G,G,1.0
Y,G,G,G,G,G,0.5
G,G,G,G,G,O,0.0
Y,G,G,G,G,G,1.0
Y,G,G,G,G,G,0.5
G,G,G,G,G,G,2.0
G,G,G,G,G,G,2.5
G,G,G,G,G,G,3.0
G,G,G,G,G,G,3.5
G,G,G,G,G,Y,3.0
G,G,G,G,G,G,3.5
G,G,G,G,G,G,4.0
Y,G,G,G,G,G,3.5
G,G,G,G,G,G,4.0
G,G,G,G,G,G,4.5
G,G,G,G,G,Y,4.0
G,G,G,G,G,G,4.5
G,G,G,G,G,G,5.0
G,G,G,G,G,G,5.5
G,G,G,G,G,G,6.0
G,G,G,G,G,G,6.5
G,G,G,G,G,G,7.0
G,G,G,G,G,Y,6.5
G,G,G,G,G,G,7.0
G,G,G,G,G,G,7.5
G,G,G,G,G,G,8.0
Y,G,G,G,G,G,7.5
Y,G,G,G,G,G,7.0
G,G,G,G,G,G,7.5
G,G,G,G,G,G,8.0
G,G,G,G,G,G,8.5
Y,G,G,G,G,G,8.0
G,G,G,G,G,G,8.5
Y,G,G,G,G,G,8.0
G,G,G,G,G,Y,7.5
G,G,G,G,G,G,8.0
G,G,G,G,G,G,8.5
G,G,G,G,G,G,9.0
G,G,G,G,G,G,9.5
G,G,G,G,G,Y,9.0
G,G,G,G,G,Y,8.5
G,G,G,G,G,G,9.0
G,G,G,G,G,Y,8.5
G,G,G,G,G,Y,8.0
G,G,G,G,G,Y,7.5
G,G,G,G,Y,Y,7.0
G,G,G,G,Y,Y,6.5
G,G,G,G,Y,Y,6.0
G,G,G,G,G,Y,5.5
G,G,G,G,G,Y,5.0
G,G,G,G,G,Y,4.5
G,G,G,G,G,G,5.0
G,G,G,G,G,G,5.5
G,G,G,G,G,G,6.0
G,G,G,G,G,G,6.5
G,G,G,G,G,G,7.0
G,G,G,G,G,G,7.5
G,G,G,G,G,G,8.0
G,G,G,G,G,Y,7.5
G,G,G,G,G,G,8.0
G,G,G,G,Y,Y,7.5
G,G,G,G,G,G,8.0
G,G,G,G,G,Y,7.5
G,G,G,G,G,G,8.0
G,G,G,G,G,Y,7.5
G,G,G,G,G,G,8.0
G,G,G,G,G,G,8.5
G,G,G,G,G,Y,8.0
G,G,G,G,G,G,8.5
G,G,G,G,G,G,9.0
G,G,G,G,B,G,7.0
G,G,G,G,G,B,5.0
Y,Y,G,G,G,G,4.5
Y,G,G,G,G,G,4.0
G,G,G,G,G,G,4.5
G,G,G,G,G,G,5.0
G,G,G,G,G,G,5.5
G,G,G,G,G,G,6.0
G,G,G,G,G,G,6.5
G,G,G,G,G,G,7.0
G,G,G,G,G,G,7.5
G,G,G,G,G,G,8.0
G,G,G,G,G,G,8.5
G,G,G,G,G,G,9.0
G,G,G,G,G,G,9.5
G,G,G,G,G,G,10.0
G,G,G,G,G,G,10
G,G,G,G,G,Y,9.5
G,G,G,G,G,G,10.0
O,O,O,G,G,G,8.5
O,G,Y,Y,Y,Y,7.0
Y,Y,Y,R,R,R,8.5
Y,R,R,R,R,R,10
R,R,R,R,R,R,2
R,R,R,R,R,R,2
R,R,R,R,R,R,2
R,R,R,R,R,R,2
R,R,R,R,R,R,2
R,R,R,R,R,R,2
R,R,R,R,R,R,2
R,R,R,R,R,R,2
R,R,R,R,R,R,2
R,R,Y,R,R,R,2
R,Y,Y,Y,R,R,2
Y,Y,Y,Y,Y,R,2
Y,Y,Y,Y,Y,R,2
Y,Y,Y,Y,Y,Y,1.93
Y,Y,Y,Y,Y,Y,0.9
Y,Y,Y,Y,Y,Y,-0.6
Y,Y,Y,Y,Y,R,3.0
Y,G,G,Y,Y,Y,3.5
G,G,G,Y,Y,Y,3.0
G,G,G,G,Y,Y,2.5
G,G,G,G,G,Y,2.0
G,G,G,G,G,G,2.5
G,G,G,G,G,G,3.0
G,G,G,G,G,G,3.5
G,G,G,G,G,G,4.0
G,G,G,G,G,G,4.5
G,G,G,G,G,G,5.0
G,G,G,G,G,G,5.5
G,G,Y,Y,G,G,6.0
G,Y,Y,Y,Y,G,5.5
Y,Y,Y,Y,Y,G,4.0
Y,Y,Y,Y,Y,G,2.5
Y,Y,Y,Y,G,G,2.0
Y,Y,Y,Y,G,G,1.5
Y,Y,Y,G,G,G,1.0
Y,Y,G,G,G,G,0.5
Y,G,G,G,G,G,1.0
Y,G,G,G,G,G,0.5
G,G,G,G,G,G,2.0
G,G,G,G,G,G,2.5
G,G,G,G,G,G,3.0
G,G,G,G,G,G,3.5
G,G,G,G,G,G,4.0
G,G,G,G,G,G,4.5
G,G,G,G,Y,Y,4.0
G,G,G,G,G,Y,3.5
G,G,G,G,G,Y,3.0
G,G,G,G,G,G,3.5
G,G,G,G,G,G,4.0
G,G,G,G,G,Y,3.5
G,G,G,G,Y,Y,3.0
G,G,G,G,G,G,3.5
G,G,G,G,G,G,4.0
G,G,G,G,G,Y,3.5
G,G,G,G,G,G,4.0
G,G,G,G,G,Y,3.5
G,G,G,G,G,Y,3.0
G,G,G,G,G,G,3.5
G,G,G,G,G,G,4.0
G,G,G,G,G,Y,3.5
G,G,G,G,G,Y,3.0
G,G,G,G,G,G,3.5
G,G,G,G,G,G,4.0
G,O,G,G,G,Y,2.5
O,O,G,G,Y,Y,1.0
O,O,G,G,Y,Y,0
O,O,G,G,Y,Y,0.0
O,O,G,G,Y,Y,0.0
O,O,G,G,Y,Y,0.0
O,O,G,G,Y,Y,0.0
O,O,G,G,Y,Y,0.0
O,O,G,G,Y,Y,0.0
O,O,G,G,Y,Y,0.0
O,O,G,Y,Y,Y,0.0
O,O,O,Y,Y,Y,0.0
O,O,O,Y,Y,Y,0.0
O,O,O,Y,Y,Y,0.0
O,O,G,Y,Y,Y,0.0
O,O,G,Y,Y,Y,0.0
O,O,G,Y,Y,Y,0.0
O,O,Y,Y,Y,Y,0.0
O,O,Y,Y,Y,Y,0.0
O,G,Y,Y,Y,Y,0.0
O,G,Y,Y,Y,Y,0.0
O,G,Y,Y,Y,Y,0.0
O,Y,Y,Y,Y,Y,-1.0
G,Y,Y,Y,Y,Y,0.0
G,Y,Y,Y,Y,Y,0.0
Y,Y,Y,Y,Y,Y,0.0
Y,Y,Y,Y,Y,Y,0.0
Y,Y,Y,Y,Y,Y,0.0
Y,Y,Y,Y,Y,Y,0.0
Y,Y,Y,Y,Y,Y,0.0
Y,Y,Y,Y,Y,Y,0.0
Y,Y,Y,Y,Y,Y,0.0
Y,Y,Y,Y,Y,Y,0.0
R,R,Y,Y,Y,G,3.0
R,R,R,Y,Y,G,4.5
R,R,R,Y,Y,Y,5.0
R,R,R,R,Y,Y,6.5
R,R,R,R,R,Y,8.0
R,R,R,R,R,R,9.5
R,R,R,R,R,R,2
R,R,R,R,R,R,2
R,R,R,R,R,R,2
R,R,R,R,R,R,2
R,R,R,R,R,R,2
R,R,R,R,R,R,2
R,R,R,R,R,R,2
R,R,R,R,R,R,2
R,R,R,R,R,R,2
R,R,R,R,R,R,2
R,R,R,R,R,R,2
R,R,R,R,R,R,2
R,R,R,R,R,R,2
R,R,R,R,R,R,2
R,R,R,R,R,R,2
R,R,R,R,R,R,2
R,R,R,R,R,R,2
R,R,R,R,R,R,2
R,R,R,R,R,R,2
R,R,R,R,R,R,2
R,R,R,R,R,R,2
R,R,R,R,R,R,2
R,R,R,R,R,R,2
R,R,R,R,R,R,2
R,R,R,R,R,R,2
R,R,R,R,R,R,2
R,R,R,R,R,R,2
R,R,R,R,R,R,2
R,R,R,R,R,R,2
R,R,R,R,R,R,2
R,R,R,R,R,R,2
R,R,R,R,R,R,2
R,R,R,R,R,R,2
R,R,R,R,R,R,2
R,R,R,R,R,R,2
R,R,R,R,R,R,2
R,R,R,R,R,R,2
R,R,R,R,R,R,2
R,R,R,R,R,R,2
R,R,R,R,R,R,2
R,R,R,R,R,R,2
R,R,R,R,R,R,2
R,R,R,R,R,R,2
R,R,R,R,R,R,2
R,R,R,R,R,R,2
R,R,R,R,R,R,2
R,R,R,R,R,R,2
R,R,R,R,R,R,2
R,R,R,R,R,R,2
R,R,R,R,R,R,2
R,R,R,R,R,R,2
R,R,R,R,R,R,2
R,R,R,R,R,R,2
R,R,R,R,R,R,2
R,R,R,R,R,R,2
R,R,R,R,R,R,2
R,R,R,R,R,R,2
R,R,R,R,R,R,2
R,R,R,R,R,R,2
R,R,R,R,R,R,2
R,R,R,R,R,R,2
R,R,R,R,R,R,2
R,R,R,R,R,R,2
R,R,R,R,R,R,2
R,R,R,R,R,R,2
R,R,R,R,R,R,2
R,R,R,R,R,R,2
R,R,R,R,R,R,2
R,R,R,R,R,R,2
R,R,R,R,R,R,2
R,R,R,R,R,R,2
R,R,R,R,R,R,2
R,R,R,R,R,R,2
R,R,R,R,R,R,2
R,R,R,R,R,R,2
R,R,R,R,R,R,2
R,R,R,R,R,R,2
R,R,R,R,R,R,2
R,R,R,R,R,R,2
R,R,R,R,R,R,2
R,R,R,R,R,R,2
R,R,R,R,R,R,2
R,R,R,R,R,R,2
R,R,R,R,R,R,2
R,R,R,R,R,R,2
R,R,R,R,R,R,2
R,R,R,R,R,R,2
R,R,R,R,R,R,2
R,R,R,R,R,R,2
R,R,R,R,R,R,2
R,R,R,R,R,R,2
R,R,R,R,R,R,2
R,R,R,R,R,R,2
R,R,R,R,R,R,2
R,R,R,R,R,R,2
R,R,R,R,R,R,2
R,R,R,R,R,R,2
R,R,R,R,R,R,2
R,R,R,R,R,R,2
R,R,R,R,R,R,2
R,R,R,R,R,R,2
R,R,R,R,R,R,2
R,R,R,R,R,R,2
R,R,R,R,R,R,2
R,R,R,R,R,R,2
R,R,R,R,R,R,2
R,R,R,R,R,R,2
R,R,R,R,R,R,2
R,R,R,R,R,R,2
R,R,R,R,R,R,2
Y,R,R,R,R,R,2
Y,R,R,R,R,R,2
Y,Y,R,R,R,R,4.97
Y,Y,Y,Y,R,R,6.47
G,G,G,Y,Y,R,6.97
G,G,G,G,Y,Y,6.47
G,G,G,G,Y,Y,5.97
G,G,G,G,G,G,6.47
G,G,G,G,G,G,6.97
G,G,G,G,G,G,7.47
G,Y,G,G,G,G,6.97
Y,Y,Y,G,G,G,6.47
Y,Y,Y,G,G,G,5.97
Y,Y,Y,G,G,G,5.47
Y,Y,G,G,G,G,4.97
Y,Y,Y,G,G,G,4.47
Y,G,G,G,G,G,3.97
Y,G,G,G,G,G,3.47
Y,G,G,G,G,G,2.97
G,G,G,G,G,G,3.47
G,G,G,G,G,G,3.97
G,G,G,G,G,G,4.47
G,G,G,G,G,G,4.97
G,G,G,G,G,Y,4.47
G,G,G,G,G,Y,3.97
G,G,G,G,G,G,4.47
G,G,G,G,G,G,4.97
G,G,G,G,G,G,5.47
G,G,G,G,G,G,5.97
G,G,G,G,G,G,6.47
G,G,G,G,G,G,6.97
G,G,G,G,G,G,7.47
G,G,G,G,G,G,7.97
G,G,G,G,G,Y,7.47
G,G,G,G,G,Y,6.97
G,G,G,G,G,G,7.47
G,G,G,G,G,G,7.97
G,G,G,G,G,Y,7.47
G,G,G,G,G,Y,6.97
G,G,G,G,G,Y,6.47
G,G,G,G,G,G,6.97
G,G,G,G,G,G,7.47
G,G,G,G,G,Y,6.97
G,G,G,G,Y,Y,6.47
G,G,G,G,G,G,6.97
G,G,G,G,G,Y,6.47
G,G,G,G,G,G,6.97
Y,G,G,G,G,G,6.47
G,G,G,G,G,G,6.97
G,G,G,G,G,G,7.47
Y,G,G,G,G,G,6.97
Y,G,G,G,G,G,6.47
Y,G,G,G,G,G,5.97
Y,G,G,G,G,G,5.47
Y,G,G,G,G,G,4.97
Y,G,G,G,G,G,4.47
G,G,G,G,G,G,4.97
Y,G,G,G,G,G,4.47
Y,G,G,G,G,B,2.97
Y,Y,G,G,G,B,1.47
Y,Y,Y,G,G,B,0
Y,Y,G,G,G,B,0.0
Y,Y,G,G,B,B,0.0
Y,Y,G,G,B,B,0.0
Y,G,G,G,B,B,0.0
Y,Y,G,B,B,G,0.0
Y,G,G,B,B,B,0.0
Y,G,G,B,B,G,0.0
Y,G,G,B,B,G,0.0
Y,G,G,B,B,G,0.0
Y,G,G,B,B,G,0.0
G,G,G,B,B,G,0
Y,G,G,B,B,B,0.0
G,G,G,B,B,G,0
Y,G,G,B,B,B,0.0
G,G,G,B,B,G,0
Y,G,G,G,B,B,0.0
G,G,G,B,B,G,0
Y,G,G,G,B,B,0.0
G,G,G,B,B,G,0
G,G,G,G,B,B,0
Y,G,G,G,B,B,0.0
G,G,G,G,B,B,0
Y,G,G,G,B,B,0.0
G,G,G,G,B,B,0
Y,G,G,G,G,G,1.0
G,G,G,G,B,B,0
Y,G,G,G,G,G,1.0
G,G,G,G,G,B,0
Y,G,G,G,G,G,1.0
G,G,G,G,G,B,0
Y,G,G,G,G,G,1.0
G,G,G,G,G,B,0
Y,G,G,G,G,G,1.0
G,G,G,G,G,G,1.5
G,G,G,G,G,G,2.0
G,G,G,G,G,G,2.5
G,G,G,G,G,G,3.0
G,G,G,G,G,G,3.5
G,G,G,G,G,Y,3.0
G,G,G,G,G,G,3.5
G,G,G,G,G,G,4.0
G,G,G,G,G,G,4.5
G,G,G,G,G,G,5.0
G,G,G,G,G,G,5.5
G,G,G,G,G,G,6.0
G,G,G,G,G,Y,5.5
G,G,G,G,G,Y,5.0
G,G,G,G,G,Y,4.5
G,G,G,G,G,Y,4.0
G,G,G,G,G,Y,3.5
G,G,G,G,G,Y,3.0
G,G,G,G,G,G,3.5
G,G,G,G,G,Y,3.0
G,G,G,G,G,G,3.5
G,G,G,G,G,G,4.0
Y,G,G,G,G,G,3.5
G,G,G,G,G,G,4.0
G,G,G,G,G,G,4.5
G,G,G,G,G,G,5.0
G,G,G,G,G,G,5.5
G,G,G,G,G,Y,5.0
G,G,G,G,G,Y,4.5
G,G,G,G,G,G,5.0
G,B,G,G,G,G,3.0
B,G,G,Y,Y,Y,1.5
G,G,G,Y,Y,Y,1.0
B,G,G,Y,Y,Y,0
B,G,G,Y,Y,Y,0.0
B,G,G,Y,Y,Y,0.0
B,G,Y,Y,Y,Y,0.0
B,G,Y,Y,Y,Y,0.0
B,G,G,Y,Y,Y,0.0
G,G,G,Y,Y,Y,1.0
B,G,G,Y,Y,Y,0
B,G,G,G,Y,Y,0.0
B,G,G,Y,Y,Y,0.0
B,G,G,Y,Y,Y,0.0
B,G,G,Y,Y,Y,0.0
B,G,G,Y,Y,Y,0.0
G,G,G,Y,Y,Y,1.0
B,G,G,G,Y,Y,0
B,G,G,G,Y,Y,0.0
B,G,G,G,Y,Y,0.0
B,G,G,Y,Y,Y,0.0
B,G,G,Y,Y,Y,0.0
B,G,G,Y,Y,Y,0.0
B,G,Y,Y,Y,Y,0.0
B,G,G,Y,Y,Y,0.0
G,G,G,Y,Y,Y,1.0
G,G,G,G,Y,Y,0.5
G,G,G,G,Y,Y,1.0
G,G,G,G,G,Y,0.5
G,G,G,G,G,G,2.0
G,G,G,G,G,G,2.5
G,G,G,G,G,G,3.0
G,G,G,G,G,Y,2.5
G,G,G,G,G,G,3.0
G,G,G,G,G,G,3.5
G,G,G,G,G,Y,3.0
G,G,G,G,G,G,3.5
G,G,G,G,G,Y,3.0
G,G,G,G,G,Y,2.5
G,G,G,G,G,G,3.0
G,G,G,G,G,G,3.5
G,G,G,G,G,G,4.0
G,G,G,G,G,G,4.5
G,G,G,B,G,Y,3.0
G,G,B,B,B,G,1.0
G,G,B,B,B,G,0
G,G,B,B,G,Y,0.0
G,G,B,B,G,Y,0.0
G,G,B,B,B,Y,0.0
G,G,B,B,B,Y,0.0
G,G,B,B,B,Y,0.0
G,G,B,B,B,Y,0.0
G,G,B,B,B,Y,0.0
G,G,G,B,B,Y,0.0
G,G,G,B,B,B,0
G,G,G,G,B,Y,0.0
G,G,G,G,G,B,0
G,G,G,G,G,B,0
G,G,G,G,G,B,0
G,G,G,G,G,G,2.0
G,G,G,G,G,G,2.5
G,G,G,G,G,G,3.0
G,G,G,G,G,G,3.5
G,Y,Y,G,G,G,3.0
Y,Y,Y,G,G,G,2.5
Y,Y,Y,G,G,G,2.0
Y,Y,Y,G,G,G,1.5
Y,Y,Y,G,G,G,1.0
Y,Y,Y,G,G,G,0.5
Y,Y,G,G,G,G,1.0
Y,Y,G,G,G,G,0.5
Y,G,G,G,G,G,1.0
Y,G,G,G,G,B,0
Y,G,G,G,G,B,0.0
G,G,G,G,B,B,0
G,G,G,G,G,B,0
Y,G,G,G,G,B,0.0
G,G,G,G,G,B,0
Y,G,G,G,G,B,0.0
G,G,G,G,G,B,0
Y,G,G,G,G,B,0.0
G,G,G,G,G,B,0
G,G,G,G,G,B,0
Y,G,G,G,G,G,1.0
G,G,G,G,G,G,1.5
G,G,G,G,G,G,2.0
G,G,G,G,G,G,2.5
G,G,G,G,G,G,3.0
G,G,G,G,G,G,3.5
G,G,G,G,G,G,4.0
G,G,G,G,G,G,4.5
G,G,G,G,G,Y,4.0
G,G,G,G,G,Y,3.5
G,G,G,G,G,Y,3.0
G,G,G,G,G,Y,2.5
G,G,G,G,G,G,3.0
G,G,G,G,G,G,3.5
G,G,G,G,G,G,4.0
G,G,G,G,G,G,4.5
G,G,G,G,G,G,5.0
G,G,G,G,G,G,5.5
G,G,G,G,G,G,6.0
G,G,G,G,G,G,6.5
G,G,G,O,G,G,5.0
G,G,G,O,O,O,3.5
Y,G,G,O,O,O,2.0
Y,Y,G,O,O,O,0.5
Y,Y,G,O,O,O,0.0
Y,Y,G,G,O,O,0.0
Y,Y,G,G,O,O,0.0
Y,Y,Y,G,O,O,0.0
Y,Y,Y,G,G,O,0.0
Y,Y,Y,G,G,O,0.0
Y,Y,Y,G,G,O,0.0
Y,Y,Y,G,G,O,0.0
Y,Y,Y,G,G,O,0.0
Y,Y,Y,G,G,G,1.0
Y,Y,Y,G,G,O,0
Y,Y,Y,G,G,O,0.0
Y,Y,Y,G,G,G,1.0
Y,Y,Y,Y,G,O,0
Y,Y,Y,G,G,O,0.0
Y,Y,Y,G,G,O,0.0
Y,Y,Y,G,G,G,1.0
Y,Y,Y,Y,G,O,0
Y,Y,Y,Y,G,O,0.0
Y,Y,Y,G,G,O,0.0
Y,Y,Y,G,G,G,1.0
Y,Y,Y,G,G,O,0
Y,Y,Y,G,G,O,0.0
Y,Y,Y,G,G,O,0.0
Y,Y,Y,G,G,O,0.0
Y,Y,Y,G,G,O,0.0
Y,Y,Y,G,G,G,1.0
Y,Y,Y,G,G,O,0
Y,Y,Y,G,G,O,0.0
Y,Y,Y,G,G,O,0.0
Y,Y,Y,G,G,G,1.0
Y,Y,Y,G,G,O,0
Y,Y,Y,G,G,O,0.0
Y,Y,Y,G,G,G,1.0
Y,Y,G,G,G,O,0
Y,Y,G,G,G,O,0.0
Y,Y,G,G,G,O,0.0
Y,Y,G,G,G,O,0.0
Y,Y,G,G,G,G,1.0
Y,Y,G,G,G,O,0
Y,Y,G,G,G,O,0.0
Y,Y,G,G,G,O,0.0
Y,Y,G,G,G,O,0.0
Y,Y,G,G,G,G,1.0
Y,G,G,G,G,O,0
Y,G,G,G,G,O,0.0
Y,Y,G,G,G,O,0.0
Y,G,G,G,G,O,0.0
Y,G,G,G,G,O,0.0
Y,G,G,G,G,G,1.0
G,G,G,G,G,O,0
Y,G,G,G,G,G,1.0
Y,G,G,G,G,G,0.5
G,G,G,G,G,O,0.0
Y,G,G,G,G,G,1.0
Y,G,G,G,G,G,0.5
G,G,G,G,G,O,0.0
Y,G,G,G,G,G,1.0
Y,G,G,G,G,G,0.5
G,G,G,G,G,G,2.0
G,G,G,G,G,G,2.5
G,G,G,G,G,G,3.0
G,G,G,G,G,G,3.5
G,G,G,G,G,Y,3.0
G,G,G,G,G,G,3.5
G,G,G,G,G,G,4.0
Y,G,G,G,G,G,3.5
G,G,G,G,G,G,4.0
G,G,G,G,G,G,4.5
G,G,G,G,G,Y,4.0
G,G,G,G,G,G,4.5
G,G,G,G,G,G,5.0
G,G,G,G,G,G,5.5
G,G,G,G,G,G,6.0
G,G,G,G,G,G,6.5
G,G,G,G,G,G,7.0
G,G,G,G,G,Y,6.5
G,G,G,G,G,G,7.0
G,G,G,G,G,G,7.5
G,G,G,G,G,G,8.0
Y,G,G,G,G,G,7.5
Y,G,G,G,G,G,7.0
G,G,G,G,G,G,7.5
G,G,G,G,G,G,8.0
G,G,G,G,G,G,8.5
Y,G,G,G,G,G,8.0
G,G,G,G,G,G,8.5
Y,G,G,G,G,G,8.0
G,G,G,G,G,Y,7.5
G,G,G,G,G,G,8.0
G,G,G,G,G,G,8.5
G,G,G,G,G,G,9.0
G,G,G,G,G,G,9.5
G,G,G,G,G,Y,9.0
G,G,G,G,G,Y,8.5
G,G,G,G,G,G,9.0
G,G,G,G,G,Y,8.5
G,G,G,G,G,Y,8.0
G,G,G,G,G,Y,7.5
G,G,G,G,Y,Y,7.0
G,G,G,G,Y,Y,6.5
G,G,G,G,Y,Y,6.0
G,G,G,G,G,Y,5.5
G,G,G,G,G,Y,5.0
G,G,G,G,G,Y,4.5
G,G,G,G,G,G,5.0
G,G,G,G,G,G,5.5
G,G,G,G,G,G,6.0
G,G,G,G,G,G,6.5
G,G,G,G,G,G,7.0
G,G,G,G,G,G,7.5
G,G,G,G,G,G,8.0
G,G,G,G,G,Y,7.5
G,G,G,G,G,G,8.0
G,G,G,G,Y,Y,7.5
G,G,G,G,G,G,8.0
G,G,G,G,G,Y,7.5
G,G,G,G,G,G,8.0
G,G,G,G,G,Y,7.5
G,G,G,G,G,G,8.0
G,G,G,G,G,G,8.5
G,G,G,G,G,Y,8.0
G,G,G,G,G,G,8.5
G,G,G,G,G,G,9.0
G,G,G,G,B,G,7.0
G,G,G,G,G,B,5.0
Y,Y,G,G,G,G,4.5
Y,G,G,G,G,G,4.0
G,G,G,G,G,G,4.5
G,G,G,G,G,G,5.0
G,G,G,G,G,G,5.5
G,G,G,G,G,G,6.0
G,G,G,G,G,G,6.5
G,G,G,G,G,G,7.0
G,G,G,G,G,G,7.5
G,G,G,G,G,G,8.0
G,G,G,G,G,G,8.5
G,G,G,G,G,G,9.0
G,G,G,G,G,G,9.5
G,G,G,G,G,G,10.0
G,G,G,G,G,G,10
G,G,G,G,G,Y,9.5
G,G,G,G,G,G,10.0
O,O,O,G,G,G,8.5
O,G,Y,Y,Y,Y,7.0
Y,Y,Y,R,R,R,8.5
Y,R,R,R,R,R,10
R,R,R,R,R,R,2
R,R,R,R,R,R,2
R,R,R,R,R,R,2
R,R,R,R,R,R,2
R,R,R,R,R,R,2
R,R,R,R,R,R,2
R,R,R,R,R,R,2
R,R,R,R,R,R,2
R,R,R,R,R,R,2
R,R,Y,R,R,R,2
R,Y,Y,Y,R,R,2
Y,Y,Y,Y,Y,R,2
Y,Y,Y,Y,Y,R,2
Y,Y,Y,Y,Y,Y,1.93
Y,Y,Y,Y,Y,Y,0.9
Y,Y,Y,Y,Y,Y,-0.6
Y,Y,Y,Y,Y,R,3.0
Y,G,G,Y,Y,Y,3.5
G,G,G,Y,Y,Y,3.0
G,G,G,G,Y,Y,2.5
G,G,G,G,G,Y,2.0
G,G,G,G,G,G,2.5
G,G,G,G,G,G,3.0
G,G,G,G,G,G,3.5
G,G,G,G,G,G,4.0
G,G,G,G,G,G,4.5
G,G,G,G,G,G,5.0
G,G,G,G,G,G,5.5
G,G,Y,Y,G,G,6.0
G,Y,Y,Y,Y,G,5.5
Y,Y,Y,Y,Y,G,4.0
Y,Y,Y,Y,Y,G,2.5
Y,Y,Y,Y,G,G,2.0
Y,Y,Y,Y,G,G,1.5
Y,Y,Y,G,G,G,1.0
Y,Y,G,G,G,G,0.5
Y,G,G,G,G,G,1.0
Y,G,G,G,G,G,0.5
G,G,G,G,G,G,2.0
G,G,G,G,G,G,2.5
G,G,G,G,G,G,3.0
G,G,G,G,G,G,3.5
G,G,G,G,G,G,4.0
G,G,G,G,G,G,4.5
G,G,G,G,Y,Y,4.0
G,G,G,G,G,Y,3.5
G,G,G,G,G,Y,3.0
G,G,G,G,G,G,3.5
G,G,G,G,G,G,4.0
G,G,G,G,G,Y,3.5
G,G,G,G,Y,Y,3.0
G,G,G,G,G,G,3.5
G,G,G,G,G,G,4.0
G,G,G,G,G,Y,3.5
G,G,G,G,G,G,4.0
G,G,G,G,G,Y,3.5
G,G,G,G,G,Y,3.0
G,G,G,G,G,G,3.5
G,G,G,G,G,G,4.0
G,G,G,G,G,Y,3.5
G,G,G,G,G,Y,3.0
G,G,G,G,G,G,3.5
G,G,G,G,G,G,4.0
G,O,G,G,G,Y,2.5
O,O,G,G,Y,Y,1.0
O,O,G,G,Y,Y,0
O,O,G,G,Y,Y,0.0
O,O,G,G,Y,Y,0.0
O,O,G,G,Y,Y,0.0
O,O,G,G,Y,Y,0.0
O,O,G,G,Y,Y,0.0
O,O,G,G,Y,Y,0.0
O,O,G,G,Y,Y,0.0
O,O,G,Y,Y,Y,0.0
O,O,O,Y,Y,Y,0.0
O,O,O,Y,Y,Y,0.0
O,O,O,Y,Y,Y,0.0
O,O,G,Y,Y,Y,0.0
O,O,G,Y,Y,Y,0.0
O,O,G,Y,Y,Y,0.0
O,O,Y,Y,Y,Y,0.0
O,O,Y,Y,Y,Y,0.0
O,G,Y,Y,Y,Y,0.0
O,G,Y,Y,Y,Y,0.0
O,G,Y,Y,Y,Y,0.0
O,Y,Y,Y,Y,Y,-1.0
G,Y,Y,Y,Y,Y,0.0
G,Y,Y,Y,Y,Y,0.0
Y,Y,Y,Y,Y,Y,0.0
Y,Y,Y,Y,Y,Y,0.0
Y,Y,Y,Y,Y,Y,0.0
Y,Y,Y,Y,Y,Y,0.0
Y,Y,Y,Y,Y,Y,0.0
Y,Y,Y,Y,Y,Y,0.0
Y,Y,Y,Y,Y,Y,0.0
Y,Y,Y,Y,Y,Y,0.0
R,R,Y,Y,Y,G,3.0
R,R,R,Y,Y,G,4.5
R,R,R,Y,Y,Y,5.0
R,R,R,R,Y,Y,6.5
R,R,R,R,R,Y,8.0
R,R,R,R,R,R,9.5
R,R,R,R,R,R,2
R,R,R,R,R,R,2
R,R,R,R,R,R,2
R,R,R,R,R,R,2
R,R,R,R,R,R,2
R,R,R,R,R,R,2
R,R,R,R,R,R,2
R,R,R,R,R,R,2
R,R,R,R,R,R,2
R,R,R,R,R,R,2
R,R,R,R,R,R,2
R,R,R,R,R,R,2
R,R,R,R,R,R,2
R,R,R,R,R,R,2
R,R,R,R,R,R,2
R,R,R,R,R,R,2
R,R,R,R,R,R,2
R,R,R,R,R,R,2
R,R,R,R,R,R,2
R,R,R,R,R,R,2
R,R,R,R,R,R,2
R,R,R,R,R,R,2
R,R,R,R,R,R,2
R,R,R,R,R,R,2
R,R,R,R,R,R,2
R,R,R,R,R,R,2
R,R,R,R,R,R,2
R,R,R,R,R,R,2
R,R,R,R,R,R,2
R,R,R,R,R,R,2
R,R,R,R,R,R,2
R,R,R,R,R,R,2
R,R,R,R,R,R,2
R,R,R,R,R,R,2
R,R,R,R,R,R,2
R,R,R,R,R,R,2
R,R,R,R,R,R,2
R,R,R,R,R,R,2
R,R,R,R,R,R,2
R,R,R,R,R,R,2
R,R,R,R,R,R,2
R,R,R,R,R,R,2
R,R,R,R,R,R,2
R,R,R,R,R,R,2
R,R,R,R,R,R,2
R,R,R,R,R,R,2
R,R,R,R,R,R,2
R,R,R,R,R,R,2
R,R,R,R,R,R,2
R,R,R,R,R,R,2
R,R,R,R,R,R,2
R,R,R,R,R,R,2
R,R,R,R,R,R,2
R,R,R,R,R,R,2
R,R,R,R,R,R,2
R,R,R,R,R,R,2
R,R,R,R,R,R,2
R,R,R,R,R,R,2
R,R,R,R,R,R,2
R,R,R,R,R,R,2
R,R,R,R,R,R,2
R,R,R,R,R,R,2
R,R,R,R,R,R,2
R,R,R,R,R,R,2
R,R,R,R,R,R,2
R,R,R,R,R,R,2
R,R,R,R,R,R,2
R,R,R,R,R,R,2
R,R,R,R,R,R,2
R,R,R,R,R,R,2
R,R,R,R,R,R,2
R,R,R,R,R,R,2
R,R,R,R,R,R,2
R,R,R,R,R,R,2
R,R,R,R,R,R,2
R,R,R,R,R,R,2
R,R,R,R,R,R,2
R,R,R,R,R,R,2
R,R,R,R,R,R,2
R,R,R,R,R,R,2
R,R,R,R,R,R,2
R,R,R,R,R,R,2
R,R,R,R,R,R,2
R,R,R,R,R,R,2
R,R,R,R,R,R,2
R,R,R,R,R,R,2
R,R,R,R,R,R,2
R,R,R,R,R,R,2
R,R,R,R,R,R,2
R,R,R,R,R,R,2
R,R,R,R,R,R,2
R,R,R,R,R,R,2
R,R,R,R,R,R,2
R,R,R,R,R,R,2
R,R,R,R,R,R,2
R,R,R,R,R,R,2
R,R,R,R,R,R,2
R,R,R,R,R,R,2
R,R,R,R,R,R,2
R,R,R,R,R,R,2
R,R,R,R,R,R,2
R,R,R,R,R,R,2
R,R,R,R,R,R,2
R,R,R,R,R,R,2
R,R,R,R,R,R,2
R,R,R,R,R,R,2
R,R,R,R,R,R,2
R,R,R,R,R,R,2
R,R,R,R,R,R,2
R,R,R,R,R,R,2
Y,R,R,R,R,R,2
Y,R,R,R,R,R,2
Y,Y,R,R,R,R,4.97
Y,Y,Y,Y,R,R,6.47
G,G,G,Y,Y,R,6.97
G,G,G,G,Y,Y,6.47
G,G,G,G,Y,Y,5.97
G,G,G,G,G,G,6.47
G,G,G,G,G,G,6.97
G,G,G,G,G,G,7.47
G,Y,G,G,G,G,6.97
Y,Y,Y,G,G,G,6.47
Y,Y,Y,G,G,G,5.97
Y,Y,Y,G,G,G,5.47
Y,Y,G,G,G,G,4.97
Y,Y,Y,G,G,G,4.47
Y,G,G,G,G,G,3.97
Y,G,G,G,G,G,3.47
Y,G,G,G,G,G,2.97
G,G,G,G,G,G,3.47
G,G,G,G,G,G,3.97
G,G,G,G,G,G,4.47
G,G,G,G,G,G,4.97
G,G,G,G,G,Y,4.47
G,G,G,G,G,Y,3.97
G,G,G,G,G,G,4.47
G,G,G,G,G,G,4.97
G,G,G,G,G,G,5.47
G,G,G,G,G,G,5.97
G,G,G,G,G,G,6.47
G,G,G,G,G,G,6.97
G,G,G,G,G,G,7.47
G,G,G,G,G,G,7.97
G,G,G,G,G,Y,7.47
G,G,G,G,G,Y,6.97
G,G,G,G,G,G,7.47
G,G,G,G,G,G,7.97
G,G,G,G,G,Y,7.47
G,G,G,G,G,Y,6.97
G,G,G,G,G,Y,6.47
G,G,G,G,G,G,6.97
G,G,G,G,G,G,7.47
G,G,G,G,G,Y,6.97
G,G,G,G,Y,Y,6.47
G,G,G,G,G,G,6.97
G,G,G,G,G,Y,6.47
G,G,G,G,G,G,6.97
Y,G,G,G,G,G,6.47
G,G,G,G,G,G,6.97
G,G,G,G,G,G,7.47
Y,G,G,G,G,G,6.97
Y,G,G,G,G,G,6.47
Y,G,G,G,G,G,5.97
Y,G,G,G,G,G,5.47
Y,G,G,G,G,G,4.97
Y,G,G,G,G,G,4.47
G,G,G,G,G,G,4.97
Y,G,G,G,G,G,4.47
Y,G,G,G,G,B,2.97
Y,Y,G,G,G,B,1.47
Y,Y,Y,G,G,B,0
Y,Y,G,G,G,B,0.0
Y,Y,G,G,B,B,0.0
Y,Y,G,G,B,B,0.0
Y,G,G,G,B,B,0.0
Y,Y,G,B,B,G,0.0
Y,G,G,B,B,B,0.0
Y,G,G,B,B,G,0.0
Y,G,G,B,B,G,0.0
Y,G,G,B,B,G,0.0
Y,G,G,B,B,G,0.0
G,G,G,B,B,G,0
Y,G,G,B,B,B,0.0
G,G,G,B,B,G,0
Y,G,G,B,B,B,0.0
G,G,G,B,B,G,0
Y,G,G,G,B,B,0.0
G,G,G,B,B,G,0
Y,G,G,G,B,B,0.0
G,G,G,B,B,G,0
G,G,G,G,B,B,0
Y,G,G,G,B,B,0.0
G,G,G,G,B,B,0
Y,G,G,G,B,B,0.0
G,G,G,G,B,B,0
Y,G,G,G,G,G,1.0
G,G,G,G,B,B,0
Y,G,G,G,G,G,1.0
G,G,G,G,G,B,0
Y,G,G,G,G,G,1.0
G,G,G,G,G,B,0
Y,G,G,G,G,G,1.0
G,G,G,G,G,B,0
Y,G,G,G,G,G,1.0
G,G,G,G,G,G,1.5
G,G,G,G,G,G,2.0
G,G,G,G,G,G,2.5
G,G,G,G,G,G,3.0
G,G,G,G,G,G,3.5
G,G,G,G,G,Y,3.0
G,G,G,G,G,G,3.5
G,G,G,G,G,G,4.0
G,G,G,G,G,G,4.5
G,G,G,G,G,G,5.0
G,G,G,G,G,G,5.5
G,G,G,G,G,G,6.0
G,G,G,G,G,Y,5.5
G,G,G,G,G,Y,5.0
G,G,G,G,G,Y,4.5
G,G,G,G,G,Y,4.0
G,G,G,G,G,Y,3.5
G,G,G,G,G,Y,3.0
G,G,G,G,G,G,3.5
G,G,G,G,G,Y,3.0
G,G,G,G,G,G,3.5
G,G,G,G,G,G,4.0
Y,G,G,G,G,G,3.5
G,G,G,G,G,G,4.0
G,G,G,G,G,G,4.5
G,G,G,G,G,G,5.0
G,G,G,G,G,G,5.5
G,G,G,G,G,Y,5.0
G,G,G,G,G,Y,4.5
G,G,G,G,G,G,5.0
G,B,G,G,G,G,3.0
B,G,G,Y,Y,Y,1.5
G,G,G,Y,Y,Y,1.0
B,G,G,Y,Y,Y,0
B,G,G,Y,Y,Y,0.0
B,G,G,Y,Y,Y,0.0
B,G,Y,Y,Y,Y,0.0
B,G,Y,Y,Y,Y,0.0
B,G,G,Y,Y,Y,0.0
G,G,G,Y,Y,Y,1.0
B,G,G,Y,Y,Y,0
B,G,G,G,Y,Y,0.0
B,G,G,Y,Y,Y,0.0
B,G,G,Y,Y,Y,0.0
B,G,G,Y,Y,Y,0.0
B,G,G,Y,Y,Y,0.0
G,G,G,Y,Y,Y,1.0
B,G,G,G,Y,Y,0
B,G,G,G,Y,Y,0.0
B,G,G,G,Y,Y,0.0
B,G,G,Y,Y,Y,0.0
B,G,G,Y,Y,Y,0.0
B,G,G,Y,Y,Y,0.0
B,G,Y,Y,Y,Y,0.0
B,G,G,Y,Y,Y,0.0
G,G,G,Y,Y,Y,1.0
G,G,G,G,Y,Y,0.5
G,G,G,G,Y,Y,1.0
G,G,G,G,G,Y,0.5
G,G,G,G,G,G,2.0
G,G,G,G,G,G,2.5
G,G,G,G,G,G,3.0
G,G,G,G,G,Y,2.5
G,G,G,G,G,G,3.0
G,G,G,G,G,G,3.5
G,G,G,G,G,Y,3.0
G,G,G,G,G,G,3.5
G,G,G,G,G,Y,3.0
G,G,G,G,G,Y,2.5
G,G,G,G,G,G,3.0
G,G,G,G,G,G,3.5
G,G,G,G,G,G,4.0
G,G,G,G,G,G,4.5
G,G,G,B,G,Y,3.0
G,G,B,B,B,G,1.0
G,G,B,B,B,G,0
G,G,B,B,G,Y,0.0
G,G,B,B,G,Y,0.0
G,G,B,B,B,Y,0.0
G,G,B,B,B,Y,0.0
G,G,B,B,B,Y,0.0
G,G,B,B,B,Y,0.0
G,G,B,B,B,Y,0.0
G,G,G,B,B,Y,0.0
G,G,G,B,B,B,0
G,G,G,G,B,Y,0.0
G,G,G,G,G,B,0
G,G,G,G,G,B,0
G,G,G,G,G,B,0
G,G,G,G,G,G,2.0
G,G,G,G,G,G,2.5
G,G,G,G,G,G,3.0
G,G,G,G,G,G,3.5
G,Y,Y,G,G,G,3.0
Y,Y,Y,G,G,G,2.5
Y,Y,Y,G,G,G,2.0
Y,Y,Y,G,G,G,1.5
Y,Y,Y,G,G,G,1.0
Y,Y,Y,G,G,G,0.5
Y,Y,G,G,G,G,1.0
Y,Y,G,G,G,G,0.5
Y,G,G,G,G,G,1.0
Y,G,G,G,G,B,0
Y,G,G,G,G,B,0.0
G,G,G,G,B,B,0
G,G,G,G,G,B,0
Y,G,G,G,G,B,0.0
G,G,G,G,G,B,0
Y,G,G,G,G,B,0.0
G,G,G,G,G,B,0
Y,G,G,G,G,B,0.0
G,G,G,G,G,B,0
G,G,G,G,G,B,0
Y,G,G,G,G,G,1.0
G,G,G,G,G,G,1.5
G,G,G,G,G,G,2.0
G,G,G,G,G,G,2.5
G,G,G,G,G,G,3.0
G,G,G,G,G,G,3.5
G,G,G,G,G,G,4.0
G,G,G,G,G,G,4.5
G,G,G,G,G,Y,4.0
G,G,G,G,G,Y,3.5
G,G,G,G,G,Y,3.0
G,G,G,G,G,Y,2.5
G,G,G,G,G,G,3.0
G,G,G,G,G,G,3.5
G,G,G,G,G,G,4.0
G,G,G,G,G,G,4.5
G,G,G,G,G,G,5.0
G,G,G,G,G,G,5.5
G,G,G,G,G,G,6.0
G,G,G,G,G,G,6.5
G,G,G,O,G,G,5.0
G,G,G,O,O,O,3.5
Y,G,G,O,O,O,2.0
Y,Y,G,O,O,O,0.5
Y,Y,G,O,O,O,0.0
Y,Y,G,G,O,O,0.0
Y,Y,G,G,O,O,0.0
Y,Y,Y,G,O,O,0.0
Y,Y,Y,G,G,O,0.0
Y,Y,Y,G,G,O,0.0
Y,Y,Y,G,G,O,0.0
Y,Y,Y,G,G,O,0.0
Y,Y,Y,G,G,O,0.0
Y,Y,Y,G,G,G,1.0
Y,Y,Y,G,G,O,0
Y,Y,Y,G,G,O,0.0
Y,Y,Y,G,G,G,1.0
Y,Y,Y,Y,G,O,0
Y,Y,Y,G,G,O,0.0
Y,Y,Y,G,G,O,0.0
Y,Y,Y,G,G,G,1.0
Y,Y,Y,Y,G,O,0
Y,Y,Y,Y,G,O,0.0
Y,Y,Y,G,G,O,0.0
Y,Y,Y,G,G,G,1.0
Y,Y,Y,G,G,O,0
Y,Y,Y,G,G,O,0.0
Y,Y,Y,G,G,O,0.0
Y,Y,Y,G,G,O,0.0
Y,Y,Y,G,G,O,0.0
Y,Y,Y,G,G,G,1.0
Y,Y,Y,G,G,O,0
Y,Y,Y,G,G,O,0.0
Y,Y,Y,G,G,O,0.0
Y,Y,Y,G,G,G,1.0
Y,Y,Y,G,G,O,0
Y,Y,Y,G,G,O,0.0
Y,Y,Y,G,G,G,1.0
Y,Y,G,G,G,O,0
Y,Y,G,G,G,O,0.0
Y,Y,G,G,G,O,0.0
Y,Y,G,G,G,O,0.0
Y,Y,G,G,G,G,1.0
Y,Y,G,G,G,O,0
Y,Y,G,G,G,O,0.0
Y,Y,G,G,G,O,0.0
Y,Y,G,G,G,O,0.0
Y,Y,G,G,G,G,1.0
Y,G,G,G,G,O,0
Y,G,G,G,G,O,0.0
Y,Y,G,G,G,O,0.0
Y,G,G,G,G,O,0.0
Y,G,G,G,G,O,0.0
Y,G,G,G,G,G,1.0
G,G,G,G,G,O,0
Y,G,G,G,G,G,1.0
Y,G,G,G,G,G,0.5
G,G,G,G,G,O,0.0
Y,G,G,G,G,G,1.0
Y,G,G,G,G,G,0.5
G,G,G,G,G,O,0.0
Y,G,G,G,G,G,1.0
Y,G,G,G,G,G,0.5
G,G,G,G,G,G,2.0
G,G,G,G,G,G,2.5
G,G,G,G,G,G,3.0
G,G,G,G,G,G,3.5
G,G,G,G,G,Y,3.0
G,G,G,G,G,G,3.5
G,G,G,G,G,G,4.0
Y,G,G,G,G,G,3.5
G,G,G,G,G,G,4.0
G,G,G,G,G,G,4.5
G,G,G,G,G,Y,4.0
G,G,G,G,G,G,4.5
G,G,G,G,G,G,5.0
G,G,G,G,G,G,5.5
G,G,G,G,G,G,6.0
G,G,G,G,G,G,6.5
G,G,G,G,G,G,7.0
G,G,G,G,G,Y,6.5
G,G,G,G,G,G,7.0
G,G,G,G,G,G,7.5
G,G,G,G,G,G,8.0
Y,G,G,G,G,G,7.5
Y,G,G,G,G,G,7.0
G,G,G,G,G,G,7.5
G,G,G,G,G,G,8.0
G,G,G,G,G,G,8.5
Y,G,G,G,G,G,8.0
G,G,G,G,G,G,8.5
Y,G,G,G,G,G,8.0
G,G,G,G,G,Y,7.5
G,G,G,G,G,G,8.0
G,G,G,G,G,G,8.5
G,G,G,G,G,G,9.0
G,G,G,G,G,G,9.5
G,G,G,G,G,Y,9.0
G,G,G,G,G,Y,8.5
G,G,G,G,G,G,9.0
G,G,G,G,G,Y,8.5
G,G,G,G,G,Y,8.0
G,G,G,G,G,Y,7.5
G,G,G,G,Y,Y,7.0
G,G,G,G,Y,Y,6.5
G,G,G,G,Y,Y,6.0
G,G,G,G,G,Y,5.5
G,G,G,G,G,Y,5.0
G,G,G,G,G,Y,4.5
G,G,G,G,G,G,5.0
G,G,G,G,G,G,5.5
G,G,G,G,G,G,6.0
G,G,G,G,G,G,6.5
G,G,G,G,G,G,7.0
G,G,G,G,G,G,7.5
G,G,G,G,G,G,8.0
G,G,G,G,G,Y,7.5
G,G,G,G,G,G,8.0
G,G,G,G,Y,Y,7.5
G,G,G,G,G,G,8.0
G,G,G,G,G,Y,7.5
G,G,G,G,G,G,8.0
G,G,G,G,G,Y,7.5
G,G,G,G,G,G,8.0
G,G,G,G,G,G,8.5
G,G,G,G,G,Y,8.0
G,G,G,G,G,G,8.5
G,G,G,G,G,G,9.0
G,G,G,G,B,G,7.0
G,G,G,G,G,B,5.0
Y,Y,G,G,G,G,4.5
Y,G,G,G,G,G,4.0
G,G,G,G,G,G,4.5
G,G,G,G,G,G,5.0
G,G,G,G,G,G,5.5
G,G,G,G,G,G,6.0
G,G,G,G,G,G,6.5
G,G,G,G,G,G,7.0
G,G,G,G,G,G,7.5
G,G,G,G,G,G,8.0
G,G,G,G,G,G,8.5
G,G,G,G,G,G,9.0
G,G,G,G,G,G,9.5
G,G,G,G,G,G,10.0
G,G,G,G,G,G,10
G,G,G,G,G,Y,9.5
G,G,G,G,G,G,10.0
O,O,O,G,G,G,8.5
O,G,Y,Y,Y,Y,7.0
Y,Y,Y,R,R,R,8.5
Y,R,R,R,R,R,10
R,R,R,R,R,R,2
R,R,R,R,R,R,2
R,R,R,R,R,R,2
R,R,R,R,R,R,2
R,R,R,R,R,R,2
R,R,R,R,R,R,2
R,R,R,R,R,R,2
R,R,R,R,R,R,2
R,R,R,R,R,R,2
R,R,Y,R,R,R,2
R,Y,Y,Y,R,R,2
Y,Y,Y,Y,Y,R,2
Y,Y,Y,Y,Y,R,2
Y,Y,Y,Y,Y,Y,1.93
Y,Y,Y,Y,Y,Y,0.9
Y,Y,Y,Y,Y,Y,-0.6
Y,Y,Y,Y,Y,R,3.0
Y,G,G,Y,Y,Y,3.5
G,G,G,Y,Y,Y,3.0
G,G,G,G,Y,Y,2.5
G,G,G,G,G,Y,2.0
G,G,G,G,G,G,2.5
G,G,G,G,G,G,3.0
G,G,G,G,G,G,3.5
G,G,G,G,G,G,4.0
G,G,G,G,G,G,4.5
G,G,G,G,G,G,5.0
G,G,G,G,G,G,5.5
G,G,Y,Y,G,G,6.0
G,Y,Y,Y,Y,G,5.5
Y,Y,Y,Y,Y,G,4.0
Y,Y,Y,Y,Y,G,2.5
Y,Y,Y,Y,G,G,2.0
Y,Y,Y,Y,G,G,1.5
Y,Y,Y,G,G,G,1.0
Y,Y,G,G,G,G,0.5
Y,G,G,G,G,G,1.0
Y,G,G,G,G,G,0.5
G,G,G,G,G,G,2.0
G,G,G,G,G,G,2.5
G,G,G,G,G,G,3.0
G,G,G,G,G,G,3.5
G,G,G,G,G,G,4.0
G,G,G,G,G,G,4.5
G,G,G,G,Y,Y,4.0
G,G,G,G,G,Y,3.5
G,G,G,G,G,Y,3.0
G,G,G,G,G,G,3.5
G,G,G,G,G,G,4.0
G,G,G,G,G,Y,3.5
G,G,G,G,Y,Y,3.0
G,G,G,G,G,G,3.5
G,G,G,G,G,G,4.0
G,G,G,G,G,Y,3.5
G,G,G,G,G,G,4.0
G,G,G,G,G,Y,3.5
G,G,G,G,G,Y,3.0
G,G,G,G,G,G,3.5
G,G,G,G,G,G,4.0
G,G,G,G,G,Y,3.5
G,G,G,G,G,Y,3.0
G,G,G,G,G,G,3.5
G,G,G,G,G,G,4.0
G,O,G,G,G,Y,2.5
O,O,G,G,Y,Y,1.0
O,O,G,G,Y,Y,0
O,O,G,G,Y,Y,0.0
O,O,G,G,Y,Y,0.0
O,O,G,G,Y,Y,0.0
O,O,G,G,Y,Y,0.0
O,O,G,G,Y,Y,0.0
O,O,G,G,Y,Y,0.0
O,O,G,G,Y,Y,0.0
O,O,G,Y,Y,Y,0.0
O,O,O,Y,Y,Y,0.0
O,O,O,Y,Y,Y,0.0
O,O,O,Y,Y,Y,0.0
O,O,G,Y,Y,Y,0.0
O,O,G,Y,Y,Y,0.0
O,O,G,Y,Y,Y,0.0
O,O,Y,Y,Y,Y,0.0
O,O,Y,Y,Y,Y,0.0
O,G,Y,Y,Y,Y,0.0
O,G,Y,Y,Y,Y,0.0
O,G,Y,Y,Y,Y,0.0
O,Y,Y,Y,Y,Y,-1.0
G,Y,Y,Y,Y,Y,0.0
G,Y,Y,Y,Y,Y,0.0
Y,Y,Y,Y,Y,Y,0.0
Y,Y,Y,Y,Y,Y,0.0
Y,Y,Y,Y,Y,Y,0.0
Y,Y,Y,Y,Y,Y,0.0
Y,Y,Y,Y,Y,Y,0.0
Y,Y,Y,Y,Y,Y,0.0
Y,Y,Y,Y,Y,Y,0.0
Y,Y,Y,Y,Y,Y,0.0
R,R,Y,Y,Y,G,3.0
R,R,R,Y,Y,G,4.5
R,R,R,Y,Y,Y,5.0
R,R,R,R,Y,Y,6.5
R,R,R,R,R,Y,8.0
R,R,R,R,R,R,9.5
R,R,R,R,R,R,2
R,R,R,R,R,R,2
R,R,R,R,R,R,2
R,R,R,R,R,R,2
R,R,R,R,R,R,2
R,R,R,R,R,R,2
R,R,R,R,R,R,2
R,R,R,R,R,R,2
R,R,R,R,R,R,2
R,R,R,R,R,R,2
R,R,R,R,R,R,2
R,R,R,R,R,R,2
R,R,R,R,R,R,2
R,R,R,R,R,R,2
R,R,R,R,R,R,2
R,R,R,R,R,R,2
R,R,R,R,R,R,2
R,R,R,R,R,R,2
R,R,R,R,R,R,2
R,R,R,R,R,R,2
R,R,R,R,R,R,2
R,R,R,R,R,R,2
R,R,R,R,R,R,2
R,R,R,R,R,R,2
R,R,R,R,R,R,2
R,R,R,R,R,R,2
R,R,R,R,R,R,2
R,R,R,R,R,R,2
R,R,R,R,R,R,2
R,R,R,R,R,R,2
R,R,R,R,R,R,2
R,R,R,R,R,R,2
R,R,R,R,R,R,2
R,R,R,R,R,R,2
R,R,R,R,R,R,2
R,R,R,R,R,R,2
R,R,R,R,R,R,2
R,R,R,R,R,R,2
R,R,R,R,R,R,2
R,R,R,R,R,R,2
R,R,R,R,R,R,2
R,R,R,R,R,R,2
R,R,R,R,R,R,2
R,R,R,R,R,R,2
R,R,R,R,R,R,2
R,R,R,R,R,R,2
R,R,R,R,R,R,2
R,R,R,R,R,R,2
R,R,R,R,R,R,2
R,R,R,R,R,R,2
R,R,R,R,R,R,2
R,R,R,R,R,R,2
R,R,R,R,R,R,2
R,R,R,R,R,R,2
R,R,R,R,R,R,2
R,R,R,R,R,R,2
R,R,R,R,R,R,2
R,R,R,R,R,R,2
R,R,R,R,R,R,2
R,R,R,R,R,R,2
R,R,R,R,R,R,2
R,R,R,R,R,R,2
R,R,R,R,R,R,2
R,R,R,R,R,R,2
R,R,R,R,R,R,2
R,R,R,R,R,R,2
R,R,R,R,R,R,2
R,R,R,R,R,R,2
R,R,R,R,R,R,2
R,R,R,R,R,R,2
R,R,R,R,R,R,2
R,R,R,R,R,R,2
R,R,R,R,R,R,2
R,R,R,R,R,R,2
R,R,R,R,R,R,2
R,R,R,R,R,R,2
R,R,R,R,R,R,2
R,R,R,R,R,R,2
R,R,R,R,R,R,2
R,R,R,R,R,R,2
R,R,R,R,R,R,2
R,R,R,R,R,R,2
R,R,R,R,R,R,2
R,R,R,R,R,R,2
R,R,R,R,R,R,2
R,R,R,R,R,R,2
R,R,R,R,R,R,2
R,R,R,R,R,R,2
R,R,R,R,R,R,2
R,R,R,R,R,R,2
R,R,R,R,R,R,2
R,R,R,R,R,R,2
R,R,R,R,R,R,2
R,R,R,R,R,R,2
R,R,R,R,R,R,2
R,R,R,R,R,R,2
R,R,R,R,R,R,2
R,R,R,R,R,R,2
R,R,R,R,R,R,2
R,R,R,R,R,R,2
R,R,R,R,R,R,2
R,R,R,R,R,R,2
R,R,R,R,R,R,2
R,R,R,R,R,R,2
R,R,R,R,R,R,2
R,R,R,R,R,R,2
R,R,R,R,R,R,2
R,R,R,R,R,R,2
R,R,R,R,R,R,2
R,R,R,R,R,R,2
Y,R,R,R,R,R,2
Y,R,R,R,R,R,2
Y,Y,R,R,R,R,4.97
Y,Y,Y,Y,R,R,6.47
G,G,G,Y,Y,R,6.97
G,G,G,G,Y,Y,6.47
G,G,G,G,Y,Y,5.97
G,G,G,G,G,G,6.47
G,G,G,G,G,G,6.97
G,G,G,G,G,G,7.47
G,Y,G,G,G,G,6.97
Y,Y,Y,G,G,G,6.47
Y,Y,Y,G,G,G,5.97
Y,Y,Y,G,G,G,5.47
Y,Y,G,G,G,G,4.97
Y,Y,Y,G,G,G,4.47
Y,G,G,G,G,G,3.97
Y,G,G,G,G,G,3.47
Y,G,G,G,G,G,2.97
G,G,G,G,G,G,3.47
G,G,G,G,G,G,3.97
G,G,G,G,G,G,4.47
G,G,G,G,G,G,4.97
G,G,G,G,G,Y,4.47
G,G,G,G,G,Y,3.97
G,G,G,G,G,G,4.47
G,G,G,G,G,G,4.97
G,G,G,G,G,G,5.47
G,G,G,G,G,G,5.97
G,G,G,G,G,G,6.47
G,G,G,G,G,G,6.97
G,G,G,G,G,G,7.47
G,G,G,G,G,G,7.97
G,G,G,G,G,Y,7.47
G,G,G,G,G,Y,6.97
G,G,G,G,G,G,7.47
G,G,G,G,G,G,7.97
G,G,G,G,G,Y,7.47
G,G,G,G,G,Y,6.97
G,G,G,G,G,Y,6.47
G,G,G,G,G,G,6.97
G,G,G,G,G,G,7.47
G,G,G,G,G,Y,6.97
G,G,G,G,Y,Y,6.47
G,G,G,G,G,G,6.97
G,G,G,G,G,Y,6.47
G,G,G,G,G,G,6.97
Y,G,G,G,G,G,6.47
G,G,G,G,G,G,6.97
G,G,G,G,G,G,7.47
Y,G,G,G,G,G,6.97
Y,G,G,G,G,G,6.47
Y,G,G,G,G,G,5.97
Y,G,G,G,G,G,5.47
Y,G,G,G,G,G,4.97
Y,G,G,G,G,G,4.47
G,G,G,G,G,G,4.97
Y,G,G,G,G,G,4.47
Y,G,G,G,G,B,2.97
Y,Y,G,G,G,B,1.47
Y,Y,Y,G,G,B,0
Y,Y,G,G,G,B,0.0
Y,Y,G,G,B,B,0.0
Y,Y,G,G,B,B,0.0
Y,G,G,G,B,B,0.0
Y,Y,G,B,B,G,0.0
Y,G,G,B,B,B,0.0
Y,G,G,B,B,G,0.0
Y,G,G,B,B,G,0.0
Y,G,G,B,B,G,0.0
Y,G,G,B,B,G,0.0
G,G,G,B,B,G,0
Y,G,G,B,B,B,0.0
G,G,G,B,B,G,0
Y,G,G,B,B,B,0.0
G,G,G,B,B,G,0
Y,G,G,G,B,B,0.0
G,G,G,B,B,G,0
Y,G,G,G,B,B,0.0
G,G,G,B,B,G,0
G,G,G,G,B,B,0
Y,G,G,G,B,B,0.0
G,G,G,G,B,B,0
Y,G,G,G,B,B,0.0
G,G,G,G,B,B,0
Y,G,G,G,G,G,1.0
G,G,G,G,B,B,0
Y,G,G,G,G,G,1.0
G,G,G,G,G,B,0
Y,G,G,G,G,G,1.0
G,G,G,G,G,B,0
Y,G,G,G,G,G,1.0
G,G,G,G,G,B,0
Y,G,G,G,G,G,1.0
G,G,G,G,G,G,1.5
G,G,G,G,G,G,2.0
G,G,G,G,G,G,2.5
G,G,G,G,G,G,3.0
G,G,G,G,G,G,3.5
G,G,G,G,G,Y,3.0
G,G,G,G,G,G,3.5
G,G,G,G,G,G,4.0
G,G,G,G,G,G,4.5
G,G,G,G,G,G,5.0
G,G,G,G,G,G,5.5
G,G,G,G,G,G,6.0
G,G,G,G,G,Y,5.5
G,G,G,G,G,Y,5.0
G,G,G,G,G,Y,4.5
G,G,G,G,G,Y,4.0
G,G,G,G,G,Y,3.5
G,G,G,G,G,Y,3.0
G,G,G,G,G,G,3.5
G,G,G,G,G,Y,3.0
G,G,G,G,G,G,3.5
G,G,G,G,G,G,4.0
Y,G,G,G,G,G,3.5
G,G,G,G,G,G,4.0
G,G,G,G,G,G,4.5
G,G,G,G,G,G,5.0
G,G,G,G,G,G,5.5
G,G,G,G,G,Y,5.0
G,G,G,G,G,Y,4.5
G,G,G,G,G,G,5.0
G,B,G,G,G,G,3.0
B,G,G,Y,Y,Y,1.5
G,G,G,Y,Y,Y,1.0
B,G,G,Y,Y,Y,0
B,G,G,Y,Y,Y,0.0
B,G,G,Y,Y,Y,0.0
B,G,Y,Y,Y,Y,0.0
B,G,Y,Y,Y,Y,0.0
B,G,G,Y,Y,Y,0.0
G,G,G,Y,Y,Y,1.0
B,G,G,Y,Y,Y,0
B,G,G,G,Y,Y,0.0
B,G,G,Y,Y,Y,0.0
B,G,G,Y,Y,Y,0.0
B,G,G,Y,Y,Y,0.0
B,G,G,Y,Y,Y,0.0
G,G,G,Y,Y,Y,1.0
B,G,G,G,Y,Y,0
B,G,G,G,Y,Y,0.0
B,G,G,G,Y,Y,0.0
B,G,G,Y,Y,Y,0.0
B,G,G,Y,Y,Y,0.0
B,G,G,Y,Y,Y,0.0
B,G,Y,Y,Y,Y,0.0
B,G,G,Y,Y,Y,0.0
G,G,G,Y,Y,Y,1.0
G,G,G,G,Y,Y,0.5
G,G,G,G,Y,Y,1.0
G,G,G,G,G,Y,0.5
G,G,G,G,G,G,2.0
G,G,G,G,G,G,2.5
G,G,G,G,G,G,3.0
G,G,G,G,G,Y,2.5
G,G,G,G,G,G,3.0
G,G,G,G,G,G,3.5
G,G,G,G,G,Y,3.0
G,G,G,G,G,G,3.5
G,G,G,G,G,Y,3.0
G,G,G,G,G,Y,2.5
G,G,G,G,G,G,3.0
G,G,G,G,G,G,3.5
G,G,G,G,G,G,4.0
G,G,G,G,G,G,4.5
G,G,G,B,G,Y,3.0
G,G,B,B,B,G,1.0
G,G,B,B,B,G,0
G,G,B,B,G,Y,0.0
G,G,B,B,G,Y,0.0
G,G,B,B,B,Y,0.0
G,G,B,B,B,Y,0.0
G,G,B,B,B,Y,0.0
G,G,B,B,B,Y,0.0
G,G,B,B,B,Y,0.0
G,G,G,B,B,Y,0.0
G,G,G,B,B,B,0
G,G,G,G,B,Y,0.0
G,G,G,G,G,B,0
G,G,G,G,G,B,0
G,G,G,G,G,B,0
G,G,G,G,G,G,2.0
G,G,G,G,G,G,2.5
G,G,G,G,G,G,3.0
G,G,G,G,G,G,3.5
G,Y,Y,G,G,G,3.0
Y,Y,Y,G,G,G,2.5
Y,Y,Y,G,G,G,2.0
Y,Y,Y,G,G,G,1.5
Y,Y,Y,G,G,G,1.0
Y,Y,Y,G,G,G,0.5
Y,Y,G,G,G,G,1.0
Y,Y,G,G,G,G,0.5
Y,G,G,G,G,G,1.0
Y,G,G,G,G,B,0
Y,G,G,G,G,B,0.0
G,G,G,G,B,B,0
G,G,G,G,G,B,0
Y,G,G,G,G,B,0.0
G,G,G,G,G,B,0
Y,G,G,G,G,B,0.0
G,G,G,G,G,B,0
Y,G,G,G,G,B,0.0
G,G,G,G,G,B,0
G,G,G,G,G,B,0
Y,G,G,G,G,G,1.0
G,G,G,G,G,G,1.5
G,G,G,G,G,G,2.0
G,G,G,G,G,G,2.5
G,G,G,G,G,G,3.0
G,G,G,G,G,G,3.5
G,G,G,G,G,G,4.0
G,G,G,G,G,G,4.5
G,G,G,G,G,Y,4.0
G,G,G,G,G,Y,3.5
G,G,G,G,G,Y,3.0
G,G,G,G,G,Y,2.5
G,G,G,G,G,G,3.0
G,G,G,G,G,G,3.5
G,G,G,G,G,G,4.0
G,G,G,G,G,G,4.5
G,G,G,G,G,G,5.0
G,G,G,G,G,G,5.5
G,G,G,G,G,G,6.0
G,G,G,G,G,G,6.5
G,G,G,O,G,G,5.0
G,G,G,O,O,O,3.5
Y,G,G,O,O,O,2.0
Y,Y,G,O,O,O,0.5
Y,Y,G,O,O,O,0.0
Y,Y,G,G,O,O,0.0
Y,Y,G,G,O,O,0.0
Y,Y,Y,G,O,O,0.0
Y,Y,Y,G,G,O,0.0
Y,Y,Y,G,G,O,0.0
Y,Y,Y,G,G,O,0.0
Y,Y,Y,G,G,O,0.0
Y,Y,Y,G,G,O,0.0
Y,Y,Y,G,G,G,1.0
Y,Y,Y,G,G,O,0
Y,Y,Y,G,G,O,0.0
Y,Y,Y,G,G,G,1.0
Y,Y,Y,Y,G,O,0
Y,Y,Y,G,G,O,0.0
Y,Y,Y,G,G,O,0.0
Y,Y,Y,G,G,G,1.0
Y,Y,Y,Y,G,O,0
Y,Y,Y,Y,G,O,0.0
Y,Y,Y,G,G,O,0.0
Y,Y,Y,G,G,G,1.0
Y,Y,Y,G,G,O,0
Y,Y,Y,G,G,O,0.0
Y,Y,Y,G,G,O,0.0
Y,Y,Y,G,G,O,0.0
Y,Y,Y,G,G,O,0.0
Y,Y,Y,G,G,G,1.0
Y,Y,Y,G,G,O,0
Y,Y,Y,G,G,O,0.0
Y,Y,Y,G,G,O,0.0
Y,Y,Y,G,G,G,1.0
Y,Y,Y,G,G,O,0
Y,Y,Y,G,G,O,0.0
Y,Y,Y,G,G,G,1.0
Y,Y,G,G,G,O,0
Y,Y,G,G,G,O,0.0
Y,Y,G,G,G,O,0.0
Y,Y,G,G,G,O,0.0
Y,Y,G,G,G,G,1.0
Y,Y,G,G,G,O,0
Y,Y,G,G,G,O,0.0
Y,Y,G,G,G,O,0.0
Y,Y,G,G,G,O,0.0
Y,Y,G,G,G,G,1.0
Y,G,G,G,G,O,0
Y,G,G,G,G,O,0.0
Y,Y,G,G,G,O,0.0
Y,G,G,G,G,O,0.0
Y,G,G,G,G,O,0.0
Y,G,G,G,G,G,1.0
G,G,G,G,G,O,0
Y,G,G,G,G,G,1.0
Y,G,G,G,G,G,0.5
G,G,G,G,G,O,0.0
Y,G,G,G,G,G,1.0
Y,G,G,G,G,G,0.5
G,G,G,G,G,O,0.0
Y,G,G,G,G,G,1.0
Y,G,G,G,G,G,0.5
G,G,G,G,G,G,2.0
G,G,G,G,G,G,2.5
G,G,G,G,G,G,3.0
G,G,G,G,G,G,3.5
G,G,G,G,G,Y,3.0
G,G,G,G,G,G,3.5
G,G,G,G,G,G,4.0
Y,G,G,G,G,G,3.5
G,G,G,G,G,G,4.0
G,G,G,G,G,G,4.5
G,G,G,G,G,Y,4.0
G,G,G,G,G,G,4.5
G,G,G,G,G,G,5.0
G,G,G,G,G,G,5.5
G,G,G,G,G,G,6.0
G,G,G,G,G,G,6.5
G,G,G,G,G,G,7.0
G,G,G,G,G,Y,6.5
G,G,G,G,G,G,7.0
G,G,G,G,G,G,7.5
G,G,G,G,G,G,8.0
Y,G,G,G,G,G,7.5
Y,G,G,G,G,G,7.0
G,G,G,G,G,G,7.5
G,G,G,G,G,G,8.0
G,G,G,G,G,G,8.5
Y,G,G,G,G,G,8.0
G,G,G,G,G,G,8.5
Y,G,G,G,G,G,8.0
G,G,G,G,G,Y,7.5
G,G,G,G,G,G,8.0
G,G,G,G,G,G,8.5
G,G,G,G,G,G,9.0
G,G,G,G,G,G,9.5
G,G,G,G,G,Y,9.0
G,G,G,G,G,Y,8.5
G,G,G,G,G,G,9.0
G,G,G,G,G,Y,8.5
G,G,G,G,G,Y,8.0
G,G,G,G,G,Y,7.5
G,G,G,G,Y,Y,7.0
G,G,G,G,Y,Y,6.5
G,G,G,G,Y,Y,6.0
G,G,G,G,G,Y,5.5
G,G,G,G,G,Y,5.0
G,G,G,G,G,Y,4.5
G,G,G,G,G,G,5.0
G,G,G,G,G,G,5.5
G,G,G,G,G,G,6.0
G,G,G,G,G,G,6.5
G,G,G,G,G,G,7.0
G,G,G,G,G,G,7.5
G,G,G,G,G,G,8.0
G,G,G,G,G,Y,7.5
G,G,G,G,G,G,8.0
G,G,G,G,Y,Y,7.5
G,G,G,G,G,G,8.0
G,G,G,G,G,Y,7.5
G,G,G,G,G,G,8.0
G,G,G,G,G,Y,7.5
G,G,G,G,G,G,8.0
G,G,G,G,G,G,8.5
G,G,G,G,G,Y,8.0
G,G,G,G,G,G,8.5
G,G,G,G,G,G,9.0
G,G,G,G,B,G,7.0
G,G,G,G,G,B,5.0
Y,Y,G,G,G,G,4.5
Y,G,G,G,G,G,4.0
G,G,G,G,G,G,4.5
G,G,G,G,G,G,5.0
G,G,G,G,G,G,5.5
G,G,G,G,G,G,6.0
G,G,G,G,G,G,6.5
G,G,G,G,G,G,7.0
G,G,G,G,G,G,7.5
G,G,G,G,G,G,8.0
G,G,G,G,G,G,8.5
G,G,G,G,G,G,9.0
G,G,G,G,G,G,9.5
G,G,G,G,G,G,10.0
G,G,G,G,G,G,10
G,G,G,G,G,Y,9.5
G,G,G,G,G,G,10.0
O,O,O,G,G,G,8.5
O,G,Y,Y,Y,Y,7.0
Y,Y,Y,R,R,R,8.5
Y,R,R,R,R,R,10
R,R,R,R,R,R,2
R,R,R,R,R,R,2
R,R,R,R,R,R,2
R,R,R,R,R,R,2
R,R,R,R,R,R,2
R,R,R,R,R,R,2
R,R,R,R,R,R,2
R,R,R,R,R,R,2
R,R,R,R,R,R,2
R,R,Y,R,R,R,2
R,Y,Y,Y,R,R,2
Y,Y,Y,Y,Y,R,2
Y,Y,Y,Y,Y,R,2
Y,Y,Y,Y,Y,Y,1.93
Y,Y,Y,Y,Y,Y,0.9
Y,Y,Y,Y,Y,Y,-0.6
Y,Y,Y,Y,Y,R,3.0
Y,G,G,Y,Y,Y,3.5
G,G,G,Y,Y,Y,3.0
G,G,G,G,Y,Y,2.5
G,G,G,G,G,Y,2.0
G,G,G,G,G,G,2.5
G,G,G,G,G,G,3.0
G,G,G,G,G,G,3.5
G,G,G,G,G,G,4.0
G,G,G,G,G,G,4.5
G,G,G,G,G,G,5.0
G,G,G,G,G,G,5.5
G,G,Y,Y,G,G,6.0
G,Y,Y,Y,Y,G,5.5
Y,Y,Y,Y,Y,G,4.0
Y,Y,Y,Y,Y,G,2.5
Y,Y,Y,Y,G,G,2.0
Y,Y,Y,Y,G,G,1.5
Y,Y,Y,G,G,G,1.0
Y,Y,G,G,G,G,0.5
Y,G,G,G,G,G,1.0
Y,G,G,G,G,G,0.5
G,G,G,G,G,G,2.0
G,G,G,G,G,G,2.5
G,G,G,G,G,G,3.0
G,G,G,G,G,G,3.5
G,G,G,G,G,G,4.0
G,G,G,G,G,G,4.5
G,G,G,G,Y,Y,4.0
G,G,G,G,G,Y,3.5
G,G,G,G,G,Y,3.0
G,G,G,G,G,G,3.5
G,G,G,G,G,G,4.0
G,G,G,G,G,Y,3.5
G,G,G,G,Y,Y,3.0
G,G,G,G,G,G,3.5
G,G,G,G,G,G,4.0
G,G,G,G,G,Y,3.5
G,G,G,G,G,G,4.0
G,G,G,G,G,Y,3.5
G,G,G,G,G,Y,3.0
G,G,G,G,G,G,3.5
G,G,G,G,G,G,4.0
G,G,G,G,G,Y,3.5
G,G,G,G,G,Y,3.0
G,G,G,G,G,G,3.5
G,G,G,G,G,G,4.0
G,O,G,G,G,Y,2.5
O,O,G,G,Y,Y,1.0
O,O,G,G,Y,Y,0
O,O,G,G,Y,Y,0.0
O,O,G,G,Y,Y,0.0
O,O,G,G,Y,Y,0.0
O,O,G,G,Y,Y,0.0
O,O,G,G,Y,Y,0.0
O,O,G,G,Y,Y,0.0
O,O,G,G,Y,Y,0.0
O,O,G,Y,Y,Y,0.0
O,O,O,Y,Y,Y,0.0
O,O,O,Y,Y,Y,0.0
O,O,O,Y,Y,Y,0.0
O,O,G,Y,Y,Y,0.0
O,O,G,Y,Y,Y,0.0
O,O,G,Y,Y,Y,0.0
O,O,Y,Y,Y,Y,0.0
O,O,Y,Y,Y,Y,0.0
O,G,Y,Y,Y,Y,0.0
O,G,Y,Y,Y,Y,0.0
O,G,Y,Y,Y,Y,0.0
O,Y,Y,Y,Y,Y,-1.0
G,Y,Y,Y,Y,Y,0.0
G,Y,Y,Y,Y,Y,0.0
Y,Y,Y,Y,Y,Y,0.0
Y,Y,Y,Y,Y,Y,0.0
Y,Y,Y,Y,Y,Y,0.0
Y,Y,Y,Y,Y,Y,0.0
Y,Y,Y,Y,Y,Y,0.0
Y,Y,Y,Y,Y,Y,0.0
Y,Y,Y,Y,Y,Y,0.0
Y,Y,Y,Y,Y,Y,0.0
R,R,Y,Y,Y,G,3.0
R,R,R,Y,Y,G,4.5
R,R,R,Y,Y,Y,5.0
R,R,R,R,Y,Y,6.5
R,R,R,R,R,Y,8.0
R,R,R,R,R,R,9.5
R,R,R,R,R,R,2
R,R,R,R,R,R,2
R,R,R,R,R,R,2
R,R,R,R,R,R,2
R,R,R,R,R,R,2
R,R,R,R,R,R,2
R,R,R,R,R,R,2
R,R,R,R,R,R,2
R,R,R,R,R,R,2
R,R,R,R,R,R,2
R,R,R,R,R,R,2
R,R,R,R,R,R,2
R,R,R,R,R,R,2
R,R,R,R,R,R,2
R,R,R,R,R,R,2
R,R,R,R,R,R,2
R,R,R,R,R,R,2
R,R,R,R,R,R,2
R,R,R,R,R,R,2
R,R,R,R,R,R,2
R,R,R,R,R,R,2
R,R,R,R,R,R,2
R,R,R,R,R,R,2
R,R,R,R,R,R,2
R,R,R,R,R,R,2
R,R,R,R,R,R,2
R,R,R,R,R,R,2
R,R,R,R,R,R,2
R,R,R,R,R,R,2
R,R,R,R,R,R,2
R,R,R,R,R,R,2
R,R,R,R,R,R,2
R,R,R,R,R,R,2
R,R,R,R,R,R,2
R,R,R,R,R,R,2
R,R,R,R,R,R,2
R,R,R,R,R,R,2
R,R,R,R,R,R,2
R,R,R,R,R,R,2
R,R,R,R,R,R,2
R,R,R,R,R,R,2
R,R,R,R,R,R,2
R,R,R,R,R,R,2
R,R,R,R,R,R,2
R,R,R,R,R,R,2
R,R,R,R,R,R,2
R,R,R,R,R,R,2
R,R,R,R,R,R,2
R,R,R,R,R,R,2
R,R,R,R,R,R,2
R,R,R,R,R,R,2
R,R,R,R,R,R,2
R,R,R,R,R,R,2
R,R,R,R,R,R,2
R,R,R,R,R,R,2
R,R,R,R,R,R,2
R,R,R,R,R,R,2
R,R,R,R,R,R,2
R,R,R,R,R,R,2
R,R,R,R,R,R,2
R,R,R,R,R,R,2
R,R,R,R,R,R,2
R,R,R,R,R,R,2
R,R,R,R,R,R,2
R,R,R,R,R,R,2
R,R,R,R,R,R,2
R,R,R,R,R,R,2
R,R,R,R,R,R,2
R,R,R,R,R,R,2
R,R,R,R,R,R,2
R,R,R,R,R,R,2
R,R,R,R,R,R,2
R,R,R,R,R,R,2
R,R,R,R,R,R,2
R,R,R,R,R,R,2
R,R,R,R,R,R,2
R,R,R,R,R,R,2
R,R,R,R,R,R,2
R,R,R,R,R,R,2
R,R,R,R,R,R,2
R,R,R,R,R,R,2
R,R,R,R,R,R,2
R,R,R,R,R,R,2
R,R,R,R,R,R,2
R,R,R,R,R,R,2
R,R,R,R,R,R,2
R,R,R,R,R,R,2
R,R,R,R,R,R,2
R,R,R,R,R,R,2
R,R,R,R,R,R,2
R,R,R,R,R,R,2
R,R,R,R,R,R,2
R,R,R,R,R,R,2
R,R,R,R,R,R,2
R,R,R,R,R,R,2
R,R,R,R,R,R,2
R,R,R,R,R,R,2
R,R,R,R,R,R,2
R,R,R,R,R,R,2
R,R,R,R,R,R,2
R,R,R,R,R,R,2
R,R,R,R,R,R,2
R,R,R,R,R,R,2
R,R,R,R,R,R,2
R,R,R,R,R,R,2
R,R,R,R,R,R,2
R,R,R,R,R,R,2
R,R,R,R,R,R,2
R,R,R,R,R,R,2
R,R,R,R,R,R,2
Y,R,R,R,R,R,2
Y,R,R,R,R,R,2
Y,Y,R,R,R,R,4.97
Y,Y,Y,Y,R,R,6.47
G,G,G,Y,Y,R,6.97
G,G,G,G,Y,Y,6.47
G,G,G,G,Y,Y,5.97
G,G,G,G,G,G,6.47
G,G,G,G,G,G,6.97
G,G,G,G,G,G,7.47
G,Y,G,G,G,G,6.97
Y,Y,Y,G,G,G,6.47
Y,Y,Y,G,G,G,5.97
Y,Y,Y,G,G,G,5.47
Y,Y,G,G,G,G,4.97
Y,Y,Y,G,G,G,4.47
Y,G,G,G,G,G,3.97
Y,G,G,G,G,G,3.47
Y,G,G,G,G,G,2.97
G,G,G,G,G,G,3.47
G,G,G,G,G,G,3.97
G,G,G,G,G,G,4.47
G,G,G,G,G,G,4.97
G,G,G,G,G,Y,4.47
G,G,G,G,G,Y,3.97
G,G,G,G,G,G,4.47
G,G,G,G,G,G,4.97
G,G,G,G,G,G,5.47
G,G,G,G,G,G,5.97
G,G,G,G,G,G,6.47
G,G,G,G,G,G,6.97
G,G,G,G,G,G,7.47
G,G,G,G,G,G,7.97
G,G,G,G,G,Y,7.47
G,G,G,G,G,Y,6.97
G,G,G,G,G,G,7.47
G,G,G,G,G,G,7.97
G,G,G,G,G,Y,7.47
G,G,G,G,G,Y,6.97
G,G,G,G,G,Y,6.47
G,G,G,G,G,G,6.97
G,G,G,G,G,G,7.47
G,G,G,G,G,Y,6.97
G,G,G,G,Y,Y,6.47
G,G,G,G,G,G,6.97
G,G,G,G,G,Y,6.47
G,G,G,G,G,G,6.97
Y,G,G,G,G,G,6.47
G,G,G,G,G,G,6.97
G,G,G,G,G,G,7.47
Y,G,G,G,G,G,6.97
Y,G,G,G,G,G,6.47
Y,G,G,G,G,G,5.97
Y,G,G,G,G,G,5.47
Y,G,G,G,G,G,4.97
Y,G,G,G,G,G,4.47
G,G,G,G,G,G,4.97
Y,G,G,G,G,G,4.47
Y,G,G,G,G,B,2.97
Y,Y,G,G,G,B,1.47
Y,Y,Y,G,G,B,0
Y,Y,G,G,G,B,0.0
Y,Y,G,G,B,B,0.0
Y,Y,G,G,B,B,0.0
Y,G,G,G,B,B,0.0
Y,Y,G,B,B,G,0.0
Y,G,G,B,B,B,0.0
Y,G,G,B,B,G,0.0
Y,G,G,B,B,G,0.0
Y,G,G,B,B,G,0.0
Y,G,G,B,B,G,0.0
G,G,G,B,B,G,0
Y,G,G,B,B,B,0.0
G,G,G,B,B,G,0
Y,G,G,B,B,B,0.0
G,G,G,B,B,G,0
Y,G,G,G,B,B,0.0
G,G,G,B,B,G,0
Y,G,G,G,B,B,0.0
G,G,G,B,B,G,0
G,G,G,G,B,B,0
Y,G,G,G,B,B,0.0
G,G,G,G,B,B,0
Y,G,G,G,B,B,0.0
G,G,G,G,B,B,0
Y,G,G,G,G,G,1.0
G,G,G,G,B,B,0
Y,G,G,G,G,G,1.0
G,G,G,G,G,B,0
Y,G,G,G,G,G,1.0
G,G,G,G,G,B,0
Y,G,G,G,G,G,1.0
G,G,G,G,G,B,0
Y,G,G,G,G,G,1.0
G,G,G,G,G,G,1.5
G,G,G,G,G,G,2.0
G,G,G,G,G,G,2.5
G,G,G,G,G,G,3.0
G,G,G,G,G,G,3.5
G,G,G,G,G,Y,3.0
G,G,G,G,G,G,3.5
G,G,G,G,G,G,4.0
G,G,G,G,G,G,4.5
G,G,G,G,G,G,5.0
G,G,G,G,G,G,5.5
G,G,G,G,G,G,6.0
G,G,G,G,G,Y,5.5
G,G,G,G,G,Y,5.0
G,G,G,G,G,Y,4.5
G,G,G,G,G,Y,4.0
G,G,G,G,G,Y,3.5
G,G,G,G,G,Y,3.0
G,G,G,G,G,G,3.5
G,G,G,G,G,Y,3.0
G,G,G,G,G,G,3.5
G,G,G,G,G,G,4.0
Y,G,G,G,G,G,3.5
G,G,G,G,G,G,4.0
G,G,G,G,G,G,4.5
G,G,G,G,G,G,5.0
G,G,G,G,G,G,5.5
G,G,G,G,G,Y,5.0
G,G,G,G,G,Y,4.5
G,G,G,G,G,G,5.0
G,B,G,G,G,G,3.0
B,G,G,Y,Y,Y,1.5
G,G,G,Y,Y,Y,1.0
B,G,G,Y,Y,Y,0
B,G,G,Y,Y,Y,0.0
B,G,G,Y,Y,Y,0.0
B,G,Y,Y,Y,Y,0.0
B,G,Y,Y,Y,Y,0.0
B,G,G,Y,Y,Y,0.0
G,G,G,Y,Y,Y,1.0
B,G,G,Y,Y,Y,0
B,G,G,G,Y,Y,0.0
B,G,G,Y,Y,Y,0.0
B,G,G,Y,Y,Y,0.0
B,G,G,Y,Y,Y,0.0
B,G,G,Y,Y,Y,0.0
G,G,G,Y,Y,Y,1.0
B,G,G,G,Y,Y,0
B,G,G,G,Y,Y,0.0
B,G,G,G,Y,Y,0.0
B,G,G,Y,Y,Y,0.0
B,G,G,Y,Y,Y,0.0
B,G,G,Y,Y,Y,0.0
B,G,Y,Y,Y,Y,0.0
B,G,G,Y,Y,Y,0.0
G,G,G,Y,Y,Y,1.0
G,G,G,G,Y,Y,0.5
G,G,G,G,Y,Y,1.0
G,G,G,G,G,Y,0.5
G,G,G,G,G,G,2.0
G,G,G,G,G,G,2.5
G,G,G,G,G,G,3.0
G,G,G,G,G,Y,2.5
G,G,G,G,G,G,3.0
G,G,G,G,G,G,3.5
G,G,G,G,G,Y,3.0
G,G,G,G,G,G,3.5
G,G,G,G,G,Y,3.0
G,G,G,G,G,Y,2.5
G,G,G,G,G,G,3.0
G,G,G,G,G,G,3.5
G,G,G,G,G,G,4.0
G,G,G,G,G,G,4.5
G,G,G,B,G,Y,3.0
G,G,B,B,B,G,1.0
G,G,B,B,B,G,0
G,G,B,B,G,Y,0.0
G,G,B,B,G,Y,0.0
G,G,B,B,B,Y,0.0
G,G,B,B,B,Y,0.0
G,G,B,B,B,Y,0.0
G,G,B,B,B,Y,0.0
G,G,B,B,B,Y,0.0
G,G,G,B,B,Y,0.0
G,G,G,B,B,B,0
G,G,G,G,B,Y,0.0
G,G,G,G,G,B,0
G,G,G,G,G,B,0
G,G,G,G,G,B,0
G,G,G,G,G,G,2.0
G,G,G,G,G,G,2.5
G,G,G,G,G,G,3.0
G,G,G,G,G,G,3.5
G,Y,Y,G,G,G,3.0
Y,Y,Y,G,G,G,2.5
Y,Y,Y,G,G,G,2.0
Y,Y,Y,G,G,G,1.5
Y,Y,Y,G,G,G,1.0
Y,Y,Y,G,G,G,0.5
Y,Y,G,G,G,G,1.0
Y,Y,G,G,G,G,0.5
Y,G,G,G,G,G,1.0
Y,G,G,G,G,B,0
Y,G,G,G,G,B,0.0
G,G,G,G,B,B,0
G,G,G,G,G,B,0
Y,G,G,G,G,B,0.0
G,G,G,G,G,B,0
Y,G,G,G,G,B,0.0
G,G,G,G,G,B,0
Y,G,G,G,G,B,0.0
G,G,G,G,G,B,0
G,G,G,G,G,B,0
Y,G,G,G,G,G,1.0
G,G,G,G,G,G,1.5
G,G,G,G,G,G,2.0
G,G,G,G,G,G,2.5
G,G,G,G,G,G,3.0
G,G,G,G,G,G,3.5
G,G,G,G,G,G,4.0
G,G,G,G,G,G,4.5
G,G,G,G,G,Y,4.0
G,G,G,G,G,Y,3.5
G,G,G,G,G,Y,3.0
G,G,G,G,G,Y,2.5
G,G,G,G,G,G,3.0
G,G,G,G,G,G,3.5
G,G,G,G,G,G,4.0
G,G,G,G,G,G,4.5
G,G,G,G,G,G,5.0
G,G,G,G,G,G,5.5
G,G,G,G,G,G,6.0
G,G,G,G,G,G,6.5
G,G,G,O,G,G,5.0
G,G,G,O,O,O,3.5
Y,G,G,O,O,O,2.0
Y,Y,G,O,O,O,0.5
Y,Y,G,O,O,O,0.0
Y,Y,G,G,O,O,0.0
Y,Y,G,G,O,O,0.0
Y,Y,Y,G,O,O,0.0
Y,Y,Y,G,G,O,0.0
Y,Y,Y,G,G,O,0.0
Y,Y,Y,G,G,O,0.0
Y,Y,Y,G,G,O,0.0
Y,Y,Y,G,G,O,0.0
Y,Y,Y,G,G,G,1.0
Y,Y,Y,G,G,O,0
Y,Y,Y,G,G,O,0.0
Y,Y,Y,G,G,G,1.0
Y,Y,Y,Y,G,O,0
Y,Y,Y,G,G,O,0.0
Y,Y,Y,G,G,O,0.0
Y,Y,Y,G,G,G,1.0
Y,Y,Y,Y,G,O,0
Y,Y,Y,Y,G,O,0.0
Y,Y,Y,G,G,O,0.0
Y,Y,Y,G,G,G,1.0
Y,Y,Y,G,G,O,0
Y,Y,Y,G,G,O,0.0
Y,Y,Y,G,G,O,0.0
Y,Y,Y,G,G,O,0.0
Y,Y,Y,G,G,O,0.0
Y,Y,Y,G,G,G,1.0
Y,Y,Y,G,G,O,0
Y,Y,Y,G,G,O,0.0
Y,Y,Y,G,G,O,0.0
Y,Y,Y,G,G,G,1.0
Y,Y,Y,G,G,O,0
Y,Y,Y,G,G,O,0.0
Y,Y,Y,G,G,G,1.0
Y,Y,G,G,G,O,0
Y,Y,G,G,G,O,0.0
Y,Y,G,G,G,O,0.0
Y,Y,G,G,G,O,0.0
Y,Y,G,G,G,G,1.0
Y,Y,G,G,G,O,0
Y,Y,G,G,G,O,0.0
Y,Y,G,G,G,O,0.0
Y,Y,G,G,G,O,0.0
Y,Y,G,G,G,G,1.0
Y,G,G,G,G,O,0
Y,G,G,G,G,O,0.0
Y,Y,G,G,G,O,0.0
Y,G,G,G,G,O,0.0
Y,G,G,G,G,O,0.0
Y,G,G,G,G,G,1.0
G,G,G,G,G,O,0
Y,G,G,G,G,G,1.0
Y,G,G,G,G,G,0.5
G,G,G,G,G,O,0.0
Y,G,G,G,G,G,1.0
Y,G,G,G,G,G,0.5
G,G,G,G,G,O,0.0
Y,G,G,G,G,G,1.0
Y,G,G,G,G,G,0.5
G,G,G,G,G,G,2.0
G,G,G,G,G,G,2.5
G,G,G,G,G,G,3.0
G,G,G,G,G,G,3.5
G,G,G,G,G,Y,3.0
G,G,G,G,G,G,3.5
G,G,G,G,G,G,4.0
Y,G,G,G,G,G,3.5
G,G,G,G,G,G,4.0
G,G,G,G,G,G,4.5
G,G,G,G,G,Y,4.0
G,G,G,G,G,G,4.5
G,G,G,G,G,G,5.0
G,G,G,G,G,G,5.5
G,G,G,G,G,G,6.0
G,G,G,G,G,G,6.5
G,G,G,G,G,G,7.0
G,G,G,G,G,Y,6.5
G,G,G,G,G,G,7.0
G,G,G,G,G,G,7.5
G,G,G,G,G,G,8.0
Y,G,G,G,G,G,7.5
Y,G,G,G,G,G,7.0
G,G,G,G,G,G,7.5
G,G,G,G,G,G,8.0
G,G,G,G,G,G,8.5
Y,G,G,G,G,G,8.0
G,G,G,G,G,G,8.5
Y,G,G,G,G,G,8.0
G,G,G,G,G,Y,7.5
G,G,G,G,G,G,8.0
G,G,G,G,G,G,8.5
G,G,G,G,G,G,9.0
G,G,G,G,G,G,9.5
G,G,G,G,G,Y,9.0
G,G,G,G,G,Y,8.5
G,G,G,G,G,G,9.0
G,G,G,G,G,Y,8.5
G,G,G,G,G,Y,8.0
G,G,G,G,G,Y,7.5
G,G,G,G,Y,Y,7.0
G,G,G,G,Y,Y,6.5
G,G,G,G,Y,Y,6.0
G,G,G,G,G,Y,5.5
G,G,G,G,G,Y,5.0
G,G,G,G,G,Y,4.5
G,G,G,G,G,G,5.0
G,G,G,G,G,G,5.5
G,G,G,G,G,G,6.0
G,G,G,G,G,G,6.5
G,G,G,G,G,G,7.0
G,G,G,G,G,G,7.5
G,G,G,G,G,G,8.0
G,G,G,G,G,Y,7.5
G,G,G,G,G,G,8.0
G,G,G,G,Y,Y,7.5
G,G,G,G,G,G,8.0
G,G,G,G,G,Y,7.5
G,G,G,G,G,G,8.0
G,G,G,G,G,Y,7.5
G,G,G,G,G,G,8.0
G,G,G,G,G,G,8.5
G,G,G,G,G,Y,8.0
G,G,G,G,G,G,8.5
G,G,G,G,G,G,9.0
G,G,G,G,B,G,7.0
G,G,G,G,G,B,5.0
Y,Y,G,G,G,G,4.5
Y,G,G,G,G,G,4.0
G,G,G,G,G,G,4.5
G,G,G,G,G,G,5.0
G,G,G,G,G,G,5.5
G,G,G,G,G,G,6.0
G,G,G,G,G,G,6.5
G,G,G,G,G,G,7.0
G,G,G,G,G,G,7.5
G,G,G,G,G,G,8.0
G,G,G,G,G,G,8.5
G,G,G,G,G,G,9.0
G,G,G,G,G,G,9.5
G,G,G,G,G,G,10.0
G,G,G,G,G,G,10
G,G,G,G,G,Y,9.5
G,G,G,G,G,G,10.0
O,O,O,G,G,G,8.5
O,G,Y,Y,Y,Y,7.0
Y,Y,Y,R,R,R,8.5
Y,R,R,R,R,R,10
R,R,R,R,R,R,2
R,R,R,R,R,R,2
R,R,R,R,R,R,2
R,R,R,R,R,R,2
R,R,R,R,R,R,2
R,R,R,R,R,R,2
R,R,R,R,R,R,2
R,R,R,R,R,R,2
R,R,R,R,R,R,2
R,R,Y,R,R,R,2
R,Y,Y,Y,R,R,2
Y,Y,Y,Y,Y,R,2
Y,Y,Y,Y,Y,R,2
Y,Y,Y,Y,Y,Y,1.93
Y,Y,Y,Y,Y,Y,0.9
Y,Y,Y,Y,Y,Y,-0.6
Y,Y,Y,Y,Y,R,3.0
Y,G,G,Y,Y,Y,3.5
G,G,G,Y,Y,Y,3.0
G,G,G,G,Y,Y,2.5
G,G,G,G,G,Y,2.0
G,G,G,G,G,G,2.5
G,G,G,G,G,G,3.0
G,G,G,G,G,G,3.5
G,G,G,G,G,G,4.0
G,G,G,G,G,G,4.5
G,G,G,G,G,G,5.0
G,G,G,G,G,G,5.5
G,G,Y,Y,G,G,6.0
G,Y,Y,Y,Y,G,5.5
Y,Y,Y,Y,Y,G,4.0
Y,Y,Y,Y,Y,G,2.5
Y,Y,Y,Y,G,G,2.0
Y,Y,Y,Y,G,G,1.5
Y,Y,Y,G,G,G,1.0
Y,Y,G,G,G,G,0.5
Y,G,G,G,G,G,1.0
Y,G,G,G,G,G,0.5
G,G,G,G,G,G,2.0
G,G,G,G,G,G,2.5
G,G,G,G,G,G,3.0
G,G,G,G,G,G,3.5
G,G,G,G,G,G,4.0
G,G,G,G,G,G,4.5
G,G,G,G,Y,Y,4.0
G,G,G,G,G,Y,3.5
G,G,G,G,G,Y,3.0
G,G,G,G,G,G,3.5
G,G,G,G,G,G,4.0
G,G,G,G,G,Y,3.5
G,G,G,G,Y,Y,3.0
G,G,G,G,G,G,3.5
G,G,G,G,G,G,4.0
G,G,G,G,G,Y,3.5
G,G,G,G,G,G,4.0
G,G,G,G,G,Y,3.5
G,G,G,G,G,Y,3.0
G,G,G,G,G,G,3.5
G,G,G,G,G,G,4.0
G,G,G,G,G,Y,3.5
G,G,G,G,G,Y,3.0
G,G,G,G,G,G,3.5
G,G,G,G,G,G,4.0
G,O,G,G,G,Y,2.5
O,O,G,G,Y,Y,1.0
O,O,G,G,Y,Y,0
O,O,G,G,Y,Y,0.0
O,O,G,G,Y,Y,0.0
O,O,G,G,Y,Y,0.0
O,O,G,G,Y,Y,0.0
O,O,G,G,Y,Y,0.0
O,O,G,G,Y,Y,0.0
O,O,G,G,Y,Y,0.0
O,O,G,Y,Y,Y,0.0
O,O,O,Y,Y,Y,0.0
O,O,O,Y,Y,Y,0.0
O,O,O,Y,Y,Y,0.0
O,O,G,Y,Y,Y,0.0
O,O,G,Y,Y,Y,0.0
O,O,G,Y,Y,Y,0.0
O,O,Y,Y,Y,Y,0.0
O,O,Y,Y,Y,Y,0.0
O,G,Y,Y,Y,Y,0.0
O,G,Y,Y,Y,Y,0.0
O,G,Y,Y,Y,Y,0.0
O,Y,Y,Y,Y,Y,-1.0
G,Y,Y,Y,Y,Y,0.0
G,Y,Y,Y,Y,Y,0.0
Y,Y,Y,Y,Y,Y,0.0
Y,Y,Y,Y,Y,Y,0.0
Y,Y,Y,Y,Y,Y,0.0
Y,Y,Y,Y,Y,Y,0.0
Y,Y,Y,Y,Y,Y,0.0
Y,Y,Y,Y,Y,Y,0.0
Y,Y,Y,Y,Y,Y,0.0
Y,Y,Y,Y,Y,Y,0.0
R,R,Y,Y,Y,G,3.0
R,R,R,Y,Y,G,4.5
R,R,R,Y,Y,Y,5.0
R,R,R,R,Y,Y,6.5
R,R,R,R,R,Y,8.0
R,R,R,R,R,R,9.5
R,R,R,R,R,R,2
R,R,R,R,R,R,2
R,R,R,R,R,R,2
R,R,R,R,R,R,2
R,R,R,R,R,R,2
R,R,R,R,R,R,2
R,R,R,R,R,R,2
R,R,R,R,R,R,2
R,R,R,R,R,R,2
R,R,R,R,R,R,2
R,R,R,R,R,R,2
R,R,R,R,R,R,2
R,R,R,R,R,R,2
R,R,R,R,R,R,2
R,R,R,R,R,R,2
R,R,R,R,R,R,2
R,R,R,R,R,R,2
R,R,R,R,R,R,2
R,R,R,R,R,R,2
R,R,R,R,R,R,2
R,R,R,R,R,R,2
R,R,R,R,R,R,2
R,R,R,R,R,R,2
R,R,R,R,R,R,2
R,R,R,R,R,R,2
R,R,R,R,R,R,2
R,R,R,R,R,R,2
R,R,R,R,R,R,2
R,R,R,R,R,R,2
R,R,R,R,R,R,2
R,R,R,R,R,R,2
R,R,R,R,R,R,2
R,R,R,R,R,R,2
R,R,R,R,R,R,2
R,R,R,R,R,R,2
R,R,R,R,R,R,2
R,R,R,R,R,R,2
R,R,R,R,R,R,2
R,R,R,R,R,R,2
R,R,R,R,R,R,2
R,R,R,R,R,R,2
R,R,R,R,R,R,2
R,R,R,R,R,R,2
R,R,R,R,R,R,2
R,R,R,R,R,R,2
R,R,R,R,R,R,2
R,R,R,R,R,R,2
R,R,R,R,R,R,2
R,R,R,R,R,R,2
R,R,R,R,R,R,2
R,R,R,R,R,R,2
R,R,R,R,R,R,2
R,R,R,R,R,R,2
R,R,R,R,R,R,2
R,R,R,R,R,R,2
R,R,R,R,R,R,2
R,R,R,R,R,R,2
R,R,R,R,R,R,2
R,R,R,R,R,R,2
R,R,R,R,R,R,2
R,R,R,R,R,R,2
R,R,R,R,R,R,2
R,R,R,R,R,R,2
R,R,R,R,R,R,2
R,R,R,R,R,R,2
R,R,R,R,R,R,2
R,R,R,R,R,R,2
R,R,R,R,R,R,2
R,R,R,R,R,R,2
R,R,R,R,R,R,2
R,R,R,R,R,R,2
R,R,R,R,R,R,2
R,R,R,R,R,R,2
R,R,R,R,R,R,2
R,R,R,R,R,R,2
R,R,R,R,R,R,2
R,R,R,R,R,R,2
R,R,R,R,R,R,2
R,R,R,R,R,R,2
R,R,R,R,R,R,2
R,R,R,R,R,R,2
R,R,R,R,R,R,2
R,R,R,R,R,R,2
R,R,R,R,R,R,2
R,R,R,R,R,R,2
R,R,R,R,R,R,2
R,R,R,R,R,R,2
R,R,R,R,R,R,2
R,R,R,R,R,R,2
R,R,R,R,R,R,2
R,R,R,R,R,R,2
R,R,R,R,R,R,2
R,R,R,R,R,R,2
R,R,R,R,R,R,2
R,R,R,R,R,R,2
R,R,R,R,R,R,2
R,R,R,R,R,R,2
R,R,R,R,R,R,2
R,R,R,R,R,R,2
R,R,R,R,R,R,2
R,R,R,R,R,R,2
R,R,R,R,R,R,2
R,R,R,R,R,R,2
R,R,R,R,R,R,2
R,R,R,R,R,R,2
R,R,R,R,R,R,2
R,R,R,R,R,R,2
R,R,R,R,R,R,2
R,R,R,R,R,R,2
R,R,R,R,R,R,2
Y,R,R,R,R,R,2
Y,R,R,R,R,R,2
Y,Y,R,R,R,R,4.97
Y,Y,Y,Y,R,R,6.47
G,G,G,Y,Y,R,6.97
G,G,G,G,Y,Y,6.47
G,G,G,G,Y,Y,5.97
G,G,G,G,G,G,6.47
G,G,G,G,G,G,6.97
G,G,G,G,G,G,7.47
G,Y,G,G,G,G,6.97
Y,Y,Y,G,G,G,6.47
Y,Y,Y,G,G,G,5.97
Y,Y,Y,G,G,G,5.47
Y,Y,G,G,G,G,4.97
Y,Y,Y,G,G,G,4.47
Y,G,G,G,G,G,3.97
Y,G,G,G,G,G,3.47
Y,G,G,G,G,G,2.97
G,G,G,G,G,G,3.47
G,G,G,G,G,G,3.97
G,G,G,G,G,G,4.47
G,G,G,G,G,G,4.97
G,G,G,G,G,Y,4.47
G,G,G,G,G,Y,3.97
G,G,G,G,G,G,4.47
G,G,G,G,G,G,4.97
G,G,G,G,G,G,5.47
G,G,G,G,G,G,5.97
G,G,G,G,G,G,6.47
G,G,G,G,G,G,6.97
G,G,G,G,G,G,7.47
G,G,G,G,G,G,7.97
G,G,G,G,G,Y,7.47
G,G,G,G,G,Y,6.97
G,G,G,G,G,G,7.47
G,G,G,G,G,G,7.97
G,G,G,G,G,Y,7.47
G,G,G,G,G,Y,6.97
G,G,G,G,G,Y,6.47
G,G,G,G,G,G,6.97
G,G,G,G,G,G,7.47
G,G,G,G,G,Y,6.97
G,G,G,G,Y,Y,6.47
G,G,G,G,G,G,6.97
G,G,G,G,G,Y,6.47
G,G,G,G,G,G,6.97
Y,G,G,G,G,G,6.47
G,G,G,G,G,G,6.97
G,G,G,G,G,G,7.47
Y,G,G,G,G,G,6.97
Y,G,G,G,G,G,6.47
Y,G,G,G,G,G,5.97
Y,G,G,G,G,G,5.47
Y,G,G,G,G,G,4.97
Y,G,G,G,G,G,4.47
G,G,G,G,G,G,4.97
Y,G,G,G,G,G,4.47
Y,G,G,G,G,B,2.97
Y,Y,G,G,G,B,1.47
Y,Y,Y,G,G,B,0
Y,Y,G,G,G,B,0.0
Y,Y,G,G,B,B,0.0
Y,Y,G,G,B,B,0.0
Y,G,G,G,B,B,0.0
Y,Y,G,B,B,G,0.0
Y,G,G,B,B,B,0.0
Y,G,G,B,B,G,0.0
Y,G,G,B,B,G,0.0
Y,G,G,B,B,G,0.0
Y,G,G,B,B,G,0.0
G,G,G,B,B,G,0
Y,G,G,B,B,B,0.0
G,G,G,B,B,G,0
Y,G,G,B,B,B,0.0
G,G,G,B,B,G,0
Y,G,G,G,B,B,0.0
G,G,G,B,B,G,0
Y,G,G,G,B,B,0.0
G,G,G,B,B,G,0
G,G,G,G,B,B,0
Y,G,G,G,B,B,0.0
G,G,G,G,B,B,0
Y,G,G,G,B,B,0.0
G,G,G,G,B,B,0
Y,G,G,G,G,G,1.0
G,G,G,G,B,B,0
Y,G,G,G,G,G,1.0
G,G,G,G,G,B,0
Y,G,G,G,G,G,1.0
G,G,G,G,G,B,0
Y,G,G,G,G,G,1.0
G,G,G,G,G,B,0
Y,G,G,G,G,G,1.0
G,G,G,G,G,G,1.5
G,G,G,G,G,G,2.0
G,G,G,G,G,G,2.5
G,G,G,G,G,G,3.0
G,G,G,G,G,G,3.5
G,G,G,G,G,Y,3.0
G,G,G,G,G,G,3.5
G,G,G,G,G,G,4.0
G,G,G,G,G,G,4.5
G,G,G,G,G,G,5.0
G,G,G,G,G,G,5.5
G,G,G,G,G,G,6.0
G,G,G,G,G,Y,5.5
G,G,G,G,G,Y,5.0
G,G,G,G,G,Y,4.5
G,G,G,G,G,Y,4.0
G,G,G,G,G,Y,3.5
G,G,G,G,G,Y,3.0
G,G,G,G,G,G,3.5
G,G,G,G,G,Y,3.0
G,G,G,G,G,G,3.5
G,G,G,G,G,G,4.0
Y,G,G,G,G,G,3.5
G,G,G,G,G,G,4.0
G,G,G,G,G,G,4.5
G,G,G,G,G,G,5.0
G,G,G,G,G,G,5.5
G,G,G,G,G,Y,5.0
G,G,G,G,G,Y,4.5
G,G,G,G,G,G,5.0
G,B,G,G,G,G,3.0
B,G,G,Y,Y,Y,1.5
G,G,G,Y,Y,Y,1.0
B,G,G,Y,Y,Y,0
B,G,G,Y,Y,Y,0.0
B,G,G,Y,Y,Y,0.0
B,G,Y,Y,Y,Y,0.0
B,G,Y,Y,Y,Y,0.0
B,G,G,Y,Y,Y,0.0
G,G,G,Y,Y,Y,1.0
B,G,G,Y,Y,Y,0
B,G,G,G,Y,Y,0.0
B,G,G,Y,Y,Y,0.0
B,G,G,Y,Y,Y,0.0
B,G,G,Y,Y,Y,0.0
B,G,G,Y,Y,Y,0.0
G,G,G,Y,Y,Y,1.0
B,G,G,G,Y,Y,0
B,G,G,G,Y,Y,0.0
B,G,G,G,Y,Y,0.0
B,G,G,Y,Y,Y,0.0
B,G,G,Y,Y,Y,0.0
B,G,G,Y,Y,Y,0.0
B,G,Y,Y,Y,Y,0.0
B,G,G,Y,Y,Y,0.0
G,G,G,Y,Y,Y,1.0
G,G,G,G,Y,Y,0.5
G,G,G,G,Y,Y,1.0
G,G,G,G,G,Y,0.5
G,G,G,G,G,G,2.0
G,G,G,G,G,G,2.5
G,G,G,G,G,G,3.0
G,G,G,G,G,Y,2.5
G,G,G,G,G,G,3.0
G,G,G,G,G,G,3.5
G,G,G,G,G,Y,3.0
G,G,G,G,G,G,3.5
G,G,G,G,G,Y,3.0
G,G,G,G,G,Y,2.5
G,G,G,G,G,G,3.0
G,G,G,G,G,G,3.5
G,G,G,G,G,G,4.0
G,G,G,G,G,G,4.5
G,G,G,B,G,Y,3.0
G,G,B,B,B,G,1.0
G,G,B,B,B,G,0
G,G,B,B,G,Y,0.0
G,G,B,B,G,Y,0.0
G,G,B,B,B,Y,0.0
G,G,B,B,B,Y,0.0
G,G,B,B,B,Y,0.0
G,G,B,B,B,Y,0.0
G,G,B,B,B,Y,0.0
G,G,G,B,B,Y,0.0
G,G,G,B,B,B,0
G,G,G,G,B,Y,0.0
G,G,G,G,G,B,0
G,G,G,G,G,B,0
G,G,G,G,G,B,0
G,G,G,G,G,G,2.0
G,G,G,G,G,G,2.5
G,G,G,G,G,G,3.0
G,G,G,G,G,G,3.5
G,Y,Y,G,G,G,3.0
Y,Y,Y,G,G,G,2.5
Y,Y,Y,G,G,G,2.0
Y,Y,Y,G,G,G,1.5
Y,Y,Y,G,G,G,1.0
Y,Y,Y,G,G,G,0.5
Y,Y,G,G,G,G,1.0
Y,Y,G,G,G,G,0.5
Y,G,G,G,G,G,1.0
Y,G,G,G,G,B,0
Y,G,G,G,G,B,0.0
G,G,G,G,B,B,0
G,G,G,G,G,B,0
Y,G,G,G,G,B,0.0
G,G,G,G,G,B,0
Y,G,G,G,G,B,0.0
G,G,G,G,G,B,0
Y,G,G,G,G,B,0.0
G,G,G,G,G,B,0
G,G,G,G,G,B,0
Y,G,G,G,G,G,1.0
G,G,G,G,G,G,1.5
G,G,G,G,G,G,2.0
G,G,G,G,G,G,2.5
G,G,G,G,G,G,3.0
G,G,G,G,G,G,3.5
G,G,G,G,G,G,4.0
G,G,G,G,G,G,4.5
G,G,G,G,G,Y,4.0
G,G,G,G,G,Y,3.5
G,G,G,G,G,Y,3.0
G,G,G,G,G,Y,2.5
G,G,G,G,G,G,3.0
G,G,G,G,G,G,3.5
G,G,G,G,G,G,4.0
G,G,G,G,G,G,4.5
G,G,G,G,G,G,5.0
G,G,G,G,G,G,5.5
G,G,G,G,G,G,6.0
G,G,G,G,G,G,6.5
G,G,G,O,G,G,5.0
G,G,G,O,O,O,3.5
Y,G,G,O,O,O,2.0
Y,Y,G,O,O,O,0.5
Y,Y,G,O,O,O,0.0
Y,Y,G,G,O,O,0.0
Y,Y,G,G,O,O,0.0
Y,Y,Y,G,O,O,0.0
Y,Y,Y,G,G,O,0.0
Y,Y,Y,G,G,O,0.0
Y,Y,Y,G,G,O,0.0
Y,Y,Y,G,G,O,0.0
Y,Y,Y,G,G,O,0.0
Y,Y,Y,G,G,G,1.0
Y,Y,Y,G,G,O,0
Y,Y,Y,G,G,O,0.0
Y,Y,Y,G,G,G,1.0
Y,Y,Y,Y,G,O,0
Y,Y,Y,G,G,O,0.0
Y,Y,Y,G,G,O,0.0
Y,Y,Y,G,G,G,1.0
Y,Y,Y,Y,G,O,0
Y,Y,Y,Y,G,O,0.0
Y,Y,Y,G,G,O,0.0
Y,Y,Y,G,G,G,1.0
Y,Y,Y,G,G,O,0
Y,Y,Y,G,G,O,0.0
Y,Y,Y,G,G,O,0.0
Y,Y,Y,G,G,O,0.0
Y,Y,Y,G,G,O,0.0
Y,Y,Y,G,G,G,1.0
Y,Y,Y,G,G,O,0
Y,Y,Y,G,G,O,0.0
Y,Y,Y,G,G,O,0.0
Y,Y,Y,G,G,G,1.0
Y,Y,Y,G,G,O,0
Y,Y,Y,G,G,O,0.0
Y,Y,Y,G,G,G,1.0
Y,Y,G,G,G,O,0
Y,Y,G,G,G,O,0.0
Y,Y,G,G,G,O,0.0
Y,Y,G,G,G,O,0.0
Y,Y,G,G,G,G,1.0
Y,Y,G,G,G,O,0
Y,Y,G,G,G,O,0.0
Y,Y,G,G,G,O,0.0
Y,Y,G,G,G,O,0.0
Y,Y,G,G,G,G,1.0
Y,G,G,G,G,O,0
Y,G,G,G,G,O,0.0
Y,Y,G,G,G,O,0.0
Y,G,G,G,G,O,0.0
Y,G,G,G,G,O,0.0
Y,G,G,G,G,G,1.0
G,G,G,G,G,O,0
Y,G,G,G,G,G,1.0
Y,G,G,G,G,G,0.5
G,G,G,G,G,O,0.0
Y,G,G,G,G,G,1.0
Y,G,G,G,G,G,0.5
G,G,G,G,G,O,0.0
Y,G,G,G,G,G,1.0
Y,G,G,G,G,G,0.5
G,G,G,G,G,G,2.0
G,G,G,G,G,G,2.5
G,G,G,G,G,G,3.0
G,G,G,G,G,G,3.5
G,G,G,G,G,Y,3.0
G,G,G,G,G,G,3.5
G,G,G,G,G,G,4.0
Y,G,G,G,G,G,3.5
G,G,G,G,G,G,4.0
G,G,G,G,G,G,4.5
G,G,G,G,G,Y,4.0
G,G,G,G,G,G,4.5
G,G,G,G,G,G,5.0
G,G,G,G,G,G,5.5
G,G,G,G,G,G,6.0
G,G,G,G,G,G,6.5
G,G,G,G,G,G,7.0
G,G,G,G,G,Y,6.5
G,G,G,G,G,G,7.0
G,G,G,G,G,G,7.5
G,G,G,G,G,G,8.0
Y,G,G,G,G,G,7.5
Y,G,G,G,G,G,7.0
G,G,G,G,G,G,7.5
G,G,G,G,G,G,8.0
G,G,G,G,G,G,8.5
Y,G,G,G,G,G,8.0
G,G,G,G,G,G,8.5
Y,G,G,G,G,G,8.0
G,G,G,G,G,Y,7.5
G,G,G,G,G,G,8.0
G,G,G,G,G,G,8.5
G,G,G,G,G,G,9.0
G,G,G,G,G,G,9.5
G,G,G,G,G,Y,9.0
G,G,G,G,G,Y,8.5
G,G,G,G,G,G,9.0
G,G,G,G,G,Y,8.5
G,G,G,G,G,Y,8.0
G,G,G,G,G,Y,7.5
G,G,G,G,Y,Y,7.0
G,G,G,G,Y,Y,6.5
G,G,G,G,Y,Y,6.0
G,G,G,G,G,Y,5.5
G,G,G,G,G,Y,5.0
G,G,G,G,G,Y,4.5
G,G,G,G,G,G,5.0
G,G,G,G,G,G,5.5
G,G,G,G,G,G,6.0
G,G,G,G,G,G,6.5
G,G,G,G,G,G,7.0
G,G,G,G,G,G,7.5
G,G,G,G,G,G,8.0
G,G,G,G,G,Y,7.5
G,G,G,G,G,G,8.0
G,G,G,G,Y,Y,7.5
G,G,G,G,G,G,8.0
G,G,G,G,G,Y,7.5
G,G,G,G,G,G,8.0
G,G,G,G,G,Y,7.5
G,G,G,G,G,G,8.0
G,G,G,G,G,G,8.5
G,G,G,G,G,Y,8.0
G,G,G,G,G,G,8.5
G,G,G,G,G,G,9.0
G,G,G,G,B,G,7.0
G,G,G,G,G,B,5.0
Y,Y,G,G,G,G,4.5
Y,G,G,G,G,G,4.0
G,G,G,G,G,G,4.5
G,G,G,G,G,G,5.0
G,G,G,G,G,G,5.5
G,G,G,G,G,G,6.0
G,G,G,G,G,G,6.5
G,G,G,G,G,G,7.0
G,G,G,G,G,G,7.5
G,G,G,G,G,G,8.0
G,G,G,G,G,G,8.5
G,G,G,G,G,G,9.0
G,G,G,G,G,G,9.5
G,G,G,G,G,G,10.0
G,G,G,G,G,G,10
G,G,G,G,G,Y,9.5
G,G,G,G,G,G,10.0
O,O,O,G,G,G,8.5
O,G,Y,Y,Y,Y,7.0
Y,Y,Y,R,R,R,8.5
Y,R,R,R,R,R,10
R,R,R,R,R,R,2
R,R,R,R,R,R,2
R,R,R,R,R,R,2
R,R,R,R,R,R,2
R,R,R,R,R,R,2
R,R,R,R,R,R,2
R,R,R,R,R,R,2
R,R,R,R,R,R,2
R,R,R,R,R,R,2
R,R,Y,R,R,R,2
R,Y,Y,Y,R,R,2
Y,Y,Y,Y,Y,R,2
Y,Y,Y,Y,Y,R,2
Y,Y,Y,Y,Y,Y,1.93
Y,Y,Y,Y,Y,Y,0.9
Y,Y,Y,Y,Y,Y,-0.6
Y,Y,Y,Y,Y,R,3.0
Y,G,G,Y,Y,Y,3.5
G,G,G,Y,Y,Y,3.0
G,G,G,G,Y,Y,2.5
G,G,G,G,G,Y,2.0
G,G,G,G,G,G,2.5
G,G,G,G,G,G,3.0
G,G,G,G,G,G,3.5
G,G,G,G,G,G,4.0
G,G,G,G,G,G,4.5
G,G,G,G,G,G,5.0
G,G,G,G,G,G,5.5
G,G,Y,Y,G,G,6.0
G,Y,Y,Y,Y,G,5.5
Y,Y,Y,Y,Y,G,4.0
Y,Y,Y,Y,Y,G,2.5
Y,Y,Y,Y,G,G,2.0
Y,Y,Y,Y,G,G,1.5
Y,Y,Y,G,G,G,1.0
Y,Y,G,G,G,G,0.5
Y,G,G,G,G,G,1.0
Y,G,G,G,G,G,0.5
G,G,G,G,G,G,2.0
G,G,G,G,G,G,2.5
G,G,G,G,G,G,3.0
G,G,G,G,G,G,3.5
G,G,G,G,G,G,4.0
G,G,G,G,G,G,4.5
G,G,G,G,Y,Y,4.0
G,G,G,G,G,Y,3.5
G,G,G,G,G,Y,3.0
G,G,G,G,G,G,3.5
G,G,G,G,G,G,4.0
G,G,G,G,G,Y,3.5
G,G,G,G,Y,Y,3.0
G,G,G,G,G,G,3.5
G,G,G,G,G,G,4.0
G,G,G,G,G,Y,3.5
G,G,G,G,G,G,4.0
G,G,G,G,G,Y,3.5
G,G,G,G,G,Y,3.0
G,G,G,G,G,G,3.5
G,G,G,G,G,G,4.0
G,G,G,G,G,Y,3.5
G,G,G,G,G,Y,3.0
G,G,G,G,G,G,3.5
G,G,G,G,G,G,4.0
G,O,G,G,G,Y,2.5
O,O,G,G,Y,Y,1.0
O,O,G,G,Y,Y,0
O,O,G,G,Y,Y,0.0
O,O,G,G,Y,Y,0.0
O,O,G,G,Y,Y,0.0
O,O,G,G,Y,Y,0.0
O,O,G,G,Y,Y,0.0
O,O,G,G,Y,Y,0.0
O,O,G,G,Y,Y,0.0
O,O,G,Y,Y,Y,0.0
O,O,O,Y,Y,Y,0.0
O,O,O,Y,Y,Y,0.0
O,O,O,Y,Y,Y,0.0
O,O,G,Y,Y,Y,0.0
O,O,G,Y,Y,Y,0.0
O,O,G,Y,Y,Y,0.0
O,O,Y,Y,Y,Y,0.0
O,O,Y,Y,Y,Y,0.0
O,G,Y,Y,Y,Y,0.0
O,G,Y,Y,Y,Y,0.0
O,G,Y,Y,Y,Y,0.0
O,Y,Y,Y,Y,Y,-1.0
G,Y,Y,Y,Y,Y,0.0
G,Y,Y,Y,Y,Y,0.0
Y,Y,Y,Y,Y,Y,0.0
Y,Y,Y,Y,Y,Y,0.0
Y,Y,Y,Y,Y,Y,0.0
Y,Y,Y,Y,Y,Y,0.0
Y,Y,Y,Y,Y,Y,0.0
Y,Y,Y,Y,Y,Y,0.0
Y,Y,Y,Y,Y,Y,0.0
Y,Y,Y,Y,Y,Y,0.0
R,R,Y,Y,Y,G,3.0
R,R,R,Y,Y,G,4.5
R,R,R,Y,Y,Y,5.0
R,R,R,R,Y,Y,6.5
R,R,R,R,R,Y,8.0
R,R,R,R,R,R,9.5
R,R,R,R,R,R,2
R,R,R,R,R,R,2
R,R,R,R,R,R,2
R,R,R,R,R,R,2
R,R,R,R,R,R,2
R,R,R,R,R,R,2
R,R,R,R,R,R,2
R,R,R,R,R,R,2
R,R,R,R,R,R,2
R,R,R,R,R,R,2
R,R,R,R,R,R,2
R,R,R,R,R,R,2
R,R,R,R,R,R,2
R,R,R,R,R,R,2
R,R,R,R,R,R,2
R,R,R,R,R,R,2
R,R,R,R,R,R,2
R,R,R,R,R,R,2
R,R,R,R,R,R,2
R,R,R,R,R,R,2
R,R,R,R,R,R,2
R,R,R,R,R,R,2
R,R,R,R,R,R,2
R,R,R,R,R,R,2
R,R,R,R,R,R,2
R,R,R,R,R,R,2
R,R,R,R,R,R,2
R,R,R,R,R,R,2
R,R,R,R,R,R,2
R,R,R,R,R,R,2
R,R,R,R,R,R,2
R,R,R,R,R,R,2
R,R,R,R,R,R,2
R,R,R,R,R,R,2
R,R,R,R,R,R,2
R,R,R,R,R,R,2
R,R,R,R,R,R,2
R,R,R,R,R,R,2
R,R,R,R,R,R,2
R,R,R,R,R,R,2
R,R,R,R,R,R,2
R,R,R,R,R,R,2
R,R,R,R,R,R,2
R,R,R,R,R,R,2
R,R,R,R,R,R,2
R,R,R,R,R,R,2
R,R,R,R,R,R,2
R,R,R,R,R,R,2
R,R,R,R,R,R,2
R,R,R,R,R,R,2
R,R,R,R,R,R,2
R,R,R,R,R,R,2
R,R,R,R,R,R,2
R,R,R,R,R,R,2
R,R,R,R,R,R,2
R,R,R,R,R,R,2
R,R,R,R,R,R,2
R,R,R,R,R,R,2
R,R,R,R,R,R,2
R,R,R,R,R,R,2
R,R,R,R,R,R,2
R,R,R,R,R,R,2
R,R,R,R,R,R,2
R,R,R,R,R,R,2
R,R,R,R,R,R,2
R,R,R,R,R,R,2
R,R,R,R,R,R,2
R,R,R,R,R,R,2
R,R,R,R,R,R,2
R,R,R,R,R,R,2
R,R,R,R,R,R,2
R,R,R,R,R,R,2
R,R,R,R,R,R,2
R,R,R,R,R,R,2
R,R,R,R,R,R,2
R,R,R,R,R,R,2
R,R,R,R,R,R,2
R,R,R,R,R,R,2
R,R,R,R,R,R,2
R,R,R,R,R,R,2
R,R,R,R,R,R,2
R,R,R,R,R,R,2
R,R,R,R,R,R,2
R,R,R,R,R,R,2
R,R,R,R,R,R,2
R,R,R,R,R,R,2
R,R,R,R,R,R,2
R,R,R,R,R,R,2
R,R,R,R,R,R,2
R,R,R,R,R,R,2
R,R,R,R,R,R,2
R,R,R,R,R,R,2
R,R,R,R,R,R,2
R,R,R,R,R,R,2
R,R,R,R,R,R,2
R,R,R,R,R,R,2
R,R,R,R,R,R,2
R,R,R,R,R,R,2
R,R,R,R,R,R,2
R,R,R,R,R,R,2
R,R,R,R,R,R,2
R,R,R,R,R,R,2
R,R,R,R,R,R,2
R,R,R,R,R,R,2
R,R,R,R,R,R,2
R,R,R,R,R,R,2
R,R,R,R,R,R,2
R,R,R,R,R,R,2
R,R,R,R,R,R,2
R,R,R,R,R,R,2
Y,R,R,R,R,R,2
Y,R,R,R,R,R,2
Y,Y,R,R,R,R,4.97
Y,Y,Y,Y,R,R,6.47
G,G,G,Y,Y,R,6.97
G,G,G,G,Y,Y,6.47
G,G,G,G,Y,Y,5.97
G,G,G,G,G,G,6.47
G,G,G,G,G,G,6.97
G,G,G,G,G,G,7.47
G,Y,G,G,G,G,6.97
Y,Y,Y,G,G,G,6.47
Y,Y,Y,G,G,G,5.97
Y,Y,Y,G,G,G,5.47
Y,Y,G,G,G,G,4.97
Y,Y,Y,G,G,G,4.47
Y,G,G,G,G,G,3.97
Y,G,G,G,G,G,3.47
Y,G,G,G,G,G,2.97
G,G,G,G,G,G,3.47
G,G,G,G,G,G,3.97
G,G,G,G,G,G,4.47
G,G,G,G,G,G,4.97
G,G,G,G,G,Y,4.47
G,G,G,G,G,Y,3.97
G,G,G,G,G,G,4.47
G,G,G,G,G,G,4.97
G,G,G,G,G,G,5.47
G,G,G,G,G,G,5.97
G,G,G,G,G,G,6.47
G,G,G,G,G,G,6.97
G,G,G,G,G,G,7.47
G,G,G,G,G,G,7.97
G,G,G,G,G,Y,7.47
G,G,G,G,G,Y,6.97
G,G,G,G,G,G,7.47
G,G,G,G,G,G,7.97
G,G,G,G,G,Y,7.47
G,G,G,G,G,Y,6.97
G,G,G,G,G,Y,6.47
G,G,G,G,G,G,6.97
G,G,G,G,G,G,7.47
G,G,G,G,G,Y,6.97
G,G,G,G,Y,Y,6.47
G,G,G,G,G,G,6.97
G,G,G,G,G,Y,6.47
G,G,G,G,G,G,6.97
Y,G,G,G,G,G,6.47
G,G,G,G,G,G,6.97
G,G,G,G,G,G,7.47
Y,G,G,G,G,G,6.97
Y,G,G,G,G,G,6.47
Y,G,G,G,G,G,5.97
Y,G,G,G,G,G,5.47
Y,G,G,G,G,G,4.97
Y,G,G,G,G,G,4.47
G,G,G,G,G,G,4.97
Y,G,G,G,G,G,4.47
Y,G,G,G,G,B,2.97
Y,Y,G,G,G,B,1.47
Y,Y,Y,G,G,B,0
Y,Y,G,G,G,B,0.0
Y,Y,G,G,B,B,0.0
Y,Y,G,G,B,B,0.0
Y,G,G,G,B,B,0.0
Y,Y,G,B,B,G,0.0
Y,G,G,B,B,B,0.0
Y,G,G,B,B,G,0.0
Y,G,G,B,B,G,0.0
Y,G,G,B,B,G,0.0
Y,G,G,B,B,G,0.0
G,G,G,B,B,G,0
Y,G,G,B,B,B,0.0
G,G,G,B,B,G,0
Y,G,G,B,B,B,0.0
G,G,G,B,B,G,0
Y,G,G,G,B,B,0.0
G,G,G,B,B,G,0
Y,G,G,G,B,B,0.0
G,G,G,B,B,G,0
G,G,G,G,B,B,0
Y,G,G,G,B,B,0.0
G,G,G,G,B,B,0
Y,G,G,G,B,B,0.0
G,G,G,G,B,B,0
Y,G,G,G,G,G,1.0
G,G,G,G,B,B,0
Y,G,G,G,G,G,1.0
G,G,G,G,G,B,0
Y,G,G,G,G,G,1.0
G,G,G,G,G,B,0
Y,G,G,G,G,G,1.0
G,G,G,G,G,B,0
Y,G,G,G,G,G,1.0
G,G,G,G,G,G,1.5
G,G,G,G,G,G,2.0
G,G,G,G,G,G,2.5
G,G,G,G,G,G,3.0
G,G,G,G,G,G,3.5
G,G,G,G,G,Y,3.0
G,G,G,G,G,G,3.5
G,G,G,G,G,G,4.0
G,G,G,G,G,G,4.5
G,G,G,G,G,G,5.0
G,G,G,G,G,G,5.5
G,G,G,G,G,G,6.0
G,G,G,G,G,Y,5.5
G,G,G,G,G,Y,5.0
G,G,G,G,G,Y,4.5
G,G,G,G,G,Y,4.0
G,G,G,G,G,Y,3.5
G,G,G,G,G,Y,3.0
G,G,G,G,G,G,3.5
G,G,G,G,G,Y,3.0
G,G,G,G,G,G,3.5
G,G,G,G,G,G,4.0
Y,G,G,G,G,G,3.5
G,G,G,G,G,G,4.0
G,G,G,G,G,G,4.5
G,G,G,G,G,G,5.0
G,G,G,G,G,G,5.5
G,G,G,G,G,Y,5.0
G,G,G,G,G,Y,4.5
G,G,G,G,G,G,5.0
G,B,G,G,G,G,3.0
B,G,G,Y,Y,Y,1.5
G,G,G,Y,Y,Y,1.0
B,G,G,Y,Y,Y,0
B,G,G,Y,Y,Y,0.0
B,G,G,Y,Y,Y,0.0
B,G,Y,Y,Y,Y,0.0
B,G,Y,Y,Y,Y,0.0
B,G,G,Y,Y,Y,0.0
G,G,G,Y,Y,Y,1.0
B,G,G,Y,Y,Y,0
B,G,G,G,Y,Y,0.0
B,G,G,Y,Y,Y,0.0
B,G,G,Y,Y,Y,0.0
B,G,G,Y,Y,Y,0.0
B,G,G,Y,Y,Y,0.0
G,G,G,Y,Y,Y,1.0
B,G,G,G,Y,Y,0
B,G,G,G,Y,Y,0.0
B,G,G,G,Y,Y,0.0
B,G,G,Y,Y,Y,0.0
B,G,G,Y,Y,Y,0.0
B,G,G,Y,Y,Y,0.0
B,G,Y,Y,Y,Y,0.0
B,G,G,Y,Y,Y,0.0
G,G,G,Y,Y,Y,1.0
G,G,G,G,Y,Y,0.5
G,G,G,G,Y,Y,1.0
G,G,G,G,G,Y,0.5
G,G,G,G,G,G,2.0
G,G,G,G,G,G,2.5
G,G,G,G,G,G,3.0
G,G,G,G,G,Y,2.5
G,G,G,G,G,G,3.0
G,G,G,G,G,G,3.5
G,G,G,G,G,Y,3.0
G,G,G,G,G,G,3.5
G,G,G,G,G,Y,3.0
G,G,G,G,G,Y,2.5
G,G,G,G,G,G,3.0
G,G,G,G,G,G,3.5
G,G,G,G,G,G,4.0
G,G,G,G,G,G,4.5
G,G,G,B,G,Y,3.0
G,G,B,B,B,G,1.0
G,G,B,B,B,G,0
G,G,B,B,G,Y,0.0
G,G,B,B,G,Y,0.0
G,G,B,B,B,Y,0.0
G,G,B,B,B,Y,0.0
G,G,B,B,B,Y,0.0
G,G,B,B,B,Y,0.0
G,G,B,B,B,Y,0.0
G,G,G,B,B,Y,0.0
G,G,G,B,B,B,0
G,G,G,G,B,Y,0.0
G,G,G,G,G,B,0
G,G,G,G,G,B,0
G,G,G,G,G,B,0
G,G,G,G,G,G,2.0
G,G,G,G,G,G,2.5
G,G,G,G,G,G,3.0
G,G,G,G,G,G,3.5
G,Y,Y,G,G,G,3.0
Y,Y,Y,G,G,G,2.5
Y,Y,Y,G,G,G,2.0
Y,Y,Y,G,G,G,1.5
Y,Y,Y,G,G,G,1.0
Y,Y,Y,G,G,G,0.5
Y,Y,G,G,G,G,1.0
Y,Y,G,G,G,G,0.5
Y,G,G,G,G,G,1.0
Y,G,G,G,G,B,0
Y,G,G,G,G,B,0.0
G,G,G,G,B,B,0
G,G,G,G,G,B,0
Y,G,G,G,G,B,0.0
G,G,G,G,G,B,0
Y,G,G,G,G,B,0.0
G,G,G,G,G,B,0
Y,G,G,G,G,B,0.0
G,G,G,G,G,B,0
G,G,G,G,G,B,0
Y,G,G,G,G,G,1.0
G,G,G,G,G,G,1.5
G,G,G,G,G,G,2.0
G,G,G,G,G,G,2.5
G,G,G,G,G,G,3.0
G,G,G,G,G,G,3.5
G,G,G,G,G,G,4.0
G,G,G,G,G,G,4.5
G,G,G,G,G,Y,4.0
G,G,G,G,G,Y,3.5
G,G,G,G,G,Y,3.0
G,G,G,G,G,Y,2.5
G,G,G,G,G,G,3.0
G,G,G,G,G,G,3.5
G,G,G,G,G,G,4.0
G,G,G,G,G,G,4.5
G,G,G,G,G,G,5.0
G,G,G,G,G,G,5.5
G,G,G,G,G,G,6.0
G,G,G,G,G,G,6.5
G,G,G,O,G,G,5.0
G,G,G,O,O,O,3.5
Y,G,G,O,O,O,2.0
Y,Y,G,O,O,O,0.5
Y,Y,G,O,O,O,0.0
Y,Y,G,G,O,O,0.0
Y,Y,G,G,O,O,0.0
Y,Y,Y,G,O,O,0.0
Y,Y,Y,G,G,O,0.0
Y,Y,Y,G,G,O,0.0
Y,Y,Y,G,G,O,0.0
Y,Y,Y,G,G,O,0.0
Y,Y,Y,G,G,O,0.0
Y,Y,Y,G,G,G,1.0
Y,Y,Y,G,G,O,0
Y,Y,Y,G,G,O,0.0
Y,Y,Y,G,G,G,1.0
Y,Y,Y,Y,G,O,0
Y,Y,Y,G,G,O,0.0
Y,Y,Y,G,G,O,0.0
Y,Y,Y,G,G,G,1.0
Y,Y,Y,Y,G,O,0
Y,Y,Y,Y,G,O,0.0
Y,Y,Y,G,G,O,0.0
Y,Y,Y,G,G,G,1.0
Y,Y,Y,G,G,O,0
Y,Y,Y,G,G,O,0.0
Y,Y,Y,G,G,O,0.0
Y,Y,Y,G,G,O,0.0
Y,Y,Y,G,G,O,0.0
Y,Y,Y,G,G,G,1.0
Y,Y,Y,G,G,O,0
Y,Y,Y,G,G,O,0.0
Y,Y,Y,G,G,O,0.0
Y,Y,Y,G,G,G,1.0
Y,Y,Y,G,G,O,0
Y,Y,Y,G,G,O,0.0
Y,Y,Y,G,G,G,1.0
Y,Y,G,G,G,O,0
Y,Y,G,G,G,O,0.0
Y,Y,G,G,G,O,0.0
Y,Y,G,G,G,O,0.0
Y,Y,G,G,G,G,1.0
Y,Y,G,G,G,O,0
Y,Y,G,G,G,O,0.0
Y,Y,G,G,G,O,0.0
Y,Y,G,G,G,O,0.0
Y,Y,G,G,G,G,1.0
Y,G,G,G,G,O,0
Y,G,G,G,G,O,0.0
Y,Y,G,G,G,O,0.0
Y,G,G,G,G,O,0.0
Y,G,G,G,G,O,0.0
Y,G,G,G,G,G,1.0
G,G,G,G,G,O,0
Y,G,G,G,G,G,1.0
Y,G,G,G,G,G,0.5
G,G,G,G,G,O,0.0
Y,G,G,G,G,G,1.0
Y,G,G,G,G,G,0.5
G,G,G,G,G,O,0.0
Y,G,G,G,G,G,1.0
Y,G,G,G,G,G,0.5
G,G,G,G,G,G,2.0
G,G,G,G,G,G,2.5
G,G,G,G,G,G,3.0
G,G,G,G,G,G,3.5
G,G,G,G,G,Y,3.0
G,G,G,G,G,G,3.5
G,G,G,G,G,G,4.0
Y,G,G,G,G,G,3.5
G,G,G,G,G,G,4.0
G,G,G,G,G,G,4.5
G,G,G,G,G,Y,4.0
G,G,G,G,G,G,4.5
G,G,G,G,G,G,5.0
G,G,G,G,G,G,5.5
G,G,G,G,G,G,6.0
G,G,G,G,G,G,6.5
G,G,G,G,G,G,7.0
G,G,G,G,G,Y,6.5
G,G,G,G,G,G,7.0
G,G,G,G,G,G,7.5
G,G,G,G,G,G,8.0
Y,G,G,G,G,G,7.5
Y,G,G,G,G,G,7.0
G,G,G,G,G,G,7.5
G,G,G,G,G,G,8.0
G,G,G,G,G,G,8.5
Y,G,G,G,G,G,8.0
G,G,G,G,G,G,8.5
Y,G,G,G,G,G,8.0
G,G,G,G,G,Y,7.5
G,G,G,G,G,G,8.0
G,G,G,G,G,G,8.5
G,G,G,G,G,G,9.0
G,G,G,G,G,G,9.5
G,G,G,G,G,Y,9.0
G,G,G,G,G,Y,8.5
G,G,G,G,G,G,9.0
G,G,G,G,G,Y,8.5
G,G,G,G,G,Y,8.0
G,G,G,G,G,Y,7.5
G,G,G,G,Y,Y,7.0
G,G,G,G,Y,Y,6.5
G,G,G,G,Y,Y,6.0
G,G,G,G,G,Y,5.5
G,G,G,G,G,Y,5.0
G,G,G,G,G,Y,4.5
G,G,G,G,G,G,5.0
G,G,G,G,G,G,5.5
G,G,G,G,G,G,6.0
G,G,G,G,G,G,6.5
G,G,G,G,G,G,7.0
G,G,G,G,G,G,7.5
G,G,G,G,G,G,8.0
G,G,G,G,G,Y,7.5
G,G,G,G,G,G,8.0
G,G,G,G,Y,Y,7.5
G,G,G,G,G,G,8.0
G,G,G,G,G,Y,7.5
G,G,G,G,G,G,8.0
G,G,G,G,G,Y,7.5
G,G,G,G,G,G,8.0
G,G,G,G,G,G,8.5
G,G,G,G,G,Y,8.0
G,G,G,G,G,G,8.5
G,G,G,G,G,G,9.0
G,G,G,G,B,G,7.0
G,G,G,G,G,B,5.0
Y,Y,G,G,G,G,4.5
Y,G,G,G,G,G,4.0
G,G,G,G,G,G,4.5
G,G,G,G,G,G,5.0
G,G,G,G,G,G,5.5
G,G,G,G,G,G,6.0
G,G,G,G,G,G,6.5
G,G,G,G,G,G,7.0
G,G,G,G,G,G,7.5
G,G,G,G,G,G,8.0
G,G,G,G,G,G,8.5
G,G,G,G,G,G,9.0
G,G,G,G,G,G,9.5
G,G,G,G,G,G,10.0
G,G,G,G,G,G,10
G,G,G,G,G,Y,9.5
G,G,G,G,G,G,10.0
O,O,O,G,G,G,8.5
O,G,Y,Y,Y,Y,7.0
Y,Y,Y,R,R,R,8.5
Y,R,R,R,R,R,10
R,R,R,R,R,R,2
R,R,R,R,R,R,2
R,R,R,R,R,R,2
R,R,R,R,R,R,2
R,R,R,R,R,R,2
R,R,R,R,R,R,2
R,R,R,R,R,R,2
R,R,R,R,R,R,2
R,R,R,R,R,R,2
R,R,Y,R,R,R,2
R,Y,Y,Y,R,R,2
Y,Y,Y,Y,Y,R,2
Y,Y,Y,Y,Y,R,2
Y,Y,Y,Y,Y,Y,1.93
Y,Y,Y,Y,Y,Y,0.9
Y,Y,Y,Y,Y,Y,-0.6
Y,Y,Y,Y,Y,R,3.0
Y,G,G,Y,Y,Y,3.5
G,G,G,Y,Y,Y,3.0
G,G,G,G,Y,Y,2.5
G,G,G,G,G,Y,2.0
G,G,G,G,G,G,2.5
G,G,G,G,G,G,3.0
G,G,G,G,G,G,3.5
G,G,G,G,G,G,4.0
G,G,G,G,G,G,4.5
G,G,G,G,G,G,5.0
G,G,G,G,G,G,5.5
G,G,Y,Y,G,G,6.0
G,Y,Y,Y,Y,G,5.5
Y,Y,Y,Y,Y,G,4.0
Y,Y,Y,Y,Y,G,2.5
Y,Y,Y,Y,G,G,2.0
Y,Y,Y,Y,G,G,1.5
Y,Y,Y,G,G,G,1.0
Y,Y,G,G,G,G,0.5
Y,G,G,G,G,G,1.0
Y,G,G,G,G,G,0.5
G,G,G,G,G,G,2.0
G,G,G,G,G,G,2.5
G,G,G,G,G,G,3.0
G,G,G,G,G,G,3.5
G,G,G,G,G,G,4.0
G,G,G,G,G,G,4.5
G,G,G,G,Y,Y,4.0
G,G,G,G,G,Y,3.5
G,G,G,G,G,Y,3.0
G,G,G,G,G,G,3.5
G,G,G,G,G,G,4.0
G,G,G,G,G,Y,3.5
G,G,G,G,Y,Y,3.0
G,G,G,G,G,G,3.5
G,G,G,G,G,G,4.0
G,G,G,G,G,Y,3.5
G,G,G,G,G,G,4.0
G,G,G,G,G,Y,3.5
G,G,G,G,G,Y,3.0
G,G,G,G,G,G,3.5
G,G,G,G,G,G,4.0
G,G,G,G,G,Y,3.5
G,G,G,G,G,Y,3.0
G,G,G,G,G,G,3.5
G,G,G,G,G,G,4.0
G,O,G,G,G,Y,2.5
O,O,G,G,Y,Y,1.0
O,O,G,G,Y,Y,0
O,O,G,G,Y,Y,0.0
O,O,G,G,Y,Y,0.0
O,O,G,G,Y,Y,0.0
O,O,G,G,Y,Y,0.0
O,O,G,G,Y,Y,0.0
O,O,G,G,Y,Y,0.0
O,O,G,G,Y,Y,0.0
O,O,G,Y,Y,Y,0.0
O,O,O,Y,Y,Y,0.0
O,O,O,Y,Y,Y,0.0
O,O,O,Y,Y,Y,0.0
O,O,G,Y,Y,Y,0.0
O,O,G,Y,Y,Y,0.0
O,O,G,Y,Y,Y,0.0
O,O,Y,Y,Y,Y,0.0
O,O,Y,Y,Y,Y,0.0
O,G,Y,Y,Y,Y,0.0
O,G,Y,Y,Y,Y,0.0
O,G,Y,Y,Y,Y,0.0
O,Y,Y,Y,Y,Y,-1.0
G,Y,Y,Y,Y,Y,0.0
G,Y,Y,Y,Y,Y,0.0
Y,Y,Y,Y,Y,Y,0.0
Y,Y,Y,Y,Y,Y,0.0
Y,Y,Y,Y,Y,Y,0.0
Y,Y,Y,Y,Y,Y,0.0
Y,Y,Y,Y,Y,Y,0.0
Y,Y,Y,Y,Y,Y,0.0
Y,Y,Y,Y,Y,Y,0.0
Y,Y,Y,Y,Y,Y,0.0
R,R,Y,Y,Y,G,3.0
R,R,R,Y,Y,G,4.5
R,R,R,Y,Y,Y,5.0
R,R,R,R,Y,Y,6.5
R,R,R,R,R,Y,8.0
R,R,R,R,R,R,9.5
R,R,R,R,R,R,2
R,R,R,R,R,R,2
R,R,R,R,R,R,2
R,R,R,R,R,R,2
R,R,R,R,R,R,2
R,R,R,R,R,R,2
R,R,R,R,R,R,2
R,R,R,R,R,R,2
R,R,R,R,R,R,2
R,R,R,R,R,R,2
R,R,R,R,R,R,2
R,R,R,R,R,R,2
R,R,R,R,R,R,2
R,R,R,R,R,R,2
R,R,R,R,R,R,2
R,R,R,R,R,R,2
R,R,R,R,R,R,2
R,R,R,R,R,R,2
R,R,R,R,R,R,2
R,R,R,R,R,R,2
R,R,R,R,R,R,2
R,R,R,R,R,R,2
R,R,R,R,R,R,2
R,R,R,R,R,R,2
R,R,R,R,R,R,2
R,R,R,R,R,R,2
R,R,R,R,R,R,2
R,R,R,R,R,R,2
R,R,R,R,R,R,2
R,R,R,R,R,R,2
R,R,R,R,R,R,2
R,R,R,R,R,R,2
R,R,R,R,R,R,2
R,R,R,R,R,R,2
R,R,R,R,R,R,2
R,R,R,R,R,R,2
R,R,R,R,R,R,2
R,R,R,R,R,R,2
R,R,R,R,R,R,2
R,R,R,R,R,R,2
R,R,R,R,R,R,2
R,R,R,R,R,R,2
R,R,R,R,R,R,2
R,R,R,R,R,R,2
R,R,R,R,R,R,2
R,R,R,R,R,R,2
R,R,R,R,R,R,2
R,R,R,R,R,R,2
R,R,R,R,R,R,2
R,R,R,R,R,R,2
R,R,R,R,R,R,2
R,R,R,R,R,R,2
R,R,R,R,R,R,2
R,R,R,R,R,R,2
R,R,R,R,R,R,2
R,R,R,R,R,R,2
R,R,R,R,R,R,2
R,R,R,R,R,R,2
R,R,R,R,R,R,2
R,R,R,R,R,R,2
R,R,R,R,R,R,2
R,R,R,R,R,R,2
R,R,R,R,R,R,2
R,R,R,R,R,R,2
R,R,R,R,R,R,2
R,R,R,R,R,R,2
R,R,R,R,R,R,2
R,R,R,R,R,R,2
R,R,R,R,R,R,2
R,R,R,R,R,R,2
R,R,R,R,R,R,2
R,R,R,R,R,R,2
R,R,R,R,R,R,2
R,R,R,R,R,R,2
R,R,R,R,R,R,2
R,R,R,R,R,R,2
R,R,R,R,R,R,2
R,R,R,R,R,R,2
R,R,R,R,R,R,2
R,R,R,R,R,R,2
R,R,R,R,R,R,2
R,R,R,R,R,R,2
R,R,R,R,R,R,2
R,R,R,R,R,R,2
R,R,R,R,R,R,2
R,R,R,R,R,R,2
R,R,R,R,R,R,2
R,R,R,R,R,R,2
R,R,R,R,R,R,2
R,R,R,R,R,R,2
R,R,R,R,R,R,2
R,R,R,R,R,R,2
R,R,R,R,R,R,2
R,R,R,R,R,R,2
R,R,R,R,R,R,2
R,R,R,R,R,R,2
R,R,R,R,R,R,2
R,R,R,R,R,R,2
R,R,R,R,R,R,2
R,R,R,R,R,R,2
R,R,R,R,R,R,2
R,R,R,R,R,R,2
R,R,R,R,R,R,2
R,R,R,R,R,R,2
R,R,R,R,R,R,2
R,R,R,R,R,R,2
R,R,R,R,R,R,2
R,R,R,R,R,R,2
R,R,R,R,R,R,2
R,R,R,R,R,R,2
Y,R,R,R,R,R,2
Y,R,R,R,R,R,2
Y,Y,R,R,R,R,4.97
Y,Y,Y,Y,R,R,6.47
G,G,G,Y,Y,R,6.97
G,G,G,G,Y,Y,6.47
G,G,G,G,Y,Y,5.97
G,G,G,G,G,G,6.47
G,G,G,G,G,G,6.97
G,G,G,G,G,G,7.47
G,Y,G,G,G,G,6.97
Y,Y,Y,G,G,G,6.47
Y,Y,Y,G,G,G,5.97
Y,Y,Y,G,G,G,5.47
Y,Y,G,G,G,G,4.97
Y,Y,Y,G,G,G,4.47
Y,G,G,G,G,G,3.97
Y,G,G,G,G,G,3.47
Y,G,G,G,G,G,2.97
G,G,G,G,G,G,3.47
G,G,G,G,G,G,3.97
G,G,G,G,G,G,4.47
G,G,G,G,G,G,4.97
G,G,G,G,G,Y,4.47
G,G,G,G,G,Y,3.97
G,G,G,G,G,G,4.47
G,G,G,G,G,G,4.97
G,G,G,G,G,G,5.47
G,G,G,G,G,G,5.97
G,G,G,G,G,G,6.47
G,G,G,G,G,G,6.97
G,G,G,G,G,G,7.47
G,G,G,G,G,G,7.97
G,G,G,G,G,Y,7.47
G,G,G,G,G,Y,6.97
G,G,G,G,G,G,7.47
G,G,G,G,G,G,7.97
G,G,G,G,G,Y,7.47
G,G,G,G,G,Y,6.97
G,G,G,G,G,Y,6.47
G,G,G,G,G,G,6.97
G,G,G,G,G,G,7.47
G,G,G,G,G,Y,6.97
G,G,G,G,Y,Y,6.47
G,G,G,G,G,G,6.97
G,G,G,G,G,Y,6.47
G,G,G,G,G,G,6.97
Y,G,G,G,G,G,6.47
G,G,G,G,G,G,6.97
G,G,G,G,G,G,7.47
Y,G,G,G,G,G,6.97
Y,G,G,G,G,G,6.47
Y,G,G,G,G,G,5.97
Y,G,G,G,G,G,5.47
Y,G,G,G,G,G,4.97
Y,G,G,G,G,G,4.47
G,G,G,G,G,G,4.97
Y,G,G,G,G,G,4.47
Y,G,G,G,G,B,2.97
Y,Y,G,G,G,B,1.47
Y,Y,Y,G,G,B,0
Y,Y,G,G,G,B,0.0
Y,Y,G,G,B,B,0.0
Y,Y,G,G,B,B,0.0
Y,G,G,G,B,B,0.0
Y,Y,G,B,B,G,0.0
Y,G,G,B,B,B,0.0
Y,G,G,B,B,G,0.0
Y,G,G,B,B,G,0.0
Y,G,G,B,B,G,0.0
Y,G,G,B,B,G,0.0
G,G,G,B,B,G,0
Y,G,G,B,B,B,0.0
G,G,G,B,B,G,0
Y,G,G,B,B,B,0.0
G,G,G,B,B,G,0
Y,G,G,G,B,B,0.0
G,G,G,B,B,G,0
Y,G,G,G,B,B,0.0
G,G,G,B,B,G,0
G,G,G,G,B,B,0
Y,G,G,G,B,B,0.0
G,G,G,G,B,B,0
Y,G,G,G,B,B,0.0
G,G,G,G,B,B,0
Y,G,G,G,G,G,1.0
G,G,G,G,B,B,0
Y,G,G,G,G,G,1.0
G,G,G,G,G,B,0
Y,G,G,G,G,G,1.0
G,G,G,G,G,B,0
Y,G,G,G,G,G,1.0
G,G,G,G,G,B,0
Y,G,G,G,G,G,1.0
G,G,G,G,G,G,1.5
G,G,G,G,G,G,2.0
G,G,G,G,G,G,2.5
G,G,G,G,G,G,3.0
G,G,G,G,G,G,3.5
G,G,G,G,G,Y,3.0
G,G,G,G,G,G,3.5
G,G,G,G,G,G,4.0
G,G,G,G,G,G,4.5
G,G,G,G,G,G,5.0
G,G,G,G,G,G,5.5
G,G,G,G,G,G,6.0
G,G,G,G,G,Y,5.5
G,G,G,G,G,Y,5.0
G,G,G,G,G,Y,4.5
G,G,G,G,G,Y,4.0
G,G,G,G,G,Y,3.5
G,G,G,G,G,Y,3.0
G,G,G,G,G,G,3.5
G,G,G,G,G,Y,3.0
G,G,G,G,G,G,3.5
G,G,G,G,G,G,4.0
Y,G,G,G,G,G,3.5
G,G,G,G,G,G,4.0
G,G,G,G,G,G,4.5
G,G,G,G,G,G,5.0
G,G,G,G,G,G,5.5
G,G,G,G,G,Y,5.0
G,G,G,G,G,Y,4.5
G,G,G,G,G,G,5.0
G,B,G,G,G,G,3.0
B,G,G,Y,Y,Y,1.5
G,G,G,Y,Y,Y,1.0
B,G,G,Y,Y,Y,0
B,G,G,Y,Y,Y,0.0
B,G,G,Y,Y,Y,0.0
B,G,Y,Y,Y,Y,0.0
B,G,Y,Y,Y,Y,0.0
B,G,G,Y,Y,Y,0.0
G,G,G,Y,Y,Y,1.0
B,G,G,Y,Y,Y,0
B,G,G,G,Y,Y,0.0
B,G,G,Y,Y,Y,0.0
B,G,G,Y,Y,Y,0.0
B,G,G,Y,Y,Y,0.0
B,G,G,Y,Y,Y,0.0
G,G,G,Y,Y,Y,1.0
B,G,G,G,Y,Y,0
B,G,G,G,Y,Y,0.0
B,G,G,G,Y,Y,0.0
B,G,G,Y,Y,Y,0.0
B,G,G,Y,Y,Y,0.0
B,G,G,Y,Y,Y,0.0
B,G,Y,Y,Y,Y,0.0
B,G,G,Y,Y,Y,0.0
G,G,G,Y,Y,Y,1.0
G,G,G,G,Y,Y,0.5
G,G,G,G,Y,Y,1.0
G,G,G,G,G,Y,0.5
G,G,G,G,G,G,2.0
G,G,G,G,G,G,2.5
G,G,G,G,G,G,3.0
G,G,G,G,G,Y,2.5
G,G,G,G,G,G,3.0
G,G,G,G,G,G,3.5
G,G,G,G,G,Y,3.0
G,G,G,G,G,G,3.5
G,G,G,G,G,Y,3.0
G,G,G,G,G,Y,2.5
G,G,G,G,G,G,3.0
G,G,G,G,G,G,3.5
G,G,G,G,G,G,4.0
G,G,G,G,G,G,4.5
G,G,G,B,G,Y,3.0
G,G,B,B,B,G,1.0
G,G,B,B,B,G,0
G,G,B,B,G,Y,0.0
G,G,B,B,G,Y,0.0
G,G,B,B,B,Y,0.0
G,G,B,B,B,Y,0.0
G,G,B,B,B,Y,0.0
G,G,B,B,B,Y,0.0
G,G,B,B,B,Y,0.0
G,G,G,B,B,Y,0.0
G,G,G,B,B,B,0
G,G,G,G,B,Y,0.0
G,G,G,G,G,B,0
G,G,G,G,G,B,0
G,G,G,G,G,B,0
G,G,G,G,G,G,2.0
G,G,G,G,G,G,2.5
G,G,G,G,G,G,3.0
G,G,G,G,G,G,3.5
G,Y,Y,G,G,G,3.0
Y,Y,Y,G,G,G,2.5
Y,Y,Y,G,G,G,2.0
Y,Y,Y,G,G,G,1.5
Y,Y,Y,G,G,G,1.0
Y,Y,Y,G,G,G,0.5
Y,Y,G,G,G,G,1.0
Y,Y,G,G,G,G,0.5
Y,G,G,G,G,G,1.0
Y,G,G,G,G,B,0
Y,G,G,G,G,B,0.0
G,G,G,G,B,B,0
G,G,G,G,G,B,0
Y,G,G,G,G,B,0.0
G,G,G,G,G,B,0
Y,G,G,G,G,B,0.0
G,G,G,G,G,B,0
Y,G,G,G,G,B,0.0
G,G,G,G,G,B,0
G,G,G,G,G,B,0
Y,G,G,G,G,G,1.0
G,G,G,G,G,G,1.5
G,G,G,G,G,G,2.0
G,G,G,G,G,G,2.5
G,G,G,G,G,G,3.0
G,G,G,G,G,G,3.5
G,G,G,G,G,G,4.0
G,G,G,G,G,G,4.5
G,G,G,G,G,Y,4.0
G,G,G,G,G,Y,3.5
G,G,G,G,G,Y,3.0
G,G,G,G,G,Y,2.5
G,G,G,G,G,G,3.0
G,G,G,G,G,G,3.5
G,G,G,G,G,G,4.0
G,G,G,G,G,G,4.5
G,G,G,G,G,G,5.0
G,G,G,G,G,G,5.5
G,G,G,G,G,G,6.0
G,G,G,G,G,G,6.5
G,G,G,O,G,G,5.0
G,G,G,O,O,O,3.5
Y,G,G,O,O,O,2.0
Y,Y,G,O,O,O,0.5
Y,Y,G,O,O,O,0.0
Y,Y,G,G,O,O,0.0
Y,Y,G,G,O,O,0.0
Y,Y,Y,G,O,O,0.0
Y,Y,Y,G,G,O,0.0
Y,Y,Y,G,G,O,0.0
Y,Y,Y,G,G,O,0.0
Y,Y,Y,G,G,O,0.0
Y,Y,Y,G,G,O,0.0
Y,Y,Y,G,G,G,1.0
Y,Y,Y,G,G,O,0
Y,Y,Y,G,G,O,0.0
Y,Y,Y,G,G,G,1.0
Y,Y,Y,Y,G,O,0
Y,Y,Y,G,G,O,0.0
Y,Y,Y,G,G,O,0.0
Y,Y,Y,G,G,G,1.0
Y,Y,Y,Y,G,O,0
Y,Y,Y,Y,G,O,0.0
Y,Y,Y,G,G,O,0.0
Y,Y,Y,G,G,G,1.0
Y,Y,Y,G,G,O,0
Y,Y,Y,G,G,O,0.0
Y,Y,Y,G,G,O,0.0
Y,Y,Y,G,G,O,0.0
Y,Y,Y,G,G,O,0.0
Y,Y,Y,G,G,G,1.0
Y,Y,Y,G,G,O,0
Y,Y,Y,G,G,O,0.0
Y,Y,Y,G,G,O,0.0
Y,Y,Y,G,G,G,1.0
Y,Y,Y,G,G,O,0
Y,Y,Y,G,G,O,0.0
Y,Y,Y,G,G,G,1.0
Y,Y,G,G,G,O,0
Y,Y,G,G,G,O,0.0
Y,Y,G,G,G,O,0.0
Y,Y,G,G,G,O,0.0
Y,Y,G,G,G,G,1.0
Y,Y,G,G,G,O,0
Y,Y,G,G,G,O,0.0
Y,Y,G,G,G,O,0.0
Y,Y,G,G,G,O,0.0
Y,Y,G,G,G,G,1.0
Y,G,G,G,G,O,0
Y,G,G,G,G,O,0.0
Y,Y,G,G,G,O,0.0
Y,G,G,G,G,O,0.0
Y,G,G,G,G,O,0.0
Y,G,G,G,G,G,1.0
G,G,G,G,G,O,0
Y,G,G,G,G,G,1.0
Y,G,G,G,G,G,0.5
G,G,G,G,G,O,0.0
Y,G,G,G,G,G,1.0
Y,G,G,G,G,G,0.5
G,G,G,G,G,O,0.0
Y,G,G,G,G,G,1.0
Y,G,G,G,G,G,0.5
G,G,G,G,G,G,2.0
G,G,G,G,G,G,2.5
G,G,G,G,G,G,3.0
G,G,G,G,G,G,3.5
G,G,G,G,G,Y,3.0
G,G,G,G,G,G,3.5
G,G,G,G,G,G,4.0
Y,G,G,G,G,G,3.5
G,G,G,G,G,G,4.0
G,G,G,G,G,G,4.5
G,G,G,G,G,Y,4.0
G,G,G,G,G,G,4.5
G,G,G,G,G,G,5.0
G,G,G,G,G,G,5.5
G,G,G,G,G,G,6.0
G,G,G,G,G,G,6.5
G,G,G,G,G,G,7.0
G,G,G,G,G,Y,6.5
G,G,G,G,G,G,7.0
G,G,G,G,G,G,7.5
G,G,G,G,G,G,8.0
Y,G,G,G,G,G,7.5
Y,G,G,G,G,G,7.0
G,G,G,G,G,G,7.5
G,G,G,G,G,G,8.0
G,G,G,G,G,G,8.5
Y,G,G,G,G,G,8.0
G,G,G,G,G,G,8.5
Y,G,G,G,G,G,8.0
G,G,G,G,G,Y,7.5
G,G,G,G,G,G,8.0
G,G,G,G,G,G,8.5
G,G,G,G,G,G,9.0
G,G,G,G,G,G,9.5
G,G,G,G,G,Y,9.0
G,G,G,G,G,Y,8.5
G,G,G,G,G,G,9.0
G,G,G,G,G,Y,8.5
G,G,G,G,G,Y,8.0
G,G,G,G,G,Y,7.5
G,G,G,G,Y,Y,7.0
G,G,G,G,Y,Y,6.5
G,G,G,G,Y,Y,6.0
G,G,G,G,G,Y,5.5
G,G,G,G,G,Y,5.0
G,G,G,G,G,Y,4.5
G,G,G,G,G,G,5.0
G,G,G,G,G,G,5.5
G,G,G,G,G,G,6.0
G,G,G,G,G,G,6.5
G,G,G,G,G,G,7.0
G,G,G,G,G,G,7.5
G,G,G,G,G,G,8.0
G,G,G,G,G,Y,7.5
G,G,G,G,G,G,8.0
G,G,G,G,Y,Y,7.5
G,G,G,G,G,G,8.0
G,G,G,G,G,Y,7.5
G,G,G,G,G,G,8.0
G,G,G,G,G,Y,7.5
G,G,G,G,G,G,8.0
G,G,G,G,G,G,8.5
G,G,G,G,G,Y,8.0
G,G,G,G,G,G,8.5
G,G,G,G,G,G,9.0
G,G,G,G,B,G,7.0
G,G,G,G,G,B,5.0
Y,Y,G,G,G,G,4.5
Y,G,G,G,G,G,4.0
G,G,G,G,G,G,4.5
G,G,G,G,G,G,5.0
G,G,G,G,G,G,5.5
G,G,G,G,G,G,6.0
G,G,G,G,G,G,6.5
G,G,G,G,G,G,7.0
G,G,G,G,G,G,7.5
G,G,G,G,G,G,8.0
G,G,G,G,G,G,8.5
G,G,G,G,G,G,9.0
G,G,G,G,G,G,9.5
G,G,G,G,G,G,10.0
G,G,G,G,G,G,10
G,G,G,G,G,Y,9.5
G,G,G,G,G,G,10.0
O,O,O,G,G,G,8.5
O,G,Y,Y,Y,Y,7.0
Y,Y,Y,R,R,R,8.5
Y,R,R,R,R,R,10
R,R,R,R,R,R,2
R,R,R,R,R,R,2
R,R,R,R,R,R,2
R,R,R,R,R,R,2
R,R,R,R,R,R,2
R,R,R,R,R,R,2
R,R,R,R,R,R,2
R,R,R,R,R,R,2
R,R,R,R,R,R,2
R,R,Y,R,R,R,2
R,Y,Y,Y,R,R,2
Y,Y,Y,Y,Y,R,2
Y,Y,Y,Y,Y,R,2
Y,Y,Y,Y,Y,Y,1.93
Y,Y,Y,Y,Y,Y,0.9
Y,Y,Y,Y,Y,Y,-0.6
Y,Y,Y,Y,Y,R,3.0
Y,G,G,Y,Y,Y,3.5
G,G,G,Y,Y,Y,3.0
G,G,G,G,Y,Y,2.5
G,G,G,G,G,Y,2.0
G,G,G,G,G,G,2.5
G,G,G,G,G,G,3.0
G,G,G,G,G,G,3.5
G,G,G,G,G,G,4.0
G,G,G,G,G,G,4.5
G,G,G,G,G,G,5.0
G,G,G,G,G,G,5.5
G,G,Y,Y,G,G,6.0
G,Y,Y,Y,Y,G,5.5
Y,Y,Y,Y,Y,G,4.0
Y,Y,Y,Y,Y,G,2.5
Y,Y,Y,Y,G,G,2.0
Y,Y,Y,Y,G,G,1.5
Y,Y,Y,G,G,G,1.0
Y,Y,G,G,G,G,0.5
Y,G,G,G,G,G,1.0
Y,G,G,G,G,G,0.5
G,G,G,G,G,G,2.0
G,G,G,G,G,G,2.5
G,G,G,G,G,G,3.0
G,G,G,G,G,G,3.5
G,G,G,G,G,G,4.0
G,G,G,G,G,G,4.5
G,G,G,G,Y,Y,4.0
G,G,G,G,G,Y,3.5
G,G,G,G,G,Y,3.0
G,G,G,G,G,G,3.5
G,G,G,G,G,G,4.0
G,G,G,G,G,Y,3.5
G,G,G,G,Y,Y,3.0
G,G,G,G,G,G,3.5
G,G,G,G,G,G,4.0
G,G,G,G,G,Y,3.5
G,G,G,G,G,G,4.0
G,G,G,G,G,Y,3.5
G,G,G,G,G,Y,3.0
G,G,G,G,G,G,3.5
G,G,G,G,G,G,4.0
G,G,G,G,G,Y,3.5
G,G,G,G,G,Y,3.0
G,G,G,G,G,G,3.5
G,G,G,G,G,G,4.0
G,O,G,G,G,Y,2.5
O,O,G,G,Y,Y,1.0
O,O,G,G,Y,Y,0
O,O,G,G,Y,Y,0.0
O,O,G,G,Y,Y,0.0
O,O,G,G,Y,Y,0.0
O,O,G,G,Y,Y,0.0
O,O,G,G,Y,Y,0.0
O,O,G,G,Y,Y,0.0
O,O,G,G,Y,Y,0.0
O,O,G,Y,Y,Y,0.0
O,O,O,Y,Y,Y,0.0
O,O,O,Y,Y,Y,0.0
O,O,O,Y,Y,Y,0.0
O,O,G,Y,Y,Y,0.0
O,O,G,Y,Y,Y,0.0
O,O,G,Y,Y,Y,0.0
O,O,Y,Y,Y,Y,0.0
O,O,Y,Y,Y,Y,0.0
O,G,Y,Y,Y,Y,0.0
O,G,Y,Y,Y,Y,0.0
O,G,Y,Y,Y,Y,0.0
O,Y,Y,Y,Y,Y,-1.0
G,Y,Y,Y,Y,Y,0.0
G,Y,Y,Y,Y,Y,0.0
Y,Y,Y,Y,Y,Y,0.0
Y,Y,Y,Y,Y,Y,0.0
Y,Y,Y,Y,Y,Y,0.0
Y,Y,Y,Y,Y,Y,0.0
Y,Y,Y,Y,Y,Y,0.0
Y,Y,Y,Y,Y,Y,0.0
Y,Y,Y,Y,Y,Y,0.0
Y,Y,Y,Y,Y,Y,0.0
R,R,Y,Y,Y,G,3.0
R,R,R,Y,Y,G,4.5
R,R,R,Y,Y,Y,5.0
R,R,R,R,Y,Y,6.5
R,R,R,R,R,Y,8.0
R,R,R,R,R,R,9.5
R,R,R,R,R,R,2
R,R,R,R,R,R,2
R,R,R,R,R,R,2
R,R,R,R,R,R,2
R,R,R,R,R,R,2
R,R,R,R,R,R,2
R,R,R,R,R,R,2
R,R,R,R,R,R,2
R,R,R,R,R,R,2
R,R,R,R,R,R,2
R,R,R,R,R,R,2
R,R,R,R,R,R,2
R,R,R,R,R,R,2
R,R,R,R,R,R,2
R,R,R,R,R,R,2
R,R,R,R,R,R,2
R,R,R,R,R,R,2
R,R,R,R,R,R,2
R,R,R,R,R,R,2
R,R,R,R,R,R,2
R,R,R,R,R,R,2
R,R,R,R,R,R,2
R,R,R,R,R,R,2
R,R,R,R,R,R,2
R,R,R,R,R,R,2
R,R,R,R,R,R,2
R,R,R,R,R,R,2
R,R,R,R,R,R,2
R,R,R,R,R,R,2
R,R,R,R,R,R,2
R,R,R,R,R,R,2
R,R,R,R,R,R,2
R,R,R,R,R,R,2
R,R,R,R,R,R,2
R,R,R,R,R,R,2
R,R,R,R,R,R,2
R,R,R,R,R,R,2
R,R,R,R,R,R,2
R,R,R,R,R,R,2
R,R,R,R,R,R,2
R,R,R,R,R,R,2
R,R,R,R,R,R,2
R,R,R,R,R,R,2
R,R,R,R,R,R,2
R,R,R,R,R,R,2
R,R,R,R,R,R,2
R,R,R,R,R,R,2
R,R,R,R,R,R,2
R,R,R,R,R,R,2
R,R,R,R,R,R,2
R,R,R,R,R,R,2
R,R,R,R,R,R,2
R,R,R,R,R,R,2
R,R,R,R,R,R,2
R,R,R,R,R,R,2
R,R,R,R,R,R,2
R,R,R,R,R,R,2
R,R,R,R,R,R,2
R,R,R,R,R,R,2
R,R,R,R,R,R,2
R,R,R,R,R,R,2
R,R,R,R,R,R,2
R,R,R,R,R,R,2
R,R,R,R,R,R,2
R,R,R,R,R,R,2
R,R,R,R,R,R,2
R,R,R,R,R,R,2
R,R,R,R,R,R,2
R,R,R,R,R,R,2
R,R,R,R,R,R,2
R,R,R,R,R,R,2
R,R,R,R,R,R,2
R,R,R,R,R,R,2
R,R,R,R,R,R,2
R,R,R,R,R,R,2
R,R,R,R,R,R,2
R,R,R,R,R,R,2
R,R,R,R,R,R,2
R,R,R,R,R,R,2
R,R,R,R,R,R,2
R,R,R,R,R,R,2
R,R,R,R,R,R,2
R,R,R,R,R,R,2
R,R,R,R,R,R,2
R,R,R,R,R,R,2
R,R,R,R,R,R,2
R,R,R,R,R,R,2
R,R,R,R,R,R,2
R,R,R,R,R,R,2
R,R,R,R,R,R,2
R,R,R,R,R,R,2
R,R,R,R,R,R,2
R,R,R,R,R,R,2
R,R,R,R,R,R,2
R,R,R,R,R,R,2
R,R,R,R,R,R,2
R,R,R,R,R,R,2
R,R,R,R,R,R,2
R,R,R,R,R,R,2
R,R,R,R,R,R,2
R,R,R,R,R,R,2
R,R,R,R,R,R,2
R,R,R,R,R,R,2
R,R,R,R,R,R,2
R,R,R,R,R,R,2
R,R,R,R,R,R,2
R,R,R,R,R,R,2
R,R,R,R,R,R,2
R,R,R,R,R,R,2
R,R,R,R,R,R,2
Y,R,R,R,R,R,2
Y,R,R,R,R,R,2
Y,Y,R,R,R,R,4.97
Y,Y,Y,Y,R,R,6.47
G,G,G,Y,Y,R,6.97
G,G,G,G,Y,Y,6.47
G,G,G,G,Y,Y,5.97
G,G,G,G,G,G,6.47
G,G,G,G,G,G,6.97
G,G,G,G,G,G,7.47
G,Y,G,G,G,G,6.97
Y,Y,Y,G,G,G,6.47
Y,Y,Y,G,G,G,5.97
Y,Y,Y,G,G,G,5.47
Y,Y,G,G,G,G,4.97
Y,Y,Y,G,G,G,4.47
Y,G,G,G,G,G,3.97
Y,G,G,G,G,G,3.47
Y,G,G,G,G,G,2.97
G,G,G,G,G,G,3.47
G,G,G,G,G,G,3.97
G,G,G,G,G,G,4.47
G,G,G,G,G,G,4.97
G,G,G,G,G,Y,4.47
G,G,G,G,G,Y,3.97
G,G,G,G,G,G,4.47
G,G,G,G,G,G,4.97
G,G,G,G,G,G,5.47
G,G,G,G,G,G,5.97
G,G,G,G,G,G,6.47
G,G,G,G,G,G,6.97
G,G,G,G,G,G,7.47
G,G,G,G,G,G,7.97
G,G,G,G,G,Y,7.47
G,G,G,G,G,Y,6.97
G,G,G,G,G,G,7.47
G,G,G,G,G,G,7.97
G,G,G,G,G,Y,7.47
G,G,G,G,G,Y,6.97
G,G,G,G,G,Y,6.47
G,G,G,G,G,G,6.97
G,G,G,G,G,G,7.47
G,G,G,G,G,Y,6.97
G,G,G,G,Y,Y,6.47
G,G,G,G,G,G,6.97
G,G,G,G,G,Y,6.47
G,G,G,G,G,G,6.97
Y,G,G,G,G,G,6.47
G,G,G,G,G,G,6.97
G,G,G,G,G,G,7.47
Y,G,G,G,G,G,6.97
Y,G,G,G,G,G,6.47
Y,G,G,G,G,G,5.97
Y,G,G,G,G,G,5.47
Y,G,G,G,G,G,4.97
Y,G,G,G,G,G,4.47
G,G,G,G,G,G,4.97
Y,G,G,G,G,G,4.47
Y,G,G,G,G,B,2.97
Y,Y,G,G,G,B,1.47
Y,Y,Y,G,G,B,0
Y,Y,G,G,G,B,0.0
Y,Y,G,G,B,B,0.0
Y,Y,G,G,B,B,0.0
Y,G,G,G,B,B,0.0
Y,Y,G,B,B,G,0.0
Y,G,G,B,B,B,0.0
Y,G,G,B,B,G,0.0
Y,G,G,B,B,G,0.0
Y,G,G,B,B,G,0.0
Y,G,G,B,B,G,0.0
G,G,G,B,B,G,0
Y,G,G,B,B,B,0.0
G,G,G,B,B,G,0
Y,G,G,B,B,B,0.0
G,G,G,B,B,G,0
Y,G,G,G,B,B,0.0
G,G,G,B,B,G,0
Y,G,G,G,B,B,0.0
G,G,G,B,B,G,0
G,G,G,G,B,B,0
Y,G,G,G,B,B,0.0
G,G,G,G,B,B,0
Y,G,G,G,B,B,0.0
G,G,G,G,B,B,0
Y,G,G,G,G,G,1.0
G,G,G,G,B,B,0
Y,G,G,G,G,G,1.0
G,G,G,G,G,B,0
Y,G,G,G,G,G,1.0
G,G,G,G,G,B,0
Y,G,G,G,G,G,1.0
G,G,G,G,G,B,0
Y,G,G,G,G,G,1.0
G,G,G,G,G,G,1.5
G,G,G,G,G,G,2.0
G,G,G,G,G,G,2.5
G,G,G,G,G,G,3.0
G,G,G,G,G,G,3.5
G,G,G,G,G,Y,3.0
G,G,G,G,G,G,3.5
G,G,G,G,G,G,4.0
G,G,G,G,G,G,4.5
G,G,G,G,G,G,5.0
G,G,G,G,G,G,5.5
G,G,G,G,G,G,6.0
G,G,G,G,G,Y,5.5
G,G,G,G,G,Y,5.0
G,G,G,G,G,Y,4.5
G,G,G,G,G,Y,4.0
G,G,G,G,G,Y,3.5
G,G,G,G,G,Y,3.0
G,G,G,G,G,G,3.5
G,G,G,G,G,Y,3.0
G,G,G,G,G,G,3.5
G,G,G,G,G,G,4.0
Y,G,G,G,G,G,3.5
G,G,G,G,G,G,4.0
G,G,G,G,G,G,4.5
G,G,G,G,G,G,5.0
G,G,G,G,G,G,5.5
G,G,G,G,G,Y,5.0
G,G,G,G,G,Y,4.5
G,G,G,G,G,G,5.0
G,B,G,G,G,G,3.0
B,G,G,Y,Y,Y,1.5
G,G,G,Y,Y,Y,1.0
B,G,G,Y,Y,Y,0
B,G,G,Y,Y,Y,0.0
B,G,G,Y,Y,Y,0.0
B,G,Y,Y,Y,Y,0.0
B,G,Y,Y,Y,Y,0.0
B,G,G,Y,Y,Y,0.0
G,G,G,Y,Y,Y,1.0
B,G,G,Y,Y,Y,0
B,G,G,G,Y,Y,0.0
B,G,G,Y,Y,Y,0.0
B,G,G,Y,Y,Y,0.0
B,G,G,Y,Y,Y,0.0
B,G,G,Y,Y,Y,0.0
G,G,G,Y,Y,Y,1.0
B,G,G,G,Y,Y,0
B,G,G,G,Y,Y,0.0
B,G,G,G,Y,Y,0.0
B,G,G,Y,Y,Y,0.0
B,G,G,Y,Y,Y,0.0
B,G,G,Y,Y,Y,0.0
B,G,Y,Y,Y,Y,0.0
B,G,G,Y,Y,Y,0.0
G,G,G,Y,Y,Y,1.0
G,G,G,G,Y,Y,0.5
G,G,G,G,Y,Y,1.0
G,G,G,G,G,Y,0.5
G,G,G,G,G,G,2.0
G,G,G,G,G,G,2.5
G,G,G,G,G,G,3.0
G,G,G,G,G,Y,2.5
G,G,G,G,G,G,3.0
G,G,G,G,G,G,3.5
G,G,G,G,G,Y,3.0
G,G,G,G,G,G,3.5
G,G,G,G,G,Y,3.0
G,G,G,G,G,Y,2.5
G,G,G,G,G,G,3.0
G,G,G,G,G,G,3.5
G,G,G,G,G,G,4.0
G,G,G,G,G,G,4.5
G,G,G,B,G,Y,3.0
G,G,B,B,B,G,1.0
G,G,B,B,B,G,0
G,G,B,B,G,Y,0.0
G,G,B,B,G,Y,0.0
G,G,B,B,B,Y,0.0
G,G,B,B,B,Y,0.0
G,G,B,B,B,Y,0.0
G,G,B,B,B,Y,0.0
G,G,B,B,B,Y,0.0
G,G,G,B,B,Y,0.0
G,G,G,B,B,B,0
G,G,G,G,B,Y,0.0
G,G,G,G,G,B,0
G,G,G,G,G,B,0
G,G,G,G,G,B,0
G,G,G,G,G,G,2.0
G,G,G,G,G,G,2.5
G,G,G,G,G,G,3.0
G,G,G,G,G,G,3.5
G,Y,Y,G,G,G,3.0
Y,Y,Y,G,G,G,2.5
Y,Y,Y,G,G,G,2.0
Y,Y,Y,G,G,G,1.5
Y,Y,Y,G,G,G,1.0
Y,Y,Y,G,G,G,0.5
Y,Y,G,G,G,G,1.0
Y,Y,G,G,G,G,0.5
Y,G,G,G,G,G,1.0
Y,G,G,G,G,B,0
Y,G,G,G,G,B,0.0
G,G,G,G,B,B,0
G,G,G,G,G,B,0
Y,G,G,G,G,B,0.0
G,G,G,G,G,B,0
Y,G,G,G,G,B,0.0
G,G,G,G,G,B,0
Y,G,G,G,G,B,0.0
G,G,G,G,G,B,0
G,G,G,G,G,B,0
Y,G,G,G,G,G,1.0
G,G,G,G,G,G,1.5
G,G,G,G,G,G,2.0
G,G,G,G,G,G,2.5
G,G,G,G,G,G,3.0
G,G,G,G,G,G,3.5
G,G,G,G,G,G,4.0
G,G,G,G,G,G,4.5
G,G,G,G,G,Y,4.0
G,G,G,G,G,Y,3.5
G,G,G,G,G,Y,3.0
G,G,G,G,G,Y,2.5
G,G,G,G,G,G,3.0
G,G,G,G,G,G,3.5
G,G,G,G,G,G,4.0
G,G,G,G,G,G,4.5
G,G,G,G,G,G,5.0
G,G,G,G,G,G,5.5
G,G,G,G,G,G,6.0
G,G,G,G,G,G,6.5
G,G,G,O,G,G,5.0
G,G,G,O,O,O,3.5
Y,G,G,O,O,O,2.0
Y,Y,G,O,O,O,0.5
Y,Y,G,O,O,O,0.0
Y,Y,G,G,O,O,0.0
Y,Y,G,G,O,O,0.0
Y,Y,Y,G,O,O,0.0
Y,Y,Y,G,G,O,0.0
Y,Y,Y,G,G,O,0.0
Y,Y,Y,G,G,O,0.0
Y,Y,Y,G,G,O,0.0
Y,Y,Y,G,G,O,0.0
Y,Y,Y,G,G,G,1.0
Y,Y,Y,G,G,O,0
Y,Y,Y,G,G,O,0.0
Y,Y,Y,G,G,G,1.0
Y,Y,Y,Y,G,O,0
Y,Y,Y,G,G,O,0.0
Y,Y,Y,G,G,O,0.0
Y,Y,Y,G,G,G,1.0
Y,Y,Y,Y,G,O,0
Y,Y,Y,Y,G,O,0.0
Y,Y,Y,G,G,O,0.0
Y,Y,Y,G,G,G,1.0
Y,Y,Y,G,G,O,0
Y,Y,Y,G,G,O,0.0
Y,Y,Y,G,G,O,0.0
Y,Y,Y,G,G,O,0.0
Y,Y,Y,G,G,O,0.0
Y,Y,Y,G,G,G,1.0
Y,Y,Y,G,G,O,0
Y,Y,Y,G,G,O,0.0
Y,Y,Y,G,G,O,0.0
Y,Y,Y,G,G,G,1.0
Y,Y,Y,G,G,O,0
Y,Y,Y,G,G,O,0.0
Y,Y,Y,G,G,G,1.0
Y,Y,G,G,G,O,0
Y,Y,G,G,G,O,0.0
Y,Y,G,G,G,O,0.0
Y,Y,G,G,G,O,0.0
Y,Y,G,G,G,G,1.0
Y,Y,G,G,G,O,0
Y,Y,G,G,G,O,0.0
Y,Y,G,G,G,O,0.0
Y,Y,G,G,G,O,0.0
Y,Y,G,G,G,G,1.0
Y,G,G,G,G,O,0
Y,G,G,G,G,O,0.0
Y,Y,G,G,G,O,0.0
Y,G,G,G,G,O,0.0
Y,G,G,G,G,O,0.0
Y,G,G,G,G,G,1.0
G,G,G,G,G,O,0
Y,G,G,G,G,G,1.0
Y,G,G,G,G,G,0.5
G,G,G,G,G,O,0.0
Y,G,G,G,G,G,1.0
Y,G,G,G,G,G,0.5
G,G,G,G,G,O,0.0
Y,G,G,G,G,G,1.0
Y,G,G,G,G,G,0.5
G,G,G,G,G,G,2.0
G,G,G,G,G,G,2.5
G,G,G,G,G,G,3.0
G,G,G,G,G,G,3.5
G,G,G,G,G,Y,3.0
G,G,G,G,G,G,3.5
G,G,G,G,G,G,4.0
Y,G,G,G,G,G,3.5
G,G,G,G,G,G,4.0
G,G,G,G,G,G,4.5
G,G,G,G,G,Y,4.0
G,G,G,G,G,G,4.5
G,G,G,G,G,G,5.0
G,G,G,G,G,G,5.5
G,G,G,G,G,G,6.0
G,G,G,G,G,G,6.5
G,G,G,G,G,G,7.0
G,G,G,G,G,Y,6.5
G,G,G,G,G,G,7.0
G,G,G,G,G,G,7.5
G,G,G,G,G,G,8.0
Y,G,G,G,G,G,7.5
Y,G,G,G,G,G,7.0
G,G,G,G,G,G,7.5
G,G,G,G,G,G,8.0
G,G,G,G,G,G,8.5
Y,G,G,G,G,G,8.0
G,G,G,G,G,G,8.5
Y,G,G,G,G,G,8.0
G,G,G,G,G,Y,7.5
G,G,G,G,G,G,8.0
G,G,G,G,G,G,8.5
G,G,G,G,G,G,9.0
G,G,G,G,G,G,9.5
G,G,G,G,G,Y,9.0
G,G,G,G,G,Y,8.5
G,G,G,G,G,G,9.0
G,G,G,G,G,Y,8.5
G,G,G,G,G,Y,8.0
G,G,G,G,G,Y,7.5
G,G,G,G,Y,Y,7.0
G,G,G,G,Y,Y,6.5
G,G,G,G,Y,Y,6.0
G,G,G,G,G,Y,5.5
G,G,G,G,G,Y,5.0
G,G,G,G,G,Y,4.5
G,G,G,G,G,G,5.0
G,G,G,G,G,G,5.5
G,G,G,G,G,G,6.0
G,G,G,G,G,G,6.5
G,G,G,G,G,G,7.0
G,G,G,G,G,G,7.5
G,G,G,G,G,G,8.0
G,G,G,G,G,Y,7.5
G,G,G,G,G,G,8.0
G,G,G,G,Y,Y,7.5
G,G,G,G,G,G,8.0
G,G,G,G,G,Y,7.5
G,G,G,G,G,G,8.0
G,G,G,G,G,Y,7.5
G,G,G,G,G,G,8.0
G,G,G,G,G,G,8.5
G,G,G,G,G,Y,8.0
G,G,G,G,G,G,8.5
G,G,G,G,G,G,9.0
G,G,G,G,B,G,7.0
G,G,G,G,G,B,5.0
Y,Y,G,G,G,G,4.5
Y,G,G,G,G,G,4.0
G,G,G,G,G,G,4.5
G,G,G,G,G,G,5.0
G,G,G,G,G,G,5.5
G,G,G,G,G,G,6.0
G,G,G,G,G,G,6.5
G,G,G,G,G,G,7.0
G,G,G,G,G,G,7.5
G,G,G,G,G,G,8.0
G,G,G,G,G,G,8.5
G,G,G,G,G,G,9.0
G,G,G,G,G,G,9.5
G,G,G,G,G,G,10.0
G,G,G,G,G,G,10
G,G,G,G,G,Y,9.5
G,G,G,G,G,G,10.0
O,O,O,G,G,G,8.5
O,G,Y,Y,Y,Y,7.0
Y,Y,Y,R,R,R,8.5
Y,R,R,R,R,R,10
R,R,R,R,R,R,2
R,R,R,R,R,R,2
R,R,R,R,R,R,2
R,R,R,R,R,R,2
R,R,R,R,R,R,2
R,R,R,R,R,R,2
R,R,R,R,R,R,2
R,R,R,R,R,R,2
R,R,R,R,R,R,2
R,R,Y,R,R,R,2
R,Y,Y,Y,R,R,2
Y,Y,Y,Y,Y,R,2
Y,Y,Y,Y,Y,R,2
Y,Y,Y,Y,Y,Y,1.93
Y,Y,Y,Y,Y,Y,0.9
Y,Y,Y,Y,Y,Y,-0.6
Y,Y,Y,Y,Y,R,3.0
Y,G,G,Y,Y,Y,3.5
G,G,G,Y,Y,Y,3.0
G,G,G,G,Y,Y,2.5
G,G,G,G,G,Y,2.0
G,G,G,G,G,G,2.5
G,G,G,G,G,G,3.0
G,G,G,G,G,G,3.5
G,G,G,G,G,G,4.0
G,G,G,G,G,G,4.5
G,G,G,G,G,G,5.0
G,G,G,G,G,G,5.5
G,G,Y,Y,G,G,6.0
G,Y,Y,Y,Y,G,5.5
Y,Y,Y,Y,Y,G,4.0
Y,Y,Y,Y,Y,G,2.5
Y,Y,Y,Y,G,G,2.0
Y,Y,Y,Y,G,G,1.5
Y,Y,Y,G,G,G,1.0
Y,Y,G,G,G,G,0.5
Y,G,G,G,G,G,1.0
Y,G,G,G,G,G,0.5
G,G,G,G,G,G,2.0
G,G,G,G,G,G,2.5
G,G,G,G,G,G,3.0
G,G,G,G,G,G,3.5
G,G,G,G,G,G,4.0
G,G,G,G,G,G,4.5
G,G,G,G,Y,Y,4.0
G,G,G,G,G,Y,3.5
G,G,G,G,G,Y,3.0
G,G,G,G,G,G,3.5
G,G,G,G,G,G,4.0
G,G,G,G,G,Y,3.5
G,G,G,G,Y,Y,3.0
G,G,G,G,G,G,3.5
G,G,G,G,G,G,4.0
G,G,G,G,G,Y,3.5
G,G,G,G,G,G,4.0
G,G,G,G,G,Y,3.5
G,G,G,G,G,Y,3.0
G,G,G,G,G,G,3.5
G,G,G,G,G,G,4.0
G,G,G,G,G,Y,3.5
G,G,G,G,G,Y,3.0
G,G,G,G,G,G,3.5
G,G,G,G,G,G,4.0
G,O,G,G,G,Y,2.5
O,O,G,G,Y,Y,1.0
O,O,G,G,Y,Y,0
O,O,G,G,Y,Y,0.0
O,O,G,G,Y,Y,0.0
O,O,G,G,Y,Y,0.0
O,O,G,G,Y,Y,0.0
O,O,G,G,Y,Y,0.0
O,O,G,G,Y,Y,0.0
O,O,G,G,Y,Y,0.0
O,O,G,Y,Y,Y,0.0
O,O,O,Y,Y,Y,0.0
O,O,O,Y,Y,Y,0.0
O,O,O,Y,Y,Y,0.0
O,O,G,Y,Y,Y,0.0
O,O,G,Y,Y,Y,0.0
O,O,G,Y,Y,Y,0.0
O,O,Y,Y,Y,Y,0.0
O,O,Y,Y,Y,Y,0.0
O,G,Y,Y,Y,Y,0.0
O,G,Y,Y,Y,Y,0.0
O,G,Y,Y,Y,Y,0.0
O,Y,Y,Y,Y,Y,-1.0
G,Y,Y,Y,Y,Y,0.0
G,Y,Y,Y,Y,Y,0.0
Y,Y,Y,Y,Y,Y,0.0
Y,Y,Y,Y,Y,Y,0.0
Y,Y,Y,Y,Y,Y,0.0
Y,Y,Y,Y,Y,Y,0.0
Y,Y,Y,Y,Y,Y,0.0
Y,Y,Y,Y,Y,Y,0.0
Y,Y,Y,Y,Y,Y,0.0
Y,Y,Y,Y,Y,Y,0.0
R,R,Y,Y,Y,G,3.0
R,R,R,Y,Y,G,4.5
R,R,R,Y,Y,Y,5.0
R,R,R,R,Y,Y,6.5
R,R,R,R,R,Y,8.0
R,R,R,R,R,R,9.5
R,R,R,R,R,R,2
R,R,R,R,R,R,2
R,R,R,R,R,R,2
R,R,R,R,R,R,2
R,R,R,R,R,R,2
R,R,R,R,R,R,2
R,R,R,R,R,R,2
R,R,R,R,R,R,2
R,R,R,R,R,R,2
R,R,R,R,R,R,2
R,R,R,R,R,R,2
R,R,R,R,R,R,2
R,R,R,R,R,R,2
R,R,R,R,R,R,2
R,R,R,R,R,R,2
R,R,R,R,R,R,2
R,R,R,R,R,R,2
R,R,R,R,R,R,2
R,R,R,R,R,R,2
R,R,R,R,R,R,2
R,R,R,R,R,R,2
R,R,R,R,R,R,2
R,R,R,R,R,R,2
R,R,R,R,R,R,2
R,R,R,R,R,R,2
R,R,R,R,R,R,2
R,R,R,R,R,R,2
R,R,R,R,R,R,2
R,R,R,R,R,R,2
R,R,R,R,R,R,2
R,R,R,R,R,R,2
R,R,R,R,R,R,2
R,R,R,R,R,R,2
R,R,R,R,R,R,2
R,R,R,R,R,R,2
R,R,R,R,R,R,2
R,R,R,R,R,R,2
R,R,R,R,R,R,2
R,R,R,R,R,R,2
R,R,R,R,R,R,2
R,R,R,R,R,R,2
R,R,R,R,R,R,2
R,R,R,R,R,R,2
R,R,R,R,R,R,2
R,R,R,R,R,R,2
R,R,R,R,R,R,2
R,R,R,R,R,R,2
R,R,R,R,R,R,2
R,R,R,R,R,R,2
R,R,R,R,R,R,2
R,R,R,R,R,R,2
R,R,R,R,R,R,2
R,R,R,R,R,R,2
R,R,R,R,R,R,2
R,R,R,R,R,R,2
R,R,R,R,R,R,2
R,R,R,R,R,R,2
R,R,R,R,R,R,2
R,R,R,R,R,R,2
R,R,R,R,R,R,2
R,R,R,R,R,R,2
R,R,R,R,R,R,2
R,R,R,R,R,R,2
R,R,R,R,R,R,2
R,R,R,R,R,R,2
R,R,R,R,R,R,2
R,R,R,R,R,R,2
R,R,R,R,R,R,2
R,R,R,R,R,R,2
R,R,R,R,R,R,2
R,R,R,R,R,R,2
R,R,R,R,R,R,2
R,R,R,R,R,R,2
R,R,R,R,R,R,2
R,R,R,R,R,R,2
R,R,R,R,R,R,2
R,R,R,R,R,R,2
R,R,R,R,R,R,2
R,R,R,R,R,R,2
R,R,R,R,R,R,2
R,R,R,R,R,R,2
R,R,R,R,R,R,2
R,R,R,R,R,R,2
R,R,R,R,R,R,2
R,R,R,R,R,R,2
R,R,R,R,R,R,2
R,R,R,R,R,R,2
R,R,R,R,R,R,2
R,R,R,R,R,R,2
R,R,R,R,R,R,2
R,R,R,R,R,R,2
R,R,R,R,R,R,2
R,R,R,R,R,R,2
R,R,R,R,R,R,2
R,R,R,R,R,R,2
R,R,R,R,R,R,2
R,R,R,R,R,R,2
R,R,R,R,R,R,2
R,R,R,R,R,R,2
R,R,R,R,R,R,2
R,R,R,R,R,R,2
R,R,R,R,R,R,2
R,R,R,R,R,R,2
R,R,R,R,R,R,2
R,R,R,R,R,R,2
R,R,R,R,R,R,2
R,R,R,R,R,R,2
R,R,R,R,R,R,2
R,R,R,R,R,R,2
R,R,R,R,R,R,2
Y,R,R,R,R,R,2
Y,R,R,R,R,R,2
Y,Y,R,R,R,R,4.97
Y,Y,Y,Y,R,R,6.47
G,G,G,Y,Y,R,6.97
G,G,G,G,Y,Y,6.47
G,G,G,G,Y,Y,5.97
G,G,G,G,G,G,6.47
G,G,G,G,G,G,6.97
G,G,G,G,G,G,7.47
G,Y,G,G,G,G,6.97
Y,Y,Y,G,G,G,6.47
Y,Y,Y,G,G,G,5.97
Y,Y,Y,G,G,G,5.47
Y,Y,G,G,G,G,4.97
Y,Y,Y,G,G,G,4.47
Y,G,G,G,G,G,3.97
Y,G,G,G,G,G,3.47
Y,G,G,G,G,G,2.97
G,G,G,G,G,G,3.47
G,G,G,G,G,G,3.97
G,G,G,G,G,G,4.47
G,G,G,G,G,G,4.97
G,G,G,G,G,Y,4.47
G,G,G,G,G,Y,3.97
G,G,G,G,G,G,4.47
G,G,G,G,G,G,4.97
G,G,G,G,G,G,5.47
G,G,G,G,G,G,5.97
G,G,G,G,G,G,6.47
G,G,G,G,G,G,6.97
G,G,G,G,G,G,7.47
G,G,G,G,G,G,7.97
G,G,G,G,G,Y,7.47
G,G,G,G,G,Y,6.97
G,G,G,G,G,G,7.47
G,G,G,G,G,G,7.97
G,G,G,G,G,Y,7.47
G,G,G,G,G,Y,6.97
G,G,G,G,G,Y,6.47
G,G,G,G,G,G,6.97
G,G,G,G,G,G,7.47
G,G,G,G,G,Y,6.97
G,G,G,G,Y,Y,6.47
G,G,G,G,G,G,6.97
G,G,G,G,G,Y,6.47
G,G,G,G,G,G,6.97
Y,G,G,G,G,G,6.47
G,G,G,G,G,G,6.97
G,G,G,G,G,G,7.47
Y,G,G,G,G,G,6.97
Y,G,G,G,G,G,6.47
Y,G,G,G,G,G,5.97
Y,G,G,G,G,G,5.47
Y,G,G,G,G,G,4.97
Y,G,G,G,G,G,4.47
G,G,G,G,G,G,4.97
Y,G,G,G,G,G,4.47
Y,G,G,G,G,B,2.97
Y,Y,G,G,G,B,1.47
Y,Y,Y,G,G,B,0
Y,Y,G,G,G,B,0.0
Y,Y,G,G,B,B,0.0
Y,Y,G,G,B,B,0.0
Y,G,G,G,B,B,0.0
Y,Y,G,B,B,G,0.0
Y,G,G,B,B,B,0.0
Y,G,G,B,B,G,0.0
Y,G,G,B,B,G,0.0
Y,G,G,B,B,G,0.0
Y,G,G,B,B,G,0.0
G,G,G,B,B,G,0
Y,G,G,B,B,B,0.0
G,G,G,B,B,G,0
Y,G,G,B,B,B,0.0
G,G,G,B,B,G,0
Y,G,G,G,B,B,0.0
G,G,G,B,B,G,0
Y,G,G,G,B,B,0.0
G,G,G,B,B,G,0
G,G,G,G,B,B,0
Y,G,G,G,B,B,0.0
G,G,G,G,B,B,0
Y,G,G,G,B,B,0.0
G,G,G,G,B,B,0
Y,G,G,G,G,G,1.0
G,G,G,G,B,B,0
Y,G,G,G,G,G,1.0
G,G,G,G,G,B,0
Y,G,G,G,G,G,1.0
G,G,G,G,G,B,0
Y,G,G,G,G,G,1.0
G,G,G,G,G,B,0
Y,G,G,G,G,G,1.0
G,G,G,G,G,G,1.5
G,G,G,G,G,G,2.0
G,G,G,G,G,G,2.5
G,G,G,G,G,G,3.0
G,G,G,G,G,G,3.5
G,G,G,G,G,Y,3.0
G,G,G,G,G,G,3.5
G,G,G,G,G,G,4.0
G,G,G,G,G,G,4.5
G,G,G,G,G,G,5.0
G,G,G,G,G,G,5.5
G,G,G,G,G,G,6.0
G,G,G,G,G,Y,5.5
G,G,G,G,G,Y,5.0
G,G,G,G,G,Y,4.5
G,G,G,G,G,Y,4.0
G,G,G,G,G,Y,3.5
G,G,G,G,G,Y,3.0
G,G,G,G,G,G,3.5
G,G,G,G,G,Y,3.0
G,G,G,G,G,G,3.5
G,G,G,G,G,G,4.0
Y,G,G,G,G,G,3.5
G,G,G,G,G,G,4.0
G,G,G,G,G,G,4.5
G,G,G,G,G,G,5.0
G,G,G,G,G,G,5.5
G,G,G,G,G,Y,5.0
G,G,G,G,G,Y,4.5
G,G,G,G,G,G,5.0
G,B,G,G,G,G,3.0
B,G,G,Y,Y,Y,1.5
G,G,G,Y,Y,Y,1.0
B,G,G,Y,Y,Y,0
B,G,G,Y,Y,Y,0.0
B,G,G,Y,Y,Y,0.0
B,G,Y,Y,Y,Y,0.0
B,G,Y,Y,Y,Y,0.0
B,G,G,Y,Y,Y,0.0
G,G,G,Y,Y,Y,1.0
B,G,G,Y,Y,Y,0
B,G,G,G,Y,Y,0.0
B,G,G,Y,Y,Y,0.0
B,G,G,Y,Y,Y,0.0
B,G,G,Y,Y,Y,0.0
B,G,G,Y,Y,Y,0.0
G,G,G,Y,Y,Y,1.0
B,G,G,G,Y,Y,0
B,G,G,G,Y,Y,0.0
B,G,G,G,Y,Y,0.0
B,G,G,Y,Y,Y,0.0
B,G,G,Y,Y,Y,0.0
B,G,G,Y,Y,Y,0.0
B,G,Y,Y,Y,Y,0.0
B,G,G,Y,Y,Y,0.0
G,G,G,Y,Y,Y,1.0
G,G,G,G,Y,Y,0.5
G,G,G,G,Y,Y,1.0
G,G,G,G,G,Y,0.5
G,G,G,G,G,G,2.0
G,G,G,G,G,G,2.5
G,G,G,G,G,G,3.0
G,G,G,G,G,Y,2.5
G,G,G,G,G,G,3.0
G,G,G,G,G,G,3.5
G,G,G,G,G,Y,3.0
G,G,G,G,G,G,3.5
G,G,G,G,G,Y,3.0
G,G,G,G,G,Y,2.5
G,G,G,G,G,G,3.0
G,G,G,G,G,G,3.5
G,G,G,G,G,G,4.0
G,G,G,G,G,G,4.5
G,G,G,B,G,Y,3.0
G,G,B,B,B,G,1.0
G,G,B,B,B,G,0
G,G,B,B,G,Y,0.0
G,G,B,B,G,Y,0.0
G,G,B,B,B,Y,0.0
G,G,B,B,B,Y,0.0
G,G,B,B,B,Y,0.0
G,G,B,B,B,Y,0.0
G,G,B,B,B,Y,0.0
G,G,G,B,B,Y,0.0
G,G,G,B,B,B,0
G,G,G,G,B,Y,0.0
G,G,G,G,G,B,0
G,G,G,G,G,B,0
G,G,G,G,G,B,0
G,G,G,G,G,G,2.0
G,G,G,G,G,G,2.5
G,G,G,G,G,G,3.0
G,G,G,G,G,G,3.5
G,Y,Y,G,G,G,3.0
Y,Y,Y,G,G,G,2.5
Y,Y,Y,G,G,G,2.0
Y,Y,Y,G,G,G,1.5
Y,Y,Y,G,G,G,1.0
Y,Y,Y,G,G,G,0.5
Y,Y,G,G,G,G,1.0
Y,Y,G,G,G,G,0.5
Y,G,G,G,G,G,1.0
Y,G,G,G,G,B,0
Y,G,G,G,G,B,0.0
G,G,G,G,B,B,0
G,G,G,G,G,B,0
Y,G,G,G,G,B,0.0
G,G,G,G,G,B,0
Y,G,G,G,G,B,0.0
G,G,G,G,G,B,0
Y,G,G,G,G,B,0.0
G,G,G,G,G,B,0
G,G,G,G,G,B,0
Y,G,G,G,G,G,1.0
G,G,G,G,G,G,1.5
G,G,G,G,G,G,2.0
G,G,G,G,G,G,2.5
G,G,G,G,G,G,3.0
G,G,G,G,G,G,3.5
G,G,G,G,G,G,4.0
G,G,G,G,G,G,4.5
G,G,G,G,G,Y,4.0
G,G,G,G,G,Y,3.5
G,G,G,G,G,Y,3.0
G,G,G,G,G,Y,2.5
G,G,G,G,G,G,3.0
G,G,G,G,G,G,3.5
G,G,G,G,G,G,4.0
G,G,G,G,G,G,4.5
G,G,G,G,G,G,5.0
G,G,G,G,G,G,5.5
G,G,G,G,G,G,6.0
G,G,G,G,G,G,6.5
G,G,G,O,G,G,5.0
G,G,G,O,O,O,3.5
Y,G,G,O,O,O,2.0
Y,Y,G,O,O,O,0.5
Y,Y,G,O,O,O,0.0
Y,Y,G,G,O,O,0.0
Y,Y,G,G,O,O,0.0
Y,Y,Y,G,O,O,0.0
Y,Y,Y,G,G,O,0.0
Y,Y,Y,G,G,O,0.0
Y,Y,Y,G,G,O,0.0
Y,Y,Y,G,G,O,0.0
Y,Y,Y,G,G,O,0.0
Y,Y,Y,G,G,G,1.0
Y,Y,Y,G,G,O,0
Y,Y,Y,G,G,O,0.0
Y,Y,Y,G,G,G,1.0
Y,Y,Y,Y,G,O,0
Y,Y,Y,G,G,O,0.0
Y,Y,Y,G,G,O,0.0
Y,Y,Y,G,G,G,1.0
Y,Y,Y,Y,G,O,0
Y,Y,Y,Y,G,O,0.0
Y,Y,Y,G,G,O,0.0
Y,Y,Y,G,G,G,1.0
Y,Y,Y,G,G,O,0
Y,Y,Y,G,G,O,0.0
Y,Y,Y,G,G,O,0.0
Y,Y,Y,G,G,O,0.0
Y,Y,Y,G,G,O,0.0
Y,Y,Y,G,G,G,1.0
Y,Y,Y,G,G,O,0
Y,Y,Y,G,G,O,0.0
Y,Y,Y,G,G,O,0.0
Y,Y,Y,G,G,G,1.0
Y,Y,Y,G,G,O,0
Y,Y,Y,G,G,O,0.0
Y,Y,Y,G,G,G,1.0
Y,Y,G,G,G,O,0
Y,Y,G,G,G,O,0.0
Y,Y,G,G,G,O,0.0
Y,Y,G,G,G,O,0.0
Y,Y,G,G,G,G,1.0
Y,Y,G,G,G,O,0
Y,Y,G,G,G,O,0.0
Y,Y,G,G,G,O,0.0
Y,Y,G,G,G,O,0.0
Y,Y,G,G,G,G,1.0
Y,G,G,G,G,O,0
Y,G,G,G,G,O,0.0
Y,Y,G,G,G,O,0.0
Y,G,G,G,G,O,0.0
Y,G,G,G,G,O,0.0
Y,G,G,G,G,G,1.0
G,G,G,G,G,O,0
Y,G,G,G,G,G,1.0
Y,G,G,G,G,G,0.5
G,G,G,G,G,O,0.0
Y,G,G,G,G,G,1.0
Y,G,G,G,G,G,0.5
G,G,G,G,G,O,0.0
Y,G,G,G,G,G,1.0
Y,G,G,G,G,G,0.5
G,G,G,G,G,G,2.0
G,G,G,G,G,G,2.5
G,G,G,G,G,G,3.0
G,G,G,G,G,G,3.5
G,G,G,G,G,Y,3.0
G,G,G,G,G,G,3.5
G,G,G,G,G,G,4.0
Y,G,G,G,G,G,3.5
G,G,G,G,G,G,4.0
G,G,G,G,G,G,4.5
G,G,G,G,G,Y,4.0
G,G,G,G,G,G,4.5
G,G,G,G,G,G,5.0
G,G,G,G,G,G,5.5
G,G,G,G,G,G,6.0
G,G,G,G,G,G,6.5
G,G,G,G,G,G,7.0
G,G,G,G,G,Y,6.5
G,G,G,G,G,G,7.0
G,G,G,G,G,G,7.5
G,G,G,G,G,G,8.0
Y,G,G,G,G,G,7.5
Y,G,G,G,G,G,7.0
G,G,G,G,G,G,7.5
G,G,G,G,G,G,8.0
G,G,G,G,G,G,8.5
Y,G,G,G,G,G,8.0
G,G,G,G,G,G,8.5
Y,G,G,G,G,G,8.0
G,G,G,G,G,Y,7.5
G,G,G,G,G,G,8.0
G,G,G,G,G,G,8.5
G,G,G,G,G,G,9.0
G,G,G,G,G,G,9.5
G,G,G,G,G,Y,9.0
G,G,G,G,G,Y,8.5
G,G,G,G,G,G,9.0
G,G,G,G,G,Y,8.5
G,G,G,G,G,Y,8.0
G,G,G,G,G,Y,7.5
G,G,G,G,Y,Y,7.0
G,G,G,G,Y,Y,6.5
G,G,G,G,Y,Y,6.0
G,G,G,G,G,Y,5.5
G,G,G,G,G,Y,5.0
G,G,G,G,G,Y,4.5
G,G,G,G,G,G,5.0
G,G,G,G,G,G,5.5
G,G,G,G,G,G,6.0
G,G,G,G,G,G,6.5
G,G,G,G,G,G,7.0
G,G,G,G,G,G,7.5
G,G,G,G,G,G,8.0
G,G,G,G,G,Y,7.5
G,G,G,G,G,G,8.0
G,G,G,G,Y,Y,7.5
G,G,G,G,G,G,8.0
G,G,G,G,G,Y,7.5
G,G,G,G,G,G,8.0
G,G,G,G,G,Y,7.5
G,G,G,G,G,G,8.0
G,G,G,G,G,G,8.5
G,G,G,G,G,Y,8.0
G,G,G,G,G,G,8.5
G,G,G,G,G,G,9.0
G,G,G,G,B,G,7.0
G,G,G,G,G,B,5.0
Y,Y,G,G,G,G,4.5
Y,G,G,G,G,G,4.0
G,G,G,G,G,G,4.5
G,G,G,G,G,G,5.0
G,G,G,G,G,G,5.5
G,G,G,G,G,G,6.0
G,G,G,G,G,G,6.5
G,G,G,G,G,G,7.0
G,G,G,G,G,G,7.5
G,G,G,G,G,G,8.0
G,G,G,G,G,G,8.5
G,G,G,G,G,G,9.0
G,G,G,G,G,G,9.5
G,G,G,G,G,G,10.0
G,G,G,G,G,G,10
G,G,G,G,G,Y,9.5
G,G,G,G,G,G,10.0
O,O,O,G,G,G,8.5
O,G,Y,Y,Y,Y,7.0
Y,Y,Y,R,R,R,8.5
Y,R,R,R,R,R,10
R,R,R,R,R,R,2
R,R,R,R,R,R,2
R,R,R,R,R,R,2
R,R,R,R,R,R,2
R,R,R,R,R,R,2
R,R,R,R,R,R,2
R,R,R,R,R,R,2
R,R,R,R,R,R,2
R,R,R,R,R,R,2
R,R,Y,R,R,R,2
R,Y,Y,Y,R,R,2
Y,Y,Y,Y,Y,R,2
Y,Y,Y,Y,Y,R,2
Y,Y,Y,Y,Y,Y,1.93
Y,Y,Y,Y,Y,Y,0.9
Y,Y,Y,Y,Y,Y,-0.6
Y,Y,Y,Y,Y,R,3.0
Y,G,G,Y,Y,Y,3.5
G,G,G,Y,Y,Y,3.0
G,G,G,G,Y,Y,2.5
G,G,G,G,G,Y,2.0
G,G,G,G,G,G,2.5
G,G,G,G,G,G,3.0
G,G,G,G,G,G,3.5
G,G,G,G,G,G,4.0
G,G,G,G,G,G,4.5
G,G,G,G,G,G,5.0
G,G,G,G,G,G,5.5
G,G,Y,Y,G,G,6.0
G,Y,Y,Y,Y,G,5.5
Y,Y,Y,Y,Y,G,4.0
Y,Y,Y,Y,Y,G,2.5
Y,Y,Y,Y,G,G,2.0
Y,Y,Y,Y,G,G,1.5
Y,Y,Y,G,G,G,1.0
Y,Y,G,G,G,G,0.5
Y,G,G,G,G,G,1.0
Y,G,G,G,G,G,0.5
G,G,G,G,G,G,2.0
G,G,G,G,G,G,2.5
G,G,G,G,G,G,3.0
G,G,G,G,G,G,3.5
G,G,G,G,G,G,4.0
G,G,G,G,G,G,4.5
G,G,G,G,Y,Y,4.0
G,G,G,G,G,Y,3.5
G,G,G,G,G,Y,3.0
G,G,G,G,G,G,3.5
G,G,G,G,G,G,4.0
G,G,G,G,G,Y,3.5
G,G,G,G,Y,Y,3.0
G,G,G,G,G,G,3.5
G,G,G,G,G,G,4.0
G,G,G,G,G,Y,3.5
G,G,G,G,G,G,4.0
G,G,G,G,G,Y,3.5
G,G,G,G,G,Y,3.0
G,G,G,G,G,G,3.5
G,G,G,G,G,G,4.0
G,G,G,G,G,Y,3.5
G,G,G,G,G,Y,3.0
G,G,G,G,G,G,3.5
G,G,G,G,G,G,4.0
G,O,G,G,G,Y,2.5
O,O,G,G,Y,Y,1.0
O,O,G,G,Y,Y,0
O,O,G,G,Y,Y,0.0
O,O,G,G,Y,Y,0.0
O,O,G,G,Y,Y,0.0
O,O,G,G,Y,Y,0.0
O,O,G,G,Y,Y,0.0
O,O,G,G,Y,Y,0.0
O,O,G,G,Y,Y,0.0
O,O,G,Y,Y,Y,0.0
O,O,O,Y,Y,Y,0.0
O,O,O,Y,Y,Y,0.0
O,O,O,Y,Y,Y,0.0
O,O,G,Y,Y,Y,0.0
O,O,G,Y,Y,Y,0.0
O,O,G,Y,Y,Y,0.0
O,O,Y,Y,Y,Y,0.0
O,O,Y,Y,Y,Y,0.0
O,G,Y,Y,Y,Y,0.0
O,G,Y,Y,Y,Y,0.0
O,G,Y,Y,Y,Y,0.0
O,Y,Y,Y,Y,Y,-1.0
G,Y,Y,Y,Y,Y,0.0
G,Y,Y,Y,Y,Y,0.0
Y,Y,Y,Y,Y,Y,0.0
Y,Y,Y,Y,Y,Y,0.0
Y,Y,Y,Y,Y,Y,0.0
Y,Y,Y,Y,Y,Y,0.0
Y,Y,Y,Y,Y,Y,0.0
Y,Y,Y,Y,Y,Y,0.0
Y,Y,Y,Y,Y,Y,0.0
Y,Y,Y,Y,Y,Y,0.0
R,R,Y,Y,Y,G,3.0
R,R,R,Y,Y,G,4.5
R,R,R,Y,Y,Y,5.0
R,R,R,R,Y,Y,6.5
R,R,R,R,R,Y,8.0
R,R,R,R,R,R,9.5
R,R,R,R,R,R,2
R,R,R,R,R,R,2
R,R,R,R,R,R,2
R,R,R,R,R,R,2
R,R,R,R,R,R,2
R,R,R,R,R,R,2
R,R,R,R,R,R,2
R,R,R,R,R,R,2
R,R,R,R,R,R,2
R,R,R,R,R,R,2
R,R,R,R,R,R,2
R,R,R,R,R,R,2
R,R,R,R,R,R,2
R,R,R,R,R,R,2
R,R,R,R,R,R,2
R,R,R,R,R,R,2
R,R,R,R,R,R,2
R,R,R,R,R,R,2
R,R,R,R,R,R,2
R,R,R,R,R,R,2
R,R,R,R,R,R,2
R,R,R,R,R,R,2
R,R,R,R,R,R,2
R,R,R,R,R,R,2
R,R,R,R,R,R,2
R,R,R,R,R,R,2
R,R,R,R,R,R,2
R,R,R,R,R,R,2
R,R,R,R,R,R,2
R,R,R,R,R,R,2
R,R,R,R,R,R,2
R,R,R,R,R,R,2
R,R,R,R,R,R,2
R,R,R,R,R,R,2
R,R,R,R,R,R,2
R,R,R,R,R,R,2
R,R,R,R,R,R,2
R,R,R,R,R,R,2
R,R,R,R,R,R,2
R,R,R,R,R,R,2
R,R,R,R,R,R,2
R,R,R,R,R,R,2
R,R,R,R,R,R,2
R,R,R,R,R,R,2
R,R,R,R,R,R,2
R,R,R,R,R,R,2
R,R,R,R,R,R,2
R,R,R,R,R,R,2
R,R,R,R,R,R,2
R,R,R,R,R,R,2
R,R,R,R,R,R,2
R,R,R,R,R,R,2
R,R,R,R,R,R,2
R,R,R,R,R,R,2
R,R,R,R,R,R,2
R,R,R,R,R,R,2
R,R,R,R,R,R,2
R,R,R,R,R,R,2
R,R,R,R,R,R,2
R,R,R,R,R,R,2
R,R,R,R,R,R,2
R,R,R,R,R,R,2
R,R,R,R,R,R,2
R,R,R,R,R,R,2
R,R,R,R,R,R,2
R,R,R,R,R,R,2
R,R,R,R,R,R,2
R,R,R,R,R,R,2
R,R,R,R,R,R,2
R,R,R,R,R,R,2
R,R,R,R,R,R,2
R,R,R,R,R,R,2
R,R,R,R,R,R,2
R,R,R,R,R,R,2
R,R,R,R,R,R,2
R,R,R,R,R,R,2
R,R,R,R,R,R,2
R,R,R,R,R,R,2
R,R,R,R,R,R,2
R,R,R,R,R,R,2
R,R,R,R,R,R,2
R,R,R,R,R,R,2
R,R,R,R,R,R,2
R,R,R,R,R,R,2
R,R,R,R,R,R,2
R,R,R,R,R,R,2
R,R,R,R,R,R,2
R,R,R,R,R,R,2
R,R,R,R,R,R,2
R,R,R,R,R,R,2
R,R,R,R,R,R,2
R,R,R,R,R,R,2
R,R,R,R,R,R,2
R,R,R,R,R,R,2
R,R,R,R,R,R,2
R,R,R,R,R,R,2
R,R,R,R,R,R,2
R,R,R,R,R,R,2
R,R,R,R,R,R,2
R,R,R,R,R,R,2
R,R,R,R,R,R,2
R,R,R,R,R,R,2
R,R,R,R,R,R,2
R,R,R,R,R,R,2
R,R,R,R,R,R,2
R,R,R,R,R,R,2
R,R,R,R,R,R,2
R,R,R,R,R,R,2
R,R,R,R,R,R,2
R,R,R,R,R,R,2
Y,R,R,R,R,R,2
Y,R,R,R,R,R,2
Y,Y,R,R,R,R,4.97
Y,Y,Y,Y,R,R,6.47
G,G,G,Y,Y,R,6.97
G,G,G,G,Y,Y,6.47
G,G,G,G,Y,Y,5.97
G,G,G,G,G,G,6.47
G,G,G,G,G,G,6.97
G,G,G,G,G,G,7.47
G,Y,G,G,G,G,6.97
Y,Y,Y,G,G,G,6.47
Y,Y,Y,G,G,G,5.97
Y,Y,Y,G,G,G,5.47
Y,Y,G,G,G,G,4.97
Y,Y,Y,G,G,G,4.47
Y,G,G,G,G,G,3.97
Y,G,G,G,G,G,3.47
Y,G,G,G,G,G,2.97
G,G,G,G,G,G,3.47
G,G,G,G,G,G,3.97
G,G,G,G,G,G,4.47
G,G,G,G,G,G,4.97
G,G,G,G,G,Y,4.47
G,G,G,G,G,Y,3.97
G,G,G,G,G,G,4.47
G,G,G,G,G,G,4.97
G,G,G,G,G,G,5.47
G,G,G,G,G,G,5.97
G,G,G,G,G,G,6.47
G,G,G,G,G,G,6.97
G,G,G,G,G,G,7.47
G,G,G,G,G,G,7.97
G,G,G,G,G,Y,7.47
G,G,G,G,G,Y,6.97
G,G,G,G,G,G,7.47
G,G,G,G,G,G,7.97
G,G,G,G,G,Y,7.47
G,G,G,G,G,Y,6.97
G,G,G,G,G,Y,6.47
G,G,G,G,G,G,6.97
G,G,G,G,G,G,7.47
G,G,G,G,G,Y,6.97
G,G,G,G,Y,Y,6.47
G,G,G,G,G,G,6.97
G,G,G,G,G,Y,6.47
G,G,G,G,G,G,6.97
Y,G,G,G,G,G,6.47
G,G,G,G,G,G,6.97
G,G,G,G,G,G,7.47
Y,G,G,G,G,G,6.97
Y,G,G,G,G,G,6.47
Y,G,G,G,G,G,5.97
Y,G,G,G,G,G,5.47
Y,G,G,G,G,G,4.97
Y,G,G,G,G,G,4.47
G,G,G,G,G,G,4.97
Y,G,G,G,G,G,4.47
Y,G,G,G,G,B,2.97
Y,Y,G,G,G,B,1.47
Y,Y,Y,G,G,B,0
Y,Y,G,G,G,B,0.0
Y,Y,G,G,B,B,0.0
Y,Y,G,G,B,B,0.0
Y,G,G,G,B,B,0.0
Y,Y,G,B,B,G,0.0
Y,G,G,B,B,B,0.0
Y,G,G,B,B,G,0.0
Y,G,G,B,B,G,0.0
Y,G,G,B,B,G,0.0
Y,G,G,B,B,G,0.0
G,G,G,B,B,G,0
Y,G,G,B,B,B,0.0
G,G,G,B,B,G,0
Y,G,G,B,B,B,0.0
G,G,G,B,B,G,0
Y,G,G,G,B,B,0.0
G,G,G,B,B,G,0
Y,G,G,G,B,B,0.0
G,G,G,B,B,G,0
G,G,G,G,B,B,0
Y,G,G,G,B,B,0.0
G,G,G,G,B,B,0
Y,G,G,G,B,B,0.0
G,G,G,G,B,B,0
Y,G,G,G,G,G,1.0
G,G,G,G,B,B,0
Y,G,G,G,G,G,1.0
G,G,G,G,G,B,0
Y,G,G,G,G,G,1.0
G,G,G,G,G,B,0
Y,G,G,G,G,G,1.0
G,G,G,G,G,B,0
Y,G,G,G,G,G,1.0
G,G,G,G,G,G,1.5
G,G,G,G,G,G,2.0
G,G,G,G,G,G,2.5
G,G,G,G,G,G,3.0
G,G,G,G,G,G,3.5
G,G,G,G,G,Y,3.0
G,G,G,G,G,G,3.5
G,G,G,G,G,G,4.0
G,G,G,G,G,G,4.5
G,G,G,G,G,G,5.0
G,G,G,G,G,G,5.5
G,G,G,G,G,G,6.0
G,G,G,G,G,Y,5.5
G,G,G,G,G,Y,5.0
G,G,G,G,G,Y,4.5
G,G,G,G,G,Y,4.0
G,G,G,G,G,Y,3.5
G,G,G,G,G,Y,3.0
G,G,G,G,G,G,3.5
G,G,G,G,G,Y,3.0
G,G,G,G,G,G,3.5
G,G,G,G,G,G,4.0
Y,G,G,G,G,G,3.5
G,G,G,G,G,G,4.0
G,G,G,G,G,G,4.5
G,G,G,G,G,G,5.0
G,G,G,G,G,G,5.5
G,G,G,G,G,Y,5.0
G,G,G,G,G,Y,4.5
G,G,G,G,G,G,5.0
G,B,G,G,G,G,3.0
B,G,G,Y,Y,Y,1.5
G,G,G,Y,Y,Y,1.0
B,G,G,Y,Y,Y,0
B,G,G,Y,Y,Y,0.0
B,G,G,Y,Y,Y,0.0
B,G,Y,Y,Y,Y,0.0
B,G,Y,Y,Y,Y,0.0
B,G,G,Y,Y,Y,0.0
G,G,G,Y,Y,Y,1.0
B,G,G,Y,Y,Y,0
B,G,G,G,Y,Y,0.0
B,G,G,Y,Y,Y,0.0
B,G,G,Y,Y,Y,0.0
B,G,G,Y,Y,Y,0.0
B,G,G,Y,Y,Y,0.0
G,G,G,Y,Y,Y,1.0
B,G,G,G,Y,Y,0
B,G,G,G,Y,Y,0.0
B,G,G,G,Y,Y,0.0
B,G,G,Y,Y,Y,0.0
B,G,G,Y,Y,Y,0.0
B,G,G,Y,Y,Y,0.0
B,G,Y,Y,Y,Y,0.0
B,G,G,Y,Y,Y,0.0
G,G,G,Y,Y,Y,1.0
G,G,G,G,Y,Y,0.5
G,G,G,G,Y,Y,1.0
G,G,G,G,G,Y,0.5
G,G,G,G,G,G,2.0
G,G,G,G,G,G,2.5
G,G,G,G,G,G,3.0
G,G,G,G,G,Y,2.5
G,G,G,G,G,G,3.0
G,G,G,G,G,G,3.5
G,G,G,G,G,Y,3.0
G,G,G,G,G,G,3.5
G,G,G,G,G,Y,3.0
G,G,G,G,G,Y,2.5
G,G,G,G,G,G,3.0
G,G,G,G,G,G,3.5
G,G,G,G,G,G,4.0
G,G,G,G,G,G,4.5
G,G,G,B,G,Y,3.0
G,G,B,B,B,G,1.0
G,G,B,B,B,G,0
G,G,B,B,G,Y,0.0
G,G,B,B,G,Y,0.0
G,G,B,B,B,Y,0.0
G,G,B,B,B,Y,0.0
G,G,B,B,B,Y,0.0
G,G,B,B,B,Y,0.0
G,G,B,B,B,Y,0.0
G,G,G,B,B,Y,0.0
G,G,G,B,B,B,0
G,G,G,G,B,Y,0.0
G,G,G,G,G,B,0
G,G,G,G,G,B,0
G,G,G,G,G,B,0
G,G,G,G,G,G,2.0
G,G,G,G,G,G,2.5
G,G,G,G,G,G,3.0
G,G,G,G,G,G,3.5
G,Y,Y,G,G,G,3.0
Y,Y,Y,G,G,G,2.5
Y,Y,Y,G,G,G,2.0
Y,Y,Y,G,G,G,1.5
Y,Y,Y,G,G,G,1.0
Y,Y,Y,G,G,G,0.5
Y,Y,G,G,G,G,1.0
Y,Y,G,G,G,G,0.5
Y,G,G,G,G,G,1.0
Y,G,G,G,G,B,0
Y,G,G,G,G,B,0.0
G,G,G,G,B,B,0
G,G,G,G,G,B,0
Y,G,G,G,G,B,0.0
G,G,G,G,G,B,0
Y,G,G,G,G,B,0.0
G,G,G,G,G,B,0
Y,G,G,G,G,B,0.0
G,G,G,G,G,B,0
G,G,G,G,G,B,0
Y,G,G,G,G,G,1.0
G,G,G,G,G,G,1.5
G,G,G,G,G,G,2.0
G,G,G,G,G,G,2.5
G,G,G,G,G,G,3.0
G,G,G,G,G,G,3.5
G,G,G,G,G,G,4.0
G,G,G,G,G,G,4.5
G,G,G,G,G,Y,4.0
G,G,G,G,G,Y,3.5
G,G,G,G,G,Y,3.0
G,G,G,G,G,Y,2.5
G,G,G,G,G,G,3.0
G,G,G,G,G,G,3.5
G,G,G,G,G,G,4.0
G,G,G,G,G,G,4.5
G,G,G,G,G,G,5.0
G,G,G,G,G,G,5.5
G,G,G,G,G,G,6.0
G,G,G,G,G,G,6.5
G,G,G,O,G,G,5.0
G,G,G,O,O,O,3.5
Y,G,G,O,O,O,2.0
Y,Y,G,O,O,O,0.5
Y,Y,G,O,O,O,0.0
Y,Y,G,G,O,O,0.0
Y,Y,G,G,O,O,0.0
Y,Y,Y,G,O,O,0.0
Y,Y,Y,G,G,O,0.0
Y,Y,Y,G,G,O,0.0
Y,Y,Y,G,G,O,0.0
Y,Y,Y,G,G,O,0.0
Y,Y,Y,G,G,O,0.0
Y,Y,Y,G,G,G,1.0
Y,Y,Y,G,G,O,0
Y,Y,Y,G,G,O,0.0
Y,Y,Y,G,G,G,1.0
Y,Y,Y,Y,G,O,0
Y,Y,Y,G,G,O,0.0
Y,Y,Y,G,G,O,0.0
Y,Y,Y,G,G,G,1.0
Y,Y,Y,Y,G,O,0
Y,Y,Y,Y,G,O,0.0
Y,Y,Y,G,G,O,0.0
Y,Y,Y,G,G,G,1.0
Y,Y,Y,G,G,O,0
Y,Y,Y,G,G,O,0.0
Y,Y,Y,G,G,O,0.0
Y,Y,Y,G,G,O,0.0
Y,Y,Y,G,G,O,0.0
Y,Y,Y,G,G,G,1.0
Y,Y,Y,G,G,O,0
Y,Y,Y,G,G,O,0.0
Y,Y,Y,G,G,O,0.0
Y,Y,Y,G,G,G,1.0
Y,Y,Y,G,G,O,0
Y,Y,Y,G,G,O,0.0
Y,Y,Y,G,G,G,1.0
Y,Y,G,G,G,O,0
Y,Y,G,G,G,O,0.0
Y,Y,G,G,G,O,0.0
Y,Y,G,G,G,O,0.0
Y,Y,G,G,G,G,1.0
Y,Y,G,G,G,O,0
Y,Y,G,G,G,O,0.0
Y,Y,G,G,G,O,0.0
Y,Y,G,G,G,O,0.0
Y,Y,G,G,G,G,1.0
Y,G,G,G,G,O,0
Y,G,G,G,G,O,0.0
Y,Y,G,G,G,O,0.0
Y,G,G,G,G,O,0.0
Y,G,G,G,G,O,0.0
Y,G,G,G,G,G,1.0
G,G,G,G,G,O,0
Y,G,G,G,G,G,1.0
Y,G,G,G,G,G,0.5
G,G,G,G,G,O,0.0
Y,G,G,G,G,G,1.0
Y,G,G,G,G,G,0.5
G,G,G,G,G,O,0.0
Y,G,G,G,G,G,1.0
Y,G,G,G,G,G,0.5
G,G,G,G,G,G,2.0
G,G,G,G,G,G,2.5
G,G,G,G,G,G,3.0
G,G,G,G,G,G,3.5
G,G,G,G,G,Y,3.0
G,G,G,G,G,G,3.5
G,G,G,G,G,G,4.0
Y,G,G,G,G,G,3.5
G,G,G,G,G,G,4.0
G,G,G,G,G,G,4.5
G,G,G,G,G,Y,4.0
G,G,G,G,G,G,4.5
G,G,G,G,G,G,5.0
G,G,G,G,G,G,5.5
G,G,G,G,G,G,6.0
G,G,G,G,G,G,6.5
G,G,G,G,G,G,7.0
G,G,G,G,G,Y,6.5
G,G,G,G,G,G,7.0
G,G,G,G,G,G,7.5
G,G,G,G,G,G,8.0
Y,G,G,G,G,G,7.5
Y,G,G,G,G,G,7.0
G,G,G,G,G,G,7.5
G,G,G,G,G,G,8.0
G,G,G,G,G,G,8.5
Y,G,G,G,G,G,8.0
G,G,G,G,G,G,8.5
Y,G,G,G,G,G,8.0
G,G,G,G,G,Y,7.5
G,G,G,G,G,G,8.0
G,G,G,G,G,G,8.5
G,G,G,G,G,G,9.0
G,G,G,G,G,G,9.5
G,G,G,G,G,Y,9.0
G,G,G,G,G,Y,8.5
G,G,G,G,G,G,9.0
G,G,G,G,G,Y,8.5
G,G,G,G,G,Y,8.0
G,G,G,G,G,Y,7.5
G,G,G,G,Y,Y,7.0
G,G,G,G,Y,Y,6.5
G,G,G,G,Y,Y,6.0
G,G,G,G,G,Y,5.5
G,G,G,G,G,Y,5.0
G,G,G,G,G,Y,4.5
G,G,G,G,G,G,5.0
G,G,G,G,G,G,5.5
G,G,G,G,G,G,6.0
G,G,G,G,G,G,6.5
G,G,G,G,G,G,7.0
G,G,G,G,G,G,7.5
G,G,G,G,G,G,8.0
G,G,G,G,G,Y,7.5
G,G,G,G,G,G,8.0
G,G,G,G,Y,Y,7.5
G,G,G,G,G,G,8.0
G,G,G,G,G,Y,7.5
G,G,G,G,G,G,8.0
G,G,G,G,G,Y,7.5
G,G,G,G,G,G,8.0
G,G,G,G,G,G,8.5
G,G,G,G,G,Y,8.0
G,G,G,G,G,G,8.5
G,G,G,G,G,G,9.0
G,G,G,G,B,G,7.0
G,G,G,G,G,B,5.0
Y,Y,G,G,G,G,4.5
Y,G,G,G,G,G,4.0
G,G,G,G,G,G,4.5
G,G,G,G,G,G,5.0
G,G,G,G,G,G,5.5
G,G,G,G,G,G,6.0
G,G,G,G,G,G,6.5
G,G,G,G,G,G,7.0
G,G,G,G,G,G,7.5
G,G,G,G,G,G,8.0
G,G,G,G,G,G,8.5
G,G,G,G,G,G,9.0
G,G,G,G,G,G,9.5
G,G,G,G,G,G,10.0
G,G,G,G,G,G,10
G,G,G,G,G,Y,9.5
G,G,G,G,G,G,10.0
O,O,O,G,G,G,8.5
O,G,Y,Y,Y,Y,7.0
Y,Y,Y,R,R,R,8.5
Y,R,R,R,R,R,10
R,R,R,R,R,R,2
R,R,R,R,R,R,2
R,R,R,R,R,R,2
R,R,R,R,R,R,2
R,R,R,R,R,R,2
R,R,R,R,R,R,2
R,R,R,R,R,R,2
R,R,R,R,R,R,2
R,R,R,R,R,R,2
R,R,Y,R,R,R,2
R,Y,Y,Y,R,R,2
Y,Y,Y,Y,Y,R,2
Y,Y,Y,Y,Y,R,2
Y,Y,Y,Y,Y,Y,1.93
Y,Y,Y,Y,Y,Y,0.9
Y,Y,Y,Y,Y,Y,-0.6
Y,Y,Y,Y,Y,R,3.0
Y,G,G,Y,Y,Y,3.5
G,G,G,Y,Y,Y,3.0
G,G,G,G,Y,Y,2.5
G,G,G,G,G,Y,2.0
G,G,G,G,G,G,2.5
G,G,G,G,G,G,3.0
G,G,G,G,G,G,3.5
G,G,G,G,G,G,4.0
G,G,G,G,G,G,4.5
G,G,G,G,G,G,5.0
G,G,G,G,G,G,5.5
G,G,Y,Y,G,G,6.0
G,Y,Y,Y,Y,G,5.5
Y,Y,Y,Y,Y,G,4.0
Y,Y,Y,Y,Y,G,2.5
Y,Y,Y,Y,G,G,2.0
Y,Y,Y,Y,G,G,1.5
Y,Y,Y,G,G,G,1.0
Y,Y,G,G,G,G,0.5
Y,G,G,G,G,G,1.0
Y,G,G,G,G,G,0.5
G,G,G,G,G,G,2.0
G,G,G,G,G,G,2.5
G,G,G,G,G,G,3.0
G,G,G,G,G,G,3.5
G,G,G,G,G,G,4.0
G,G,G,G,G,G,4.5
G,G,G,G,Y,Y,4.0
G,G,G,G,G,Y,3.5
G,G,G,G,G,Y,3.0
G,G,G,G,G,G,3.5
G,G,G,G,G,G,4.0
G,G,G,G,G,Y,3.5
G,G,G,G,Y,Y,3.0
G,G,G,G,G,G,3.5
G,G,G,G,G,G,4.0
G,G,G,G,G,Y,3.5
G,G,G,G,G,G,4.0
G,G,G,G,G,Y,3.5
G,G,G,G,G,Y,3.0
G,G,G,G,G,G,3.5
G,G,G,G,G,G,4.0
G,G,G,G,G,Y,3.5
G,G,G,G,G,Y,3.0
G,G,G,G,G,G,3.5
G,G,G,G,G,G,4.0
G,O,G,G,G,Y,2.5
O,O,G,G,Y,Y,1.0
O,O,G,G,Y,Y,0
O,O,G,G,Y,Y,0.0
O,O,G,G,Y,Y,0.0
O,O,G,G,Y,Y,0.0
O,O,G,G,Y,Y,0.0
O,O,G,G,Y,Y,0.0
O,O,G,G,Y,Y,0.0
O,O,G,G,Y,Y,0.0
O,O,G,Y,Y,Y,0.0
O,O,O,Y,Y,Y,0.0
O,O,O,Y,Y,Y,0.0
O,O,O,Y,Y,Y,0.0
O,O,G,Y,Y,Y,0.0
O,O,G,Y,Y,Y,0.0
O,O,G,Y,Y,Y,0.0
O,O,Y,Y,Y,Y,0.0
O,O,Y,Y,Y,Y,0.0
O,G,Y,Y,Y,Y,0.0
O,G,Y,Y,Y,Y,0.0
O,G,Y,Y,Y,Y,0.0
O,Y,Y,Y,Y,Y,-1.0
G,Y,Y,Y,Y,Y,0.0
G,Y,Y,Y,Y,Y,0.0
Y,Y,Y,Y,Y,Y,0.0
Y,Y,Y,Y,Y,Y,0.0
Y,Y,Y,Y,Y,Y,0.0
Y,Y,Y,Y,Y,Y,0.0
Y,Y,Y,Y,Y,Y,0.0
Y,Y,Y,Y,Y,Y,0.0
Y,Y,Y,Y,Y,Y,0.0
Y,Y,Y,Y,Y,Y,0.0
R,R,Y,Y,Y,G,3.0
R,R,R,Y,Y,G,4.5
R,R,R,Y,Y,Y,5.0
R,R,R,R,Y,Y,6.5
R,R,R,R,R,Y,8.0
R,R,R,R,R,R,9.5
R,R,R,R,R,R,2
R,R,R,R,R,R,2
R,R,R,R,R,R,2
R,R,R,R,R,R,2
R,R,R,R,R,R,2
R,R,R,R,R,R,2
R,R,R,R,R,R,2
R,R,R,R,R,R,2
R,R,R,R,R,R,2
R,R,R,R,R,R,2
R,R,R,R,R,R,2
R,R,R,R,R,R,2
R,R,R,R,R,R,2
R,R,R,R,R,R,2
R,R,R,R,R,R,2
R,R,R,R,R,R,2
R,R,R,R,R,R,2
R,R,R,R,R,R,2
R,R,R,R,R,R,2
R,R,R,R,R,R,2
R,R,R,R,R,R,2
R,R,R,R,R,R,2
R,R,R,R,R,R,2
R,R,R,R,R,R,2
R,R,R,R,R,R,2
R,R,R,R,R,R,2
R,R,R,R,R,R,2
R,R,R,R,R,R,2
R,R,R,R,R,R,2
R,R,R,R,R,R,2
R,R,R,R,R,R,2
R,R,R,R,R,R,2
R,R,R,R,R,R,2
R,R,R,R,R,R,2
R,R,R,R,R,R,2
R,R,R,R,R,R,2
R,R,R,R,R,R,2
R,R,R,R,R,R,2
R,R,R,R,R,R,2
R,R,R,R,R,R,2
R,R,R,R,R,R,2
R,R,R,R,R,R,2
R,R,R,R,R,R,2
R,R,R,R,R,R,2
R,R,R,R,R,R,2
R,R,R,R,R,R,2
R,R,R,R,R,R,2
R,R,R,R,R,R,2
R,R,R,R,R,R,2
R,R,R,R,R,R,2
R,R,R,R,R,R,2
R,R,R,R,R,R,2
R,R,R,R,R,R,2
R,R,R,R,R,R,2
R,R,R,R,R,R,2
R,R,R,R,R,R,2
R,R,R,R,R,R,2
R,R,R,R,R,R,2
R,R,R,R,R,R,2
R,R,R,R,R,R,2
R,R,R,R,R,R,2
R,R,R,R,R,R,2
R,R,R,R,R,R,2
R,R,R,R,R,R,2
R,R,R,R,R,R,2
R,R,R,R,R,R,2
R,R,R,R,R,R,2
R,R,R,R,R,R,2
R,R,R,R,R,R,2
R,R,R,R,R,R,2
R,R,R,R,R,R,2
R,R,R,R,R,R,2
R,R,R,R,R,R,2
R,R,R,R,R,R,2
R,R,R,R,R,R,2
R,R,R,R,R,R,2
R,R,R,R,R,R,2
R,R,R,R,R,R,2
R,R,R,R,R,R,2
R,R,R,R,R,R,2
R,R,R,R,R,R,2
R,R,R,R,R,R,2
R,R,R,R,R,R,2
R,R,R,R,R,R,2
R,R,R,R,R,R,2
R,R,R,R,R,R,2
R,R,R,R,R,R,2
R,R,R,R,R,R,2
R,R,R,R,R,R,2
R,R,R,R,R,R,2
R,R,R,R,R,R,2
R,R,R,R,R,R,2
R,R,R,R,R,R,2
R,R,R,R,R,R,2
R,R,R,R,R,R,2
R,R,R,R,R,R,2
R,R,R,R,R,R,2
R,R,R,R,R,R,2
R,R,R,R,R,R,2
R,R,R,R,R,R,2
R,R,R,R,R,R,2
R,R,R,R,R,R,2
R,R,R,R,R,R,2
R,R,R,R,R,R,2
R,R,R,R,R,R,2
R,R,R,R,R,R,2
R,R,R,R,R,R,2
R,R,R,R,R,R,2
R,R,R,R,R,R,2
R,R,R,R,R,R,2
Y,R,R,R,R,R,2
Y,R,R,R,R,R,2
Y,Y,R,R,R,R,4.97
Y,Y,Y,Y,R,R,6.47
G,G,G,Y,Y,R,6.97
G,G,G,G,Y,Y,6.47
G,G,G,G,Y,Y,5.97
G,G,G,G,G,G,6.47
G,G,G,G,G,G,6.97
G,G,G,G,G,G,7.47
G,Y,G,G,G,G,6.97
Y,Y,Y,G,G,G,6.47
Y,Y,Y,G,G,G,5.97
Y,Y,Y,G,G,G,5.47
Y,Y,G,G,G,G,4.97
Y,Y,Y,G,G,G,4.47
Y,G,G,G,G,G,3.97
Y,G,G,G,G,G,3.47
Y,G,G,G,G,G,2.97
G,G,G,G,G,G,3.47
G,G,G,G,G,G,3.97
G,G,G,G,G,G,4.47
G,G,G,G,G,G,4.97
G,G,G,G,G,Y,4.47
G,G,G,G,G,Y,3.97
G,G,G,G,G,G,4.47
G,G,G,G,G,G,4.97
G,G,G,G,G,G,5.47
G,G,G,G,G,G,5.97
G,G,G,G,G,G,6.47
G,G,G,G,G,G,6.97
G,G,G,G,G,G,7.47
G,G,G,G,G,G,7.97
G,G,G,G,G,Y,7.47
G,G,G,G,G,Y,6.97
G,G,G,G,G,G,7.47
G,G,G,G,G,G,7.97
G,G,G,G,G,Y,7.47
G,G,G,G,G,Y,6.97
G,G,G,G,G,Y,6.47
G,G,G,G,G,G,6.97
G,G,G,G,G,G,7.47
G,G,G,G,G,Y,6.97
G,G,G,G,Y,Y,6.47
G,G,G,G,G,G,6.97
G,G,G,G,G,Y,6.47
G,G,G,G,G,G,6.97
Y,G,G,G,G,G,6.47
G,G,G,G,G,G,6.97
G,G,G,G,G,G,7.47
Y,G,G,G,G,G,6.97
Y,G,G,G,G,G,6.47
Y,G,G,G,G,G,5.97
Y,G,G,G,G,G,5.47
Y,G,G,G,G,G,4.97
Y,G,G,G,G,G,4.47
G,G,G,G,G,G,4.97
Y,G,G,G,G,G,4.47
Y,G,G,G,G,B,2.97
Y,Y,G,G,G,B,1.47
Y,Y,Y,G,G,B,0
Y,Y,G,G,G,B,0.0
Y,Y,G,G,B,B,0.0
Y,Y,G,G,B,B,0.0
Y,G,G,G,B,B,0.0
Y,Y,G,B,B,G,0.0
Y,G,G,B,B,B,0.0
Y,G,G,B,B,G,0.0
Y,G,G,B,B,G,0.0
Y,G,G,B,B,G,0.0
Y,G,G,B,B,G,0.0
G,G,G,B,B,G,0
Y,G,G,B,B,B,0.0
G,G,G,B,B,G,0
Y,G,G,B,B,B,0.0
G,G,G,B,B,G,0
Y,G,G,G,B,B,0.0
G,G,G,B,B,G,0
Y,G,G,G,B,B,0.0
G,G,G,B,B,G,0
G,G,G,G,B,B,0
Y,G,G,G,B,B,0.0
G,G,G,G,B,B,0
Y,G,G,G,B,B,0.0
G,G,G,G,B,B,0
Y,G,G,G,G,G,1.0
G,G,G,G,B,B,0
Y,G,G,G,G,G,1.0
G,G,G,G,G,B,0
Y,G,G,G,G,G,1.0
G,G,G,G,G,B,0
Y,G,G,G,G,G,1.0
G,G,G,G,G,B,0
Y,G,G,G,G,G,1.0
G,G,G,G,G,G,1.5
G,G,G,G,G,G,2.0
G,G,G,G,G,G,2.5
G,G,G,G,G,G,3.0
G,G,G,G,G,G,3.5
G,G,G,G,G,Y,3.0
G,G,G,G,G,G,3.5
G,G,G,G,G,G,4.0
G,G,G,G,G,G,4.5
G,G,G,G,G,G,5.0
G,G,G,G,G,G,5.5
G,G,G,G,G,G,6.0
G,G,G,G,G,Y,5.5
G,G,G,G,G,Y,5.0
G,G,G,G,G,Y,4.5
G,G,G,G,G,Y,4.0
G,G,G,G,G,Y,3.5
G,G,G,G,G,Y,3.0
G,G,G,G,G,G,3.5
G,G,G,G,G,Y,3.0
G,G,G,G,G,G,3.5
G,G,G,G,G,G,4.0
Y,G,G,G,G,G,3.5
G,G,G,G,G,G,4.0
G,G,G,G,G,G,4.5
G,G,G,G,G,G,5.0
G,G,G,G,G,G,5.5
G,G,G,G,G,Y,5.0
G,G,G,G,G,Y,4.5
G,G,G,G,G,G,5.0
G,B,G,G,G,G,3.0
B,G,G,Y,Y,Y,1.5
G,G,G,Y,Y,Y,1.0
B,G,G,Y,Y,Y,0
B,G,G,Y,Y,Y,0.0
B,G,G,Y,Y,Y,0.0
B,G,Y,Y,Y,Y,0.0
B,G,Y,Y,Y,Y,0.0
B,G,G,Y,Y,Y,0.0
G,G,G,Y,Y,Y,1.0
B,G,G,Y,Y,Y,0
B,G,G,G,Y,Y,0.0
B,G,G,Y,Y,Y,0.0
B,G,G,Y,Y,Y,0.0
B,G,G,Y,Y,Y,0.0
B,G,G,Y,Y,Y,0.0
G,G,G,Y,Y,Y,1.0
B,G,G,G,Y,Y,0
B,G,G,G,Y,Y,0.0
B,G,G,G,Y,Y,0.0
B,G,G,Y,Y,Y,0.0
B,G,G,Y,Y,Y,0.0
B,G,G,Y,Y,Y,0.0
B,G,Y,Y,Y,Y,0.0
B,G,G,Y,Y,Y,0.0
G,G,G,Y,Y,Y,1.0
G,G,G,G,Y,Y,0.5
G,G,G,G,Y,Y,1.0
G,G,G,G,G,Y,0.5
G,G,G,G,G,G,2.0
G,G,G,G,G,G,2.5
G,G,G,G,G,G,3.0
G,G,G,G,G,Y,2.5
G,G,G,G,G,G,3.0
G,G,G,G,G,G,3.5
G,G,G,G,G,Y,3.0
G,G,G,G,G,G,3.5
G,G,G,G,G,Y,3.0
G,G,G,G,G,Y,2.5
G,G,G,G,G,G,3.0
G,G,G,G,G,G,3.5
G,G,G,G,G,G,4.0
G,G,G,G,G,G,4.5
G,G,G,B,G,Y,3.0
G,G,B,B,B,G,1.0
G,G,B,B,B,G,0
G,G,B,B,G,Y,0.0
G,G,B,B,G,Y,0.0
G,G,B,B,B,Y,0.0
G,G,B,B,B,Y,0.0
G,G,B,B,B,Y,0.0
G,G,B,B,B,Y,0.0
G,G,B,B,B,Y,0.0
G,G,G,B,B,Y,0.0
G,G,G,B,B,B,0
G,G,G,G,B,Y,0.0
G,G,G,G,G,B,0
G,G,G,G,G,B,0
G,G,G,G,G,B,0
G,G,G,G,G,G,2.0
G,G,G,G,G,G,2.5
G,G,G,G,G,G,3.0
G,G,G,G,G,G,3.5
G,Y,Y,G,G,G,3.0
Y,Y,Y,G,G,G,2.5
Y,Y,Y,G,G,G,2.0
Y,Y,Y,G,G,G,1.5
Y,Y,Y,G,G,G,1.0
Y,Y,Y,G,G,G,0.5
Y,Y,G,G,G,G,1.0
Y,Y,G,G,G,G,0.5
Y,G,G,G,G,G,1.0
Y,G,G,G,G,B,0
Y,G,G,G,G,B,0.0
G,G,G,G,B,B,0
G,G,G,G,G,B,0
Y,G,G,G,G,B,0.0
G,G,G,G,G,B,0
Y,G,G,G,G,B,0.0
G,G,G,G,G,B,0
Y,G,G,G,G,B,0.0
G,G,G,G,G,B,0
G,G,G,G,G,B,0
Y,G,G,G,G,G,1.0
G,G,G,G,G,G,1.5
G,G,G,G,G,G,2.0
G,G,G,G,G,G,2.5
G,G,G,G,G,G,3.0
G,G,G,G,G,G,3.5
G,G,G,G,G,G,4.0
G,G,G,G,G,G,4.5
G,G,G,G,G,Y,4.0
G,G,G,G,G,Y,3.5
G,G,G,G,G,Y,3.0
G,G,G,G,G,Y,2.5
G,G,G,G,G,G,3.0
G,G,G,G,G,G,3.5
G,G,G,G,G,G,4.0
G,G,G,G,G,G,4.5
G,G,G,G,G,G,5.0
G,G,G,G,G,G,5.5
G,G,G,G,G,G,6.0
G,G,G,G,G,G,6.5
G,G,G,O,G,G,5.0
G,G,G,O,O,O,3.5
Y,G,G,O,O,O,2.0
Y,Y,G,O,O,O,0.5
Y,Y,G,O,O,O,0.0
Y,Y,G,G,O,O,0.0
Y,Y,G,G,O,O,0.0
Y,Y,Y,G,O,O,0.0
Y,Y,Y,G,G,O,0.0
Y,Y,Y,G,G,O,0.0
Y,Y,Y,G,G,O,0.0
Y,Y,Y,G,G,O,0.0
Y,Y,Y,G,G,O,0.0
Y,Y,Y,G,G,G,1.0
Y,Y,Y,G,G,O,0
Y,Y,Y,G,G,O,0.0
Y,Y,Y,G,G,G,1.0
Y,Y,Y,Y,G,O,0
Y,Y,Y,G,G,O,0.0
Y,Y,Y,G,G,O,0.0
Y,Y,Y,G,G,G,1.0
Y,Y,Y,Y,G,O,0
Y,Y,Y,Y,G,O,0.0
Y,Y,Y,G,G,O,0.0
Y,Y,Y,G,G,G,1.0
Y,Y,Y,G,G,O,0
Y,Y,Y,G,G,O,0.0
Y,Y,Y,G,G,O,0.0
Y,Y,Y,G,G,O,0.0
Y,Y,Y,G,G,O,0.0
Y,Y,Y,G,G,G,1.0
Y,Y,Y,G,G,O,0
Y,Y,Y,G,G,O,0.0
Y,Y,Y,G,G,O,0.0
Y,Y,Y,G,G,G,1.0
Y,Y,Y,G,G,O,0
Y,Y,Y,G,G,O,0.0
Y,Y,Y,G,G,G,1.0
Y,Y,G,G,G,O,0
Y,Y,G,G,G,O,0.0
Y,Y,G,G,G,O,0.0
Y,Y,G,G,G,O,0.0
Y,Y,G,G,G,G,1.0
Y,Y,G,G,G,O,0
Y,Y,G,G,G,O,0.0
Y,Y,G,G,G,O,0.0
Y,Y,G,G,G,O,0.0
Y,Y,G,G,G,G,1.0
Y,G,G,G,G,O,0
Y,G,G,G,G,O,0.0
Y,Y,G,G,G,O,0.0
Y,G,G,G,G,O,0.0
Y,G,G,G,G,O,0.0
Y,G,G,G,G,G,1.0
G,G,G,G,G,O,0
Y,G,G,G,G,G,1.0
Y,G,G,G,G,G,0.5
G,G,G,G,G,O,0.0
Y,G,G,G,G,G,1.0
Y,G,G,G,G,G,0.5
G,G,G,G,G,O,0.0
Y,G,G,G,G,G,1.0
Y,G,G,G,G,G,0.5
G,G,G,G,G,G,2.0
G,G,G,G,G,G,2.5
G,G,G,G,G,G,3.0
G,G,G,G,G,G,3.5
G,G,G,G,G,Y,3.0
G,G,G,G,G,G,3.5
G,G,G,G,G,G,4.0
Y,G,G,G,G,G,3.5
G,G,G,G,G,G,4.0
G,G,G,G,G,G,4.5
G,G,G,G,G,Y,4.0
G,G,G,G,G,G,4.5
G,G,G,G,G,G,5.0
G,G,G,G,G,G,5.5
G,G,G,G,G,G,6.0
G,G,G,G,G,G,6.5
G,G,G,G,G,G,7.0
G,G,G,G,G,Y,6.5
G,G,G,G,G,G,7.0
G,G,G,G,G,G,7.5
G,G,G,G,G,G,8.0
Y,G,G,G,G,G,7.5
Y,G,G,G,G,G,7.0
G,G,G,G,G,G,7.5
G,G,G,G,G,G,8.0
G,G,G,G,G,G,8.5
Y,G,G,G,G,G,8.0
G,G,G,G,G,G,8.5
Y,G,G,G,G,G,8.0
G,G,G,G,G,Y,7.5
G,G,G,G,G,G,8.0
G,G,G,G,G,G,8.5
G,G,G,G,G,G,9.0
G,G,G,G,G,G,9.5
G,G,G,G,G,Y,9.0
G,G,G,G,G,Y,8.5
G,G,G,G,G,G,9.0
G,G,G,G,G,Y,8.5
G,G,G,G,G,Y,8.0
G,G,G,G,G,Y,7.5
G,G,G,G,Y,Y,7.0
G,G,G,G,Y,Y,6.5
G,G,G,G,Y,Y,6.0
G,G,G,G,G,Y,5.5
G,G,G,G,G,Y,5.0
G,G,G,G,G,Y,4.5
G,G,G,G,G,G,5.0
G,G,G,G,G,G,5.5
G,G,G,G,G,G,6.0
G,G,G,G,G,G,6.5
G,G,G,G,G,G,7.0
G,G,G,G,G,G,7.5
G,G,G,G,G,G,8.0
G,G,G,G,G,Y,7.5
G,G,G,G,G,G,8.0
G,G,G,G,Y,Y,7.5
G,G,G,G,G,G,8.0
G,G,G,G,G,Y,7.5
G,G,G,G,G,G,8.0
G,G,G,G,G,Y,7.5
G,G,G,G,G,G,8.0
G,G,G,G,G,G,8.5
G,G,G,G,G,Y,8.0
G,G,G,G,G,G,8.5
G,G,G,G,G,G,9.0
G,G,G,G,B,G,7.0
G,G,G,G,G,B,5.0
Y,Y,G,G,G,G,4.5
Y,G,G,G,G,G,4.0
G,G,G,G,G,G,4.5
G,G,G,G,G,G,5.0
G,G,G,G,G,G,5.5
G,G,G,G,G,G,6.0
G,G,G,G,G,G,6.5
G,G,G,G,G,G,7.0
G,G,G,G,G,G,7.5
G,G,G,G,G,G,8.0
G,G,G,G,G,G,8.5
G,G,G,G,G,G,9.0
G,G,G,G,G,G,9.5
G,G,G,G,G,G,10.0
G,G,G,G,G,G,10
G,G,G,G,G,Y,9.5
G,G,G,G,G,G,10.0
O,O,O,G,G,G,8.5
O,G,Y,Y,Y,Y,7.0
Y,Y,Y,R,R,R,8.5
Y,R,R,R,R,R,10
R,R,R,R,R,R,2
R,R,R,R,R,R,2
R,R,R,R,R,R,2
R,R,R,R,R,R,2
R,R,R,R,R,R,2
R,R,R,R,R,R,2
R,R,R,R,R,R,2
R,R,R,R,R,R,2
R,R,R,R,R,R,2
R,R,Y,R,R,R,2
R,Y,Y,Y,R,R,2
Y,Y,Y,Y,Y,R,2
Y,Y,Y,Y,Y,R,2
Y,Y,Y,Y,Y,Y,1.93
Y,Y,Y,Y,Y,Y,0.9
Y,Y,Y,Y,Y,Y,-0.6
Y,Y,Y,Y,Y,R,3.0
Y,G,G,Y,Y,Y,3.5
G,G,G,Y,Y,Y,3.0
G,G,G,G,Y,Y,2.5
G,G,G,G,G,Y,2.0
G,G,G,G,G,G,2.5
G,G,G,G,G,G,3.0
G,G,G,G,G,G,3.5
G,G,G,G,G,G,4.0
G,G,G,G,G,G,4.5
G,G,G,G,G,G,5.0
G,G,G,G,G,G,5.5
G,G,Y,Y,G,G,6.0
G,Y,Y,Y,Y,G,5.5
Y,Y,Y,Y,Y,G,4.0
Y,Y,Y,Y,Y,G,2.5
Y,Y,Y,Y,G,G,2.0
Y,Y,Y,Y,G,G,1.5
Y,Y,Y,G,G,G,1.0
Y,Y,G,G,G,G,0.5
Y,G,G,G,G,G,1.0
Y,G,G,G,G,G,0.5
G,G,G,G,G,G,2.0
G,G,G,G,G,G,2.5
G,G,G,G,G,G,3.0
G,G,G,G,G,G,3.5
G,G,G,G,G,G,4.0
G,G,G,G,G,G,4.5
G,G,G,G,Y,Y,4.0
G,G,G,G,G,Y,3.5
G,G,G,G,G,Y,3.0
G,G,G,G,G,G,3.5
G,G,G,G,G,G,4.0
G,G,G,G,G,Y,3.5
G,G,G,G,Y,Y,3.0
G,G,G,G,G,G,3.5
G,G,G,G,G,G,4.0
G,G,G,G,G,Y,3.5
G,G,G,G,G,G,4.0
G,G,G,G,G,Y,3.5
G,G,G,G,G,Y,3.0
G,G,G,G,G,G,3.5
G,G,G,G,G,G,4.0
G,G,G,G,G,Y,3.5
G,G,G,G,G,Y,3.0
G,G,G,G,G,G,3.5
G,G,G,G,G,G,4.0
G,O,G,G,G,Y,2.5
O,O,G,G,Y,Y,1.0
O,O,G,G,Y,Y,0
O,O,G,G,Y,Y,0.0
O,O,G,G,Y,Y,0.0
O,O,G,G,Y,Y,0.0
O,O,G,G,Y,Y,0.0
O,O,G,G,Y,Y,0.0
O,O,G,G,Y,Y,0.0
O,O,G,G,Y,Y,0.0
O,O,G,Y,Y,Y,0.0
O,O,O,Y,Y,Y,0.0
O,O,O,Y,Y,Y,0.0
O,O,O,Y,Y,Y,0.0
O,O,G,Y,Y,Y,0.0
O,O,G,Y,Y,Y,0.0
O,O,G,Y,Y,Y,0.0
O,O,Y,Y,Y,Y,0.0
O,O,Y,Y,Y,Y,0.0
O,G,Y,Y,Y,Y,0.0
O,G,Y,Y,Y,Y,0.0
O,G,Y,Y,Y,Y,0.0
O,Y,Y,Y,Y,Y,-1.0
G,Y,Y,Y,Y,Y,0.0
G,Y,Y,Y,Y,Y,0.0
Y,Y,Y,Y,Y,Y,0.0
Y,Y,Y,Y,Y,Y,0.0
Y,Y,Y,Y,Y,Y,0.0
Y,Y,Y,Y,Y,Y,0.0
Y,Y,Y,Y,Y,Y,0.0
Y,Y,Y,Y,Y,Y,0.0
Y,Y,Y,Y,Y,Y,0.0
Y,Y,Y,Y,Y,Y,0.0
R,R,Y,Y,Y,G,3.0
R,R,R,Y,Y,G,4.5
R,R,R,Y,Y,Y,5.0
R,R,R,R,Y,Y,6.5
R,R,R,R,R,Y,8.0
R,R,R,R,R,R,9.5
R,R,R,R,R,R,2
R,R,R,R,R,R,2
R,R,R,R,R,R,2
R,R,R,R,R,R,2
R,R,R,R,R,R,2
R,R,R,R,R,R,2
R,R,R,R,R,R,2
R,R,R,R,R,R,2
R,R,R,R,R,R,2
R,R,R,R,R,R,2
R,R,R,R,R,R,2
R,R,R,R,R,R,2
R,R,R,R,R,R,2
R,R,R,R,R,R,2
R,R,R,R,R,R,2
R,R,R,R,R,R,2
R,R,R,R,R,R,2
R,R,R,R,R,R,2
R,R,R,R,R,R,2
R,R,R,R,R,R,2
R,R,R,R,R,R,2
R,R,R,R,R,R,2
R,R,R,R,R,R,2
R,R,R,R,R,R,2
R,R,R,R,R,R,2
R,R,R,R,R,R,2
R,R,R,R,R,R,2
R,R,R,R,R,R,2
R,R,R,R,R,R,2
R,R,R,R,R,R,2
R,R,R,R,R,R,2
R,R,R,R,R,R,2
R,R,R,R,R,R,2
R,R,R,R,R,R,2
R,R,R,R,R,R,2
R,R,R,R,R,R,2
R,R,R,R,R,R,2
R,R,R,R,R,R,2
R,R,R,R,R,R,2
R,R,R,R,R,R,2
R,R,R,R,R,R,2
R,R,R,R,R,R,2
R,R,R,R,R,R,2
R,R,R,R,R,R,2
R,R,R,R,R,R,2
R,R,R,R,R,R,2
R,R,R,R,R,R,2
R,R,R,R,R,R,2
R,R,R,R,R,R,2
R,R,R,R,R,R,2
R,R,R,R,R,R,2
R,R,R,R,R,R,2
R,R,R,R,R,R,2
R,R,R,R,R,R,2
R,R,R,R,R,R,2
R,R,R,R,R,R,2
R,R,R,R,R,R,2
R,R,R,R,R,R,2
R,R,R,R,R,R,2
R,R,R,R,R,R,2
R,R,R,R,R,R,2
R,R,R,R,R,R,2
R,R,R,R,R,R,2
R,R,R,R,R,R,2
R,R,R,R,R,R,2
R,R,R,R,R,R,2
R,R,R,R,R,R,2
R,R,R,R,R,R,2
R,R,R,R,R,R,2
R,R,R,R,R,R,2
R,R,R,R,R,R,2
R,R,R,R,R,R,2
R,R,R,R,R,R,2
R,R,R,R,R,R,2
R,R,R,R,R,R,2
R,R,R,R,R,R,2
R,R,R,R,R,R,2
R,R,R,R,R,R,2
R,R,R,R,R,R,2
R,R,R,R,R,R,2
R,R,R,R,R,R,2
R,R,R,R,R,R,2
R,R,R,R,R,R,2
R,R,R,R,R,R,2
R,R,R,R,R,R,2
R,R,R,R,R,R,2
R,R,R,R,R,R,2
R,R,R,R,R,R,2
R,R,R,R,R,R,2
R,R,R,R,R,R,2
R,R,R,R,R,R,2
R,R,R,R,R,R,2
R,R,R,R,R,R,2
R,R,R,R,R,R,2
R,R,R,R,R,R,2
R,R,R,R,R,R,2
R,R,R,R,R,R,2
R,R,R,R,R,R,2
R,R,R,R,R,R,2
R,R,R,R,R,R,2
R,R,R,R,R,R,2
R,R,R,R,R,R,2
R,R,R,R,R,R,2
R,R,R,R,R,R,2
R,R,R,R,R,R,2
R,R,R,R,R,R,2
R,R,R,R,R,R,2
R,R,R,R,R,R,2
R,R,R,R,R,R,2
R,R,R,R,R,R,2
Y,R,R,R,R,R,2
Y,R,R,R,R,R,2
Y,Y,R,R,R,R,4.97
Y,Y,Y,Y,R,R,6.47
G,G,G,Y,Y,R,6.97
G,G,G,G,Y,Y,6.47
G,G,G,G,Y,Y,5.97
G,G,G,G,G,G,6.47
G,G,G,G,G,G,6.97
G,G,G,G,G,G,7.47
G,Y,G,G,G,G,6.97
Y,Y,Y,G,G,G,6.47
Y,Y,Y,G,G,G,5.97
Y,Y,Y,G,G,G,5.47
Y,Y,G,G,G,G,4.97
Y,Y,Y,G,G,G,4.47
Y,G,G,G,G,G,3.97
Y,G,G,G,G,G,3.47
Y,G,G,G,G,G,2.97
G,G,G,G,G,G,3.47
G,G,G,G,G,G,3.97
G,G,G,G,G,G,4.47
G,G,G,G,G,G,4.97
G,G,G,G,G,Y,4.47
G,G,G,G,G,Y,3.97
G,G,G,G,G,G,4.47
G,G,G,G,G,G,4.97
G,G,G,G,G,G,5.47
G,G,G,G,G,G,5.97
G,G,G,G,G,G,6.47
G,G,G,G,G,G,6.97
G,G,G,G,G,G,7.47
G,G,G,G,G,G,7.97
G,G,G,G,G,Y,7.47
G,G,G,G,G,Y,6.97
G,G,G,G,G,G,7.47
G,G,G,G,G,G,7.97
G,G,G,G,G,Y,7.47
G,G,G,G,G,Y,6.97
G,G,G,G,G,Y,6.47
G,G,G,G,G,G,6.97
G,G,G,G,G,G,7.47
G,G,G,G,G,Y,6.97
G,G,G,G,Y,Y,6.47
G,G,G,G,G,G,6.97
G,G,G,G,G,Y,6.47
G,G,G,G,G,G,6.97
Y,G,G,G,G,G,6.47
G,G,G,G,G,G,6.97
G,G,G,G,G,G,7.47
Y,G,G,G,G,G,6.97
Y,G,G,G,G,G,6.47
Y,G,G,G,G,G,5.97
Y,G,G,G,G,G,5.47
Y,G,G,G,G,G,4.97
Y,G,G,G,G,G,4.47
G,G,G,G,G,G,4.97
Y,G,G,G,G,G,4.47
Y,G,G,G,G,B,2.97
Y,Y,G,G,G,B,1.47
Y,Y,Y,G,G,B,0
Y,Y,G,G,G,B,0.0
Y,Y,G,G,B,B,0.0
Y,Y,G,G,B,B,0.0
Y,G,G,G,B,B,0.0
Y,Y,G,B,B,G,0.0
Y,G,G,B,B,B,0.0
Y,G,G,B,B,G,0.0
Y,G,G,B,B,G,0.0
Y,G,G,B,B,G,0.0
Y,G,G,B,B,G,0.0
G,G,G,B,B,G,0
Y,G,G,B,B,B,0.0
G,G,G,B,B,G,0
Y,G,G,B,B,B,0.0
G,G,G,B,B,G,0
Y,G,G,G,B,B,0.0
G,G,G,B,B,G,0
Y,G,G,G,B,B,0.0
G,G,G,B,B,G,0
G,G,G,G,B,B,0
Y,G,G,G,B,B,0.0
G,G,G,G,B,B,0
Y,G,G,G,B,B,0.0
G,G,G,G,B,B,0
Y,G,G,G,G,G,1.0
G,G,G,G,B,B,0
Y,G,G,G,G,G,1.0
G,G,G,G,G,B,0
Y,G,G,G,G,G,1.0
G,G,G,G,G,B,0
Y,G,G,G,G,G,1.0
G,G,G,G,G,B,0
Y,G,G,G,G,G,1.0
G,G,G,G,G,G,1.5
G,G,G,G,G,G,2.0
G,G,G,G,G,G,2.5
G,G,G,G,G,G,3.0
G,G,G,G,G,G,3.5
G,G,G,G,G,Y,3.0
G,G,G,G,G,G,3.5
G,G,G,G,G,G,4.0
G,G,G,G,G,G,4.5
G,G,G,G,G,G,5.0
G,G,G,G,G,G,5.5
G,G,G,G,G,G,6.0
G,G,G,G,G,Y,5.5
G,G,G,G,G,Y,5.0
G,G,G,G,G,Y,4.5
G,G,G,G,G,Y,4.0
G,G,G,G,G,Y,3.5
G,G,G,G,G,Y,3.0
G,G,G,G,G,G,3.5
G,G,G,G,G,Y,3.0
G,G,G,G,G,G,3.5
G,G,G,G,G,G,4.0
Y,G,G,G,G,G,3.5
G,G,G,G,G,G,4.0
G,G,G,G,G,G,4.5
G,G,G,G,G,G,5.0
G,G,G,G,G,G,5.5
G,G,G,G,G,Y,5.0
G,G,G,G,G,Y,4.5
G,G,G,G,G,G,5.0
G,B,G,G,G,G,3.0
B,G,G,Y,Y,Y,1.5
G,G,G,Y,Y,Y,1.0
B,G,G,Y,Y,Y,0
B,G,G,Y,Y,Y,0.0
B,G,G,Y,Y,Y,0.0
B,G,Y,Y,Y,Y,0.0
B,G,Y,Y,Y,Y,0.0
B,G,G,Y,Y,Y,0.0
G,G,G,Y,Y,Y,1.0
B,G,G,Y,Y,Y,0
B,G,G,G,Y,Y,0.0
B,G,G,Y,Y,Y,0.0
B,G,G,Y,Y,Y,0.0
B,G,G,Y,Y,Y,0.0
B,G,G,Y,Y,Y,0.0
G,G,G,Y,Y,Y,1.0
B,G,G,G,Y,Y,0
B,G,G,G,Y,Y,0.0
B,G,G,G,Y,Y,0.0
B,G,G,Y,Y,Y,0.0
B,G,G,Y,Y,Y,0.0
B,G,G,Y,Y,Y,0.0
B,G,Y,Y,Y,Y,0.0
B,G,G,Y,Y,Y,0.0
G,G,G,Y,Y,Y,1.0
G,G,G,G,Y,Y,0.5
G,G,G,G,Y,Y,1.0
G,G,G,G,G,Y,0.5
G,G,G,G,G,G,2.0
G,G,G,G,G,G,2.5
G,G,G,G,G,G,3.0
G,G,G,G,G,Y,2.5
G,G,G,G,G,G,3.0
G,G,G,G,G,G,3.5
G,G,G,G,G,Y,3.0
G,G,G,G,G,G,3.5
G,G,G,G,G,Y,3.0
G,G,G,G,G,Y,2.5
G,G,G,G,G,G,3.0
G,G,G,G,G,G,3.5
G,G,G,G,G,G,4.0
G,G,G,G,G,G,4.5
G,G,G,B,G,Y,3.0
G,G,B,B,B,G,1.0
G,G,B,B,B,G,0
G,G,B,B,G,Y,0.0
G,G,B,B,G,Y,0.0
G,G,B,B,B,Y,0.0
G,G,B,B,B,Y,0.0
G,G,B,B,B,Y,0.0
G,G,B,B,B,Y,0.0
G,G,B,B,B,Y,0.0
G,G,G,B,B,Y,0.0
G,G,G,B,B,B,0
G,G,G,G,B,Y,0.0
G,G,G,G,G,B,0
G,G,G,G,G,B,0
G,G,G,G,G,B,0
G,G,G,G,G,G,2.0
G,G,G,G,G,G,2.5
G,G,G,G,G,G,3.0
G,G,G,G,G,G,3.5
G,Y,Y,G,G,G,3.0
Y,Y,Y,G,G,G,2.5
Y,Y,Y,G,G,G,2.0
Y,Y,Y,G,G,G,1.5
Y,Y,Y,G,G,G,1.0
Y,Y,Y,G,G,G,0.5
Y,Y,G,G,G,G,1.0
Y,Y,G,G,G,G,0.5
Y,G,G,G,G,G,1.0
Y,G,G,G,G,B,0
Y,G,G,G,G,B,0.0
G,G,G,G,B,B,0
G,G,G,G,G,B,0
Y,G,G,G,G,B,0.0
G,G,G,G,G,B,0
Y,G,G,G,G,B,0.0
G,G,G,G,G,B,0
Y,G,G,G,G,B,0.0
G,G,G,G,G,B,0
G,G,G,G,G,B,0
Y,G,G,G,G,G,1.0
G,G,G,G,G,G,1.5
G,G,G,G,G,G,2.0
G,G,G,G,G,G,2.5
G,G,G,G,G,G,3.0
G,G,G,G,G,G,3.5
G,G,G,G,G,G,4.0
G,G,G,G,G,G,4.5
G,G,G,G,G,Y,4.0
G,G,G,G,G,Y,3.5
G,G,G,G,G,Y,3.0
G,G,G,G,G,Y,2.5
G,G,G,G,G,G,3.0
G,G,G,G,G,G,3.5
G,G,G,G,G,G,4.0
G,G,G,G,G,G,4.5
G,G,G,G,G,G,5.0
G,G,G,G,G,G,5.5
G,G,G,G,G,G,6.0
G,G,G,G,G,G,6.5
G,G,G,O,G,G,5.0
G,G,G,O,O,O,3.5
Y,G,G,O,O,O,2.0
Y,Y,G,O,O,O,0.5
Y,Y,G,O,O,O,0.0
Y,Y,G,G,O,O,0.0
Y,Y,G,G,O,O,0.0
Y,Y,Y,G,O,O,0.0
Y,Y,Y,G,G,O,0.0
Y,Y,Y,G,G,O,0.0
Y,Y,Y,G,G,O,0.0
Y,Y,Y,G,G,O,0.0
Y,Y,Y,G,G,O,0.0
Y,Y,Y,G,G,G,1.0
Y,Y,Y,G,G,O,0
Y,Y,Y,G,G,O,0.0
Y,Y,Y,G,G,G,1.0
Y,Y,Y,Y,G,O,0
Y,Y,Y,G,G,O,0.0
Y,Y,Y,G,G,O,0.0
Y,Y,Y,G,G,G,1.0
Y,Y,Y,Y,G,O,0
Y,Y,Y,Y,G,O,0.0
Y,Y,Y,G,G,O,0.0
Y,Y,Y,G,G,G,1.0
Y,Y,Y,G,G,O,0
Y,Y,Y,G,G,O,0.0
Y,Y,Y,G,G,O,0.0
Y,Y,Y,G,G,O,0.0
Y,Y,Y,G,G,O,0.0
Y,Y,Y,G,G,G,1.0
Y,Y,Y,G,G,O,0
Y,Y,Y,G,G,O,0.0
Y,Y,Y,G,G,O,0.0
Y,Y,Y,G,G,G,1.0
Y,Y,Y,G,G,O,0
Y,Y,Y,G,G,O,0.0
Y,Y,Y,G,G,G,1.0
Y,Y,G,G,G,O,0
Y,Y,G,G,G,O,0.0
Y,Y,G,G,G,O,0.0
Y,Y,G,G,G,O,0.0
Y,Y,G,G,G,G,1.0
Y,Y,G,G,G,O,0
Y,Y,G,G,G,O,0.0
Y,Y,G,G,G,O,0.0
Y,Y,G,G,G,O,0.0
Y,Y,G,G,G,G,1.0
Y,G,G,G,G,O,0
Y,G,G,G,G,O,0.0
Y,Y,G,G,G,O,0.0
Y,G,G,G,G,O,0.0
Y,G,G,G,G,O,0.0
Y,G,G,G,G,G,1.0
G,G,G,G,G,O,0
Y,G,G,G,G,G,1.0
Y,G,G,G,G,G,0.5
G,G,G,G,G,O,0.0
Y,G,G,G,G,G,1.0
Y,G,G,G,G,G,0.5
G,G,G,G,G,O,0.0
Y,G,G,G,G,G,1.0
Y,G,G,G,G,G,0.5
G,G,G,G,G,G,2.0
G,G,G,G,G,G,2.5
G,G,G,G,G,G,3.0
G,G,G,G,G,G,3.5
G,G,G,G,G,Y,3.0
G,G,G,G,G,G,3.5
G,G,G,G,G,G,4.0
Y,G,G,G,G,G,3.5
G,G,G,G,G,G,4.0
G,G,G,G,G,G,4.5
G,G,G,G,G,Y,4.0
G,G,G,G,G,G,4.5
G,G,G,G,G,G,5.0
G,G,G,G,G,G,5.5
G,G,G,G,G,G,6.0
G,G,G,G,G,G,6.5
G,G,G,G,G,G,7.0
G,G,G,G,G,Y,6.5
G,G,G,G,G,G,7.0
G,G,G,G,G,G,7.5
G,G,G,G,G,G,8.0
Y,G,G,G,G,G,7.5
Y,G,G,G,G,G,7.0
G,G,G,G,G,G,7.5
G,G,G,G,G,G,8.0
G,G,G,G,G,G,8.5
Y,G,G,G,G,G,8.0
G,G,G,G,G,G,8.5
Y,G,G,G,G,G,8.0
G,G,G,G,G,Y,7.5
G,G,G,G,G,G,8.0
G,G,G,G,G,G,8.5
G,G,G,G,G,G,9.0
G,G,G,G,G,G,9.5
G,G,G,G,G,Y,9.0
G,G,G,G,G,Y,8.5
G,G,G,G,G,G,9.0
G,G,G,G,G,Y,8.5
G,G,G,G,G,Y,8.0
G,G,G,G,G,Y,7.5
G,G,G,G,Y,Y,7.0
G,G,G,G,Y,Y,6.5
G,G,G,G,Y,Y,6.0
G,G,G,G,G,Y,5.5
G,G,G,G,G,Y,5.0
G,G,G,G,G,Y,4.5
G,G,G,G,G,G,5.0
G,G,G,G,G,G,5.5
G,G,G,G,G,G,6.0
G,G,G,G,G,G,6.5
G,G,G,G,G,G,7.0
G,G,G,G,G,G,7.5
G,G,G,G,G,G,8.0
G,G,G,G,G,Y,7.5
G,G,G,G,G,G,8.0
G,G,G,G,Y,Y,7.5
G,G,G,G,G,G,8.0
G,G,G,G,G,Y,7.5
G,G,G,G,G,G,8.0
G,G,G,G,G,Y,7.5
G,G,G,G,G,G,8.0
G,G,G,G,G,G,8.5
G,G,G,G,G,Y,8.0
G,G,G,G,G,G,8.5
G,G,G,G,G,G,9.0
G,G,G,G,B,G,7.0
G,G,G,G,G,B,5.0
Y,Y,G,G,G,G,4.5
Y,G,G,G,G,G,4.0
G,G,G,G,G,G,4.5
G,G,G,G,G,G,5.0
G,G,G,G,G,G,5.5
G,G,G,G,G,G,6.0
G,G,G,G,G,G,6.5
G,G,G,G,G,G,7.0
G,G,G,G,G,G,7.5
G,G,G,G,G,G,8.0
G,G,G,G,G,G,8.5
G,G,G,G,G,G,9.0
G,G,G,G,G,G,9.5
G,G,G,G,G,G,10.0
G,G,G,G,G,G,10
G,G,G,G,G,Y,9.5
G,G,G,G,G,G,10.0
O,O,O,G,G,G,8.5
O,G,Y,Y,Y,Y,7.0
Y,Y,Y,R,R,R,8.5
Y,R,R,R,R,R,10
R,R,R,R,R,R,2
R,R,R,R,R,R,2
R,R,R,R,R,R,2
R,R,R,R,R,R,2
R,R,R,R,R,R,2
R,R,R,R,R,R,2
R,R,R,R,R,R,2
R,R,R,R,R,R,2
R,R,R,R,R,R,2
R,R,Y,R,R,R,2
R,Y,Y,Y,R,R,2
Y,Y,Y,Y,Y,R,2
Y,Y,Y,Y,Y,R,2
Y,Y,Y,Y,Y,Y,1.93
Y,Y,Y,Y,Y,Y,0.9
Y,Y,Y,Y,Y,Y,-0.6
Y,Y,Y,Y,Y,R,3.0
Y,G,G,Y,Y,Y,3.5
G,G,G,Y,Y,Y,3.0
G,G,G,G,Y,Y,2.5
G,G,G,G,G,Y,2.0
G,G,G,G,G,G,2.5
G,G,G,G,G,G,3.0
G,G,G,G,G,G,3.5
G,G,G,G,G,G,4.0
G,G,G,G,G,G,4.5
G,G,G,G,G,G,5.0
G,G,G,G,G,G,5.5
G,G,Y,Y,G,G,6.0
G,Y,Y,Y,Y,G,5.5
Y,Y,Y,Y,Y,G,4.0
Y,Y,Y,Y,Y,G,2.5
Y,Y,Y,Y,G,G,2.0
Y,Y,Y,Y,G,G,1.5
Y,Y,Y,G,G,G,1.0
Y,Y,G,G,G,G,0.5
Y,G,G,G,G,G,1.0
Y,G,G,G,G,G,0.5
G,G,G,G,G,G,2.0
G,G,G,G,G,G,2.5
G,G,G,G,G,G,3.0
G,G,G,G,G,G,3.5
G,G,G,G,G,G,4.0
G,G,G,G,G,G,4.5
G,G,G,G,Y,Y,4.0
G,G,G,G,G,Y,3.5
G,G,G,G,G,Y,3.0
G,G,G,G,G,G,3.5
G,G,G,G,G,G,4.0
G,G,G,G,G,Y,3.5
G,G,G,G,Y,Y,3.0
G,G,G,G,G,G,3.5
G,G,G,G,G,G,4.0
G,G,G,G,G,Y,3.5
G,G,G,G,G,G,4.0
G,G,G,G,G,Y,3.5
G,G,G,G,G,Y,3.0
G,G,G,G,G,G,3.5
G,G,G,G,G,G,4.0
G,G,G,G,G,Y,3.5
G,G,G,G,G,Y,3.0
G,G,G,G,G,G,3.5
G,G,G,G,G,G,4.0
G,O,G,G,G,Y,2.5
O,O,G,G,Y,Y,1.0
O,O,G,G,Y,Y,0
O,O,G,G,Y,Y,0.0
O,O,G,G,Y,Y,0.0
O,O,G,G,Y,Y,0.0
O,O,G,G,Y,Y,0.0
O,O,G,G,Y,Y,0.0
O,O,G,G,Y,Y,0.0
O,O,G,G,Y,Y,0.0
O,O,G,Y,Y,Y,0.0
O,O,O,Y,Y,Y,0.0
O,O,O,Y,Y,Y,0.0
O,O,O,Y,Y,Y,0.0
O,O,G,Y,Y,Y,0.0
O,O,G,Y,Y,Y,0.0
O,O,G,Y,Y,Y,0.0
O,O,Y,Y,Y,Y,0.0
O,O,Y,Y,Y,Y,0.0
O,G,Y,Y,Y,Y,0.0
O,G,Y,Y,Y,Y,0.0
O,G,Y,Y,Y,Y,0.0
O,Y,Y,Y,Y,Y,-1.0
G,Y,Y,Y,Y,Y,0.0
G,Y,Y,Y,Y,Y,0.0
Y,Y,Y,Y,Y,Y,0.0
Y,Y,Y,Y,Y,Y,0.0
Y,Y,Y,Y,Y,Y,0.0
Y,Y,Y,Y,Y,Y,0.0
Y,Y,Y,Y,Y,Y,0.0
Y,Y,Y,Y,Y,Y,0.0
Y,Y,Y,Y,Y,Y,0.0
Y,Y,Y,Y,Y,Y,0.0
R,R,Y,Y,Y,G,3.0
R,R,R,Y,Y,G,4.5
R,R,R,Y,Y,Y,5.0
R,R,R,R,Y,Y,6.5
R,R,R,R,R,Y,8.0
R,R,R,R,R,R,9.5
R,R,R,R,R,R,2
R,R,R,R,R,R,2
R,R,R,R,R,R,2
R,R,R,R,R,R,2
R,R,R,R,R,R,2
R,R,R,R,R,R,2
R,R,R,R,R,R,2
R,R,R,R,R,R,2
R,R,R,R,R,R,2
R,R,R,R,R,R,2
R,R,R,R,R,R,2
R,R,R,R,R,R,2
R,R,R,R,R,R,2
R,R,R,R,R,R,2
R,R,R,R,R,R,2
R,R,R,R,R,R,2
R,R,R,R,R,R,2
R,R,R,R,R,R,2
R,R,R,R,R,R,2
R,R,R,R,R,R,2
R,R,R,R,R,R,2
R,R,R,R,R,R,2
R,R,R,R,R,R,2
R,R,R,R,R,R,2
R,R,R,R,R,R,2
R,R,R,R,R,R,2
R,R,R,R,R,R,2
R,R,R,R,R,R,2
R,R,R,R,R,R,2
R,R,R,R,R,R,2
R,R,R,R,R,R,2
R,R,R,R,R,R,2
R,R,R,R,R,R,2
R,R,R,R,R,R,2
R,R,R,R,R,R,2
R,R,R,R,R,R,2
R,R,R,R,R,R,2
R,R,R,R,R,R,2
R,R,R,R,R,R,2
R,R,R,R,R,R,2
R,R,R,R,R,R,2
R,R,R,R,R,R,2
R,R,R,R,R,R,2
R,R,R,R,R,R,2
R,R,R,R,R,R,2
R,R,R,R,R,R,2
R,R,R,R,R,R,2
R,R,R,R,R,R,2
R,R,R,R,R,R,2
R,R,R,R,R,R,2
R,R,R,R,R,R,2
R,R,R,R,R,R,2
R,R,R,R,R,R,2
R,R,R,R,R,R,2
R,R,R,R,R,R,2
R,R,R,R,R,R,2
R,R,R,R,R,R,2
R,R,R,R,R,R,2
R,R,R,R,R,R,2
R,R,R,R,R,R,2
R,R,R,R,R,R,2
R,R,R,R,R,R,2
R,R,R,R,R,R,2
R,R,R,R,R,R,2
R,R,R,R,R,R,2
R,R,R,R,R,R,2
R,R,R,R,R,R,2
R,R,R,R,R,R,2
R,R,R,R,R,R,2
R,R,R,R,R,R,2
R,R,R,R,R,R,2
R,R,R,R,R,R,2
R,R,R,R,R,R,2
R,R,R,R,R,R,2
R,R,R,R,R,R,2
R,R,R,R,R,R,2
R,R,R,R,R,R,2
R,R,R,R,R,R,2
R,R,R,R,R,R,2
R,R,R,R,R,R,2
R,R,R,R,R,R,2
R,R,R,R,R,R,2
R,R,R,R,R,R,2
R,R,R,R,R,R,2
R,R,R,R,R,R,2
R,R,R,R,R,R,2
R,R,R,R,R,R,2
R,R,R,R,R,R,2
R,R,R,R,R,R,2
R,R,R,R,R,R,2
R,R,R,R,R,R,2
R,R,R,R,R,R,2
R,R,R,R,R,R,2
R,R,R,R,R,R,2
R,R,R,R,R,R,2
R,R,R,R,R,R,2
R,R,R,R,R,R,2
R,R,R,R,R,R,2
R,R,R,R,R,R,2
R,R,R,R,R,R,2
R,R,R,R,R,R,2
R,R,R,R,R,R,2
R,R,R,R,R,R,2
R,R,R,R,R,R,2
R,R,R,R,R,R,2
R,R,R,R,R,R,2
R,R,R,R,R,R,2
R,R,R,R,R,R,2
R,R,R,R,R,R,2
R,R,R,R,R,R,2
Y,R,R,R,R,R,2
Y,R,R,R,R,R,2
Y,Y,R,R,R,R,4.97
Y,Y,Y,Y,R,R,6.47
G,G,G,Y,Y,R,6.97
G,G,G,G,Y,Y,6.47
G,G,G,G,Y,Y,5.97
G,G,G,G,G,G,6.47
G,G,G,G,G,G,6.97
G,G,G,G,G,G,7.47
G,Y,G,G,G,G,6.97
Y,Y,Y,G,G,G,6.47
Y,Y,Y,G,G,G,5.97
Y,Y,Y,G,G,G,5.47
Y,Y,G,G,G,G,4.97
Y,Y,Y,G,G,G,4.47
Y,G,G,G,G,G,3.97
Y,G,G,G,G,G,3.47
Y,G,G,G,G,G,2.97
G,G,G,G,G,G,3.47
G,G,G,G,G,G,3.97
G,G,G,G,G,G,4.47
G,G,G,G,G,G,4.97
G,G,G,G,G,Y,4.47
G,G,G,G,G,Y,3.97
G,G,G,G,G,G,4.47
G,G,G,G,G,G,4.97
G,G,G,G,G,G,5.47
G,G,G,G,G,G,5.97
G,G,G,G,G,G,6.47
G,G,G,G,G,G,6.97
G,G,G,G,G,G,7.47
G,G,G,G,G,G,7.97
G,G,G,G,G,Y,7.47
G,G,G,G,G,Y,6.97
G,G,G,G,G,G,7.47
G,G,G,G,G,G,7.97
G,G,G,G,G,Y,7.47
G,G,G,G,G,Y,6.97
G,G,G,G,G,Y,6.47
G,G,G,G,G,G,6.97
G,G,G,G,G,G,7.47
G,G,G,G,G,Y,6.97
G,G,G,G,Y,Y,6.47
G,G,G,G,G,G,6.97
G,G,G,G,G,Y,6.47
G,G,G,G,G,G,6.97
Y,G,G,G,G,G,6.47
G,G,G,G,G,G,6.97
G,G,G,G,G,G,7.47
Y,G,G,G,G,G,6.97
Y,G,G,G,G,G,6.47
Y,G,G,G,G,G,5.97
Y,G,G,G,G,G,5.47
Y,G,G,G,G,G,4.97
Y,G,G,G,G,G,4.47
G,G,G,G,G,G,4.97
Y,G,G,G,G,G,4.47
Y,G,G,G,G,B,2.97
Y,Y,G,G,G,B,1.47
Y,Y,Y,G,G,B,0
Y,Y,G,G,G,B,0.0
Y,Y,G,G,B,B,0.0
Y,Y,G,G,B,B,0.0
Y,G,G,G,B,B,0.0
Y,Y,G,B,B,G,0.0
Y,G,G,B,B,B,0.0
Y,G,G,B,B,G,0.0
Y,G,G,B,B,G,0.0
Y,G,G,B,B,G,0.0
Y,G,G,B,B,G,0.0
G,G,G,B,B,G,0
Y,G,G,B,B,B,0.0
G,G,G,B,B,G,0
Y,G,G,B,B,B,0.0
G,G,G,B,B,G,0
Y,G,G,G,B,B,0.0
G,G,G,B,B,G,0
Y,G,G,G,B,B,0.0
G,G,G,B,B,G,0
G,G,G,G,B,B,0
Y,G,G,G,B,B,0.0
G,G,G,G,B,B,0
Y,G,G,G,B,B,0.0
G,G,G,G,B,B,0
Y,G,G,G,G,G,1.0
G,G,G,G,B,B,0
Y,G,G,G,G,G,1.0
G,G,G,G,G,B,0
Y,G,G,G,G,G,1.0
G,G,G,G,G,B,0
Y,G,G,G,G,G,1.0
G,G,G,G,G,B,0
Y,G,G,G,G,G,1.0
G,G,G,G,G,G,1.5
G,G,G,G,G,G,2.0
G,G,G,G,G,G,2.5
G,G,G,G,G,G,3.0
G,G,G,G,G,G,3.5
G,G,G,G,G,Y,3.0
G,G,G,G,G,G,3.5
G,G,G,G,G,G,4.0
G,G,G,G,G,G,4.5
G,G,G,G,G,G,5.0
G,G,G,G,G,G,5.5
G,G,G,G,G,G,6.0
G,G,G,G,G,Y,5.5
G,G,G,G,G,Y,5.0
G,G,G,G,G,Y,4.5
G,G,G,G,G,Y,4.0
G,G,G,G,G,Y,3.5
G,G,G,G,G,Y,3.0
G,G,G,G,G,G,3.5
G,G,G,G,G,Y,3.0
G,G,G,G,G,G,3.5
G,G,G,G,G,G,4.0
Y,G,G,G,G,G,3.5
G,G,G,G,G,G,4.0
G,G,G,G,G,G,4.5
G,G,G,G,G,G,5.0
G,G,G,G,G,G,5.5
G,G,G,G,G,Y,5.0
G,G,G,G,G,Y,4.5
G,G,G,G,G,G,5.0
G,B,G,G,G,G,3.0
B,G,G,Y,Y,Y,1.5
G,G,G,Y,Y,Y,1.0
B,G,G,Y,Y,Y,0
B,G,G,Y,Y,Y,0.0
B,G,G,Y,Y,Y,0.0
B,G,Y,Y,Y,Y,0.0
B,G,Y,Y,Y,Y,0.0
B,G,G,Y,Y,Y,0.0
G,G,G,Y,Y,Y,1.0
B,G,G,Y,Y,Y,0
B,G,G,G,Y,Y,0.0
B,G,G,Y,Y,Y,0.0
B,G,G,Y,Y,Y,0.0
B,G,G,Y,Y,Y,0.0
B,G,G,Y,Y,Y,0.0
G,G,G,Y,Y,Y,1.0
B,G,G,G,Y,Y,0
B,G,G,G,Y,Y,0.0
B,G,G,G,Y,Y,0.0
B,G,G,Y,Y,Y,0.0
B,G,G,Y,Y,Y,0.0
B,G,G,Y,Y,Y,0.0
B,G,Y,Y,Y,Y,0.0
B,G,G,Y,Y,Y,0.0
G,G,G,Y,Y,Y,1.0
G,G,G,G,Y,Y,0.5
G,G,G,G,Y,Y,1.0
G,G,G,G,G,Y,0.5
G,G,G,G,G,G,2.0
G,G,G,G,G,G,2.5
G,G,G,G,G,G,3.0
G,G,G,G,G,Y,2.5
G,G,G,G,G,G,3.0
G,G,G,G,G,G,3.5
G,G,G,G,G,Y,3.0
G,G,G,G,G,G,3.5
G,G,G,G,G,Y,3.0
G,G,G,G,G,Y,2.5
G,G,G,G,G,G,3.0
G,G,G,G,G,G,3.5
G,G,G,G,G,G,4.0
G,G,G,G,G,G,4.5
G,G,G,B,G,Y,3.0
G,G,B,B,B,G,1.0
G,G,B,B,B,G,0
G,G,B,B,G,Y,0.0
G,G,B,B,G,Y,0.0
G,G,B,B,B,Y,0.0
G,G,B,B,B,Y,0.0
G,G,B,B,B,Y,0.0
G,G,B,B,B,Y,0.0
G,G,B,B,B,Y,0.0
G,G,G,B,B,Y,0.0
G,G,G,B,B,B,0
G,G,G,G,B,Y,0.0
G,G,G,G,G,B,0
G,G,G,G,G,B,0
G,G,G,G,G,B,0
G,G,G,G,G,G,2.0
G,G,G,G,G,G,2.5
G,G,G,G,G,G,3.0
G,G,G,G,G,G,3.5
G,Y,Y,G,G,G,3.0
Y,Y,Y,G,G,G,2.5
Y,Y,Y,G,G,G,2.0
Y,Y,Y,G,G,G,1.5
Y,Y,Y,G,G,G,1.0
Y,Y,Y,G,G,G,0.5
Y,Y,G,G,G,G,1.0
Y,Y,G,G,G,G,0.5
Y,G,G,G,G,G,1.0
Y,G,G,G,G,B,0
Y,G,G,G,G,B,0.0
G,G,G,G,B,B,0
G,G,G,G,G,B,0
Y,G,G,G,G,B,0.0
G,G,G,G,G,B,0
Y,G,G,G,G,B,0.0
G,G,G,G,G,B,0
Y,G,G,G,G,B,0.0
G,G,G,G,G,B,0
G,G,G,G,G,B,0
Y,G,G,G,G,G,1.0
G,G,G,G,G,G,1.5
G,G,G,G,G,G,2.0
G,G,G,G,G,G,2.5
G,G,G,G,G,G,3.0
G,G,G,G,G,G,3.5
G,G,G,G,G,G,4.0
G,G,G,G,G,G,4.5
G,G,G,G,G,Y,4.0
G,G,G,G,G,Y,3.5
G,G,G,G,G,Y,3.0
G,G,G,G,G,Y,2.5
G,G,G,G,G,G,3.0
G,G,G,G,G,G,3.5
G,G,G,G,G,G,4.0
G,G,G,G,G,G,4.5
G,G,G,G,G,G,5.0
G,G,G,G,G,G,5.5
G,G,G,G,G,G,6.0
G,G,G,G,G,G,6.5
G,G,G,O,G,G,5.0
G,G,G,O,O,O,3.5
Y,G,G,O,O,O,2.0
Y,Y,G,O,O,O,0.5
Y,Y,G,O,O,O,0.0
Y,Y,G,G,O,O,0.0
Y,Y,G,G,O,O,0.0
Y,Y,Y,G,O,O,0.0
Y,Y,Y,G,G,O,0.0
Y,Y,Y,G,G,O,0.0
Y,Y,Y,G,G,O,0.0
Y,Y,Y,G,G,O,0.0
Y,Y,Y,G,G,O,0.0
Y,Y,Y,G,G,G,1.0
Y,Y,Y,G,G,O,0
Y,Y,Y,G,G,O,0.0
Y,Y,Y,G,G,G,1.0
Y,Y,Y,Y,G,O,0
Y,Y,Y,G,G,O,0.0
Y,Y,Y,G,G,O,0.0
Y,Y,Y,G,G,G,1.0
Y,Y,Y,Y,G,O,0
Y,Y,Y,Y,G,O,0.0
Y,Y,Y,G,G,O,0.0
Y,Y,Y,G,G,G,1.0
Y,Y,Y,G,G,O,0
Y,Y,Y,G,G,O,0.0
Y,Y,Y,G,G,O,0.0
Y,Y,Y,G,G,O,0.0
Y,Y,Y,G,G,O,0.0
Y,Y,Y,G,G,G,1.0
Y,Y,Y,G,G,O,0
Y,Y,Y,G,G,O,0.0
Y,Y,Y,G,G,O,0.0
Y,Y,Y,G,G,G,1.0
Y,Y,Y,G,G,O,0
Y,Y,Y,G,G,O,0.0
Y,Y,Y,G,G,G,1.0
Y,Y,G,G,G,O,0
Y,Y,G,G,G,O,0.0
Y,Y,G,G,G,O,0.0
Y,Y,G,G,G,O,0.0
Y,Y,G,G,G,G,1.0
Y,Y,G,G,G,O,0
Y,Y,G,G,G,O,0.0
Y,Y,G,G,G,O,0.0
Y,Y,G,G,G,O,0.0
Y,Y,G,G,G,G,1.0
Y,G,G,G,G,O,0
Y,G,G,G,G,O,0.0
Y,Y,G,G,G,O,0.0
Y,G,G,G,G,O,0.0
Y,G,G,G,G,O,0.0
Y,G,G,G,G,G,1.0
G,G,G,G,G,O,0
Y,G,G,G,G,G,1.0
Y,G,G,G,G,G,0.5
G,G,G,G,G,O,0.0
Y,G,G,G,G,G,1.0
Y,G,G,G,G,G,0.5
G,G,G,G,G,O,0.0
Y,G,G,G,G,G,1.0
Y,G,G,G,G,G,0.5
G,G,G,G,G,G,2.0
G,G,G,G,G,G,2.5
G,G,G,G,G,G,3.0
G,G,G,G,G,G,3.5
G,G,G,G,G,Y,3.0
G,G,G,G,G,G,3.5
G,G,G,G,G,G,4.0
Y,G,G,G,G,G,3.5
G,G,G,G,G,G,4.0
G,G,G,G,G,G,4.5
G,G,G,G,G,Y,4.0
G,G,G,G,G,G,4.5
G,G,G,G,G,G,5.0
G,G,G,G,G,G,5.5
G,G,G,G,G,G,6.0
G,G,G,G,G,G,6.5
G,G,G,G,G,G,7.0
G,G,G,G,G,Y,6.5
G,G,G,G,G,G,7.0
G,G,G,G,G,G,7.5
G,G,G,G,G,G,8.0
Y,G,G,G,G,G,7.5
Y,G,G,G,G,G,7.0
G,G,G,G,G,G,7.5
G,G,G,G,G,G,8.0
G,G,G,G,G,G,8.5
Y,G,G,G,G,G,8.0
G,G,G,G,G,G,8.5
Y,G,G,G,G,G,8.0
G,G,G,G,G,Y,7.5
G,G,G,G,G,G,8.0
G,G,G,G,G,G,8.5
G,G,G,G,G,G,9.0
G,G,G,G,G,G,9.5
G,G,G,G,G,Y,9.0
G,G,G,G,G,Y,8.5
G,G,G,G,G,G,9.0
G,G,G,G,G,Y,8.5
G,G,G,G,G,Y,8.0
G,G,G,G,G,Y,7.5
G,G,G,G,Y,Y,7.0
G,G,G,G,Y,Y,6.5
G,G,G,G,Y,Y,6.0
G,G,G,G,G,Y,5.5
G,G,G,G,G,Y,5.0
G,G,G,G,G,Y,4.5
G,G,G,G,G,G,5.0
G,G,G,G,G,G,5.5
G,G,G,G,G,G,6.0
G,G,G,G,G,G,6.5
G,G,G,G,G,G,7.0
G,G,G,G,G,G,7.5
G,G,G,G,G,G,8.0
G,G,G,G,G,Y,7.5
G,G,G,G,G,G,8.0
G,G,G,G,Y,Y,7.5
G,G,G,G,G,G,8.0
G,G,G,G,G,Y,7.5
G,G,G,G,G,G,8.0
G,G,G,G,G,Y,7.5
G,G,G,G,G,G,8.0
G,G,G,G,G,G,8.5
G,G,G,G,G,Y,8.0
G,G,G,G,G,G,8.5
G,G,G,G,G,G,9.0
G,G,G,G,B,G,7.0
G,G,G,G,G,B,5.0
Y,Y,G,G,G,G,4.5
Y,G,G,G,G,G,4.0
G,G,G,G,G,G,4.5
G,G,G,G,G,G,5.0
G,G,G,G,G,G,5.5
G,G,G,G,G,G,6.0
G,G,G,G,G,G,6.5
G,G,G,G,G,G,7.0
G,G,G,G,G,G,7.5
G,G,G,G,G,G,8.0
G,G,G,G,G,G,8.5
G,G,G,G,G,G,9.0
G,G,G,G,G,G,9.5
G,G,G,G,G,G,10.0
G,G,G,G,G,G,10
G,G,G,G,G,Y,9.5
G,G,G,G,G,G,10.0
O,O,O,G,G,G,8.5
O,G,Y,Y,Y,Y,7.0
Y,Y,Y,R,R,R,8.5
Y,R,R,R,R,R,10
R,R,R,R,R,R,2
R,R,R,R,R,R,2
R,R,R,R,R,R,2
R,R,R,R,R,R,2
R,R,R,R,R,R,2
R,R,R,R,R,R,2
R,R,R,R,R,R,2
R,R,R,R,R,R,2
R,R,R,R,R,R,2
R,R,Y,R,R,R,2
R,Y,Y,Y,R,R,2
Y,Y,Y,Y,Y,R,2
Y,Y,Y,Y,Y,R,2
Y,Y,Y,Y,Y,Y,1.93
Y,Y,Y,Y,Y,Y,0.9
Y,Y,Y,Y,Y,Y,-0.6
Y,Y,Y,Y,Y,R,3.0
Y,G,G,Y,Y,Y,3.5
G,G,G,Y,Y,Y,3.0
G,G,G,G,Y,Y,2.5
G,G,G,G,G,Y,2.0
G,G,G,G,G,G,2.5
G,G,G,G,G,G,3.0
G,G,G,G,G,G,3.5
G,G,G,G,G,G,4.0
G,G,G,G,G,G,4.5
G,G,G,G,G,G,5.0
G,G,G,G,G,G,5.5
G,G,Y,Y,G,G,6.0
G,Y,Y,Y,Y,G,5.5
Y,Y,Y,Y,Y,G,4.0
Y,Y,Y,Y,Y,G,2.5
Y,Y,Y,Y,G,G,2.0
Y,Y,Y,Y,G,G,1.5
Y,Y,Y,G,G,G,1.0
Y,Y,G,G,G,G,0.5
Y,G,G,G,G,G,1.0
Y,G,G,G,G,G,0.5
G,G,G,G,G,G,2.0
G,G,G,G,G,G,2.5
G,G,G,G,G,G,3.0
G,G,G,G,G,G,3.5
G,G,G,G,G,G,4.0
G,G,G,G,G,G,4.5
G,G,G,G,Y,Y,4.0
G,G,G,G,G,Y,3.5
G,G,G,G,G,Y,3.0
G,G,G,G,G,G,3.5
G,G,G,G,G,G,4.0
G,G,G,G,G,Y,3.5
G,G,G,G,Y,Y,3.0
G,G,G,G,G,G,3.5
G,G,G,G,G,G,4.0
G,G,G,G,G,Y,3.5
G,G,G,G,G,G,4.0
G,G,G,G,G,Y,3.5
G,G,G,G,G,Y,3.0
G,G,G,G,G,G,3.5
G,G,G,G,G,G,4.0
G,G,G,G,G,Y,3.5
G,G,G,G,G,Y,3.0
G,G,G,G,G,G,3.5
G,G,G,G,G,G,4.0
G,O,G,G,G,Y,2.5
O,O,G,G,Y,Y,1.0
O,O,G,G,Y,Y,0
O,O,G,G,Y,Y,0.0
O,O,G,G,Y,Y,0.0
O,O,G,G,Y,Y,0.0
O,O,G,G,Y,Y,0.0
O,O,G,G,Y,Y,0.0
O,O,G,G,Y,Y,0.0
O,O,G,G,Y,Y,0.0
O,O,G,Y,Y,Y,0.0
O,O,O,Y,Y,Y,0.0
O,O,O,Y,Y,Y,0.0
O,O,O,Y,Y,Y,0.0
O,O,G,Y,Y,Y,0.0
O,O,G,Y,Y,Y,0.0
O,O,G,Y,Y,Y,0.0
O,O,Y,Y,Y,Y,0.0
O,O,Y,Y,Y,Y,0.0
O,G,Y,Y,Y,Y,0.0
O,G,Y,Y,Y,Y,0.0
O,G,Y,Y,Y,Y,0.0
O,Y,Y,Y,Y,Y,-1.0
G,Y,Y,Y,Y,Y,0.0
G,Y,Y,Y,Y,Y,0.0
Y,Y,Y,Y,Y,Y,0.0
Y,Y,Y,Y,Y,Y,0.0
Y,Y,Y,Y,Y,Y,0.0
Y,Y,Y,Y,Y,Y,0.0
Y,Y,Y,Y,Y,Y,0.0
Y,Y,Y,Y,Y,Y,0.0
Y,Y,Y,Y,Y,Y,0.0
Y,Y,Y,Y,Y,Y,0.0
R,R,Y,Y,Y,G,3.0
R,R,R,Y,Y,G,4.5
R,R,R,Y,Y,Y,5.0
R,R,R,R,Y,Y,6.5
R,R,R,R,R,Y,8.0
R,R,R,R,R,R,9.5
R,R,R,R,R,R,2
R,R,R,R,R,R,2
R,R,R,R,R,R,2
R,R,R,R,R,R,2
R,R,R,R,R,R,2
R,R,R,R,R,R,2
R,R,R,R,R,R,2
R,R,R,R,R,R,2
R,R,R,R,R,R,2
R,R,R,R,R,R,2
R,R,R,R,R,R,2
R,R,R,R,R,R,2
R,R,R,R,R,R,2
R,R,R,R,R,R,2
R,R,R,R,R,R,2
R,R,R,R,R,R,2
R,R,R,R,R,R,2
R,R,R,R,R,R,2
R,R,R,R,R,R,2
R,R,R,R,R,R,2
R,R,R,R,R,R,2
R,R,R,R,R,R,2
R,R,R,R,R,R,2
R,R,R,R,R,R,2
R,R,R,R,R,R,2
R,R,R,R,R,R,2
R,R,R,R,R,R,2
R,R,R,R,R,R,2
R,R,R,R,R,R,2
R,R,R,R,R,R,2
R,R,R,R,R,R,2
R,R,R,R,R,R,2
R,R,R,R,R,R,2
R,R,R,R,R,R,2
R,R,R,R,R,R,2
R,R,R,R,R,R,2
R,R,R,R,R,R,2
R,R,R,R,R,R,2
R,R,R,R,R,R,2
R,R,R,R,R,R,2
R,R,R,R,R,R,2
R,R,R,R,R,R,2
R,R,R,R,R,R,2
R,R,R,R,R,R,2
R,R,R,R,R,R,2
R,R,R,R,R,R,2
R,R,R,R,R,R,2
R,R,R,R,R,R,2
R,R,R,R,R,R,2
R,R,R,R,R,R,2
R,R,R,R,R,R,2
R,R,R,R,R,R,2
R,R,R,R,R,R,2
R,R,R,R,R,R,2
R,R,R,R,R,R,2
R,R,R,R,R,R,2
R,R,R,R,R,R,2
R,R,R,R,R,R,2
R,R,R,R,R,R,2
R,R,R,R,R,R,2
R,R,R,R,R,R,2
R,R,R,R,R,R,2
R,R,R,R,R,R,2
R,R,R,R,R,R,2
R,R,R,R,R,R,2
R,R,R,R,R,R,2
R,R,R,R,R,R,2
R,R,R,R,R,R,2
R,R,R,R,R,R,2
R,R,R,R,R,R,2
R,R,R,R,R,R,2
R,R,R,R,R,R,2
R,R,R,R,R,R,2
R,R,R,R,R,R,2
R,R,R,R,R,R,2
R,R,R,R,R,R,2
R,R,R,R,R,R,2
R,R,R,R,R,R,2
R,R,R,R,R,R,2
R,R,R,R,R,R,2
R,R,R,R,R,R,2
R,R,R,R,R,R,2
R,R,R,R,R,R,2
R,R,R,R,R,R,2
R,R,R,R,R,R,2
R,R,R,R,R,R,2
R,R,R,R,R,R,2
R,R,R,R,R,R,2
R,R,R,R,R,R,2
R,R,R,R,R,R,2
R,R,R,R,R,R,2
R,R,R,R,R,R,2
R,R,R,R,R,R,2
R,R,R,R,R,R,2
R,R,R,R,R,R,2
R,R,R,R,R,R,2
R,R,R,R,R,R,2
R,R,R,R,R,R,2
R,R,R,R,R,R,2
R,R,R,R,R,R,2
R,R,R,R,R,R,2
R,R,R,R,R,R,2
R,R,R,R,R,R,2
R,R,R,R,R,R,2
R,R,R,R,R,R,2
R,R,R,R,R,R,2
R,R,R,R,R,R,2
R,R,R,R,R,R,2
R,R,R,R,R,R,2
R,R,R,R,R,R,2
Y,R,R,R,R,R,2
Y,R,R,R,R,R,2
Y,Y,R,R,R,R,4.97
Y,Y,Y,Y,R,R,6.47
G,G,G,Y,Y,R,6.97
G,G,G,G,Y,Y,6.47
G,G,G,G,Y,Y,5.97
G,G,G,G,G,G,6.47
G,G,G,G,G,G,6.97
G,G,G,G,G,G,7.47
G,Y,G,G,G,G,6.97
Y,Y,Y,G,G,G,6.47
Y,Y,Y,G,G,G,5.97
Y,Y,Y,G,G,G,5.47
Y,Y,G,G,G,G,4.97
Y,Y,Y,G,G,G,4.47
Y,G,G,G,G,G,3.97
Y,G,G,G,G,G,3.47
Y,G,G,G,G,G,2.97
G,G,G,G,G,G,3.47
G,G,G,G,G,G,3.97
G,G,G,G,G,G,4.47
G,G,G,G,G,G,4.97
G,G,G,G,G,Y,4.47
G,G,G,G,G,Y,3.97
G,G,G,G,G,G,4.47
G,G,G,G,G,G,4.97
G,G,G,G,G,G,5.47
G,G,G,G,G,G,5.97
G,G,G,G,G,G,6.47
G,G,G,G,G,G,6.97
G,G,G,G,G,G,7.47
G,G,G,G,G,G,7.97
G,G,G,G,G,Y,7.47
G,G,G,G,G,Y,6.97
G,G,G,G,G,G,7.47
G,G,G,G,G,G,7.97
G,G,G,G,G,Y,7.47
G,G,G,G,G,Y,6.97
G,G,G,G,G,Y,6.47
G,G,G,G,G,G,6.97
G,G,G,G,G,G,7.47
G,G,G,G,G,Y,6.97
G,G,G,G,Y,Y,6.47
G,G,G,G,G,G,6.97
G,G,G,G,G,Y,6.47
G,G,G,G,G,G,6.97
Y,G,G,G,G,G,6.47
G,G,G,G,G,G,6.97
G,G,G,G,G,G,7.47
Y,G,G,G,G,G,6.97
Y,G,G,G,G,G,6.47
Y,G,G,G,G,G,5.97
Y,G,G,G,G,G,5.47
Y,G,G,G,G,G,4.97
Y,G,G,G,G,G,4.47
G,G,G,G,G,G,4.97
Y,G,G,G,G,G,4.47
Y,G,G,G,G,B,2.97
Y,Y,G,G,G,B,1.47
Y,Y,Y,G,G,B,0
Y,Y,G,G,G,B,0.0
Y,Y,G,G,B,B,0.0
Y,Y,G,G,B,B,0.0
Y,G,G,G,B,B,0.0
Y,Y,G,B,B,G,0.0
Y,G,G,B,B,B,0.0
Y,G,G,B,B,G,0.0
Y,G,G,B,B,G,0.0
Y,G,G,B,B,G,0.0
Y,G,G,B,B,G,0.0
G,G,G,B,B,G,0
Y,G,G,B,B,B,0.0
G,G,G,B,B,G,0
Y,G,G,B,B,B,0.0
G,G,G,B,B,G,0
Y,G,G,G,B,B,0.0
G,G,G,B,B,G,0
Y,G,G,G,B,B,0.0
G,G,G,B,B,G,0
G,G,G,G,B,B,0
Y,G,G,G,B,B,0.0
G,G,G,G,B,B,0
Y,G,G,G,B,B,0.0
G,G,G,G,B,B,0
Y,G,G,G,G,G,1.0
G,G,G,G,B,B,0
Y,G,G,G,G,G,1.0
G,G,G,G,G,B,0
Y,G,G,G,G,G,1.0
G,G,G,G,G,B,0
Y,G,G,G,G,G,1.0
G,G,G,G,G,B,0
Y,G,G,G,G,G,1.0
G,G,G,G,G,G,1.5
G,G,G,G,G,G,2.0
G,G,G,G,G,G,2.5
G,G,G,G,G,G,3.0
G,G,G,G,G,G,3.5
G,G,G,G,G,Y,3.0
G,G,G,G,G,G,3.5
G,G,G,G,G,G,4.0
G,G,G,G,G,G,4.5
G,G,G,G,G,G,5.0
G,G,G,G,G,G,5.5
G,G,G,G,G,G,6.0
G,G,G,G,G,Y,5.5
G,G,G,G,G,Y,5.0
G,G,G,G,G,Y,4.5
G,G,G,G,G,Y,4.0
G,G,G,G,G,Y,3.5
G,G,G,G,G,Y,3.0
G,G,G,G,G,G,3.5
G,G,G,G,G,Y,3.0
G,G,G,G,G,G,3.5
G,G,G,G,G,G,4.0
Y,G,G,G,G,G,3.5
G,G,G,G,G,G,4.0
G,G,G,G,G,G,4.5
G,G,G,G,G,G,5.0
G,G,G,G,G,G,5.5
G,G,G,G,G,Y,5.0
G,G,G,G,G,Y,4.5
G,G,G,G,G,G,5.0
G,B,G,G,G,G,3.0
B,G,G,Y,Y,Y,1.5
G,G,G,Y,Y,Y,1.0
B,G,G,Y,Y,Y,0
B,G,G,Y,Y,Y,0.0
B,G,G,Y,Y,Y,0.0
B,G,Y,Y,Y,Y,0.0
B,G,Y,Y,Y,Y,0.0
B,G,G,Y,Y,Y,0.0
G,G,G,Y,Y,Y,1.0
B,G,G,Y,Y,Y,0
B,G,G,G,Y,Y,0.0
B,G,G,Y,Y,Y,0.0
B,G,G,Y,Y,Y,0.0
B,G,G,Y,Y,Y,0.0
B,G,G,Y,Y,Y,0.0
G,G,G,Y,Y,Y,1.0
B,G,G,G,Y,Y,0
B,G,G,G,Y,Y,0.0
B,G,G,G,Y,Y,0.0
B,G,G,Y,Y,Y,0.0
B,G,G,Y,Y,Y,0.0
B,G,G,Y,Y,Y,0.0
B,G,Y,Y,Y,Y,0.0
B,G,G,Y,Y,Y,0.0
G,G,G,Y,Y,Y,1.0
G,G,G,G,Y,Y,0.5
G,G,G,G,Y,Y,1.0
G,G,G,G,G,Y,0.5
G,G,G,G,G,G,2.0
G,G,G,G,G,G,2.5
G,G,G,G,G,G,3.0
G,G,G,G,G,Y,2.5
G,G,G,G,G,G,3.0
G,G,G,G,G,G,3.5
G,G,G,G,G,Y,3.0
G,G,G,G,G,G,3.5
G,G,G,G,G,Y,3.0
G,G,G,G,G,Y,2.5
G,G,G,G,G,G,3.0
G,G,G,G,G,G,3.5
G,G,G,G,G,G,4.0
G,G,G,G,G,G,4.5
G,G,G,B,G,Y,3.0
G,G,B,B,B,G,1.0
G,G,B,B,B,G,0
G,G,B,B,G,Y,0.0
G,G,B,B,G,Y,0.0
G,G,B,B,B,Y,0.0
G,G,B,B,B,Y,0.0
G,G,B,B,B,Y,0.0
G,G,B,B,B,Y,0.0
G,G,B,B,B,Y,0.0
G,G,G,B,B,Y,0.0
G,G,G,B,B,B,0
G,G,G,G,B,Y,0.0
G,G,G,G,G,B,0
G,G,G,G,G,B,0
G,G,G,G,G,B,0
G,G,G,G,G,G,2.0
G,G,G,G,G,G,2.5
G,G,G,G,G,G,3.0
G,G,G,G,G,G,3.5
G,Y,Y,G,G,G,3.0
Y,Y,Y,G,G,G,2.5
Y,Y,Y,G,G,G,2.0
Y,Y,Y,G,G,G,1.5
Y,Y,Y,G,G,G,1.0
Y,Y,Y,G,G,G,0.5
Y,Y,G,G,G,G,1.0
Y,Y,G,G,G,G,0.5
Y,G,G,G,G,G,1.0
Y,G,G,G,G,B,0
Y,G,G,G,G,B,0.0
G,G,G,G,B,B,0
G,G,G,G,G,B,0
Y,G,G,G,G,B,0.0
G,G,G,G,G,B,0
Y,G,G,G,G,B,0.0
G,G,G,G,G,B,0
Y,G,G,G,G,B,0.0
G,G,G,G,G,B,0
G,G,G,G,G,B,0
Y,G,G,G,G,G,1.0
G,G,G,G,G,G,1.5
G,G,G,G,G,G,2.0
G,G,G,G,G,G,2.5
G,G,G,G,G,G,3.0
G,G,G,G,G,G,3.5
G,G,G,G,G,G,4.0
G,G,G,G,G,G,4.5
G,G,G,G,G,Y,4.0
G,G,G,G,G,Y,3.5
G,G,G,G,G,Y,3.0
G,G,G,G,G,Y,2.5
G,G,G,G,G,G,3.0
G,G,G,G,G,G,3.5
G,G,G,G,G,G,4.0
G,G,G,G,G,G,4.5
G,G,G,G,G,G,5.0
G,G,G,G,G,G,5.5
G,G,G,G,G,G,6.0
G,G,G,G,G,G,6.5
G,G,G,O,G,G,5.0
G,G,G,O,O,O,3.5
Y,G,G,O,O,O,2.0
Y,Y,G,O,O,O,0.5
Y,Y,G,O,O,O,0.0
Y,Y,G,G,O,O,0.0
Y,Y,G,G,O,O,0.0
Y,Y,Y,G,O,O,0.0
Y,Y,Y,G,G,O,0.0
Y,Y,Y,G,G,O,0.0
Y,Y,Y,G,G,O,0.0
Y,Y,Y,G,G,O,0.0
Y,Y,Y,G,G,O,0.0
Y,Y,Y,G,G,G,1.0
Y,Y,Y,G,G,O,0
Y,Y,Y,G,G,O,0.0
Y,Y,Y,G,G,G,1.0
Y,Y,Y,Y,G,O,0
Y,Y,Y,G,G,O,0.0
Y,Y,Y,G,G,O,0.0
Y,Y,Y,G,G,G,1.0
Y,Y,Y,Y,G,O,0
Y,Y,Y,Y,G,O,0.0
Y,Y,Y,G,G,O,0.0
Y,Y,Y,G,G,G,1.0
Y,Y,Y,G,G,O,0
Y,Y,Y,G,G,O,0.0
Y,Y,Y,G,G,O,0.0
Y,Y,Y,G,G,O,0.0
Y,Y,Y,G,G,O,0.0
Y,Y,Y,G,G,G,1.0
Y,Y,Y,G,G,O,0
Y,Y,Y,G,G,O,0.0
Y,Y,Y,G,G,O,0.0
Y,Y,Y,G,G,G,1.0
Y,Y,Y,G,G,O,0
Y,Y,Y,G,G,O,0.0
Y,Y,Y,G,G,G,1.0
Y,Y,G,G,G,O,0
Y,Y,G,G,G,O,0.0
Y,Y,G,G,G,O,0.0
Y,Y,G,G,G,O,0.0
Y,Y,G,G,G,G,1.0
Y,Y,G,G,G,O,0
Y,Y,G,G,G,O,0.0
Y,Y,G,G,G,O,0.0
Y,Y,G,G,G,O,0.0
Y,Y,G,G,G,G,1.0
Y,G,G,G,G,O,0
Y,G,G,G,G,O,0.0
Y,Y,G,G,G,O,0.0
Y,G,G,G,G,O,0.0
Y,G,G,G,G,O,0.0
Y,G,G,G,G,G,1.0
G,G,G,G,G,O,0
Y,G,G,G,G,G,1.0
Y,G,G,G,G,G,0.5
G,G,G,G,G,O,0.0
Y,G,G,G,G,G,1.0
Y,G,G,G,G,G,0.5
G,G,G,G,G,O,0.0
Y,G,G,G,G,G,1.0
Y,G,G,G,G,G,0.5
G,G,G,G,G,G,2.0
G,G,G,G,G,G,2.5
G,G,G,G,G,G,3.0
G,G,G,G,G,G,3.5
G,G,G,G,G,Y,3.0
G,G,G,G,G,G,3.5
G,G,G,G,G,G,4.0
Y,G,G,G,G,G,3.5
G,G,G,G,G,G,4.0
G,G,G,G,G,G,4.5
G,G,G,G,G,Y,4.0
G,G,G,G,G,G,4.5
G,G,G,G,G,G,5.0
G,G,G,G,G,G,5.5
G,G,G,G,G,G,6.0
G,G,G,G,G,G,6.5
G,G,G,G,G,G,7.0
G,G,G,G,G,Y,6.5
G,G,G,G,G,G,7.0
G,G,G,G,G,G,7.5
G,G,G,G,G,G,8.0
Y,G,G,G,G,G,7.5
Y,G,G,G,G,G,7.0
G,G,G,G,G,G,7.5
G,G,G,G,G,G,8.0
G,G,G,G,G,G,8.5
Y,G,G,G,G,G,8.0
G,G,G,G,G,G,8.5
Y,G,G,G,G,G,8.0
G,G,G,G,G,Y,7.5
G,G,G,G,G,G,8.0
G,G,G,G,G,G,8.5
G,G,G,G,G,G,9.0
G,G,G,G,G,G,9.5
G,G,G,G,G,Y,9.0
G,G,G,G,G,Y,8.5
G,G,G,G,G,G,9.0
G,G,G,G,G,Y,8.5
G,G,G,G,G,Y,8.0
G,G,G,G,G,Y,7.5
G,G,G,G,Y,Y,7.0
G,G,G,G,Y,Y,6.5
G,G,G,G,Y,Y,6.0
G,G,G,G,G,Y,5.5
G,G,G,G,G,Y,5.0
G,G,G,G,G,Y,4.5
G,G,G,G,G,G,5.0
G,G,G,G,G,G,5.5
G,G,G,G,G,G,6.0
G,G,G,G,G,G,6.5
G,G,G,G,G,G,7.0
G,G,G,G,G,G,7.5
G,G,G,G,G,G,8.0
G,G,G,G,G,Y,7.5
G,G,G,G,G,G,8.0
G,G,G,G,Y,Y,7.5
G,G,G,G,G,G,8.0
G,G,G,G,G,Y,7.5
G,G,G,G,G,G,8.0
G,G,G,G,G,Y,7.5
G,G,G,G,G,G,8.0
G,G,G,G,G,G,8.5
G,G,G,G,G,Y,8.0
G,G,G,G,G,G,8.5
G,G,G,G,G,G,9.0
G,G,G,G,B,G,7.0
G,G,G,G,G,B,5.0
Y,Y,G,G,G,G,4.5
Y,G,G,G,G,G,4.0
G,G,G,G,G,G,4.5
G,G,G,G,G,G,5.0
G,G,G,G,G,G,5.5
G,G,G,G,G,G,6.0
G,G,G,G,G,G,6.5
G,G,G,G,G,G,7.0
G,G,G,G,G,G,7.5
G,G,G,G,G,G,8.0
G,G,G,G,G,G,8.5
G,G,G,G,G,G,9.0
G,G,G,G,G,G,9.5
G,G,G,G,G,G,10.0
G,G,G,G,G,G,10
G,G,G,G,G,Y,9.5
G,G,G,G,G,G,10.0
O,O,O,G,G,G,8.5
O,G,Y,Y,Y,Y,7.0
Y,Y,Y,R,R,R,8.5
Y,R,R,R,R,R,10
R,R,R,R,R,R,2
R,R,R,R,R,R,2
R,R,R,R,R,R,2
R,R,R,R,R,R,2
R,R,R,R,R,R,2
R,R,R,R,R,R,2
R,R,R,R,R,R,2
R,R,R,R,R,R,2
R,R,R,R,R,R,2
R,R,Y,R,R,R,2
R,Y,Y,Y,R,R,2
Y,Y,Y,Y,Y,R,2
Y,Y,Y,Y,Y,R,2
Y,Y,Y,Y,Y,Y,1.93
Y,Y,Y,Y,Y,Y,0.9
Y,Y,Y,Y,Y,Y,-0.6
Y,Y,Y,Y,Y,R,3.0
Y,G,G,Y,Y,Y,3.5
G,G,G,Y,Y,Y,3.0
G,G,G,G,Y,Y,2.5
G,G,G,G,G,Y,2.0
G,G,G,G,G,G,2.5
G,G,G,G,G,G,3.0
G,G,G,G,G,G,3.5
G,G,G,G,G,G,4.0
G,G,G,G,G,G,4.5
G,G,G,G,G,G,5.0
G,G,G,G,G,G,5.5
G,G,Y,Y,G,G,6.0
G,Y,Y,Y,Y,G,5.5
Y,Y,Y,Y,Y,G,4.0
Y,Y,Y,Y,Y,G,2.5
Y,Y,Y,Y,G,G,2.0
Y,Y,Y,Y,G,G,1.5
Y,Y,Y,G,G,G,1.0
Y,Y,G,G,G,G,0.5
Y,G,G,G,G,G,1.0
Y,G,G,G,G,G,0.5
G,G,G,G,G,G,2.0
G,G,G,G,G,G,2.5
G,G,G,G,G,G,3.0
G,G,G,G,G,G,3.5
G,G,G,G,G,G,4.0
G,G,G,G,G,G,4.5
G,G,G,G,Y,Y,4.0
G,G,G,G,G,Y,3.5
G,G,G,G,G,Y,3.0
G,G,G,G,G,G,3.5
G,G,G,G,G,G,4.0
G,G,G,G,G,Y,3.5
G,G,G,G,Y,Y,3.0
G,G,G,G,G,G,3.5
G,G,G,G,G,G,4.0
G,G,G,G,G,Y,3.5
G,G,G,G,G,G,4.0
G,G,G,G,G,Y,3.5
G,G,G,G,G,Y,3.0
G,G,G,G,G,G,3.5
G,G,G,G,G,G,4.0
G,G,G,G,G,Y,3.5
G,G,G,G,G,Y,3.0
G,G,G,G,G,G,3.5
G,G,G,G,G,G,4.0
G,O,G,G,G,Y,2.5
O,O,G,G,Y,Y,1.0
O,O,G,G,Y,Y,0
O,O,G,G,Y,Y,0.0
O,O,G,G,Y,Y,0.0
O,O,G,G,Y,Y,0.0
O,O,G,G,Y,Y,0.0
O,O,G,G,Y,Y,0.0
O,O,G,G,Y,Y,0.0
O,O,G,G,Y,Y,0.0
O,O,G,Y,Y,Y,0.0
O,O,O,Y,Y,Y,0.0
O,O,O,Y,Y,Y,0.0
O,O,O,Y,Y,Y,0.0
O,O,G,Y,Y,Y,0.0
O,O,G,Y,Y,Y,0.0
O,O,G,Y,Y,Y,0.0
O,O,Y,Y,Y,Y,0.0
O,O,Y,Y,Y,Y,0.0
O,G,Y,Y,Y,Y,0.0
O,G,Y,Y,Y,Y,0.0
O,G,Y,Y,Y,Y,0.0
O,Y,Y,Y,Y,Y,-1.0
G,Y,Y,Y,Y,Y,0.0
G,Y,Y,Y,Y,Y,0.0
Y,Y,Y,Y,Y,Y,0.0
Y,Y,Y,Y,Y,Y,0.0
Y,Y,Y,Y,Y,Y,0.0
Y,Y,Y,Y,Y,Y,0.0
Y,Y,Y,Y,Y,Y,0.0
Y,Y,Y,Y,Y,Y,0.0
Y,Y,Y,Y,Y,Y,0.0
Y,Y,Y,Y,Y,Y,0.0
R,R,Y,Y,Y,G,3.0
R,R,R,Y,Y,G,4.5
R,R,R,Y,Y,Y,5.0
R,R,R,R,Y,Y,6.5
R,R,R,R,R,Y,8.0
R,R,R,R,R,R,9.5
R,R,R,R,R,R,2
R,R,R,R,R,R,2
R,R,R,R,R,R,2
R,R,R,R,R,R,2
R,R,R,R,R,R,2
R,R,R,R,R,R,2
R,R,R,R,R,R,2
R,R,R,R,R,R,2
R,R,R,R,R,R,2
R,R,R,R,R,R,2
R,R,R,R,R,R,2
R,R,R,R,R,R,2
R,R,R,R,R,R,2
R,R,R,R,R,R,2
R,R,R,R,R,R,2
R,R,R,R,R,R,2
R,R,R,R,R,R,2
R,R,R,R,R,R,2
R,R,R,R,R,R,2
R,R,R,R,R,R,2
R,R,R,R,R,R,2
R,R,R,R,R,R,2
R,R,R,R,R,R,2
R,R,R,R,R,R,2
R,R,R,R,R,R,2
R,R,R,R,R,R,2
R,R,R,R,R,R,2
R,R,R,R,R,R,2
R,R,R,R,R,R,2
R,R,R,R,R,R,2
R,R,R,R,R,R,2
R,R,R,R,R,R,2
R,R,R,R,R,R,2
R,R,R,R,R,R,2
R,R,R,R,R,R,2
R,R,R,R,R,R,2
R,R,R,R,R,R,2
R,R,R,R,R,R,2
R,R,R,R,R,R,2
R,R,R,R,R,R,2
R,R,R,R,R,R,2
R,R,R,R,R,R,2
R,R,R,R,R,R,2
R,R,R,R,R,R,2
R,R,R,R,R,R,2
R,R,R,R,R,R,2
R,R,R,R,R,R,2
R,R,R,R,R,R,2
R,R,R,R,R,R,2
R,R,R,R,R,R,2
R,R,R,R,R,R,2
R,R,R,R,R,R,2
R,R,R,R,R,R,2
R,R,R,R,R,R,2
R,R,R,R,R,R,2
R,R,R,R,R,R,2
R,R,R,R,R,R,2
R,R,R,R,R,R,2
R,R,R,R,R,R,2
R,R,R,R,R,R,2
R,R,R,R,R,R,2
R,R,R,R,R,R,2
R,R,R,R,R,R,2
R,R,R,R,R,R,2
R,R,R,R,R,R,2
R,R,R,R,R,R,2
R,R,R,R,R,R,2
R,R,R,R,R,R,2
R,R,R,R,R,R,2
R,R,R,R,R,R,2
R,R,R,R,R,R,2
R,R,R,R,R,R,2
R,R,R,R,R,R,2
R,R,R,R,R,R,2
R,R,R,R,R,R,2
R,R,R,R,R,R,2
R,R,R,R,R,R,2
R,R,R,R,R,R,2
R,R,R,R,R,R,2
R,R,R,R,R,R,2
R,R,R,R,R,R,2
R,R,R,R,R,R,2
R,R,R,R,R,R,2
R,R,R,R,R,R,2
R,R,R,R,R,R,2
R,R,R,R,R,R,2
R,R,R,R,R,R,2
R,R,R,R,R,R,2
R,R,R,R,R,R,2
R,R,R,R,R,R,2
R,R,R,R,R,R,2
R,R,R,R,R,R,2
R,R,R,R,R,R,2
R,R,R,R,R,R,2
R,R,R,R,R,R,2
R,R,R,R,R,R,2
R,R,R,R,R,R,2
R,R,R,R,R,R,2
R,R,R,R,R,R,2
R,R,R,R,R,R,2
R,R,R,R,R,R,2
R,R,R,R,R,R,2
R,R,R,R,R,R,2
R,R,R,R,R,R,2
R,R,R,R,R,R,2
R,R,R,R,R,R,2
R,R,R,R,R,R,2
R,R,R,R,R,R,2
R,R,R,R,R,R,2
R,R,R,R,R,R,2
Y,R,R,R,R,R,2
Y,R,R,R,R,R,2
Y,Y,R,R,R,R,4.97
Y,Y,Y,Y,R,R,6.47
G,G,G,Y,Y,R,6.97
G,G,G,G,Y,Y,6.47
G,G,G,G,Y,Y,5.97
G,G,G,G,G,G,6.47
G,G,G,G,G,G,6.97
G,G,G,G,G,G,7.47
G,Y,G,G,G,G,6.97
Y,Y,Y,G,G,G,6.47
Y,Y,Y,G,G,G,5.97
Y,Y,Y,G,G,G,5.47
Y,Y,G,G,G,G,4.97
Y,Y,Y,G,G,G,4.47
Y,G,G,G,G,G,3.97
Y,G,G,G,G,G,3.47
Y,G,G,G,G,G,2.97
G,G,G,G,G,G,3.47
G,G,G,G,G,G,3.97
G,G,G,G,G,G,4.47
G,G,G,G,G,G,4.97
G,G,G,G,G,Y,4.47
G,G,G,G,G,Y,3.97
G,G,G,G,G,G,4.47
G,G,G,G,G,G,4.97
G,G,G,G,G,G,5.47
G,G,G,G,G,G,5.97
G,G,G,G,G,G,6.47
G,G,G,G,G,G,6.97
G,G,G,G,G,G,7.47
G,G,G,G,G,G,7.97
G,G,G,G,G,Y,7.47
G,G,G,G,G,Y,6.97
G,G,G,G,G,G,7.47
G,G,G,G,G,G,7.97
G,G,G,G,G,Y,7.47
G,G,G,G,G,Y,6.97
G,G,G,G,G,Y,6.47
G,G,G,G,G,G,6.97
G,G,G,G,G,G,7.47
G,G,G,G,G,Y,6.97
G,G,G,G,Y,Y,6.47
G,G,G,G,G,G,6.97
G,G,G,G,G,Y,6.47
G,G,G,G,G,G,6.97
Y,G,G,G,G,G,6.47
G,G,G,G,G,G,6.97
G,G,G,G,G,G,7.47
Y,G,G,G,G,G,6.97
Y,G,G,G,G,G,6.47
Y,G,G,G,G,G,5.97
Y,G,G,G,G,G,5.47
Y,G,G,G,G,G,4.97
Y,G,G,G,G,G,4.47
G,G,G,G,G,G,4.97
Y,G,G,G,G,G,4.47
Y,G,G,G,G,B,2.97
Y,Y,G,G,G,B,1.47
Y,Y,Y,G,G,B,0
Y,Y,G,G,G,B,0.0
Y,Y,G,G,B,B,0.0
Y,Y,G,G,B,B,0.0
Y,G,G,G,B,B,0.0
Y,Y,G,B,B,G,0.0
Y,G,G,B,B,B,0.0
Y,G,G,B,B,G,0.0
Y,G,G,B,B,G,0.0
Y,G,G,B,B,G,0.0
Y,G,G,B,B,G,0.0
G,G,G,B,B,G,0
Y,G,G,B,B,B,0.0
G,G,G,B,B,G,0
Y,G,G,B,B,B,0.0
G,G,G,B,B,G,0
Y,G,G,G,B,B,0.0
G,G,G,B,B,G,0
Y,G,G,G,B,B,0.0
G,G,G,B,B,G,0
G,G,G,G,B,B,0
Y,G,G,G,B,B,0.0
G,G,G,G,B,B,0
Y,G,G,G,B,B,0.0
G,G,G,G,B,B,0
Y,G,G,G,G,G,1.0
G,G,G,G,B,B,0
Y,G,G,G,G,G,1.0
G,G,G,G,G,B,0
Y,G,G,G,G,G,1.0
G,G,G,G,G,B,0
Y,G,G,G,G,G,1.0
G,G,G,G,G,B,0
Y,G,G,G,G,G,1.0
G,G,G,G,G,G,1.5
G,G,G,G,G,G,2.0
G,G,G,G,G,G,2.5
G,G,G,G,G,G,3.0
G,G,G,G,G,G,3.5
G,G,G,G,G,Y,3.0
G,G,G,G,G,G,3.5
G,G,G,G,G,G,4.0
G,G,G,G,G,G,4.5
G,G,G,G,G,G,5.0
G,G,G,G,G,G,5.5
G,G,G,G,G,G,6.0
G,G,G,G,G,Y,5.5
G,G,G,G,G,Y,5.0
G,G,G,G,G,Y,4.5
G,G,G,G,G,Y,4.0
G,G,G,G,G,Y,3.5
G,G,G,G,G,Y,3.0
G,G,G,G,G,G,3.5
G,G,G,G,G,Y,3.0
G,G,G,G,G,G,3.5
G,G,G,G,G,G,4.0
Y,G,G,G,G,G,3.5
G,G,G,G,G,G,4.0
G,G,G,G,G,G,4.5
G,G,G,G,G,G,5.0
G,G,G,G,G,G,5.5
G,G,G,G,G,Y,5.0
G,G,G,G,G,Y,4.5
G,G,G,G,G,G,5.0
G,B,G,G,G,G,3.0
B,G,G,Y,Y,Y,1.5
G,G,G,Y,Y,Y,1.0
B,G,G,Y,Y,Y,0
B,G,G,Y,Y,Y,0.0
B,G,G,Y,Y,Y,0.0
B,G,Y,Y,Y,Y,0.0
B,G,Y,Y,Y,Y,0.0
B,G,G,Y,Y,Y,0.0
G,G,G,Y,Y,Y,1.0
B,G,G,Y,Y,Y,0
B,G,G,G,Y,Y,0.0
B,G,G,Y,Y,Y,0.0
B,G,G,Y,Y,Y,0.0
B,G,G,Y,Y,Y,0.0
B,G,G,Y,Y,Y,0.0
G,G,G,Y,Y,Y,1.0
B,G,G,G,Y,Y,0
B,G,G,G,Y,Y,0.0
B,G,G,G,Y,Y,0.0
B,G,G,Y,Y,Y,0.0
B,G,G,Y,Y,Y,0.0
B,G,G,Y,Y,Y,0.0
B,G,Y,Y,Y,Y,0.0
B,G,G,Y,Y,Y,0.0
G,G,G,Y,Y,Y,1.0
G,G,G,G,Y,Y,0.5
G,G,G,G,Y,Y,1.0
G,G,G,G,G,Y,0.5
G,G,G,G,G,G,2.0
G,G,G,G,G,G,2.5
G,G,G,G,G,G,3.0
G,G,G,G,G,Y,2.5
G,G,G,G,G,G,3.0
G,G,G,G,G,G,3.5
G,G,G,G,G,Y,3.0
G,G,G,G,G,G,3.5
G,G,G,G,G,Y,3.0
G,G,G,G,G,Y,2.5
G,G,G,G,G,G,3.0
G,G,G,G,G,G,3.5
G,G,G,G,G,G,4.0
G,G,G,G,G,G,4.5
G,G,G,B,G,Y,3.0
G,G,B,B,B,G,1.0
G,G,B,B,B,G,0
G,G,B,B,G,Y,0.0
G,G,B,B,G,Y,0.0
G,G,B,B,B,Y,0.0
G,G,B,B,B,Y,0.0
G,G,B,B,B,Y,0.0
G,G,B,B,B,Y,0.0
G,G,B,B,B,Y,0.0
G,G,G,B,B,Y,0.0
G,G,G,B,B,B,0
G,G,G,G,B,Y,0.0
G,G,G,G,G,B,0
G,G,G,G,G,B,0
G,G,G,G,G,B,0
G,G,G,G,G,G,2.0
G,G,G,G,G,G,2.5
G,G,G,G,G,G,3.0
G,G,G,G,G,G,3.5
G,Y,Y,G,G,G,3.0
Y,Y,Y,G,G,G,2.5
Y,Y,Y,G,G,G,2.0
Y,Y,Y,G,G,G,1.5
Y,Y,Y,G,G,G,1.0
Y,Y,Y,G,G,G,0.5
Y,Y,G,G,G,G,1.0
Y,Y,G,G,G,G,0.5
Y,G,G,G,G,G,1.0
Y,G,G,G,G,B,0
Y,G,G,G,G,B,0.0
G,G,G,G,B,B,0
G,G,G,G,G,B,0
Y,G,G,G,G,B,0.0
G,G,G,G,G,B,0
Y,G,G,G,G,B,0.0
G,G,G,G,G,B,0
Y,G,G,G,G,B,0.0
G,G,G,G,G,B,0
G,G,G,G,G,B,0
Y,G,G,G,G,G,1.0
G,G,G,G,G,G,1.5
G,G,G,G,G,G,2.0
G,G,G,G,G,G,2.5
G,G,G,G,G,G,3.0
G,G,G,G,G,G,3.5
G,G,G,G,G,G,4.0
G,G,G,G,G,G,4.5
G,G,G,G,G,Y,4.0
G,G,G,G,G,Y,3.5
G,G,G,G,G,Y,3.0
G,G,G,G,G,Y,2.5
G,G,G,G,G,G,3.0
G,G,G,G,G,G,3.5
G,G,G,G,G,G,4.0
G,G,G,G,G,G,4.5
G,G,G,G,G,G,5.0
G,G,G,G,G,G,5.5
G,G,G,G,G,G,6.0
G,G,G,G,G,G,6.5
G,G,G,O,G,G,5.0
G,G,G,O,O,O,3.5
Y,G,G,O,O,O,2.0
Y,Y,G,O,O,O,0.5
Y,Y,G,O,O,O,0.0
Y,Y,G,G,O,O,0.0
Y,Y,G,G,O,O,0.0
Y,Y,Y,G,O,O,0.0
Y,Y,Y,G,G,O,0.0
Y,Y,Y,G,G,O,0.0
Y,Y,Y,G,G,O,0.0
Y,Y,Y,G,G,O,0.0
Y,Y,Y,G,G,O,0.0
Y,Y,Y,G,G,G,1.0
Y,Y,Y,G,G,O,0
Y,Y,Y,G,G,O,0.0
Y,Y,Y,G,G,G,1.0
Y,Y,Y,Y,G,O,0
Y,Y,Y,G,G,O,0.0
Y,Y,Y,G,G,O,0.0
Y,Y,Y,G,G,G,1.0
Y,Y,Y,Y,G,O,0
Y,Y,Y,Y,G,O,0.0
Y,Y,Y,G,G,O,0.0
Y,Y,Y,G,G,G,1.0
Y,Y,Y,G,G,O,0
Y,Y,Y,G,G,O,0.0
Y,Y,Y,G,G,O,0.0
Y,Y,Y,G,G,O,0.0
Y,Y,Y,G,G,O,0.0
Y,Y,Y,G,G,G,1.0
Y,Y,Y,G,G,O,0
Y,Y,Y,G,G,O,0.0
Y,Y,Y,G,G,O,0.0
Y,Y,Y,G,G,G,1.0
Y,Y,Y,G,G,O,0
Y,Y,Y,G,G,O,0.0
Y,Y,Y,G,G,G,1.0
Y,Y,G,G,G,O,0
Y,Y,G,G,G,O,0.0
Y,Y,G,G,G,O,0.0
Y,Y,G,G,G,O,0.0
Y,Y,G,G,G,G,1.0
Y,Y,G,G,G,O,0
Y,Y,G,G,G,O,0.0
Y,Y,G,G,G,O,0.0
Y,Y,G,G,G,O,0.0
Y,Y,G,G,G,G,1.0
Y,G,G,G,G,O,0
Y,G,G,G,G,O,0.0
Y,Y,G,G,G,O,0.0
Y,G,G,G,G,O,0.0
Y,G,G,G,G,O,0.0
Y,G,G,G,G,G,1.0
G,G,G,G,G,O,0
Y,G,G,G,G,G,1.0
Y,G,G,G,G,G,0.5
G,G,G,G,G,O,0.0
Y,G,G,G,G,G,1.0
Y,G,G,G,G,G,0.5
G,G,G,G,G,O,0.0
Y,G,G,G,G,G,1.0
Y,G,G,G,G,G,0.5
G,G,G,G,G,G,2.0
G,G,G,G,G,G,2.5
G,G,G,G,G,G,3.0
G,G,G,G,G,G,3.5
G,G,G,G,G,Y,3.0
G,G,G,G,G,G,3.5
G,G,G,G,G,G,4.0
Y,G,G,G,G,G,3.5
G,G,G,G,G,G,4.0
G,G,G,G,G,G,4.5
G,G,G,G,G,Y,4.0
G,G,G,G,G,G,4.5
G,G,G,G,G,G,5.0
G,G,G,G,G,G,5.5
G,G,G,G,G,G,6.0
G,G,G,G,G,G,6.5
G,G,G,G,G,G,7.0
G,G,G,G,G,Y,6.5
G,G,G,G,G,G,7.0
G,G,G,G,G,G,7.5
G,G,G,G,G,G,8.0
Y,G,G,G,G,G,7.5
Y,G,G,G,G,G,7.0
G,G,G,G,G,G,7.5
G,G,G,G,G,G,8.0
G,G,G,G,G,G,8.5
Y,G,G,G,G,G,8.0
G,G,G,G,G,G,8.5
Y,G,G,G,G,G,8.0
G,G,G,G,G,Y,7.5
G,G,G,G,G,G,8.0
G,G,G,G,G,G,8.5
G,G,G,G,G,G,9.0
G,G,G,G,G,G,9.5
G,G,G,G,G,Y,9.0
G,G,G,G,G,Y,8.5
G,G,G,G,G,G,9.0
G,G,G,G,G,Y,8.5
G,G,G,G,G,Y,8.0
G,G,G,G,G,Y,7.5
G,G,G,G,Y,Y,7.0
G,G,G,G,Y,Y,6.5
G,G,G,G,Y,Y,6.0
G,G,G,G,G,Y,5.5
G,G,G,G,G,Y,5.0
G,G,G,G,G,Y,4.5
G,G,G,G,G,G,5.0
G,G,G,G,G,G,5.5
G,G,G,G,G,G,6.0
G,G,G,G,G,G,6.5
G,G,G,G,G,G,7.0
G,G,G,G,G,G,7.5
G,G,G,G,G,G,8.0
G,G,G,G,G,Y,7.5
G,G,G,G,G,G,8.0
G,G,G,G,Y,Y,7.5
G,G,G,G,G,G,8.0
G,G,G,G,G,Y,7.5
G,G,G,G,G,G,8.0
G,G,G,G,G,Y,7.5
G,G,G,G,G,G,8.0
G,G,G,G,G,G,8.5
G,G,G,G,G,Y,8.0
G,G,G,G,G,G,8.5
G,G,G,G,G,G,9.0
G,G,G,G,B,G,7.0
G,G,G,G,G,B,5.0
Y,Y,G,G,G,G,4.5
Y,G,G,G,G,G,4.0
G,G,G,G,G,G,4.5
G,G,G,G,G,G,5.0
G,G,G,G,G,G,5.5
G,G,G,G,G,G,6.0
G,G,G,G,G,G,6.5
G,G,G,G,G,G,7.0
G,G,G,G,G,G,7.5
G,G,G,G,G,G,8.0
G,G,G,G,G,G,8.5
G,G,G,G,G,G,9.0
G,G,G,G,G,G,9.5
G,G,G,G,G,G,10.0
G,G,G,G,G,G,10
G,G,G,G,G,Y,9.5
G,G,G,G,G,G,10.0
O,O,O,G,G,G,8.5
O,G,Y,Y,Y,Y,7.0
Y,Y,Y,R,R,R,8.5
Y,R,R,R,R,R,10
R,R,R,R,R,R,2
R,R,R,R,R,R,2
R,R,R,R,R,R,2
R,R,R,R,R,R,2
R,R,R,R,R,R,2
R,R,R,R,R,R,2
R,R,R,R,R,R,2
R,R,R,R,R,R,2
R,R,R,R,R,R,2
R,R,Y,R,R,R,2
R,Y,Y,Y,R,R,2
Y,Y,Y,Y,Y,R,2
Y,Y,Y,Y,Y,R,2
Y,Y,Y,Y,Y,Y,1.93
Y,Y,Y,Y,Y,Y,0.9
Y,Y,Y,Y,Y,Y,-0.6
Y,Y,Y,Y,Y,R,3.0
Y,G,G,Y,Y,Y,3.5
G,G,G,Y,Y,Y,3.0
G,G,G,G,Y,Y,2.5
G,G,G,G,G,Y,2.0
G,G,G,G,G,G,2.5
G,G,G,G,G,G,3.0
G,G,G,G,G,G,3.5
G,G,G,G,G,G,4.0
G,G,G,G,G,G,4.5
G,G,G,G,G,G,5.0
G,G,G,G,G,G,5.5
G,G,Y,Y,G,G,6.0
G,Y,Y,Y,Y,G,5.5
Y,Y,Y,Y,Y,G,4.0
Y,Y,Y,Y,Y,G,2.5
Y,Y,Y,Y,G,G,2.0
Y,Y,Y,Y,G,G,1.5
Y,Y,Y,G,G,G,1.0
Y,Y,G,G,G,G,0.5
Y,G,G,G,G,G,1.0
Y,G,G,G,G,G,0.5
G,G,G,G,G,G,2.0
G,G,G,G,G,G,2.5
G,G,G,G,G,G,3.0
G,G,G,G,G,G,3.5
G,G,G,G,G,G,4.0
G,G,G,G,G,G,4.5
G,G,G,G,Y,Y,4.0
G,G,G,G,G,Y,3.5
G,G,G,G,G,Y,3.0
G,G,G,G,G,G,3.5
G,G,G,G,G,G,4.0
G,G,G,G,G,Y,3.5
G,G,G,G,Y,Y,3.0
G,G,G,G,G,G,3.5
G,G,G,G,G,G,4.0
G,G,G,G,G,Y,3.5
G,G,G,G,G,G,4.0
G,G,G,G,G,Y,3.5
G,G,G,G,G,Y,3.0
G,G,G,G,G,G,3.5
G,G,G,G,G,G,4.0
G,G,G,G,G,Y,3.5
G,G,G,G,G,Y,3.0
G,G,G,G,G,G,3.5
G,G,G,G,G,G,4.0
G,O,G,G,G,Y,2.5
O,O,G,G,Y,Y,1.0
O,O,G,G,Y,Y,0
O,O,G,G,Y,Y,0.0
O,O,G,G,Y,Y,0.0
O,O,G,G,Y,Y,0.0
O,O,G,G,Y,Y,0.0
O,O,G,G,Y,Y,0.0
O,O,G,G,Y,Y,0.0
O,O,G,G,Y,Y,0.0
O,O,G,Y,Y,Y,0.0
O,O,O,Y,Y,Y,0.0
O,O,O,Y,Y,Y,0.0
O,O,O,Y,Y,Y,0.0
O,O,G,Y,Y,Y,0.0
O,O,G,Y,Y,Y,0.0
O,O,G,Y,Y,Y,0.0
O,O,Y,Y,Y,Y,0.0
O,O,Y,Y,Y,Y,0.0
O,G,Y,Y,Y,Y,0.0
O,G,Y,Y,Y,Y,0.0
O,G,Y,Y,Y,Y,0.0
O,Y,Y,Y,Y,Y,-1.0
G,Y,Y,Y,Y,Y,0.0
G,Y,Y,Y,Y,Y,0.0
Y,Y,Y,Y,Y,Y,0.0
Y,Y,Y,Y,Y,Y,0.0
Y,Y,Y,Y,Y,Y,0.0
Y,Y,Y,Y,Y,Y,0.0
Y,Y,Y,Y,Y,Y,0.0
Y,Y,Y,Y,Y,Y,0.0
Y,Y,Y,Y,Y,Y,0.0
Y,Y,Y,Y,Y,Y,0.0
R,R,Y,Y,Y,G,3.0
R,R,R,Y,Y,G,4.5
R,R,R,Y,Y,Y,5.0
R,R,R,R,Y,Y,6.5
R,R,R,R,R,Y,8.0
R,R,R,R,R,R,9.5
R,R,R,R,R,R,2
R,R,R,R,R,R,2
R,R,R,R,R,R,2
R,R,R,R,R,R,2
R,R,R,R,R,R,2
R,R,R,R,R,R,2
R,R,R,R,R,R,2
R,R,R,R,R,R,2
R,R,R,R,R,R,2
R,R,R,R,R,R,2
R,R,R,R,R,R,2
R,R,R,R,R,R,2
R,R,R,R,R,R,2
R,R,R,R,R,R,2
R,R,R,R,R,R,2
R,R,R,R,R,R,2
R,R,R,R,R,R,2
R,R,R,R,R,R,2
R,R,R,R,R,R,2
R,R,R,R,R,R,2
R,R,R,R,R,R,2
R,R,R,R,R,R,2
R,R,R,R,R,R,2
R,R,R,R,R,R,2
R,R,R,R,R,R,2
R,R,R,R,R,R,2
R,R,R,R,R,R,2
R,R,R,R,R,R,2
R,R,R,R,R,R,2
R,R,R,R,R,R,2
R,R,R,R,R,R,2
R,R,R,R,R,R,2
R,R,R,R,R,R,2
R,R,R,R,R,R,2
R,R,R,R,R,R,2
R,R,R,R,R,R,2
R,R,R,R,R,R,2
R,R,R,R,R,R,2
R,R,R,R,R,R,2
R,R,R,R,R,R,2
R,R,R,R,R,R,2
R,R,R,R,R,R,2
R,R,R,R,R,R,2
R,R,R,R,R,R,2
R,R,R,R,R,R,2
R,R,R,R,R,R,2
R,R,R,R,R,R,2
R,R,R,R,R,R,2
R,R,R,R,R,R,2
R,R,R,R,R,R,2
R,R,R,R,R,R,2
R,R,R,R,R,R,2
R,R,R,R,R,R,2
R,R,R,R,R,R,2
R,R,R,R,R,R,2
R,R,R,R,R,R,2
R,R,R,R,R,R,2
R,R,R,R,R,R,2
R,R,R,R,R,R,2
R,R,R,R,R,R,2
R,R,R,R,R,R,2
R,R,R,R,R,R,2
R,R,R,R,R,R,2
R,R,R,R,R,R,2
R,R,R,R,R,R,2
R,R,R,R,R,R,2
R,R,R,R,R,R,2
R,R,R,R,R,R,2
R,R,R,R,R,R,2
R,R,R,R,R,R,2
R,R,R,R,R,R,2
R,R,R,R,R,R,2
R,R,R,R,R,R,2
R,R,R,R,R,R,2
R,R,R,R,R,R,2
R,R,R,R,R,R,2
R,R,R,R,R,R,2
R,R,R,R,R,R,2
R,R,R,R,R,R,2
R,R,R,R,R,R,2
R,R,R,R,R,R,2
R,R,R,R,R,R,2
R,R,R,R,R,R,2
R,R,R,R,R,R,2
R,R,R,R,R,R,2
R,R,R,R,R,R,2
R,R,R,R,R,R,2
R,R,R,R,R,R,2
R,R,R,R,R,R,2
R,R,R,R,R,R,2
R,R,R,R,R,R,2
R,R,R,R,R,R,2
R,R,R,R,R,R,2
R,R,R,R,R,R,2
R,R,R,R,R,R,2
R,R,R,R,R,R,2
R,R,R,R,R,R,2
R,R,R,R,R,R,2
R,R,R,R,R,R,2
R,R,R,R,R,R,2
R,R,R,R,R,R,2
R,R,R,R,R,R,2
R,R,R,R,R,R,2
R,R,R,R,R,R,2
R,R,R,R,R,R,2
R,R,R,R,R,R,2
R,R,R,R,R,R,2
R,R,R,R,R,R,2
R,R,R,R,R,R,2
R,R,R,R,R,R,2
Y,R,R,R,R,R,2
Y,R,R,R,R,R,2
Y,Y,R,R,R,R,4.97
Y,Y,Y,Y,R,R,6.47
G,G,G,Y,Y,R,6.97
G,G,G,G,Y,Y,6.47
G,G,G,G,Y,Y,5.97
G,G,G,G,G,G,6.47
G,G,G,G,G,G,6.97
G,G,G,G,G,G,7.47
G,Y,G,G,G,G,6.97
Y,Y,Y,G,G,G,6.47
Y,Y,Y,G,G,G,5.97
Y,Y,Y,G,G,G,5.47
Y,Y,G,G,G,G,4.97
Y,Y,Y,G,G,G,4.47
Y,G,G,G,G,G,3.97
Y,G,G,G,G,G,3.47
Y,G,G,G,G,G,2.97
G,G,G,G,G,G,3.47
G,G,G,G,G,G,3.97
G,G,G,G,G,G,4.47
G,G,G,G,G,G,4.97
G,G,G,G,G,Y,4.47
G,G,G,G,G,Y,3.97
G,G,G,G,G,G,4.47
G,G,G,G,G,G,4.97
G,G,G,G,G,G,5.47
G,G,G,G,G,G,5.97
G,G,G,G,G,G,6.47
G,G,G,G,G,G,6.97
G,G,G,G,G,G,7.47
G,G,G,G,G,G,7.97
G,G,G,G,G,Y,7.47
G,G,G,G,G,Y,6.97
G,G,G,G,G,G,7.47
G,G,G,G,G,G,7.97
G,G,G,G,G,Y,7.47
G,G,G,G,G,Y,6.97
G,G,G,G,G,Y,6.47
G,G,G,G,G,G,6.97
G,G,G,G,G,G,7.47
G,G,G,G,G,Y,6.97
G,G,G,G,Y,Y,6.47
G,G,G,G,G,G,6.97
G,G,G,G,G,Y,6.47
G,G,G,G,G,G,6.97
Y,G,G,G,G,G,6.47
G,G,G,G,G,G,6.97
G,G,G,G,G,G,7.47
Y,G,G,G,G,G,6.97
Y,G,G,G,G,G,6.47
Y,G,G,G,G,G,5.97
Y,G,G,G,G,G,5.47
Y,G,G,G,G,G,4.97
Y,G,G,G,G,G,4.47
G,G,G,G,G,G,4.97
Y,G,G,G,G,G,4.47
Y,G,G,G,G,B,2.97
Y,Y,G,G,G,B,1.47
Y,Y,Y,G,G,B,0
Y,Y,G,G,G,B,0.0
Y,Y,G,G,B,B,0.0
Y,Y,G,G,B,B,0.0
Y,G,G,G,B,B,0.0
Y,Y,G,B,B,G,0.0
Y,G,G,B,B,B,0.0
Y,G,G,B,B,G,0.0
Y,G,G,B,B,G,0.0
Y,G,G,B,B,G,0.0
Y,G,G,B,B,G,0.0
G,G,G,B,B,G,0
Y,G,G,B,B,B,0.0
G,G,G,B,B,G,0
Y,G,G,B,B,B,0.0
G,G,G,B,B,G,0
Y,G,G,G,B,B,0.0
G,G,G,B,B,G,0
Y,G,G,G,B,B,0.0
G,G,G,B,B,G,0
G,G,G,G,B,B,0
Y,G,G,G,B,B,0.0
G,G,G,G,B,B,0
Y,G,G,G,B,B,0.0
G,G,G,G,B,B,0
Y,G,G,G,G,G,1.0
G,G,G,G,B,B,0
Y,G,G,G,G,G,1.0
G,G,G,G,G,B,0
Y,G,G,G,G,G,1.0
G,G,G,G,G,B,0
Y,G,G,G,G,G,1.0
G,G,G,G,G,B,0
Y,G,G,G,G,G,1.0
G,G,G,G,G,G,1.5
G,G,G,G,G,G,2.0
G,G,G,G,G,G,2.5
G,G,G,G,G,G,3.0
G,G,G,G,G,G,3.5
G,G,G,G,G,Y,3.0
G,G,G,G,G,G,3.5
G,G,G,G,G,G,4.0
G,G,G,G,G,G,4.5
G,G,G,G,G,G,5.0
G,G,G,G,G,G,5.5
G,G,G,G,G,G,6.0
G,G,G,G,G,Y,5.5
G,G,G,G,G,Y,5.0
G,G,G,G,G,Y,4.5
G,G,G,G,G,Y,4.0
G,G,G,G,G,Y,3.5
G,G,G,G,G,Y,3.0
G,G,G,G,G,G,3.5
G,G,G,G,G,Y,3.0
G,G,G,G,G,G,3.5
G,G,G,G,G,G,4.0
Y,G,G,G,G,G,3.5
G,G,G,G,G,G,4.0
G,G,G,G,G,G,4.5
G,G,G,G,G,G,5.0
G,G,G,G,G,G,5.5
G,G,G,G,G,Y,5.0
G,G,G,G,G,Y,4.5
G,G,G,G,G,G,5.0
G,B,G,G,G,G,3.0
B,G,G,Y,Y,Y,1.5
G,G,G,Y,Y,Y,1.0
B,G,G,Y,Y,Y,0
B,G,G,Y,Y,Y,0.0
B,G,G,Y,Y,Y,0.0
B,G,Y,Y,Y,Y,0.0
B,G,Y,Y,Y,Y,0.0
B,G,G,Y,Y,Y,0.0
G,G,G,Y,Y,Y,1.0
B,G,G,Y,Y,Y,0
B,G,G,G,Y,Y,0.0
B,G,G,Y,Y,Y,0.0
B,G,G,Y,Y,Y,0.0
B,G,G,Y,Y,Y,0.0
B,G,G,Y,Y,Y,0.0
G,G,G,Y,Y,Y,1.0
B,G,G,G,Y,Y,0
B,G,G,G,Y,Y,0.0
B,G,G,G,Y,Y,0.0
B,G,G,Y,Y,Y,0.0
B,G,G,Y,Y,Y,0.0
B,G,G,Y,Y,Y,0.0
B,G,Y,Y,Y,Y,0.0
B,G,G,Y,Y,Y,0.0
G,G,G,Y,Y,Y,1.0
G,G,G,G,Y,Y,0.5
G,G,G,G,Y,Y,1.0
G,G,G,G,G,Y,0.5
G,G,G,G,G,G,2.0
G,G,G,G,G,G,2.5
G,G,G,G,G,G,3.0
G,G,G,G,G,Y,2.5
G,G,G,G,G,G,3.0
G,G,G,G,G,G,3.5
G,G,G,G,G,Y,3.0
G,G,G,G,G,G,3.5
G,G,G,G,G,Y,3.0
G,G,G,G,G,Y,2.5
G,G,G,G,G,G,3.0
G,G,G,G,G,G,3.5
G,G,G,G,G,G,4.0
G,G,G,G,G,G,4.5
G,G,G,B,G,Y,3.0
G,G,B,B,B,G,1.0
G,G,B,B,B,G,0
G,G,B,B,G,Y,0.0
G,G,B,B,G,Y,0.0
G,G,B,B,B,Y,0.0
G,G,B,B,B,Y,0.0
G,G,B,B,B,Y,0.0
G,G,B,B,B,Y,0.0
G,G,B,B,B,Y,0.0
G,G,G,B,B,Y,0.0
G,G,G,B,B,B,0
G,G,G,G,B,Y,0.0
G,G,G,G,G,B,0
G,G,G,G,G,B,0
G,G,G,G,G,B,0
G,G,G,G,G,G,2.0
G,G,G,G,G,G,2.5
G,G,G,G,G,G,3.0
G,G,G,G,G,G,3.5
G,Y,Y,G,G,G,3.0
Y,Y,Y,G,G,G,2.5
Y,Y,Y,G,G,G,2.0
Y,Y,Y,G,G,G,1.5
Y,Y,Y,G,G,G,1.0
Y,Y,Y,G,G,G,0.5
Y,Y,G,G,G,G,1.0
Y,Y,G,G,G,G,0.5
Y,G,G,G,G,G,1.0
Y,G,G,G,G,B,0
Y,G,G,G,G,B,0.0
G,G,G,G,B,B,0
G,G,G,G,G,B,0
Y,G,G,G,G,B,0.0
G,G,G,G,G,B,0
Y,G,G,G,G,B,0.0
G,G,G,G,G,B,0
Y,G,G,G,G,B,0.0
G,G,G,G,G,B,0
G,G,G,G,G,B,0
Y,G,G,G,G,G,1.0
G,G,G,G,G,G,1.5
G,G,G,G,G,G,2.0
G,G,G,G,G,G,2.5
G,G,G,G,G,G,3.0
G,G,G,G,G,G,3.5
G,G,G,G,G,G,4.0
G,G,G,G,G,G,4.5
G,G,G,G,G,Y,4.0
G,G,G,G,G,Y,3.5
G,G,G,G,G,Y,3.0
G,G,G,G,G,Y,2.5
G,G,G,G,G,G,3.0
G,G,G,G,G,G,3.5
G,G,G,G,G,G,4.0
G,G,G,G,G,G,4.5
G,G,G,G,G,G,5.0
G,G,G,G,G,G,5.5
G,G,G,G,G,G,6.0
G,G,G,G,G,G,6.5
G,G,G,O,G,G,5.0
G,G,G,O,O,O,3.5
Y,G,G,O,O,O,2.0
Y,Y,G,O,O,O,0.5
Y,Y,G,O,O,O,0.0
Y,Y,G,G,O,O,0.0
Y,Y,G,G,O,O,0.0
Y,Y,Y,G,O,O,0.0
Y,Y,Y,G,G,O,0.0
Y,Y,Y,G,G,O,0.0
Y,Y,Y,G,G,O,0.0
Y,Y,Y,G,G,O,0.0
Y,Y,Y,G,G,O,0.0
Y,Y,Y,G,G,G,1.0
Y,Y,Y,G,G,O,0
Y,Y,Y,G,G,O,0.0
Y,Y,Y,G,G,G,1.0
Y,Y,Y,Y,G,O,0
Y,Y,Y,G,G,O,0.0
Y,Y,Y,G,G,O,0.0
Y,Y,Y,G,G,G,1.0
Y,Y,Y,Y,G,O,0
Y,Y,Y,Y,G,O,0.0
Y,Y,Y,G,G,O,0.0
Y,Y,Y,G,G,G,1.0
Y,Y,Y,G,G,O,0
Y,Y,Y,G,G,O,0.0
Y,Y,Y,G,G,O,0.0
Y,Y,Y,G,G,O,0.0
Y,Y,Y,G,G,O,0.0
Y,Y,Y,G,G,G,1.0
Y,Y,Y,G,G,O,0
Y,Y,Y,G,G,O,0.0
Y,Y,Y,G,G,O,0.0
Y,Y,Y,G,G,G,1.0
Y,Y,Y,G,G,O,0
Y,Y,Y,G,G,O,0.0
Y,Y,Y,G,G,G,1.0
Y,Y,G,G,G,O,0
Y,Y,G,G,G,O,0.0
Y,Y,G,G,G,O,0.0
Y,Y,G,G,G,O,0.0
Y,Y,G,G,G,G,1.0
Y,Y,G,G,G,O,0
Y,Y,G,G,G,O,0.0
Y,Y,G,G,G,O,0.0
Y,Y,G,G,G,O,0.0
Y,Y,G,G,G,G,1.0
Y,G,G,G,G,O,0
Y,G,G,G,G,O,0.0
Y,Y,G,G,G,O,0.0
Y,G,G,G,G,O,0.0
Y,G,G,G,G,O,0.0
Y,G,G,G,G,G,1.0
G,G,G,G,G,O,0
Y,G,G,G,G,G,1.0
Y,G,G,G,G,G,0.5
G,G,G,G,G,O,0.0
Y,G,G,G,G,G,1.0
Y,G,G,G,G,G,0.5
G,G,G,G,G,O,0.0
Y,G,G,G,G,G,1.0
Y,G,G,G,G,G,0.5
G,G,G,G,G,G,2.0
G,G,G,G,G,G,2.5
G,G,G,G,G,G,3.0
G,G,G,G,G,G,3.5
G,G,G,G,G,Y,3.0
G,G,G,G,G,G,3.5
G,G,G,G,G,G,4.0
Y,G,G,G,G,G,3.5
G,G,G,G,G,G,4.0
G,G,G,G,G,G,4.5
G,G,G,G,G,Y,4.0
G,G,G,G,G,G,4.5
G,G,G,G,G,G,5.0
G,G,G,G,G,G,5.5
G,G,G,G,G,G,6.0
G,G,G,G,G,G,6.5
G,G,G,G,G,G,7.0
G,G,G,G,G,Y,6.5
G,G,G,G,G,G,7.0
G,G,G,G,G,G,7.5
G,G,G,G,G,G,8.0
Y,G,G,G,G,G,7.5
Y,G,G,G,G,G,7.0
G,G,G,G,G,G,7.5
G,G,G,G,G,G,8.0
G,G,G,G,G,G,8.5
Y,G,G,G,G,G,8.0
G,G,G,G,G,G,8.5
Y,G,G,G,G,G,8.0
G,G,G,G,G,Y,7.5
G,G,G,G,G,G,8.0
G,G,G,G,G,G,8.5
G,G,G,G,G,G,9.0
G,G,G,G,G,G,9.5
G,G,G,G,G,Y,9.0
G,G,G,G,G,Y,8.5
G,G,G,G,G,G,9.0
G,G,G,G,G,Y,8.5
G,G,G,G,G,Y,8.0
G,G,G,G,G,Y,7.5
G,G,G,G,Y,Y,7.0
G,G,G,G,Y,Y,6.5
G,G,G,G,Y,Y,6.0
G,G,G,G,G,Y,5.5
G,G,G,G,G,Y,5.0
G,G,G,G,G,Y,4.5
G,G,G,G,G,G,5.0
G,G,G,G,G,G,5.5
G,G,G,G,G,G,6.0
G,G,G,G,G,G,6.5
G,G,G,G,G,G,7.0
G,G,G,G,G,G,7.5
G,G,G,G,G,G,8.0
G,G,G,G,G,Y,7.5
G,G,G,G,G,G,8.0
G,G,G,G,Y,Y,7.5
G,G,G,G,G,G,8.0
G,G,G,G,G,Y,7.5
G,G,G,G,G,G,8.0
G,G,G,G,G,Y,7.5
G,G,G,G,G,G,8.0
G,G,G,G,G,G,8.5
G,G,G,G,G,Y,8.0
G,G,G,G,G,G,8.5
G,G,G,G,G,G,9.0
G,G,G,G,B,G,7.0
G,G,G,G,G,B,5.0
Y,Y,G,G,G,G,4.5
Y,G,G,G,G,G,4.0
G,G,G,G,G,G,4.5
G,G,G,G,G,G,5.0
G,G,G,G,G,G,5.5
G,G,G,G,G,G,6.0
G,G,G,G,G,G,6.5
G,G,G,G,G,G,7.0
G,G,G,G,G,G,7.5
G,G,G,G,G,G,8.0
G,G,G,G,G,G,8.5
G,G,G,G,G,G,9.0
G,G,G,G,G,G,9.5
G,G,G,G,G,G,10.0
G,G,G,G,G,G,10
G,G,G,G,G,Y,9.5
G,G,G,G,G,G,10.0
O,O,O,G,G,G,8.5
O,G,Y,Y,Y,Y,7.0
Y,Y,Y,R,R,R,8.5
Y,R,R,R,R,R,10
R,R,R,R,R,R,2
R,R,R,R,R,R,2
R,R,R,R,R,R,2
R,R,R,R,R,R,2
R,R,R,R,R,R,2
R,R,R,R,R,R,2
R,R,R,R,R,R,2
R,R,R,R,R,R,2
R,R,R,R,R,R,2
R,R,Y,R,R,R,2
R,Y,Y,Y,R,R,2
Y,Y,Y,Y,Y,R,2
Y,Y,Y,Y,Y,R,2
Y,Y,Y,Y,Y,Y,1.93
Y,Y,Y,Y,Y,Y,0.9
Y,Y,Y,Y,Y,Y,-0.6
Y,Y,Y,Y,Y,R,3.0
Y,G,G,Y,Y,Y,3.5
G,G,G,Y,Y,Y,3.0
G,G,G,G,Y,Y,2.5
G,G,G,G,G,Y,2.0
G,G,G,G,G,G,2.5
G,G,G,G,G,G,3.0
G,G,G,G,G,G,3.5
G,G,G,G,G,G,4.0
G,G,G,G,G,G,4.5
G,G,G,G,G,G,5.0
G,G,G,G,G,G,5.5
G,G,Y,Y,G,G,6.0
G,Y,Y,Y,Y,G,5.5
Y,Y,Y,Y,Y,G,4.0
Y,Y,Y,Y,Y,G,2.5
Y,Y,Y,Y,G,G,2.0
Y,Y,Y,Y,G,G,1.5
Y,Y,Y,G,G,G,1.0
Y,Y,G,G,G,G,0.5
Y,G,G,G,G,G,1.0
Y,G,G,G,G,G,0.5
G,G,G,G,G,G,2.0
G,G,G,G,G,G,2.5
G,G,G,G,G,G,3.0
G,G,G,G,G,G,3.5
G,G,G,G,G,G,4.0
G,G,G,G,G,G,4.5
G,G,G,G,Y,Y,4.0
G,G,G,G,G,Y,3.5
G,G,G,G,G,Y,3.0
G,G,G,G,G,G,3.5
G,G,G,G,G,G,4.0
G,G,G,G,G,Y,3.5
G,G,G,G,Y,Y,3.0
G,G,G,G,G,G,3.5
G,G,G,G,G,G,4.0
G,G,G,G,G,Y,3.5
G,G,G,G,G,G,4.0
G,G,G,G,G,Y,3.5
G,G,G,G,G,Y,3.0
G,G,G,G,G,G,3.5
G,G,G,G,G,G,4.0
G,G,G,G,G,Y,3.5
G,G,G,G,G,Y,3.0
G,G,G,G,G,G,3.5
G,G,G,G,G,G,4.0
G,O,G,G,G,Y,2.5
O,O,G,G,Y,Y,1.0
O,O,G,G,Y,Y,0
O,O,G,G,Y,Y,0.0
O,O,G,G,Y,Y,0.0
O,O,G,G,Y,Y,0.0
O,O,G,G,Y,Y,0.0
O,O,G,G,Y,Y,0.0
O,O,G,G,Y,Y,0.0
O,O,G,G,Y,Y,0.0
O,O,G,Y,Y,Y,0.0
O,O,O,Y,Y,Y,0.0
O,O,O,Y,Y,Y,0.0
O,O,O,Y,Y,Y,0.0
O,O,G,Y,Y,Y,0.0
O,O,G,Y,Y,Y,0.0
O,O,G,Y,Y,Y,0.0
O,O,Y,Y,Y,Y,0.0
O,O,Y,Y,Y,Y,0.0
O,G,Y,Y,Y,Y,0.0
O,G,Y,Y,Y,Y,0.0
O,G,Y,Y,Y,Y,0.0
O,Y,Y,Y,Y,Y,-1.0
G,Y,Y,Y,Y,Y,0.0
G,Y,Y,Y,Y,Y,0.0
Y,Y,Y,Y,Y,Y,0.0
Y,Y,Y,Y,Y,Y,0.0
Y,Y,Y,Y,Y,Y,0.0
Y,Y,Y,Y,Y,Y,0.0
Y,Y,Y,Y,Y,Y,0.0
Y,Y,Y,Y,Y,Y,0.0
Y,Y,Y,Y,Y,Y,0.0
Y,Y,Y,Y,Y,Y,0.0
R,R,Y,Y,Y,G,3.0
R,R,R,Y,Y,G,4.5
R,R,R,Y,Y,Y,5.0
R,R,R,R,Y,Y,6.5
R,R,R,R,R,Y,8.0
R,R,R,R,R,R,9.5
R,R,R,R,R,R,2
R,R,R,R,R,R,2
R,R,R,R,R,R,2
R,R,R,R,R,R,2
R,R,R,R,R,R,2
R,R,R,R,R,R,2
R,R,R,R,R,R,2
R,R,R,R,R,R,2
R,R,R,R,R,R,2
R,R,R,R,R,R,2
R,R,R,R,R,R,2
R,R,R,R,R,R,2
R,R,R,R,R,R,2
R,R,R,R,R,R,2
R,R,R,R,R,R,2
R,R,R,R,R,R,2
R,R,R,R,R,R,2
R,R,R,R,R,R,2
R,R,R,R,R,R,2
R,R,R,R,R,R,2
R,R,R,R,R,R,2
R,R,R,R,R,R,2
R,R,R,R,R,R,2
R,R,R,R,R,R,2
R,R,R,R,R,R,2
R,R,R,R,R,R,2
R,R,R,R,R,R,2
R,R,R,R,R,R,2
R,R,R,R,R,R,2
R,R,R,R,R,R,2
R,R,R,R,R,R,2
R,R,R,R,R,R,2
R,R,R,R,R,R,2
R,R,R,R,R,R,2
R,R,R,R,R,R,2
R,R,R,R,R,R,2
R,R,R,R,R,R,2
R,R,R,R,R,R,2
R,R,R,R,R,R,2
R,R,R,R,R,R,2
R,R,R,R,R,R,2
R,R,R,R,R,R,2
R,R,R,R,R,R,2
R,R,R,R,R,R,2
R,R,R,R,R,R,2
R,R,R,R,R,R,2
R,R,R,R,R,R,2
R,R,R,R,R,R,2
R,R,R,R,R,R,2
R,R,R,R,R,R,2
R,R,R,R,R,R,2
R,R,R,R,R,R,2
R,R,R,R,R,R,2
R,R,R,R,R,R,2
R,R,R,R,R,R,2
R,R,R,R,R,R,2
R,R,R,R,R,R,2
R,R,R,R,R,R,2
R,R,R,R,R,R,2
R,R,R,R,R,R,2
R,R,R,R,R,R,2
R,R,R,R,R,R,2
R,R,R,R,R,R,2
R,R,R,R,R,R,2
R,R,R,R,R,R,2
R,R,R,R,R,R,2
R,R,R,R,R,R,2
R,R,R,R,R,R,2
R,R,R,R,R,R,2
R,R,R,R,R,R,2
R,R,R,R,R,R,2
R,R,R,R,R,R,2
R,R,R,R,R,R,2
R,R,R,R,R,R,2
R,R,R,R,R,R,2
R,R,R,R,R,R,2
R,R,R,R,R,R,2
R,R,R,R,R,R,2
R,R,R,R,R,R,2
R,R,R,R,R,R,2
R,R,R,R,R,R,2
R,R,R,R,R,R,2
R,R,R,R,R,R,2
R,R,R,R,R,R,2
R,R,R,R,R,R,2
R,R,R,R,R,R,2
R,R,R,R,R,R,2
R,R,R,R,R,R,2
R,R,R,R,R,R,2
R,R,R,R,R,R,2
R,R,R,R,R,R,2
R,R,R,R,R,R,2
R,R,R,R,R,R,2
R,R,R,R,R,R,2
R,R,R,R,R,R,2
R,R,R,R,R,R,2
R,R,R,R,R,R,2
R,R,R,R,R,R,2
R,R,R,R,R,R,2
R,R,R,R,R,R,2
R,R,R,R,R,R,2
R,R,R,R,R,R,2
R,R,R,R,R,R,2
R,R,R,R,R,R,2
R,R,R,R,R,R,2
R,R,R,R,R,R,2
R,R,R,R,R,R,2
R,R,R,R,R,R,2
R,R,R,R,R,R,2
R,R,R,R,R,R,2
Y,R,R,R,R,R,2
Y,R,R,R,R,R,2
Y,Y,R,R,R,R,4.97
Y,Y,Y,Y,R,R,6.47
G,G,G,Y,Y,R,6.97
G,G,G,G,Y,Y,6.47
G,G,G,G,Y,Y,5.97
G,G,G,G,G,G,6.47
G,G,G,G,G,G,6.97
G,G,G,G,G,G,7.47
G,Y,G,G,G,G,6.97
Y,Y,Y,G,G,G,6.47
Y,Y,Y,G,G,G,5.97
Y,Y,Y,G,G,G,5.47
Y,Y,G,G,G,G,4.97
Y,Y,Y,G,G,G,4.47
Y,G,G,G,G,G,3.97
Y,G,G,G,G,G,3.47
Y,G,G,G,G,G,2.97
G,G,G,G,G,G,3.47
G,G,G,G,G,G,3.97
G,G,G,G,G,G,4.47
G,G,G,G,G,G,4.97
G,G,G,G,G,Y,4.47
G,G,G,G,G,Y,3.97
G,G,G,G,G,G,4.47
G,G,G,G,G,G,4.97
G,G,G,G,G,G,5.47
G,G,G,G,G,G,5.97
G,G,G,G,G,G,6.47
G,G,G,G,G,G,6.97
G,G,G,G,G,G,7.47
G,G,G,G,G,G,7.97
G,G,G,G,G,Y,7.47
G,G,G,G,G,Y,6.97
G,G,G,G,G,G,7.47
G,G,G,G,G,G,7.97
G,G,G,G,G,Y,7.47
G,G,G,G,G,Y,6.97
G,G,G,G,G,Y,6.47
G,G,G,G,G,G,6.97
G,G,G,G,G,G,7.47
G,G,G,G,G,Y,6.97
G,G,G,G,Y,Y,6.47
G,G,G,G,G,G,6.97
G,G,G,G,G,Y,6.47
G,G,G,G,G,G,6.97
Y,G,G,G,G,G,6.47
G,G,G,G,G,G,6.97
G,G,G,G,G,G,7.47
Y,G,G,G,G,G,6.97
Y,G,G,G,G,G,6.47
Y,G,G,G,G,G,5.97
Y,G,G,G,G,G,5.47
Y,G,G,G,G,G,4.97
Y,G,G,G,G,G,4.47
G,G,G,G,G,G,4.97
Y,G,G,G,G,G,4.47
Y,G,G,G,G,B,2.97
Y,Y,G,G,G,B,1.47
Y,Y,Y,G,G,B,0
Y,Y,G,G,G,B,0.0
Y,Y,G,G,B,B,0.0
Y,Y,G,G,B,B,0.0
Y,G,G,G,B,B,0.0
Y,Y,G,B,B,G,0.0
Y,G,G,B,B,B,0.0
Y,G,G,B,B,G,0.0
Y,G,G,B,B,G,0.0
Y,G,G,B,B,G,0.0
Y,G,G,B,B,G,0.0
G,G,G,B,B,G,0
Y,G,G,B,B,B,0.0
G,G,G,B,B,G,0
Y,G,G,B,B,B,0.0
G,G,G,B,B,G,0
Y,G,G,G,B,B,0.0
G,G,G,B,B,G,0
Y,G,G,G,B,B,0.0
G,G,G,B,B,G,0
G,G,G,G,B,B,0
Y,G,G,G,B,B,0.0
G,G,G,G,B,B,0
Y,G,G,G,B,B,0.0
G,G,G,G,B,B,0
Y,G,G,G,G,G,1.0
G,G,G,G,B,B,0
Y,G,G,G,G,G,1.0
G,G,G,G,G,B,0
Y,G,G,G,G,G,1.0
G,G,G,G,G,B,0
Y,G,G,G,G,G,1.0
G,G,G,G,G,B,0
Y,G,G,G,G,G,1.0
G,G,G,G,G,G,1.5
G,G,G,G,G,G,2.0
G,G,G,G,G,G,2.5
G,G,G,G,G,G,3.0
G,G,G,G,G,G,3.5
G,G,G,G,G,Y,3.0
G,G,G,G,G,G,3.5
G,G,G,G,G,G,4.0
G,G,G,G,G,G,4.5
G,G,G,G,G,G,5.0
G,G,G,G,G,G,5.5
G,G,G,G,G,G,6.0
G,G,G,G,G,Y,5.5
G,G,G,G,G,Y,5.0
G,G,G,G,G,Y,4.5
G,G,G,G,G,Y,4.0
G,G,G,G,G,Y,3.5
G,G,G,G,G,Y,3.0
G,G,G,G,G,G,3.5
G,G,G,G,G,Y,3.0
G,G,G,G,G,G,3.5
G,G,G,G,G,G,4.0
Y,G,G,G,G,G,3.5
G,G,G,G,G,G,4.0
G,G,G,G,G,G,4.5
G,G,G,G,G,G,5.0
G,G,G,G,G,G,5.5
G,G,G,G,G,Y,5.0
G,G,G,G,G,Y,4.5
G,G,G,G,G,G,5.0
G,B,G,G,G,G,3.0
B,G,G,Y,Y,Y,1.5
G,G,G,Y,Y,Y,1.0
B,G,G,Y,Y,Y,0
B,G,G,Y,Y,Y,0.0
B,G,G,Y,Y,Y,0.0
B,G,Y,Y,Y,Y,0.0
B,G,Y,Y,Y,Y,0.0
B,G,G,Y,Y,Y,0.0
G,G,G,Y,Y,Y,1.0
B,G,G,Y,Y,Y,0
B,G,G,G,Y,Y,0.0
B,G,G,Y,Y,Y,0.0
B,G,G,Y,Y,Y,0.0
B,G,G,Y,Y,Y,0.0
B,G,G,Y,Y,Y,0.0
G,G,G,Y,Y,Y,1.0
B,G,G,G,Y,Y,0
B,G,G,G,Y,Y,0.0
B,G,G,G,Y,Y,0.0
B,G,G,Y,Y,Y,0.0
B,G,G,Y,Y,Y,0.0
B,G,G,Y,Y,Y,0.0
B,G,Y,Y,Y,Y,0.0
B,G,G,Y,Y,Y,0.0
G,G,G,Y,Y,Y,1.0
G,G,G,G,Y,Y,0.5
G,G,G,G,Y,Y,1.0
G,G,G,G,G,Y,0.5
G,G,G,G,G,G,2.0
G,G,G,G,G,G,2.5
G,G,G,G,G,G,3.0
G,G,G,G,G,Y,2.5
G,G,G,G,G,G,3.0
G,G,G,G,G,G,3.5
G,G,G,G,G,Y,3.0
G,G,G,G,G,G,3.5
G,G,G,G,G,Y,3.0
G,G,G,G,G,Y,2.5
G,G,G,G,G,G,3.0
G,G,G,G,G,G,3.5
G,G,G,G,G,G,4.0
G,G,G,G,G,G,4.5
G,G,G,B,G,Y,3.0
G,G,B,B,B,G,1.0
G,G,B,B,B,G,0
G,G,B,B,G,Y,0.0
G,G,B,B,G,Y,0.0
G,G,B,B,B,Y,0.0
G,G,B,B,B,Y,0.0
G,G,B,B,B,Y,0.0
G,G,B,B,B,Y,0.0
G,G,B,B,B,Y,0.0
G,G,G,B,B,Y,0.0
G,G,G,B,B,B,0
G,G,G,G,B,Y,0.0
G,G,G,G,G,B,0
G,G,G,G,G,B,0
G,G,G,G,G,B,0
G,G,G,G,G,G,2.0
G,G,G,G,G,G,2.5
G,G,G,G,G,G,3.0
G,G,G,G,G,G,3.5
G,Y,Y,G,G,G,3.0
Y,Y,Y,G,G,G,2.5
Y,Y,Y,G,G,G,2.0
Y,Y,Y,G,G,G,1.5
Y,Y,Y,G,G,G,1.0
Y,Y,Y,G,G,G,0.5
Y,Y,G,G,G,G,1.0
Y,Y,G,G,G,G,0.5
Y,G,G,G,G,G,1.0
Y,G,G,G,G,B,0
Y,G,G,G,G,B,0.0
G,G,G,G,B,B,0
G,G,G,G,G,B,0
Y,G,G,G,G,B,0.0
G,G,G,G,G,B,0
Y,G,G,G,G,B,0.0
G,G,G,G,G,B,0
Y,G,G,G,G,B,0.0
G,G,G,G,G,B,0
G,G,G,G,G,B,0
Y,G,G,G,G,G,1.0
G,G,G,G,G,G,1.5
G,G,G,G,G,G,2.0
G,G,G,G,G,G,2.5
G,G,G,G,G,G,3.0
G,G,G,G,G,G,3.5
G,G,G,G,G,G,4.0
G,G,G,G,G,G,4.5
G,G,G,G,G,Y,4.0
G,G,G,G,G,Y,3.5
G,G,G,G,G,Y,3.0
G,G,G,G,G,Y,2.5
G,G,G,G,G,G,3.0
G,G,G,G,G,G,3.5
G,G,G,G,G,G,4.0
G,G,G,G,G,G,4.5
G,G,G,G,G,G,5.0
G,G,G,G,G,G,5.5
G,G,G,G,G,G,6.0
G,G,G,G,G,G,6.5
G,G,G,O,G,G,5.0
G,G,G,O,O,O,3.5
Y,G,G,O,O,O,2.0
Y,Y,G,O,O,O,0.5
Y,Y,G,O,O,O,0.0
Y,Y,G,G,O,O,0.0
Y,Y,G,G,O,O,0.0
Y,Y,Y,G,O,O,0.0
Y,Y,Y,G,G,O,0.0
Y,Y,Y,G,G,O,0.0
Y,Y,Y,G,G,O,0.0
Y,Y,Y,G,G,O,0.0
Y,Y,Y,G,G,O,0.0
Y,Y,Y,G,G,G,1.0
Y,Y,Y,G,G,O,0
Y,Y,Y,G,G,O,0.0
Y,Y,Y,G,G,G,1.0
Y,Y,Y,Y,G,O,0
Y,Y,Y,G,G,O,0.0
Y,Y,Y,G,G,O,0.0
Y,Y,Y,G,G,G,1.0
Y,Y,Y,Y,G,O,0
Y,Y,Y,Y,G,O,0.0
Y,Y,Y,G,G,O,0.0
Y,Y,Y,G,G,G,1.0
Y,Y,Y,G,G,O,0
Y,Y,Y,G,G,O,0.0
Y,Y,Y,G,G,O,0.0
Y,Y,Y,G,G,O,0.0
Y,Y,Y,G,G,O,0.0
Y,Y,Y,G,G,G,1.0
Y,Y,Y,G,G,O,0
Y,Y,Y,G,G,O,0.0
Y,Y,Y,G,G,O,0.0
Y,Y,Y,G,G,G,1.0
Y,Y,Y,G,G,O,0
Y,Y,Y,G,G,O,0.0
Y,Y,Y,G,G,G,1.0
Y,Y,G,G,G,O,0
Y,Y,G,G,G,O,0.0
Y,Y,G,G,G,O,0.0
Y,Y,G,G,G,O,0.0
Y,Y,G,G,G,G,1.0
Y,Y,G,G,G,O,0
Y,Y,G,G,G,O,0.0
Y,Y,G,G,G,O,0.0
Y,Y,G,G,G,O,0.0
Y,Y,G,G,G,G,1.0
Y,G,G,G,G,O,0
Y,G,G,G,G,O,0.0
Y,Y,G,G,G,O,0.0
Y,G,G,G,G,O,0.0
Y,G,G,G,G,O,0.0
Y,G,G,G,G,G,1.0
G,G,G,G,G,O,0
Y,G,G,G,G,G,1.0
Y,G,G,G,G,G,0.5
G,G,G,G,G,O,0.0
Y,G,G,G,G,G,1.0
Y,G,G,G,G,G,0.5
G,G,G,G,G,O,0.0
Y,G,G,G,G,G,1.0
Y,G,G,G,G,G,0.5
G,G,G,G,G,G,2.0
G,G,G,G,G,G,2.5
G,G,G,G,G,G,3.0
G,G,G,G,G,G,3.5
G,G,G,G,G,Y,3.0
G,G,G,G,G,G,3.5
G,G,G,G,G,G,4.0
Y,G,G,G,G,G,3.5
G,G,G,G,G,G,4.0
G,G,G,G,G,G,4.5
G,G,G,G,G,Y,4.0
G,G,G,G,G,G,4.5
G,G,G,G,G,G,5.0
G,G,G,G,G,G,5.5
G,G,G,G,G,G,6.0
G,G,G,G,G,G,6.5
G,G,G,G,G,G,7.0
G,G,G,G,G,Y,6.5
G,G,G,G,G,G,7.0
G,G,G,G,G,G,7.5
G,G,G,G,G,G,8.0
Y,G,G,G,G,G,7.5
Y,G,G,G,G,G,7.0
G,G,G,G,G,G,7.5
G,G,G,G,G,G,8.0
G,G,G,G,G,G,8.5
Y,G,G,G,G,G,8.0
G,G,G,G,G,G,8.5
Y,G,G,G,G,G,8.0
G,G,G,G,G,Y,7.5
G,G,G,G,G,G,8.0
G,G,G,G,G,G,8.5
G,G,G,G,G,G,9.0
G,G,G,G,G,G,9.5
G,G,G,G,G,Y,9.0
G,G,G,G,G,Y,8.5
G,G,G,G,G,G,9.0
G,G,G,G,G,Y,8.5
G,G,G,G,G,Y,8.0
G,G,G,G,G,Y,7.5
G,G,G,G,Y,Y,7.0
G,G,G,G,Y,Y,6.5
G,G,G,G,Y,Y,6.0
G,G,G,G,G,Y,5.5
G,G,G,G,G,Y,5.0
G,G,G,G,G,Y,4.5
G,G,G,G,G,G,5.0
G,G,G,G,G,G,5.5
G,G,G,G,G,G,6.0
G,G,G,G,G,G,6.5
G,G,G,G,G,G,7.0
G,G,G,G,G,G,7.5
G,G,G,G,G,G,8.0
G,G,G,G,G,Y,7.5
G,G,G,G,G,G,8.0
G,G,G,G,Y,Y,7.5
G,G,G,G,G,G,8.0
G,G,G,G,G,Y,7.5
G,G,G,G,G,G,8.0
G,G,G,G,G,Y,7.5
G,G,G,G,G,G,8.0
G,G,G,G,G,G,8.5
G,G,G,G,G,Y,8.0
G,G,G,G,G,G,8.5
G,G,G,G,G,G,9.0
G,G,G,G,B,G,7.0
G,G,G,G,G,B,5.0
Y,Y,G,G,G,G,4.5
Y,G,G,G,G,G,4.0
G,G,G,G,G,G,4.5
G,G,G,G,G,G,5.0
G,G,G,G,G,G,5.5
G,G,G,G,G,G,6.0
G,G,G,G,G,G,6.5
G,G,G,G,G,G,7.0
G,G,G,G,G,G,7.5
G,G,G,G,G,G,8.0
G,G,G,G,G,G,8.5
G,G,G,G,G,G,9.0
G,G,G,G,G,G,9.5
G,G,G,G,G,G,10.0
G,G,G,G,G,G,10
G,G,G,G,G,Y,9.5
G,G,G,G,G,G,10.0
O,O,O,G,G,G,8.5
O,G,Y,Y,Y,Y,7.0
Y,Y,Y,R,R,R,8.5
Y,R,R,R,R,R,10
R,R,R,R,R,R,2
R,R,R,R,R,R,2
R,R,R,R,R,R,2
R,R,R,R,R,R,2
R,R,R,R,R,R,2
R,R,R,R,R,R,2
R,R,R,R,R,R,2
R,R,R,R,R,R,2
R,R,R,R,R,R,2
R,R,Y,R,R,R,2
R,Y,Y,Y,R,R,2
Y,Y,Y,Y,Y,R,2
Y,Y,Y,Y,Y,R,2
Y,Y,Y,Y,Y,Y,1.93
Y,Y,Y,Y,Y,Y,0.9
Y,Y,Y,Y,Y,Y,-0.6
Y,Y,Y,Y,Y,R,3.0
Y,G,G,Y,Y,Y,3.5
G,G,G,Y,Y,Y,3.0
G,G,G,G,Y,Y,2.5
G,G,G,G,G,Y,2.0
G,G,G,G,G,G,2.5
G,G,G,G,G,G,3.0
G,G,G,G,G,G,3.5
G,G,G,G,G,G,4.0
G,G,G,G,G,G,4.5
G,G,G,G,G,G,5.0
G,G,G,G,G,G,5.5
G,G,Y,Y,G,G,6.0
G,Y,Y,Y,Y,G,5.5
Y,Y,Y,Y,Y,G,4.0
Y,Y,Y,Y,Y,G,2.5
Y,Y,Y,Y,G,G,2.0
Y,Y,Y,Y,G,G,1.5
Y,Y,Y,G,G,G,1.0
Y,Y,G,G,G,G,0.5
Y,G,G,G,G,G,1.0
Y,G,G,G,G,G,0.5
G,G,G,G,G,G,2.0
G,G,G,G,G,G,2.5
G,G,G,G,G,G,3.0
G,G,G,G,G,G,3.5
G,G,G,G,G,G,4.0
G,G,G,G,G,G,4.5
G,G,G,G,Y,Y,4.0
G,G,G,G,G,Y,3.5
G,G,G,G,G,Y,3.0
G,G,G,G,G,G,3.5
G,G,G,G,G,G,4.0
G,G,G,G,G,Y,3.5
G,G,G,G,Y,Y,3.0
G,G,G,G,G,G,3.5
G,G,G,G,G,G,4.0
G,G,G,G,G,Y,3.5
G,G,G,G,G,G,4.0
G,G,G,G,G,Y,3.5
G,G,G,G,G,Y,3.0
G,G,G,G,G,G,3.5
G,G,G,G,G,G,4.0
G,G,G,G,G,Y,3.5
G,G,G,G,G,Y,3.0
G,G,G,G,G,G,3.5
G,G,G,G,G,G,4.0
G,O,G,G,G,Y,2.5
O,O,G,G,Y,Y,1.0
O,O,G,G,Y,Y,0
O,O,G,G,Y,Y,0.0
O,O,G,G,Y,Y,0.0
O,O,G,G,Y,Y,0.0
O,O,G,G,Y,Y,0.0
O,O,G,G,Y,Y,0.0
O,O,G,G,Y,Y,0.0
O,O,G,G,Y,Y,0.0
O,O,G,Y,Y,Y,0.0
O,O,O,Y,Y,Y,0.0
O,O,O,Y,Y,Y,0.0
O,O,O,Y,Y,Y,0.0
O,O,G,Y,Y,Y,0.0
O,O,G,Y,Y,Y,0.0
O,O,G,Y,Y,Y,0.0
O,O,Y,Y,Y,Y,0.0
O,O,Y,Y,Y,Y,0.0
O,G,Y,Y,Y,Y,0.0
O,G,Y,Y,Y,Y,0.0
O,G,Y,Y,Y,Y,0.0
O,Y,Y,Y,Y,Y,-1.0
G,Y,Y,Y,Y,Y,0.0
G,Y,Y,Y,Y,Y,0.0
Y,Y,Y,Y,Y,Y,0.0
Y,Y,Y,Y,Y,Y,0.0
Y,Y,Y,Y,Y,Y,0.0
Y,Y,Y,Y,Y,Y,0.0
Y,Y,Y,Y,Y,Y,0.0
Y,Y,Y,Y,Y,Y,0.0
Y,Y,Y,Y,Y,Y,0.0
Y,Y,Y,Y,Y,Y,0.0
R,R,Y,Y,Y,G,3.0
R,R,R,Y,Y,G,4.5
R,R,R,Y,Y,Y,5.0
R,R,R,R,Y,Y,6.5
R,R,R,R,R,Y,8.0
R,R,R,R,R,R,9.5
R,R,R,R,R,R,2
R,R,R,R,R,R,2
R,R,R,R,R,R,2
R,R,R,R,R,R,2
R,R,R,R,R,R,2
R,R,R,R,R,R,2
R,R,R,R,R,R,2
R,R,R,R,R,R,2
R,R,R,R,R,R,2
R,R,R,R,R,R,2
R,R,R,R,R,R,2
R,R,R,R,R,R,2
R,R,R,R,R,R,2
R,R,R,R,R,R,2
R,R,R,R,R,R,2
R,R,R,R,R,R,2
R,R,R,R,R,R,2
R,R,R,R,R,R,2
R,R,R,R,R,R,2
R,R,R,R,R,R,2
R,R,R,R,R,R,2
R,R,R,R,R,R,2
R,R,R,R,R,R,2
R,R,R,R,R,R,2
R,R,R,R,R,R,2
R,R,R,R,R,R,2
R,R,R,R,R,R,2
R,R,R,R,R,R,2
R,R,R,R,R,R,2
R,R,R,R,R,R,2
R,R,R,R,R,R,2
R,R,R,R,R,R,2
R,R,R,R,R,R,2
R,R,R,R,R,R,2
R,R,R,R,R,R,2
R,R,R,R,R,R,2
R,R,R,R,R,R,2
R,R,R,R,R,R,2
R,R,R,R,R,R,2
R,R,R,R,R,R,2
R,R,R,R,R,R,2
R,R,R,R,R,R,2
R,R,R,R,R,R,2
R,R,R,R,R,R,2
R,R,R,R,R,R,2
R,R,R,R,R,R,2
R,R,R,R,R,R,2
R,R,R,R,R,R,2
R,R,R,R,R,R,2
R,R,R,R,R,R,2
R,R,R,R,R,R,2
R,R,R,R,R,R,2
R,R,R,R,R,R,2
R,R,R,R,R,R,2
R,R,R,R,R,R,2
R,R,R,R,R,R,2
R,R,R,R,R,R,2
R,R,R,R,R,R,2
R,R,R,R,R,R,2
R,R,R,R,R,R,2
R,R,R,R,R,R,2
R,R,R,R,R,R,2
R,R,R,R,R,R,2
R,R,R,R,R,R,2
R,R,R,R,R,R,2
R,R,R,R,R,R,2
R,R,R,R,R,R,2
R,R,R,R,R,R,2
R,R,R,R,R,R,2
R,R,R,R,R,R,2
R,R,R,R,R,R,2
R,R,R,R,R,R,2
R,R,R,R,R,R,2
R,R,R,R,R,R,2
R,R,R,R,R,R,2
R,R,R,R,R,R,2
R,R,R,R,R,R,2
R,R,R,R,R,R,2
R,R,R,R,R,R,2
R,R,R,R,R,R,2
R,R,R,R,R,R,2
R,R,R,R,R,R,2
R,R,R,R,R,R,2
R,R,R,R,R,R,2
R,R,R,R,R,R,2
R,R,R,R,R,R,2
R,R,R,R,R,R,2
R,R,R,R,R,R,2
R,R,R,R,R,R,2
R,R,R,R,R,R,2
R,R,R,R,R,R,2
R,R,R,R,R,R,2
R,R,R,R,R,R,2
R,R,R,R,R,R,2
R,R,R,R,R,R,2
R,R,R,R,R,R,2
R,R,R,R,R,R,2
R,R,R,R,R,R,2
R,R,R,R,R,R,2
R,R,R,R,R,R,2
R,R,R,R,R,R,2
R,R,R,R,R,R,2
R,R,R,R,R,R,2
R,R,R,R,R,R,2
R,R,R,R,R,R,2
R,R,R,R,R,R,2
R,R,R,R,R,R,2
R,R,R,R,R,R,2
R,R,R,R,R,R,2
R,R,R,R,R,R,2
Y,R,R,R,R,R,2
Y,R,R,R,R,R,2
Y,Y,R,R,R,R,4.97
Y,Y,Y,Y,R,R,6.47
G,G,G,Y,Y,R,6.97
G,G,G,G,Y,Y,6.47
G,G,G,G,Y,Y,5.97
G,G,G,G,G,G,6.47
G,G,G,G,G,G,6.97
G,G,G,G,G,G,7.47
G,Y,G,G,G,G,6.97
Y,Y,Y,G,G,G,6.47
Y,Y,Y,G,G,G,5.97
Y,Y,Y,G,G,G,5.47
Y,Y,G,G,G,G,4.97
Y,Y,Y,G,G,G,4.47
Y,G,G,G,G,G,3.97
Y,G,G,G,G,G,3.47
Y,G,G,G,G,G,2.97
G,G,G,G,G,G,3.47
G,G,G,G,G,G,3.97
G,G,G,G,G,G,4.47
G,G,G,G,G,G,4.97
G,G,G,G,G,Y,4.47
G,G,G,G,G,Y,3.97
G,G,G,G,G,G,4.47
G,G,G,G,G,G,4.97
G,G,G,G,G,G,5.47
G,G,G,G,G,G,5.97
G,G,G,G,G,G,6.47
G,G,G,G,G,G,6.97
G,G,G,G,G,G,7.47
G,G,G,G,G,G,7.97
G,G,G,G,G,Y,7.47
G,G,G,G,G,Y,6.97
G,G,G,G,G,G,7.47
G,G,G,G,G,G,7.97
G,G,G,G,G,Y,7.47
G,G,G,G,G,Y,6.97
G,G,G,G,G,Y,6.47
G,G,G,G,G,G,6.97
G,G,G,G,G,G,7.47
G,G,G,G,G,Y,6.97
G,G,G,G,Y,Y,6.47
G,G,G,G,G,G,6.97
G,G,G,G,G,Y,6.47
G,G,G,G,G,G,6.97
Y,G,G,G,G,G,6.47
G,G,G,G,G,G,6.97
G,G,G,G,G,G,7.47
Y,G,G,G,G,G,6.97
Y,G,G,G,G,G,6.47
Y,G,G,G,G,G,5.97
Y,G,G,G,G,G,5.47
Y,G,G,G,G,G,4.97
Y,G,G,G,G,G,4.47
G,G,G,G,G,G,4.97
Y,G,G,G,G,G,4.47
Y,G,G,G,G,B,2.97
Y,Y,G,G,G,B,1.47
Y,Y,Y,G,G,B,0
Y,Y,G,G,G,B,0.0
Y,Y,G,G,B,B,0.0
Y,Y,G,G,B,B,0.0
Y,G,G,G,B,B,0.0
Y,Y,G,B,B,G,0.0
Y,G,G,B,B,B,0.0
Y,G,G,B,B,G,0.0
Y,G,G,B,B,G,0.0
Y,G,G,B,B,G,0.0
Y,G,G,B,B,G,0.0
G,G,G,B,B,G,0
Y,G,G,B,B,B,0.0
G,G,G,B,B,G,0
Y,G,G,B,B,B,0.0
G,G,G,B,B,G,0
Y,G,G,G,B,B,0.0
G,G,G,B,B,G,0
Y,G,G,G,B,B,0.0
G,G,G,B,B,G,0
G,G,G,G,B,B,0
Y,G,G,G,B,B,0.0
G,G,G,G,B,B,0
Y,G,G,G,B,B,0.0
G,G,G,G,B,B,0
Y,G,G,G,G,G,1.0
G,G,G,G,B,B,0
Y,G,G,G,G,G,1.0
G,G,G,G,G,B,0
Y,G,G,G,G,G,1.0
G,G,G,G,G,B,0
Y,G,G,G,G,G,1.0
G,G,G,G,G,B,0
Y,G,G,G,G,G,1.0
G,G,G,G,G,G,1.5
G,G,G,G,G,G,2.0
G,G,G,G,G,G,2.5
G,G,G,G,G,G,3.0
G,G,G,G,G,G,3.5
G,G,G,G,G,Y,3.0
G,G,G,G,G,G,3.5
G,G,G,G,G,G,4.0
G,G,G,G,G,G,4.5
G,G,G,G,G,G,5.0
G,G,G,G,G,G,5.5
G,G,G,G,G,G,6.0
G,G,G,G,G,Y,5.5
G,G,G,G,G,Y,5.0
G,G,G,G,G,Y,4.5
G,G,G,G,G,Y,4.0
G,G,G,G,G,Y,3.5
G,G,G,G,G,Y,3.0
G,G,G,G,G,G,3.5
G,G,G,G,G,Y,3.0
G,G,G,G,G,G,3.5
G,G,G,G,G,G,4.0
Y,G,G,G,G,G,3.5
G,G,G,G,G,G,4.0
G,G,G,G,G,G,4.5
G,G,G,G,G,G,5.0
G,G,G,G,G,G,5.5
G,G,G,G,G,Y,5.0
G,G,G,G,G,Y,4.5
G,G,G,G,G,G,5.0
G,B,G,G,G,G,3.0
B,G,G,Y,Y,Y,1.5
G,G,G,Y,Y,Y,1.0
B,G,G,Y,Y,Y,0
B,G,G,Y,Y,Y,0.0
B,G,G,Y,Y,Y,0.0
B,G,Y,Y,Y,Y,0.0
B,G,Y,Y,Y,Y,0.0
B,G,G,Y,Y,Y,0.0
G,G,G,Y,Y,Y,1.0
B,G,G,Y,Y,Y,0
B,G,G,G,Y,Y,0.0
B,G,G,Y,Y,Y,0.0
B,G,G,Y,Y,Y,0.0
B,G,G,Y,Y,Y,0.0
B,G,G,Y,Y,Y,0.0
G,G,G,Y,Y,Y,1.0
B,G,G,G,Y,Y,0
B,G,G,G,Y,Y,0.0
B,G,G,G,Y,Y,0.0
B,G,G,Y,Y,Y,0.0
B,G,G,Y,Y,Y,0.0
B,G,G,Y,Y,Y,0.0
B,G,Y,Y,Y,Y,0.0
B,G,G,Y,Y,Y,0.0
G,G,G,Y,Y,Y,1.0
G,G,G,G,Y,Y,0.5
G,G,G,G,Y,Y,1.0
G,G,G,G,G,Y,0.5
G,G,G,G,G,G,2.0
G,G,G,G,G,G,2.5
G,G,G,G,G,G,3.0
G,G,G,G,G,Y,2.5
G,G,G,G,G,G,3.0
G,G,G,G,G,G,3.5
G,G,G,G,G,Y,3.0
G,G,G,G,G,G,3.5
G,G,G,G,G,Y,3.0
G,G,G,G,G,Y,2.5
G,G,G,G,G,G,3.0
G,G,G,G,G,G,3.5
G,G,G,G,G,G,4.0
G,G,G,G,G,G,4.5
G,G,G,B,G,Y,3.0
G,G,B,B,B,G,1.0
G,G,B,B,B,G,0
G,G,B,B,G,Y,0.0
G,G,B,B,G,Y,0.0
G,G,B,B,B,Y,0.0
G,G,B,B,B,Y,0.0
G,G,B,B,B,Y,0.0
G,G,B,B,B,Y,0.0
G,G,B,B,B,Y,0.0
G,G,G,B,B,Y,0.0
G,G,G,B,B,B,0
G,G,G,G,B,Y,0.0
G,G,G,G,G,B,0
G,G,G,G,G,B,0
G,G,G,G,G,B,0
G,G,G,G,G,G,2.0
G,G,G,G,G,G,2.5
G,G,G,G,G,G,3.0
G,G,G,G,G,G,3.5
G,Y,Y,G,G,G,3.0
Y,Y,Y,G,G,G,2.5
Y,Y,Y,G,G,G,2.0
Y,Y,Y,G,G,G,1.5
Y,Y,Y,G,G,G,1.0
Y,Y,Y,G,G,G,0.5
Y,Y,G,G,G,G,1.0
Y,Y,G,G,G,G,0.5
Y,G,G,G,G,G,1.0
Y,G,G,G,G,B,0
Y,G,G,G,G,B,0.0
G,G,G,G,B,B,0
G,G,G,G,G,B,0
Y,G,G,G,G,B,0.0
G,G,G,G,G,B,0
Y,G,G,G,G,B,0.0
G,G,G,G,G,B,0
Y,G,G,G,G,B,0.0
G,G,G,G,G,B,0
G,G,G,G,G,B,0
Y,G,G,G,G,G,1.0
G,G,G,G,G,G,1.5
G,G,G,G,G,G,2.0
G,G,G,G,G,G,2.5
G,G,G,G,G,G,3.0
G,G,G,G,G,G,3.5
G,G,G,G,G,G,4.0
G,G,G,G,G,G,4.5
G,G,G,G,G,Y,4.0
G,G,G,G,G,Y,3.5
G,G,G,G,G,Y,3.0
G,G,G,G,G,Y,2.5
G,G,G,G,G,G,3.0
G,G,G,G,G,G,3.5
G,G,G,G,G,G,4.0
G,G,G,G,G,G,4.5
G,G,G,G,G,G,5.0
G,G,G,G,G,G,5.5
G,G,G,G,G,G,6.0
G,G,G,G,G,G,6.5
G,G,G,O,G,G,5.0
G,G,G,O,O,O,3.5
Y,G,G,O,O,O,2.0
Y,Y,G,O,O,O,0.5
Y,Y,G,O,O,O,0.0
Y,Y,G,G,O,O,0.0
Y,Y,G,G,O,O,0.0
Y,Y,Y,G,O,O,0.0
Y,Y,Y,G,G,O,0.0
Y,Y,Y,G,G,O,0.0
Y,Y,Y,G,G,O,0.0
Y,Y,Y,G,G,O,0.0
Y,Y,Y,G,G,O,0.0
Y,Y,Y,G,G,G,1.0
Y,Y,Y,G,G,O,0
Y,Y,Y,G,G,O,0.0
Y,Y,Y,G,G,G,1.0
Y,Y,Y,Y,G,O,0
Y,Y,Y,G,G,O,0.0
Y,Y,Y,G,G,O,0.0
Y,Y,Y,G,G,G,1.0
Y,Y,Y,Y,G,O,0
Y,Y,Y,Y,G,O,0.0
Y,Y,Y,G,G,O,0.0
Y,Y,Y,G,G,G,1.0
Y,Y,Y,G,G,O,0
Y,Y,Y,G,G,O,0.0
Y,Y,Y,G,G,O,0.0
Y,Y,Y,G,G,O,0.0
Y,Y,Y,G,G,O,0.0
Y,Y,Y,G,G,G,1.0
Y,Y,Y,G,G,O,0
Y,Y,Y,G,G,O,0.0
Y,Y,Y,G,G,O,0.0
Y,Y,Y,G,G,G,1.0
Y,Y,Y,G,G,O,0
Y,Y,Y,G,G,O,0.0
Y,Y,Y,G,G,G,1.0
Y,Y,G,G,G,O,0
Y,Y,G,G,G,O,0.0
Y,Y,G,G,G,O,0.0
Y,Y,G,G,G,O,0.0
Y,Y,G,G,G,G,1.0
Y,Y,G,G,G,O,0
Y,Y,G,G,G,O,0.0
Y,Y,G,G,G,O,0.0
Y,Y,G,G,G,O,0.0
Y,Y,G,G,G,G,1.0
Y,G,G,G,G,O,0
Y,G,G,G,G,O,0.0
Y,Y,G,G,G,O,0.0
Y,G,G,G,G,O,0.0
Y,G,G,G,G,O,0.0
Y,G,G,G,G,G,1.0
G,G,G,G,G,O,0
Y,G,G,G,G,G,1.0
Y,G,G,G,G,G,0.5
G,G,G,G,G,O,0.0
Y,G,G,G,G,G,1.0
Y,G,G,G,G,G,0.5
G,G,G,G,G,O,0.0
Y,G,G,G,G,G,1.0
Y,G,G,G,G,G,0.5
G,G,G,G,G,G,2.0
G,G,G,G,G,G,2.5
G,G,G,G,G,G,3.0
G,G,G,G,G,G,3.5
G,G,G,G,G,Y,3.0
G,G,G,G,G,G,3.5
G,G,G,G,G,G,4.0
Y,G,G,G,G,G,3.5
G,G,G,G,G,G,4.0
G,G,G,G,G,G,4.5
G,G,G,G,G,Y,4.0
G,G,G,G,G,G,4.5
G,G,G,G,G,G,5.0
G,G,G,G,G,G,5.5
G,G,G,G,G,G,6.0
G,G,G,G,G,G,6.5
G,G,G,G,G,G,7.0
G,G,G,G,G,Y,6.5
G,G,G,G,G,G,7.0
G,G,G,G,G,G,7.5
G,G,G,G,G,G,8.0
Y,G,G,G,G,G,7.5
Y,G,G,G,G,G,7.0
G,G,G,G,G,G,7.5
G,G,G,G,G,G,8.0
G,G,G,G,G,G,8.5
Y,G,G,G,G,G,8.0
G,G,G,G,G,G,8.5
Y,G,G,G,G,G,8.0
G,G,G,G,G,Y,7.5
G,G,G,G,G,G,8.0
G,G,G,G,G,G,8.5
G,G,G,G,G,G,9.0
G,G,G,G,G,G,9.5
G,G,G,G,G,Y,9.0
G,G,G,G,G,Y,8.5
G,G,G,G,G,G,9.0
G,G,G,G,G,Y,8.5
G,G,G,G,G,Y,8.0
G,G,G,G,G,Y,7.5
G,G,G,G,Y,Y,7.0
G,G,G,G,Y,Y,6.5
G,G,G,G,Y,Y,6.0
G,G,G,G,G,Y,5.5
G,G,G,G,G,Y,5.0
G,G,G,G,G,Y,4.5
G,G,G,G,G,G,5.0
G,G,G,G,G,G,5.5
G,G,G,G,G,G,6.0
G,G,G,G,G,G,6.5
G,G,G,G,G,G,7.0
G,G,G,G,G,G,7.5
G,G,G,G,G,G,8.0
G,G,G,G,G,Y,7.5
G,G,G,G,G,G,8.0
G,G,G,G,Y,Y,7.5
G,G,G,G,G,G,8.0
G,G,G,G,G,Y,7.5
G,G,G,G,G,G,8.0
G,G,G,G,G,Y,7.5
G,G,G,G,G,G,8.0
G,G,G,G,G,G,8.5
G,G,G,G,G,Y,8.0
G,G,G,G,G,G,8.5
G,G,G,G,G,G,9.0
G,G,G,G,B,G,7.0
G,G,G,G,G,B,5.0
Y,Y,G,G,G,G,4.5
Y,G,G,G,G,G,4.0
G,G,G,G,G,G,4.5
G,G,G,G,G,G,5.0
G,G,G,G,G,G,5.5
G,G,G,G,G,G,6.0
G,G,G,G,G,G,6.5
G,G,G,G,G,G,7.0
G,G,G,G,G,G,7.5
G,G,G,G,G,G,8.0
G,G,G,G,G,G,8.5
G,G,G,G,G,G,9.0
G,G,G,G,G,G,9.5
G,G,G,G,G,G,10.0
G,G,G,G,G,G,10
G,G,G,G,G,Y,9.5
G,G,G,G,G,G,10.0
O,O,O,G,G,G,8.5
O,G,Y,Y,Y,Y,7.0
Y,Y,Y,R,R,R,8.5
Y,R,R,R,R,R,10
R,R,R,R,R,R,2
R,R,R,R,R,R,2
R,R,R,R,R,R,2
R,R,R,R,R,R,2
R,R,R,R,R,R,2
R,R,R,R,R,R,2
R,R,R,R,R,R,2
R,R,R,R,R,R,2
R,R,R,R,R,R,2
R,R,Y,R,R,R,2
R,Y,Y,Y,R,R,2
Y,Y,Y,Y,Y,R,2
Y,Y,Y,Y,Y,R,2
Y,Y,Y,Y,Y,Y,1.93
Y,Y,Y,Y,Y,Y,0.9
Y,Y,Y,Y,Y,Y,-0.6
Y,Y,Y,Y,Y,R,3.0
Y,G,G,Y,Y,Y,3.5
G,G,G,Y,Y,Y,3.0
G,G,G,G,Y,Y,2.5
G,G,G,G,G,Y,2.0
G,G,G,G,G,G,2.5
G,G,G,G,G,G,3.0
G,G,G,G,G,G,3.5
G,G,G,G,G,G,4.0
G,G,G,G,G,G,4.5
G,G,G,G,G,G,5.0
G,G,G,G,G,G,5.5
G,G,Y,Y,G,G,6.0
G,Y,Y,Y,Y,G,5.5
Y,Y,Y,Y,Y,G,4.0
Y,Y,Y,Y,Y,G,2.5
Y,Y,Y,Y,G,G,2.0
Y,Y,Y,Y,G,G,1.5
Y,Y,Y,G,G,G,1.0
Y,Y,G,G,G,G,0.5
Y,G,G,G,G,G,1.0
Y,G,G,G,G,G,0.5
G,G,G,G,G,G,2.0
G,G,G,G,G,G,2.5
G,G,G,G,G,G,3.0
G,G,G,G,G,G,3.5
G,G,G,G,G,G,4.0
G,G,G,G,G,G,4.5
G,G,G,G,Y,Y,4.0
G,G,G,G,G,Y,3.5
G,G,G,G,G,Y,3.0
G,G,G,G,G,G,3.5
G,G,G,G,G,G,4.0
G,G,G,G,G,Y,3.5
G,G,G,G,Y,Y,3.0
G,G,G,G,G,G,3.5
G,G,G,G,G,G,4.0
G,G,G,G,G,Y,3.5
G,G,G,G,G,G,4.0
G,G,G,G,G,Y,3.5
G,G,G,G,G,Y,3.0
G,G,G,G,G,G,3.5
G,G,G,G,G,G,4.0
G,G,G,G,G,Y,3.5
G,G,G,G,G,Y,3.0
G,G,G,G,G,G,3.5
G,G,G,G,G,G,4.0
G,G,G,G,G,Y,3.5
G,G,G,G,G,Y,3.0
G,G,G,G,G,Y,2.5
G,G,G,G,G,Y,2.0
G,G,G,G,G,G,2.5
G,G,G,G,G,G,3.0
G,G,G,G,G,G,3.5
G,G,G,G,G,G,4.0
G,G,G,G,G,G,4.5
G,G,G,G,G,G,5.0
G,G,G,G,G,Y,4.5
G,G,G,G,G,Y,4.0
G,G,G,G,G,G,4.5
G,G,G,G,G,G,5.0
G,G,G,G,G,G,5.5
G,G,G,G,G,Y,5.0
G,G,G,G,G,G,5.5
G,G,G,G,G,G,6.0
G,G,G,G,G,G,6.5
G,G,G,G,G,G,7.0
G,G,G,G,G,G,7.5
G,G,G,G,G,G,8.0
G,G,G,G,G,G,8.5
G,G,G,G,G,Y,8.0
G,G,G,G,G,G,8.5
Y,G,G,G,G,G,8.0
G,G,G,G,G,G,8.5
Y,G,G,G,G,G,8.0
G,G,G,G,G,G,8.5
G,G,G,G,G,G,9.0
G,G,G,G,G,G,9.5
G,G,G,G,G,Y,9.0
G,G,G,G,G,G,9.5
G,G,G,G,G,G,10.0
G,G,G,G,G,G,10
G,G,G,G,G,G,10
G,G,G,G,G,Y,9.5
G,G,G,G,G,Y,9.0
G,G,G,G,G,G,9.5
G,G,G,G,G,Y,9.0
G,G,G,G,G,Y,8.5
G,G,G,G,G,G,9.0
G,G,G,G,G,Y,8.5
G,G,G,G,G,Y,8.0
G,G,G,G,G,G,8.5
G,G,G,G,G,Y,8.0
G,G,G,G,G,Y,7.5
G,G,G,G,G,G,8.0
G,G,G,G,G,G,8.5
Y,G,G,G,G,G,8.0
Y,G,G,G,G,G,7.5
Y,G,G,G,G,G,7.0
Y,G,G,G,G,G,6.5
G,Y,G,G,G,G,6.0
G,G,G,G,G,G,6.5
Y,G,G,G,G,G,6.0
Y,G,G,G,G,G,5.5
Y,G,G,G,G,G,5.0
Y,Y,G,G,G,G,4.5
Y,Y,G,G,G,G,4.0
Y,Y,G,G,G,G,3.5
Y,Y,G,G,G,G,3.0
Y,Y,G,G,G,G,2.5
Y,G,G,G,G,G,2.0
Y,G,G,G,G,G,1.5
Y,G,G,G,G,G,1.0
G,G,G,G,G,G,1.5
G,G,G,G,G,G,2.0
G,G,G,G,G,G,2.5
G,G,G,G,G,G,3.0
G,G,G,G,G,G,3.5
G,G,G,G,G,Y,3.0
G,G,G,G,G,G,3.5
G,G,G,G,G,G,4.0
G,G,G,G,G,G,4.5
G,G,G,G,G,G,5.0
G,G,G,G,G,G,5.5
G,G,G,G,G,Y,5.0
G,G,G,G,G,Y,4.5
G,G,G,G,G,G,5.0
G,G,G,G,G,G,5.5
G,G,G,G,G,G,6.0
G,G,G,G,G,G,6.5
G,G,G,G,G,G,7.0
G,G,G,G,G,Y,6.5
G,G,G,G,Y,Y,6.0
G,G,G,G,Y,Y,5.5
G,G,G,G,G,Y,5.0
G,G,G,G,G,Y,4.5
G,G,G,G,G,Y,4.0
G,G,G,G,G,G,4.5
G,G,G,G,G,G,5.0
G,G,G,G,G,G,5.5
G,G,G,G,G,G,6.0
G,G,G,G,G,G,6.5
G,G,G,G,G,Y,6.0
G,G,G,G,G,G,6.5
G,G,G,G,G,Y,6.0
G,G,G,G,G,G,6.5
G,G,G,G,G,Y,6.0
G,G,G,G,G,Y,5.5
G,G,G,G,G,G,6.0
G,G,G,G,G,Y,5.5
G,G,G,G,G,Y,5.0
G,G,G,G,G,G,5.5
G,G,G,G,G,Y,5.0
G,G,G,G,G,Y,4.5
G,G,G,G,G,Y,4.0
G,G,G,G,G,Y,3.5
G,G,G,G,G,Y,3.0
G,G,G,G,G,G,3.5
G,G,G,G,G,G,4.0
G,G,G,G,G,G,4.5
G,G,G,G,G,Y,4.0
G,G,G,G,G,G,4.5
G,G,G,G,G,G,5.0
G,G,G,G,G,G,5.5
G,G,G,G,G,G,6.0
G,G,G,G,G,G,6.5
G,G,G,G,G,G,7.0
G,G,G,G,G,Y,6.5
G,G,G,G,G,G,7.0
G,G,G,G,G,G,7.5
G,G,G,G,G,G,8.0
G,G,G,G,G,G,8.5
G,G,G,G,G,G,9.0
G,G,G,G,G,G,9.5
G,G,G,G,G,G,10.0
G,G,G,G,G,Y,9.5
G,G,G,G,G,Y,9.0
G,G,G,G,G,G,9.5
G,G,G,G,G,G,10.0
Y,Y,G,G,G,G,9.5
Y,Y,G,G,G,G,9.0
Y,Y,Y,G,G,G,8.5
Y,Y,Y,G,G,G,8.0
Y,Y,Y,G,G,G,7.5
Y,Y,Y,G,G,G,7.0
Y,Y,G,G,G,G,6.5
Y,Y,G,G,G,G,6.0
Y,G,G,G,G,G,5.5
Y,G,G,G,G,G,5.0
G,G,G,G,G,G,5.5
G,G,G,G,G,G,6.0
G,G,G,G,G,G,6.5
G,G,G,G,Y,Y,6.0
G,G,G,G,G,Y,5.5
G,G,G,G,G,Y,5.0
G,G,G,G,G,Y,4.5
G,G,G,G,G,G,5.0
G,G,G,G,G,G,5.5
Y,G,G,G,G,G,5.0
G,G,G,G,G,G,5.5
G,G,G,G,G,G,6.0
G,G,G,G,G,G,6.5
G,G,G,G,G,G,7.0
G,G,G,G,G,G,7.5
G,G,G,G,G,G,8.0
G,G,G,G,G,G,8.5
Y,G,G,G,G,G,8.0
G,G,G,G,G,G,8.5
Y,G,G,G,G,G,8.0
G,G,G,G,G,G,8.5
G,G,G,G,G,G,9.0
G,G,G,G,G,G,9.5
G,G,G,G,G,G,10.0
G,G,G,G,G,G,10
G,G,G,G,G,G,10
G,G,G,G,G,G,10
G,G,G,G,G,Y,9.5
G,G,G,G,G,Y,9.0
G,G,G,G,G,Y,8.5
G,G,G,G,Y,Y,8.0
G,G,G,G,Y,Y,7.5
G,G,G,G,Y,Y,7.0
G,G,G,G,Y,Y,6.5
G,G,G,G,Y,Y,6.0
G,G,G,G,Y,Y,5.5
G,G,G,G,G,Y,5.0
G,G,G,G,G,Y,4.5
G,G,G,G,G,Y,4.0
G,G,G,G,G,G,4.5
G,G,G,G,G,G,5.0
G,G,G,G,G,G,5.5
Y,G,G,G,G,G,5.0
G,G,G,G,G,G,5.5
G,G,G,G,G,G,6.0
G,G,G,G,G,G,6.5
Y,G,G,G,G,G,6.0
G,G,G,G,G,G,6.5
G,G,G,G,G,Y,6.0
G,G,G,G,G,Y,5.5
G,G,G,G,G,G,6.0
G,G,G,G,Y,Y,5.5
G,G,G,G,G,G,6.0
G,G,G,G,G,G,6.5
G,G,G,G,G,Y,6.0
G,G,G,G,G,G,6.5
G,G,G,G,G,G,7.0
G,G,G,G,G,Y,6.5
G,G,G,G,G,G,7.0
G,G,G,G,G,Y,6.5
G,G,G,G,G,Y,6.0
Y,G,G,G,G,G,5.5
G,G,G,G,G,G,6.0
G,G,G,G,G,Y,5.5
Y,G,G,G,G,G,5.0
G,G,G,G,G,G,5.5
G,G,G,G,G,G,6.0
Y,G,G,G,G,G,5.5
G,G,G,G,G,Y,5.0
G,G,G,G,G,G,5.5
G,G,G,G,G,G,6.0
G,G,G,G,G,G,6.5
G,G,G,G,G,G,7.0
G,G,G,G,G,G,7.5
G,G,G,G,G,G,8.0
G,G,G,G,G,G,8.5
G,G,G,G,G,G,9.0
G,G,G,G,G,G,9.5
G,G,G,G,G,G,10.0
G,G,G,G,G,G,10
G,G,G,G,G,G,10
G,G,G,G,G,G,10
G,G,G,G,G,G,10
G,G,G,G,G,Y,9.5
G,G,G,G,G,G,10.0
G,G,G,G,G,Y,9.5
G,G,G,G,G,Y,9.0
G,G,G,G,G,Y,8.5
G,G,G,G,G,Y,8.0
G,G,G,G,Y,Y,7.5
G,G,G,G,Y,Y,7.0
G,G,G,G,Y,Y,6.5
G,G,G,G,Y,Y,6.0
G,G,G,G,Y,Y,5.5
G,G,G,G,G,Y,5.0
G,G,G,G,G,Y,4.5
G,G,G,G,G,Y,4.0
G,G,G,G,G,G,4.5
G,G,G,G,G,G,5.0
G,G,G,G,G,G,5.5
G,G,G,G,G,G,6.0
G,G,G,G,G,G,6.5
Y,G,G,G,G,G,6.0
G,G,G,G,G,G,6.5
G,G,G,G,G,G,7.0
Y,G,G,G,G,G,6.5
G,G,G,G,G,G,7.0
G,G,G,G,G,G,7.5
G,G,G,G,G,G,8.0
G,G,G,G,G,G,8.5
G,G,G,G,G,G,9.0
G,G,G,G,G,Y,8.5
G,G,G,G,G,Y,8.0
G,G,G,G,G,G,8.5
Y,G,G,G,G,G,8.0
Y,Y,G,G,G,G,7.5
Y,Y,G,G,G,G,7.0
Y,Y,G,G,G,G,6.5
Y,Y,G,G,G,G,6.0
Y,Y,Y,G,G,G,5.5
Y,Y,G,G,G,G,5.0
Y,Y,G,G,G,G,4.5
Y,Y,G,G,G,G,4.0
Y,G,G,G,G,G,3.5
Y,G,G,G,G,G,3.0
G,G,G,G,G,G,3.5
G,G,G,G,G,G,4.0
G,G,G,G,G,G,4.5
G,G,G,G,G,G,5.0
G,G,G,G,G,G,5.5
G,G,G,G,G,G,6.0
G,G,G,G,G,G,6.5
G,G,G,G,G,G,7.0
Y,G,G,G,G,G,6.5
Y,G,G,G,G,G,6.0
Y,G,G,G,G,G,5.5
Y,G,G,G,G,G,5.0
G,G,G,G,G,G,5.5
Y,G,G,G,G,G,5.0
Y,G,G,G,G,G,4.5
G,G,G,G,G,G,5.0
G,G,G,G,G,G,5.5
G,G,G,G,G,G,6.0
Y,G,G,G,G,G,5.5
G,G,G,G,G,G,6.0
G,G,G,G,G,G,6.5
G,G,G,G,G,G,7.0
G,G,G,G,G,G,7.5
G,G,G,G,G,G,8.0
G,G,G,G,G,G,8.5
G,G,G,G,G,G,9.0
G,G,G,G,G,G,9.5
G,G,G,G,G,G,10.0
G,G,G,G,G,Y,9.5
G,G,G,G,G,G,10.0
G,G,G,G,G,G,10
G,G,G,G,G,G,10
G,G,G,G,G,G,10
G,G,G,G,G,G,10
G,G,G,G,G,Y,9.5
G,G,G,G,G,G,10.0
G,G,G,G,Y,Y,9.5
G,G,G,G,Y,Y,9.0
G,G,G,G,G,Y,8.5
G,G,G,G,G,Y,8.0
G,G,G,G,Y,Y,7.5
G,G,G,G,G,Y,7.0
G,G,G,G,G,G,7.5
G,G,G,G,G,Y,7.0
G,G,G,G,G,Y,6.5
G,G,G,G,G,G,7.0
G,G,G,G,G,Y,6.5
G,G,G,G,G,Y,6.0
G,G,G,G,G,Y,5.5
G,G,G,G,G,Y,5.0
G,G,G,G,G,Y,4.5
G,G,G,G,G,Y,4.0
G,G,G,G,G,G,4.5
G,G,G,G,G,G,5.0
G,G,G,G,G,G,5.5
G,G,G,G,G,G,6.0
G,G,G,G,G,G,6.5
G,G,G,G,G,Y,6.0
G,G,G,G,G,G,6.5
G,G,G,G,G,Y,6.0
G,G,G,G,G,G,6.5
G,G,G,G,G,G,7.0
G,G,G,G,G,G,7.5
G,G,G,G,G,G,8.0
G,G,G,G,G,G,8.5
G,G,G,G,G,Y,8.0
G,G,G,G,G,G,8.5
Y,G,G,G,G,G,8.0
G,G,G,G,G,G,8.5
G,G,G,G,G,G,9.0
Y,G,G,G,G,G,8.5
G,G,G,G,G,G,9.0
G,G,G,G,G,G,9.5
G,G,G,G,G,G,10.0
G,G,G,G,G,Y,9.5
G,G,G,G,G,G,10.0
G,G,G,G,G,G,10
G,G,G,G,G,G,10
G,G,G,G,G,G,10
G,G,G,G,G,Y,9.5
G,G,G,G,Y,Y,9.0
G,G,G,G,G,Y,8.5
G,G,G,G,G,G,9.0
G,G,G,G,G,Y,8.5
G,G,G,G,G,G,9.0
G,G,G,G,G,Y,8.5
G,G,G,G,G,Y,8.0
G,G,G,G,G,G,8.5
G,G,G,G,Y,Y,8.0
G,G,G,G,G,Y,7.5
G,G,G,G,G,G,8.0
Y,G,G,G,G,G,7.5
G,G,G,G,G,G,8.0
G,Y,G,G,G,G,7.5
G,G,G,G,G,G,8.0
Y,Y,Y,G,G,G,7.5
Y,Y,Y,G,G,G,7.0
Y,Y,Y,G,G,G,6.5
Y,Y,Y,G,G,G,6.0
Y,Y,Y,G,G,G,5.5
Y,Y,G,G,G,G,5.0
Y,Y,Y,G,G,G,4.5
Y,Y,Y,G,G,G,4.0
Y,Y,Y,G,G,G,3.5
Y,Y,G,G,G,G,3.0
Y,Y,G,G,G,G,2.5
Y,Y,G,G,G,G,2.0
Y,Y,G,G,G,G,1.5
Y,G,G,G,G,G,1.0
Y,G,G,G,G,G,0.5
G,G,G,G,G,G,2.0
G,G,G,G,G,G,2.5
G,G,G,G,G,G,3.0
G,G,G,G,G,G,3.5
G,G,G,G,G,G,4.0
G,G,G,G,G,G,4.5
G,G,G,G,G,G,5.0
G,G,G,G,G,Y,4.5
G,G,G,G,G,Y,4.0
G,G,G,G,G,Y,3.5
G,G,G,G,Y,Y,3.0
G,G,G,G,G,Y,2.5
G,G,G,G,G,G,3.0
G,G,G,G,G,G,3.5
G,G,G,G,G,G,4.0
G,G,G,G,G,G,4.5
G,G,G,G,G,G,5.0
Y,G,G,G,G,G,4.5
G,G,G,G,G,G,5.0
G,G,G,G,G,G,5.5
Y,G,G,G,G,G,5.0
G,G,G,G,G,G,5.5
G,G,G,G,G,G,6.0
G,G,G,G,G,Y,5.5
G,G,G,G,Y,Y,5.0
G,G,G,G,Y,Y,4.5
G,G,G,G,Y,Y,4.0
G,G,G,G,Y,Y,3.5
G,G,G,G,G,Y,3.0
G,G,G,G,G,Y,2.5
G,G,G,G,G,G,3.0
G,G,G,G,G,G,3.5
G,G,G,G,G,G,4.0
G,G,G,G,G,G,4.5
G,G,G,G,G,G,5.0
G,G,G,G,G,G,5.5
G,G,G,G,G,Y,5.0
G,G,G,G,G,G,5.5
G,G,G,G,Y,Y,5.0
G,G,G,G,G,G,5.5
G,G,G,G,G,Y,5.0
G,G,G,G,G,G,5.5
G,G,G,G,G,Y,5.0
G,G,G,G,G,G,5.5
G,G,G,G,G,Y,5.0
G,G,G,G,G,G,5.5
G,G,G,G,G,Y,5.0
G,G,G,G,Y,Y,4.5
G,G,G,G,G,G,5.0
G,G,G,G,G,Y,4.5
G,G,G,G,G,Y,4.0
G,G,G,G,G,Y,3.5
G,G,G,G,G,Y,3.0
G,G,G,G,G,Y,2.5
G,G,G,G,G,G,3.0
G,G,G,G,G,G,3.5
G,G,G,G,G,G,4.0
G,G,G,G,G,G,4.5
G,G,G,G,G,G,5.0
G,G,G,G,G,G,5.5
G,G,G,G,G,G,6.0
G,G,G,G,G,G,6.5
G,G,G,G,G,G,7.0
G,G,G,G,G,G,7.5
G,G,G,G,G,Y,7.0
G,G,G,G,G,G,7.5
G,G,G,G,G,G,8.0
G,G,G,G,G,G,8.5
G,G,G,G,G,G,9.0
G,G,G,G,G,Y,8.5
G,G,G,G,G,G,9.0
G,G,G,G,G,G,9.5
G,G,G,G,G,G,10.0
G,G,G,G,G,G,10
Y,G,G,G,G,G,9.5
Y,G,G,G,G,G,9.0
Y,G,G,G,G,G,8.5
Y,Y,G,G,G,G,8.0
Y,G,G,G,G,G,7.5
Y,G,G,G,G,G,7.0
G,G,G,G,G,G,7.5
G,G,G,G,G,G,8.0
G,G,G,G,G,G,8.5
G,G,G,G,G,G,9.0
G,G,G,G,G,G,9.5
G,G,G,G,G,G,10.0
G,G,G,G,G,G,10
G,G,G,G,G,G,10
G,G,G,G,G,G,10
Y,G,G,G,G,G,9.5
G,G,G,G,G,G,10.0
Y,G,G,G,G,G,9.5
G,G,G,G,G,G,10.0
G,G,G,G,G,G,10
G,G,G,G,G,G,10
G,G,G,G,G,G,10
G,G,G,G,G,G,10
G,G,G,G,G,G,10
G,G,G,G,G,G,10
G,G,G,G,G,Y,9.5
G,G,G,G,G,Y,9.0
G,G,G,G,G,Y,8.5
G,G,G,G,G,Y,8.0
G,G,G,G,G,Y,7.5
G,G,G,G,G,Y,7.0
G,G,G,G,G,Y,6.5
G,G,G,G,G,Y,6.0
G,G,G,G,G,Y,5.5
G,G,G,G,G,G,6.0
G,G,G,G,G,G,6.5
G,G,G,G,G,G,7.0
G,G,G,G,Y,Y,6.5
G,G,G,G,G,Y,6.0
G,G,G,G,G,G,6.5
G,G,G,G,G,G,7.0
G,G,G,G,G,Y,6.5
G,G,G,G,G,G,7.0
G,G,G,G,G,G,7.5
G,G,G,G,G,G,8.0
G,G,G,G,G,Y,7.5
G,G,G,G,G,G,8.0
G,G,G,G,G,Y,7.5
G,G,G,G,G,G,8.0
G,G,G,G,G,Y,7.5
G,G,G,G,G,Y,7.0
G,G,G,G,G,G,7.5
G,G,G,G,G,G,8.0
G,G,G,G,G,G,8.5
G,G,G,G,G,G,9.0
G,G,G,G,G,G,9.5
G,G,G,G,G,G,10.0
G,G,G,G,G,G,10
G,G,G,G,G,G,10
G,G,G,G,G,G,10
G,G,G,G,G,G,10
G,G,G,G,G,G,10
G,G,G,G,G,G,10
G,G,G,G,G,G,10
G,G,G,G,G,G,10
G,G,G,G,G,G,10
G,G,G,G,G,G,10
G,G,G,G,G,G,10
G,G,G,G,G,G,10
G,G,G,G,G,Y,9.5
G,G,G,G,G,Y,9.0
G,G,G,G,G,Y,8.5
G,G,G,G,Y,Y,8.0
G,G,G,G,Y,Y,7.5
G,G,G,G,Y,Y,7.0
G,G,G,G,Y,Y,6.5
G,G,G,Y,Y,Y,6.0
G,G,G,G,Y,Y,5.5
G,G,G,G,Y,Y,5.0
G,G,G,G,Y,Y,4.5
G,G,G,G,G,Y,4.0
G,G,G,G,G,Y,3.5
G,G,G,G,G,G,4.0
G,G,G,G,G,G,4.5
G,G,G,G,G,G,5.0
G,G,G,G,G,Y,4.5
G,G,G,G,G,G,5.0
Y,G,G,G,G,G,4.5
G,G,G,G,G,G,5.0
Y,G,G,G,G,G,4.5
